log_id,emp_id,account_id,action,timestamp
LOG-A-001,EMP-A-001,ACC-A-DORMANT-001,OVERRIDE_ALERT,2026-01-01T00:00:00+00:00
LOG-B-001,EMP-B-001,ACC-B-A,MODIFY_PHONE,2026-01-01T00:00:00+00:00
LOG-A-002,EMP-A-001,ACC-A-DORMANT-002,OVERRIDE_ALERT,2026-01-04T00:00:00+00:00
LOG-A-003,EMP-A-001,ACC-A-DORMANT-003,OVERRIDE_ALERT,2026-01-07T00:00:00+00:00
LOG-A-004,EMP-A-001,ACC-A-DORMANT-004,OVERRIDE_ALERT,2026-01-10T00:00:00+00:00
LOG-A-005,EMP-A-001,ACC-A-DORMANT-005,OVERRIDE_ALERT,2026-01-13T00:00:00+00:00
LOG-A-006,EMP-A-001,ACC-A-DORMANT-006,OVERRIDE_ALERT,2026-01-16T00:00:00+00:00
LOG-A-007,EMP-A-001,ACC-A-DORMANT-007,OVERRIDE_ALERT,2026-01-19T00:00:00+00:00
LOG-A-008,EMP-A-001,ACC-A-DORMANT-008,OVERRIDE_ALERT,2026-01-22T00:00:00+00:00
LOG-A-009,EMP-A-001,ACC-A-DORMANT-009,OVERRIDE_ALERT,2026-01-25T00:00:00+00:00
LOG-A-010,EMP-A-001,ACC-A-DORMANT-010,OVERRIDE_ALERT,2026-01-28T00:00:00+00:00
LOG-A-011,EMP-A-001,ACC-A-DORMANT-011,OVERRIDE_ALERT,2026-01-31T00:00:00+00:00
LOG-A-012,EMP-A-001,ACC-A-DORMANT-012,OVERRIDE_ALERT,2026-02-03T00:00:00+00:00
LOG-A-013,EMP-A-001,ACC-A-DORMANT-013,OVERRIDE_ALERT,2026-02-06T00:00:00+00:00
LOG-A-014,EMP-A-001,ACC-A-DORMANT-014,OVERRIDE_ALERT,2026-02-09T00:00:00+00:00
LOG-A-015,EMP-A-001,ACC-A-DORMANT-015,OVERRIDE_ALERT,2026-02-12T00:00:00+00:00
LOG-A-016,EMP-A-001,ACC-A-DORMANT-016,OVERRIDE_ALERT,2026-02-15T00:00:00+00:00
LOG-A-017,EMP-A-001,ACC-A-DORMANT-017,OVERRIDE_ALERT,2026-02-18T00:00:00+00:00
LOG-A-018,EMP-A-001,ACC-A-DORMANT-018,OVERRIDE_ALERT,2026-02-21T00:00:00+00:00
LOG-A-019,EMP-A-001,ACC-A-DORMANT-019,OVERRIDE_ALERT,2026-02-24T00:00:00+00:00
LOG-A-020,EMP-A-001,ACC-A-DORMANT-020,OVERRIDE_ALERT,2026-02-27T00:00:00+00:00
LOG-A-021,EMP-A-001,ACC-A-DORMANT-021,OVERRIDE_ALERT,2026-03-02T00:00:00+00:00
LOG-A-022,EMP-A-001,ACC-A-DORMANT-022,OVERRIDE_ALERT,2026-03-05T00:00:00+00:00
LOG-A-023,EMP-A-001,ACC-A-DORMANT-023,OVERRIDE_ALERT,2026-03-08T00:00:00+00:00
LOG-A-024,EMP-A-001,ACC-A-DORMANT-024,OVERRIDE_ALERT,2026-03-11T00:00:00+00:00
LOG-A-025,EMP-A-001,ACC-A-DORMANT-025,OVERRIDE_ALERT,2026-03-14T00:00:00+00:00
LOG-A-026,EMP-A-001,ACC-A-DORMANT-026,OVERRIDE_ALERT,2026-03-17T00:00:00+00:00
LOG-A-027,EMP-A-001,ACC-A-DORMANT-027,OVERRIDE_ALERT,2026-03-20T00:00:00+00:00
LOG-A-028,EMP-A-001,ACC-A-DORMANT-028,OVERRIDE_ALERT,2026-03-23T00:00:00+00:00
LOG-A-029,EMP-A-001,ACC-A-DORMANT-029,OVERRIDE_ALERT,2026-03-26T00:00:00+00:00
LOG-A-030,EMP-A-001,ACC-A-DORMANT-030,OVERRIDE_ALERT,2026-03-29T00:00:00+00:00
LOG-A-031,EMP-A-001,ACC-A-DORMANT-031,OVERRIDE_ALERT,2026-04-01T00:00:00+00:00
LOG-A-032,EMP-A-001,ACC-A-DORMANT-032,OVERRIDE_ALERT,2026-04-04T00:00:00+00:00
LOG-A-033,EMP-A-001,ACC-A-DORMANT-033,OVERRIDE_ALERT,2026-04-07T00:00:00+00:00
LOG-A-034,EMP-A-001,ACC-A-DORMANT-034,OVERRIDE_ALERT,2026-04-10T00:00:00+00:00
LOG-A-035,EMP-A-001,ACC-A-DORMANT-035,OVERRIDE_ALERT,2026-04-13T00:00:00+00:00
LOG-A-036,EMP-A-001,ACC-A-DORMANT-036,OVERRIDE_ALERT,2026-04-16T00:00:00+00:00
LOG-A-037,EMP-A-001,ACC-A-DORMANT-037,OVERRIDE_ALERT,2026-04-19T00:00:00+00:00
LOG-A-038,EMP-A-001,ACC-A-DORMANT-038,OVERRIDE_ALERT,2026-04-22T00:00:00+00:00
LOG-A-039,EMP-A-001,ACC-A-DORMANT-039,OVERRIDE_ALERT,2026-04-25T00:00:00+00:00
LOG-A-040,EMP-A-001,ACC-A-DORMANT-040,OVERRIDE_ALERT,2026-04-28T00:00:00+00:00
LOG-A-041,EMP-A-001,ACC-A-DORMANT-041,OVERRIDE_ALERT,2026-05-01T00:00:00+00:00
LOG-A-042,EMP-A-001,ACC-A-DORMANT-042,OVERRIDE_ALERT,2026-05-04T00:00:00+00:00
LOG-A-043,EMP-A-001,ACC-A-DORMANT-043,OVERRIDE_ALERT,2026-05-07T00:00:00+00:00
LOG-A-044,EMP-A-001,ACC-A-DORMANT-044,OVERRIDE_ALERT,2026-05-10T00:00:00+00:00
LOG-A-045,EMP-A-001,ACC-A-DORMANT-045,OVERRIDE_ALERT,2026-05-13T00:00:00+00:00
LOG-A-046,EMP-A-001,ACC-A-DORMANT-046,OVERRIDE_ALERT,2026-05-16T00:00:00+00:00
LOG-A-047,EMP-A-001,ACC-A-DORMANT-047,OVERRIDE_ALERT,2026-05-19T00:00:00+00:00
LOG-A-048,EMP-A-001,ACC-A-DORMANT-048,OVERRIDE_ALERT,2026-05-22T00:00:00+00:00
LOG-A-049,EMP-A-001,ACC-A-DORMANT-049,OVERRIDE_ALERT,2026-05-25T00:00:00+00:00
LOG-A-050,EMP-A-001,ACC-A-DORMANT-050,OVERRIDE_ALERT,2026-05-28T00:00:00+00:00
LOG-A-051,EMP-A-001,ACC-A-DORMANT-051,OVERRIDE_ALERT,2026-05-31T00:00:00+00:00
LOG-A-052,EMP-A-001,ACC-A-DORMANT-052,OVERRIDE_ALERT,2026-06-03T00:00:00+00:00
LOG-A-053,EMP-A-001,ACC-A-DORMANT-053,OVERRIDE_ALERT,2026-06-06T00:00:00+00:00
LOG-A-054,EMP-A-001,ACC-A-DORMANT-054,OVERRIDE_ALERT,2026-06-09T00:00:00+00:00
LOG-A-055,EMP-A-001,ACC-A-DORMANT-055,OVERRIDE_ALERT,2026-06-12T00:00:00+00:00
LOG-A-056,EMP-A-001,ACC-A-DORMANT-056,OVERRIDE_ALERT,2026-06-15T00:00:00+00:00
LOG-A-057,EMP-A-001,ACC-A-DORMANT-057,OVERRIDE_ALERT,2026-06-18T00:00:00+00:00
LOG-A-058,EMP-A-001,ACC-A-DORMANT-058,OVERRIDE_ALERT,2026-06-21T00:00:00+00:00
LOG-A-059,EMP-A-001,ACC-A-DORMANT-059,OVERRIDE_ALERT,2026-06-24T00:00:00+00:00
LOG-A-060,EMP-A-001,ACC-A-DORMANT-060,OVERRIDE_ALERT,2026-06-27T00:00:00+00:00
LOG-A-061,EMP-A-001,ACC-A-DORMANT-061,OVERRIDE_ALERT,2026-06-30T00:00:00+00:00
LOG-A-062,EMP-A-001,ACC-A-DORMANT-062,OVERRIDE_ALERT,2026-07-03T00:00:00+00:00
LOG-A-063,EMP-A-001,ACC-A-DORMANT-063,OVERRIDE_ALERT,2026-07-06T00:00:00+00:00
LOG-A-064,EMP-A-001,ACC-A-DORMANT-064,OVERRIDE_ALERT,2026-07-09T00:00:00+00:00
LOG-A-065,EMP-A-001,ACC-A-DORMANT-065,OVERRIDE_ALERT,2026-07-12T00:00:00+00:00
LOG-A-066,EMP-A-001,ACC-A-DORMANT-066,OVERRIDE_ALERT,2026-07-15T00:00:00+00:00
LOG-A-067,EMP-A-001,ACC-A-DORMANT-067,OVERRIDE_ALERT,2026-07-18T00:00:00+00:00
LOG-A-068,EMP-A-001,ACC-A-DORMANT-068,OVERRIDE_ALERT,2026-07-21T00:00:00+00:00
LOG-A-069,EMP-A-001,ACC-A-DORMANT-069,OVERRIDE_ALERT,2026-07-24T00:00:00+00:00
LOG-A-070,EMP-A-001,ACC-A-DORMANT-070,OVERRIDE_ALERT,2026-07-27T00:00:00+00:00
LOG-A-071,EMP-A-001,ACC-A-DORMANT-071,OVERRIDE_ALERT,2026-07-30T00:00:00+00:00
LOG-A-072,EMP-A-001,ACC-A-DORMANT-072,OVERRIDE_ALERT,2026-08-02T00:00:00+00:00
LOG-B-02,EMP-B-001,ACC-B-02-A,MODIFY_PHONE,2026-01-22T00:00:00+00:00
LOG-B-03,EMP-B-001,ACC-B-03-A,MODIFY_PHONE,2026-02-12T00:00:00+00:00
LOG-B-04,EMP-B-001,ACC-B-04-A,MODIFY_PHONE,2026-03-05T00:00:00+00:00
LOG-N-00001,EMP-N-009,ACC-N-0943,VIEW_PROFILE,2026-03-10T15:17:17+00:00
LOG-N-00002,EMP-N-049,ACC-N-0658,VIEW_PROFILE,2026-10-12T13:10:24+00:00
LOG-N-00003,EMP-N-063,EXT-A-071-1,VIEW_PROFILE,2026-09-20T15:54:33+00:00
LOG-N-00004,EMP-N-046,ACC-N-0578,VIEW_PROFILE,2026-06-23T11:09:26+00:00
LOG-N-00005,EMP-N-029,ACC-N-0474,VIEW_PROFILE,2026-11-08T00:19:00+00:00
LOG-N-00006,EMP-N-069,EXT-A-005-3,VIEW_PROFILE,2026-01-26T09:46:00+00:00
LOG-N-00007,EMP-N-073,ACC-N-0709,VIEW_PROFILE,2026-01-03T02:24:37+00:00
LOG-N-00008,EMP-N-046,EXT-A-062-4,VIEW_PROFILE,2026-03-04T19:41:18+00:00
LOG-N-00009,EMP-N-091,EXT-A-018-2,VIEW_PROFILE,2026-07-27T09:38:32+00:00
LOG-N-00010,EMP-N-019,ACC-N-0625,VIEW_PROFILE,2026-08-06T20:35:08+00:00
LOG-N-00011,EMP-N-064,EXT-A-015-2,VIEW_PROFILE,2026-02-13T07:43:58+00:00
LOG-N-00012,EMP-N-071,ACC-N-0483,VIEW_PROFILE,2026-03-29T00:51:27+00:00
LOG-N-00013,EMP-N-060,ACC-N-0799,VIEW_PROFILE,2026-08-10T10:25:23+00:00
LOG-N-00014,EMP-N-060,EXT-A-066-1,VIEW_PROFILE,2026-03-22T08:35:43+00:00
LOG-N-00015,EMP-N-025,EXT-A-026-2,OVERRIDE_ALERT,2026-11-16T09:46:41+00:00
LOG-N-00016,EMP-N-009,ACC-N-0822,VIEW_PROFILE,2026-02-25T07:12:03+00:00
LOG-N-00017,EMP-N-013,ACC-N-0788,VIEW_PROFILE,2026-07-19T12:04:52+00:00
LOG-N-00018,EMP-N-080,ACC-N-0853,VIEW_PROFILE,2026-06-02T21:48:27+00:00
LOG-N-00019,EMP-N-080,ACC-N-0896,VIEW_PROFILE,2026-04-25T22:29:09+00:00
LOG-N-00020,EMP-N-099,ACC-N-0447,VIEW_PROFILE,2026-12-07T12:18:08+00:00
LOG-N-00021,EMP-N-015,ACC-N-0565,VIEW_PROFILE,2026-01-05T03:25:19+00:00
LOG-N-00022,EMP-N-085,ACC-N-0429,VIEW_PROFILE,2026-09-03T18:38:01+00:00
LOG-N-00023,EMP-N-069,EXT-A-054-2,VIEW_PROFILE,2026-04-28T06:34:37+00:00
LOG-N-00024,EMP-N-007,ACC-N-0449,VIEW_PROFILE,2026-08-28T22:47:01+00:00
LOG-N-00025,EMP-N-049,ACC-N-0766,VIEW_PROFILE,2026-09-04T00:37:24+00:00
LOG-N-00026,EMP-N-018,EXT-A-038-3,VIEW_PROFILE,2026-10-17T15:31:26+00:00
LOG-N-00027,EMP-N-030,EXT-A-007-1,VIEW_PROFILE,2026-02-14T11:18:41+00:00
LOG-N-00028,EMP-N-020,EXT-A-025-2,VIEW_PROFILE,2026-02-16T03:18:52+00:00
LOG-N-00029,EMP-N-038,EXT-A-055-1,VIEW_PROFILE,2026-05-08T11:58:05+00:00
LOG-N-00030,EMP-A-001,ACC-A-DORMANT-056,VIEW_PROFILE,2026-01-30T00:01:04+00:00
LOG-N-00031,EMP-N-018,EXT-A-070-3,MODIFY_PHONE,2026-02-26T01:25:58+00:00
LOG-N-00032,EMP-N-009,ACC-N-0535,VIEW_PROFILE,2026-08-16T16:07:01+00:00
LOG-N-00033,EMP-N-087,ACC-N-0612,VIEW_PROFILE,2026-03-20T00:38:40+00:00
LOG-N-00034,EMP-N-025,EXT-A-070-3,VIEW_PROFILE,2026-10-08T00:27:57+00:00
LOG-N-00035,EMP-N-062,ACC-N-0789,VIEW_PROFILE,2026-09-30T10:54:28+00:00
LOG-N-00036,EMP-N-013,ACC-A-DORMANT-028,VIEW_PROFILE,2026-05-25T08:45:10+00:00
LOG-N-00037,EMP-N-012,EXT-A-022-1,VIEW_PROFILE,2026-04-30T17:55:28+00:00
LOG-N-00038,EMP-N-009,ACC-N-0846,VIEW_PROFILE,2026-01-20T02:50:18+00:00
LOG-N-00039,EMP-N-030,ACC-N-0808,MODIFY_PHONE,2026-08-14T01:45:32+00:00
LOG-N-00040,EMP-N-043,ACC-N-0959,VIEW_PROFILE,2026-03-10T03:50:46+00:00
LOG-N-00041,EMP-N-093,ACC-N-0819,MODIFY_PHONE,2026-08-24T23:25:23+00:00
LOG-N-00042,EMP-N-024,ACC-B-A,VIEW_PROFILE,2026-01-12T04:08:09+00:00
LOG-N-00043,EMP-N-043,ACC-B-03-A,VIEW_PROFILE,2026-09-23T08:33:27+00:00
LOG-N-00044,EMP-N-069,EXT-A-041-3,VIEW_PROFILE,2026-02-15T10:38:28+00:00
LOG-N-00045,EMP-N-030,ACC-N-0720,VIEW_PROFILE,2026-11-19T15:15:29+00:00
LOG-N-00046,EMP-N-019,ACC-N-0666,VIEW_PROFILE,2026-10-08T11:58:27+00:00
LOG-N-00047,EMP-N-099,EXT-A-058-1,VIEW_PROFILE,2026-11-27T18:25:21+00:00
LOG-N-00048,EMP-N-023,EXT-A-023-1,VIEW_PROFILE,2026-01-15T03:36:58+00:00
LOG-N-00049,EMP-N-069,ACC-N-0852,VIEW_PROFILE,2026-11-04T13:41:47+00:00
LOG-N-00050,EMP-N-026,ACC-N-0957,VIEW_PROFILE,2026-05-07T08:46:28+00:00
LOG-N-00051,EMP-N-046,ACC-N-0825,VIEW_PROFILE,2026-01-18T11:37:30+00:00
LOG-N-00052,EMP-N-062,EXT-A-013-1,VIEW_PROFILE,2026-07-14T06:39:46+00:00
LOG-N-00053,EMP-N-064,EXT-A-057-3,VIEW_PROFILE,2026-09-27T20:49:32+00:00
LOG-N-00054,EMP-N-014,EXT-A-006-4,VIEW_PROFILE,2026-08-19T03:51:49+00:00
LOG-N-00055,EMP-N-048,ACC-N-0593,VIEW_PROFILE,2026-07-27T23:57:34+00:00
LOG-N-00056,EMP-N-005,EXT-A-009-1,VIEW_PROFILE,2026-07-26T18:28:54+00:00
LOG-N-00057,EMP-N-038,ACC-N-0930,VIEW_PROFILE,2026-08-28T12:53:14+00:00
LOG-N-00058,EMP-N-018,ACC-B-03-C,VIEW_PROFILE,2026-08-07T05:07:07+00:00
LOG-N-00059,EMP-N-098,ACC-N-0937,VIEW_PROFILE,2026-02-22T05:14:25+00:00
LOG-N-00060,EMP-N-032,ACC-N-0887,VIEW_PROFILE,2026-09-06T08:18:26+00:00
LOG-N-00061,EMP-N-084,ACC-A-DORMANT-054,VIEW_PROFILE,2026-10-16T07:13:58+00:00
LOG-N-00062,EMP-N-035,ACC-N-0740,MODIFY_PHONE,2026-02-01T03:17:00+00:00
LOG-N-00063,EMP-N-048,ACC-N-0468,VIEW_PROFILE,2026-10-24T02:12:32+00:00
LOG-N-00064,EMP-N-006,EXT-A-055-4,VIEW_PROFILE,2026-11-05T08:39:31+00:00
LOG-N-00065,EMP-A-001,ACC-N-0679,VIEW_PROFILE,2026-09-22T02:52:43+00:00
LOG-N-00066,EMP-N-053,ACC-N-0903,MODIFY_PHONE,2026-08-20T09:56:22+00:00
LOG-N-00067,EMP-A-001,EXT-A-021-3,VIEW_PROFILE,2026-11-24T17:51:05+00:00
LOG-N-00068,EMP-N-099,EXT-A-048-3,VIEW_PROFILE,2026-11-18T17:55:11+00:00
LOG-N-00069,EMP-N-093,ACC-N-0781,MODIFY_PHONE,2026-09-23T04:18:48+00:00
LOG-N-00070,EMP-N-047,EXT-A-033-3,VIEW_PROFILE,2026-02-05T18:07:10+00:00
LOG-N-00071,EMP-N-014,EXT-A-066-4,VIEW_PROFILE,2026-04-23T11:58:45+00:00
LOG-N-00072,EMP-N-096,EXT-A-061-2,VIEW_PROFILE,2026-09-19T06:16:12+00:00
LOG-N-00073,EMP-N-073,ACC-N-0597,VIEW_PROFILE,2026-04-13T04:15:51+00:00
LOG-N-00074,EMP-N-059,ACC-N-0715,VIEW_PROFILE,2026-09-06T07:10:39+00:00
LOG-N-00075,EMP-N-077,ACC-A-DORMANT-022,VIEW_PROFILE,2026-06-13T05:08:20+00:00
LOG-N-00076,EMP-N-030,ACC-N-0751,VIEW_PROFILE,2026-05-25T19:22:10+00:00
LOG-N-00077,EMP-N-013,ACC-N-0978,VIEW_PROFILE,2026-11-04T21:12:54+00:00
LOG-N-00078,EMP-N-005,ACC-N-0678,MODIFY_PHONE,2026-12-21T22:42:54+00:00
LOG-N-00079,EMP-N-062,EXT-A-036-1,VIEW_PROFILE,2026-12-25T10:57:24+00:00
LOG-N-00080,EMP-N-092,ACC-N-0611,VIEW_PROFILE,2026-01-05T17:48:39+00:00
LOG-N-00081,EMP-N-078,EXT-A-032-2,VIEW_PROFILE,2026-01-28T07:55:32+00:00
LOG-N-00082,EMP-C-PAYROLL,EXT-A-013-1,VIEW_PROFILE,2026-09-10T07:16:30+00:00
LOG-N-00083,EMP-N-096,EXT-A-003-3,VIEW_PROFILE,2026-01-28T10:14:13+00:00
LOG-N-00084,EMP-N-012,ACC-N-0806,MODIFY_PHONE,2026-01-29T20:47:28+00:00
LOG-N-00085,EMP-N-073,ACC-N-0924,VIEW_PROFILE,2026-08-11T10:19:17+00:00
LOG-N-00086,EMP-N-090,EXT-A-041-3,VIEW_PROFILE,2026-01-07T02:21:26+00:00
LOG-N-00087,EMP-N-058,ACC-N-0872,MODIFY_PHONE,2026-09-24T09:21:37+00:00
LOG-N-00088,EMP-N-037,ACC-N-0817,VIEW_PROFILE,2026-04-29T11:34:51+00:00
LOG-N-00089,EMP-N-023,EXT-A-008-3,VIEW_PROFILE,2026-01-19T11:00:07+00:00
LOG-N-00090,EMP-N-025,ACC-N-0483,VIEW_PROFILE,2026-07-10T08:58:30+00:00
LOG-N-00091,EMP-N-067,ACC-N-0735,MODIFY_PHONE,2026-05-24T14:50:02+00:00
LOG-N-00092,EMP-N-055,ACC-A-DORMANT-060,VIEW_PROFILE,2026-12-14T00:16:44+00:00
LOG-N-00093,EMP-N-075,EXT-A-053-4,VIEW_PROFILE,2026-01-08T20:24:06+00:00
LOG-N-00094,EMP-C-WEALTH,ACC-N-0867,VIEW_PROFILE,2026-04-13T15:05:46+00:00
LOG-N-00095,EMP-N-020,EXT-A-034-1,MODIFY_PHONE,2026-04-04T21:05:57+00:00
LOG-N-00096,EMP-N-049,ACC-N-0863,VIEW_PROFILE,2026-03-31T18:06:44+00:00
LOG-N-00097,EMP-N-089,EXT-A-053-1,VIEW_PROFILE,2026-09-03T03:23:48+00:00
LOG-N-00098,EMP-N-011,ACC-A-DORMANT-014,VIEW_PROFILE,2026-11-08T14:10:39+00:00
LOG-N-00099,EMP-N-065,ACC-A-DORMANT-053,VIEW_PROFILE,2026-08-21T23:52:51+00:00
LOG-N-00100,EMP-N-036,ACC-N-0831,VIEW_PROFILE,2026-07-06T04:04:06+00:00
LOG-N-00101,EMP-N-036,EXT-A-048-2,VIEW_PROFILE,2026-07-23T01:22:41+00:00
LOG-N-00102,EMP-N-094,EXT-A-048-2,VIEW_PROFILE,2026-01-01T21:41:19+00:00
LOG-N-00103,EMP-N-005,EXT-A-060-3,MODIFY_PHONE,2026-07-21T23:57:52+00:00
LOG-N-00104,EMP-N-010,ACC-N-0651,VIEW_PROFILE,2026-01-23T03:04:13+00:00
LOG-N-00105,EMP-N-078,ACC-N-0674,VIEW_PROFILE,2026-01-07T16:12:00+00:00
LOG-N-00106,EMP-N-082,ACC-N-0652,MODIFY_PHONE,2026-05-03T19:51:33+00:00
LOG-N-00107,EMP-B-001,ACC-N-0906,VIEW_PROFILE,2026-08-04T09:33:12+00:00
LOG-N-00108,EMP-N-074,ACC-A-DORMANT-020,VIEW_PROFILE,2026-08-08T07:06:53+00:00
LOG-N-00109,EMP-N-080,EXT-A-032-1,VIEW_PROFILE,2026-05-28T03:34:28+00:00
LOG-N-00110,EMP-N-057,ACC-A-DORMANT-030,VIEW_PROFILE,2026-10-13T10:06:27+00:00
LOG-N-00111,EMP-N-096,ACC-N-0631,VIEW_PROFILE,2026-08-08T10:35:53+00:00
LOG-N-00112,EMP-N-043,EXT-A-041-3,VIEW_PROFILE,2026-05-14T03:24:48+00:00
LOG-N-00113,EMP-N-051,EXT-A-036-3,MODIFY_PHONE,2026-11-21T10:44:27+00:00
LOG-N-00114,EMP-N-083,ACC-N-0735,MODIFY_PHONE,2026-11-11T12:47:48+00:00
LOG-N-00115,EMP-N-092,ACC-N-0437,MODIFY_PHONE,2026-10-29T17:11:32+00:00
LOG-N-00116,EMP-N-045,ACC-N-0909,VIEW_PROFILE,2026-02-07T02:03:51+00:00
LOG-N-00117,EMP-N-011,EXT-A-009-1,VIEW_PROFILE,2026-05-13T02:45:43+00:00
LOG-N-00118,EMP-N-036,ACC-N-0421,VIEW_PROFILE,2026-12-24T10:15:02+00:00
LOG-N-00119,EMP-N-014,ACC-N-0913,VIEW_PROFILE,2026-10-16T06:12:52+00:00
LOG-N-00120,EMP-N-087,EXT-A-025-4,OVERRIDE_ALERT,2026-10-14T10:30:51+00:00
LOG-N-00121,EMP-N-071,EXT-A-020-2,VIEW_PROFILE,2026-06-22T21:05:31+00:00
LOG-N-00122,EMP-N-035,ACC-N-0802,VIEW_PROFILE,2026-04-14T17:55:13+00:00
LOG-N-00123,EMP-N-065,ACC-N-0481,OVERRIDE_ALERT,2026-06-19T12:19:42+00:00
LOG-N-00124,EMP-N-027,ACC-N-0762,VIEW_PROFILE,2026-11-29T18:19:38+00:00
LOG-N-00125,EMP-N-006,ACC-N-0666,VIEW_PROFILE,2026-01-11T21:44:21+00:00
LOG-N-00126,EMP-N-097,EXT-A-120482,VIEW_PROFILE,2026-08-20T15:12:35+00:00
LOG-N-00127,EMP-N-062,ACC-N-0924,VIEW_PROFILE,2026-09-15T02:07:13+00:00
LOG-N-00128,EMP-N-093,ACC-N-0559,VIEW_PROFILE,2026-01-05T22:07:52+00:00
LOG-N-00129,EMP-N-099,EXT-A-052-1,VIEW_PROFILE,2026-06-12T13:28:51+00:00
LOG-N-00130,EMP-N-080,ACC-N-0897,VIEW_PROFILE,2026-08-18T23:35:24+00:00
LOG-N-00131,EMP-N-025,ACC-N-0434,VIEW_PROFILE,2026-01-27T17:18:14+00:00
LOG-N-00132,EMP-N-036,EXT-A-008-4,VIEW_PROFILE,2026-06-03T03:13:17+00:00
LOG-N-00133,EMP-N-100,ACC-N-0555,VIEW_PROFILE,2026-12-24T09:16:04+00:00
LOG-N-00134,EMP-N-022,EXT-A-012-3,VIEW_PROFILE,2026-11-26T02:46:26+00:00
LOG-N-00135,EMP-N-043,ACC-N-0787,VIEW_PROFILE,2026-10-05T16:57:27+00:00
LOG-N-00136,EMP-N-053,EXT-A-045-2,VIEW_PROFILE,2026-12-14T20:46:47+00:00
LOG-N-00137,EMP-N-029,ACC-N-0420,VIEW_PROFILE,2026-06-09T14:10:41+00:00
LOG-N-00138,EMP-N-087,EXT-A-002-4,VIEW_PROFILE,2026-06-13T21:07:44+00:00
LOG-N-00139,EMP-N-074,ACC-N-0634,VIEW_PROFILE,2026-12-16T01:45:22+00:00
LOG-N-00140,EMP-N-091,ACC-N-0909,VIEW_PROFILE,2026-07-03T15:52:14+00:00
LOG-N-00141,EMP-N-042,ACC-N-0813,VIEW_PROFILE,2026-05-08T07:53:03+00:00
LOG-N-00142,EMP-N-088,EXT-A-002-3,VIEW_PROFILE,2026-03-01T06:49:15+00:00
LOG-N-00143,EMP-N-016,ACC-N-0756,VIEW_PROFILE,2026-09-20T00:18:10+00:00
LOG-N-00144,EMP-N-093,EXT-A-008-1,VIEW_PROFILE,2026-08-08T04:54:00+00:00
LOG-N-00145,EMP-N-075,ACC-N-0594,VIEW_PROFILE,2026-07-29T15:55:46+00:00
LOG-N-00146,EMP-N-037,EXT-A-063-3,VIEW_PROFILE,2026-04-03T19:37:59+00:00
LOG-N-00147,EMP-N-019,ACC-N-0899,VIEW_PROFILE,2026-07-29T13:49:18+00:00
LOG-N-00148,EMP-N-090,ACC-N-0820,MODIFY_PHONE,2026-06-23T10:00:47+00:00
LOG-N-00149,EMP-N-060,ACC-N-0792,VIEW_PROFILE,2026-04-07T16:42:23+00:00
LOG-N-00150,EMP-N-045,ACC-N-0504,MODIFY_PHONE,2026-12-31T04:27:22+00:00
LOG-N-00151,EMP-N-082,ACC-N-0411,VIEW_PROFILE,2026-02-19T19:08:57+00:00
LOG-N-00152,EMP-N-091,ACC-N-0944,VIEW_PROFILE,2026-04-02T21:18:42+00:00
LOG-N-00153,EMP-N-077,ACC-N-0758,VIEW_PROFILE,2026-10-26T11:44:32+00:00
LOG-N-00154,EMP-N-081,ACC-N-0742,VIEW_PROFILE,2026-03-19T00:45:51+00:00
LOG-N-00155,EMP-N-028,EXT-A-071-3,VIEW_PROFILE,2026-03-15T06:30:35+00:00
LOG-N-00156,EMP-N-024,EXT-A-070-3,VIEW_PROFILE,2026-06-20T05:17:43+00:00
LOG-N-00157,EMP-N-091,EXT-A-007-2,VIEW_PROFILE,2026-04-24T11:00:18+00:00
LOG-N-00158,EMP-N-023,ACC-N-0606,VIEW_PROFILE,2026-03-26T19:58:27+00:00
LOG-N-00159,EMP-N-048,ACC-N-0503,VIEW_PROFILE,2026-10-04T05:33:58+00:00
LOG-N-00160,EMP-N-057,ACC-N-0612,VIEW_PROFILE,2026-09-22T02:06:59+00:00
LOG-N-00161,EMP-N-049,EXT-A-036-3,VIEW_PROFILE,2026-02-26T03:56:45+00:00
LOG-N-00162,EMP-N-088,ACC-N-0517,VIEW_PROFILE,2026-02-10T01:11:34+00:00
LOG-N-00163,EMP-N-048,ACC-N-0954,VIEW_PROFILE,2026-09-09T17:25:04+00:00
LOG-N-00164,EMP-N-034,ACC-N-0875,MODIFY_PHONE,2026-10-08T21:24:52+00:00
LOG-N-00165,EMP-N-096,EXT-A-045-4,VIEW_PROFILE,2026-01-14T16:58:08+00:00
LOG-N-00166,EMP-N-074,ACC-N-0969,VIEW_PROFILE,2026-05-28T11:14:56+00:00
LOG-N-00167,EMP-N-074,ACC-N-0550,MODIFY_PHONE,2026-08-04T11:44:05+00:00
LOG-N-00168,EMP-N-054,EXT-A-030-2,VIEW_PROFILE,2026-07-08T13:32:17+00:00
LOG-N-00169,EMP-N-072,ACC-A-DORMANT-027,VIEW_PROFILE,2026-06-16T10:47:57+00:00
LOG-N-00170,EMP-N-006,ACC-N-0894,VIEW_PROFILE,2026-08-17T20:43:47+00:00
LOG-N-00171,EMP-N-091,ACC-N-0840,VIEW_PROFILE,2026-01-03T21:57:20+00:00
LOG-N-00172,EMP-N-044,ACC-N-0549,VIEW_PROFILE,2026-08-29T12:46:54+00:00
LOG-N-00173,EMP-N-026,ACC-B-03-C,VIEW_PROFILE,2026-10-01T16:56:31+00:00
LOG-N-00174,EMP-N-011,ACC-N-0507,OVERRIDE_ALERT,2026-10-26T20:12:28+00:00
LOG-N-00175,EMP-N-044,ACC-N-0490,VIEW_PROFILE,2026-11-28T21:51:26+00:00
LOG-N-00176,EMP-N-009,EXT-A-014-4,MODIFY_PHONE,2026-01-17T13:45:46+00:00
LOG-N-00177,EMP-N-021,ACC-N-0443,MODIFY_PHONE,2026-06-10T03:41:16+00:00
LOG-N-00178,EMP-N-037,ACC-N-0465,VIEW_PROFILE,2026-08-03T15:25:04+00:00
LOG-N-00179,EMP-N-081,EXT-A-006-3,VIEW_PROFILE,2026-01-22T08:53:17+00:00
LOG-N-00180,EMP-N-080,ACC-N-0496,VIEW_PROFILE,2026-01-09T01:25:07+00:00
LOG-N-00181,EMP-N-041,ACC-N-0523,OVERRIDE_ALERT,2026-01-12T09:54:46+00:00
LOG-N-00182,EMP-N-098,EXT-A-026-4,VIEW_PROFILE,2026-02-09T23:54:32+00:00
LOG-N-00183,EMP-N-067,ACC-N-0794,MODIFY_PHONE,2026-10-06T21:27:33+00:00
LOG-N-00184,EMP-N-005,ACC-N-0502,VIEW_PROFILE,2026-12-21T22:31:04+00:00
LOG-N-00185,EMP-N-072,ACC-N-0608,VIEW_PROFILE,2026-04-21T01:47:20+00:00
LOG-N-00186,EMP-N-025,ACC-N-0725,VIEW_PROFILE,2026-05-07T12:29:28+00:00
LOG-N-00187,EMP-N-020,ACC-N-0762,MODIFY_PHONE,2026-12-15T15:36:07+00:00
LOG-N-00188,EMP-N-043,ACC-N-0782,MODIFY_PHONE,2026-12-01T15:09:07+00:00
LOG-N-00189,EMP-N-069,ACC-C-PAY-10,VIEW_PROFILE,2026-08-04T15:56:05+00:00
LOG-N-00190,EMP-N-080,EXT-A-036-1,VIEW_PROFILE,2026-08-31T18:12:18+00:00
LOG-N-00191,EMP-N-076,ACC-N-0782,VIEW_PROFILE,2026-01-27T18:56:06+00:00
LOG-N-00192,EMP-N-061,ACC-N-0882,VIEW_PROFILE,2026-12-08T03:36:06+00:00
LOG-N-00193,EMP-N-032,EXT-A-007-3,VIEW_PROFILE,2026-01-07T16:16:23+00:00
LOG-N-00194,EMP-N-073,ACC-N-0844,VIEW_PROFILE,2026-04-25T02:11:25+00:00
LOG-N-00195,EMP-N-099,ACC-N-0502,VIEW_PROFILE,2026-04-10T23:21:17+00:00
LOG-N-00196,EMP-N-070,ACC-N-0852,VIEW_PROFILE,2026-04-10T15:20:20+00:00
LOG-N-00197,EMP-N-061,EXT-A-061-2,VIEW_PROFILE,2026-10-23T13:03:07+00:00
LOG-N-00198,EMP-N-014,EXT-A-063-3,VIEW_PROFILE,2026-10-26T08:31:30+00:00
LOG-N-00199,EMP-N-041,EXT-A-048-3,VIEW_PROFILE,2026-11-11T11:39:06+00:00
LOG-N-00200,EMP-N-058,ACC-A-DORMANT-036,MODIFY_PHONE,2026-09-17T22:30:08+00:00
LOG-N-00201,EMP-N-074,EXT-A-058-1,VIEW_PROFILE,2026-10-11T16:02:44+00:00
LOG-N-00202,EMP-N-031,EXT-A-048-2,VIEW_PROFILE,2026-11-26T13:32:04+00:00
LOG-N-00203,EMP-N-007,ACC-N-0626,VIEW_PROFILE,2026-07-12T04:50:00+00:00
LOG-N-00204,EMP-N-037,EXT-A-006-1,VIEW_PROFILE,2026-05-09T06:15:09+00:00
LOG-N-00205,EMP-N-076,EXT-A-053-4,VIEW_PROFILE,2026-08-26T14:38:59+00:00
LOG-N-00206,EMP-A-001,ACC-N-0410,VIEW_PROFILE,2026-04-26T06:43:53+00:00
LOG-N-00207,EMP-N-030,ACC-N-0545,VIEW_PROFILE,2026-11-22T15:33:17+00:00
LOG-N-00208,EMP-N-099,ACC-N-0607,VIEW_PROFILE,2026-07-19T08:07:06+00:00
LOG-N-00209,EMP-N-042,ACC-N-0810,VIEW_PROFILE,2026-02-20T13:02:12+00:00
LOG-N-00210,EMP-N-084,ACC-N-0735,VIEW_PROFILE,2026-05-28T23:55:39+00:00
LOG-N-00211,EMP-N-077,ACC-N-0978,VIEW_PROFILE,2026-03-19T12:52:00+00:00
LOG-N-00212,EMP-N-086,ACC-N-0726,VIEW_PROFILE,2026-06-03T12:05:16+00:00
LOG-N-00213,EMP-N-046,ACC-A-DORMANT-069,VIEW_PROFILE,2026-02-11T16:08:48+00:00
LOG-N-00214,EMP-N-080,ACC-N-0731,VIEW_PROFILE,2026-01-12T05:40:18+00:00
LOG-N-00215,EMP-N-068,EXT-A-049-3,VIEW_PROFILE,2026-01-20T19:06:44+00:00
LOG-N-00216,EMP-N-022,EXT-A-005-2,VIEW_PROFILE,2026-05-08T07:03:20+00:00
LOG-N-00217,EMP-N-074,ACC-N-0742,MODIFY_PHONE,2026-02-26T07:27:47+00:00
LOG-N-00218,EMP-N-025,ACC-N-0656,VIEW_PROFILE,2026-06-26T06:19:23+00:00
LOG-N-00219,EMP-N-041,ACC-N-0607,VIEW_PROFILE,2026-05-24T05:33:15+00:00
LOG-N-00220,EMP-N-010,ACC-N-0956,VIEW_PROFILE,2026-08-13T06:06:57+00:00
LOG-N-00221,EMP-N-095,EXT-A-005-1,MODIFY_PHONE,2026-05-04T08:56:43+00:00
LOG-N-00222,EMP-N-088,ACC-N-0551,VIEW_PROFILE,2026-07-25T09:22:34+00:00
LOG-N-00223,EMP-N-035,EXT-A-065-1,VIEW_PROFILE,2026-11-18T08:52:35+00:00
LOG-N-00224,EMP-N-073,ACC-N-0908,VIEW_PROFILE,2026-10-24T08:19:12+00:00
LOG-N-00225,EMP-N-073,ACC-N-0422,VIEW_PROFILE,2026-11-23T23:37:24+00:00
LOG-N-00226,EMP-N-073,EXT-A-006-2,VIEW_PROFILE,2026-05-08T10:34:43+00:00
LOG-N-00227,EMP-N-031,ACC-N-0707,VIEW_PROFILE,2026-02-01T19:53:20+00:00
LOG-N-00228,EMP-N-089,ACC-N-0658,VIEW_PROFILE,2026-10-28T22:49:11+00:00
LOG-N-00229,EMP-N-030,EXT-A-013-4,VIEW_PROFILE,2026-11-16T06:15:52+00:00
LOG-N-00230,EMP-N-010,ACC-N-0977,VIEW_PROFILE,2026-06-19T05:16:01+00:00
LOG-N-00231,EMP-N-068,ACC-N-0831,VIEW_PROFILE,2026-11-17T17:46:40+00:00
LOG-N-00232,EMP-N-046,EXT-A-062-3,VIEW_PROFILE,2026-12-03T12:04:02+00:00
LOG-N-00233,EMP-B-001,ACC-B-03-C,OVERRIDE_ALERT,2026-09-03T17:58:13+00:00
LOG-N-00234,EMP-N-047,ACC-N-0860,VIEW_PROFILE,2026-07-31T13:59:56+00:00
LOG-N-00235,EMP-N-033,ACC-N-0670,VIEW_PROFILE,2026-03-30T19:30:04+00:00
LOG-N-00236,EMP-N-063,EXT-A-056-3,MODIFY_PHONE,2026-04-01T16:10:01+00:00
LOG-N-00237,EMP-N-080,ACC-N-0512,VIEW_PROFILE,2026-12-02T00:26:11+00:00
LOG-N-00238,EMP-A-001,ACC-N-0814,MODIFY_PHONE,2026-07-08T23:36:41+00:00
LOG-N-00239,EMP-N-052,ACC-N-0689,VIEW_PROFILE,2026-09-28T22:04:25+00:00
LOG-N-00240,EMP-N-071,EXT-A-034-3,VIEW_PROFILE,2026-01-06T11:34:51+00:00
LOG-N-00241,EMP-N-032,EXT-A-043-4,VIEW_PROFILE,2026-01-28T03:17:39+00:00
LOG-N-00242,EMP-N-005,EXT-A-048-2,VIEW_PROFILE,2026-08-14T06:04:43+00:00
LOG-N-00243,EMP-N-060,EXT-A-054-4,VIEW_PROFILE,2026-08-14T20:52:56+00:00
LOG-N-00244,EMP-N-050,ACC-N-0424,VIEW_PROFILE,2026-12-29T11:58:45+00:00
LOG-N-00245,EMP-N-009,ACC-N-0947,VIEW_PROFILE,2026-04-27T13:32:07+00:00
LOG-N-00246,EMP-N-066,ACC-N-0756,VIEW_PROFILE,2026-01-26T23:24:53+00:00
LOG-N-00247,EMP-N-085,ACC-N-0762,VIEW_PROFILE,2026-09-09T11:30:34+00:00
LOG-N-00248,EMP-N-027,ACC-N-0863,VIEW_PROFILE,2026-07-11T08:26:18+00:00
LOG-N-00249,EMP-N-031,ACC-N-0971,VIEW_PROFILE,2026-05-22T04:09:53+00:00
LOG-N-00250,EMP-N-016,ACC-N-0637,VIEW_PROFILE,2026-01-16T21:16:11+00:00
LOG-N-00251,EMP-N-090,ACC-N-0741,VIEW_PROFILE,2026-03-08T00:17:32+00:00
LOG-N-00252,EMP-N-021,ACC-N-0618,VIEW_PROFILE,2026-12-04T01:13:46+00:00
LOG-N-00253,EMP-N-019,EXT-A-024-3,VIEW_PROFILE,2026-03-31T12:34:29+00:00
LOG-N-00254,EMP-N-044,ACC-N-0744,VIEW_PROFILE,2026-07-18T16:43:58+00:00
LOG-N-00255,EMP-N-023,EXT-A-011-1,MODIFY_PHONE,2026-11-16T19:04:44+00:00
LOG-N-00256,EMP-N-034,ACC-N-0785,VIEW_PROFILE,2026-04-05T16:18:58+00:00
LOG-N-00257,EMP-N-093,ACC-N-0614,MANUAL_UNFREEZE,2026-01-11T19:05:31+00:00
LOG-N-00258,EMP-N-042,ACC-N-0472,OVERRIDE_ALERT,2026-03-08T21:15:09+00:00
LOG-N-00259,EMP-N-018,ACC-N-0483,VIEW_PROFILE,2026-07-19T22:04:49+00:00
LOG-N-00260,EMP-N-005,ACC-N-0451,OVERRIDE_ALERT,2026-05-03T14:21:39+00:00
LOG-N-00261,EMP-N-055,ACC-N-0965,OVERRIDE_ALERT,2026-03-28T11:34:09+00:00
LOG-N-00262,EMP-N-083,EXT-A-004-3,VIEW_PROFILE,2026-07-02T16:27:20+00:00
LOG-N-00263,EMP-N-021,EXT-A-011-2,VIEW_PROFILE,2026-12-02T18:34:05+00:00
LOG-N-00264,EMP-N-075,ACC-N-0443,VIEW_PROFILE,2026-09-16T12:41:03+00:00
LOG-N-00265,EMP-N-027,EXT-A-049-3,VIEW_PROFILE,2026-03-12T22:33:35+00:00
LOG-N-00266,EMP-N-098,ACC-C-PAY-10,VIEW_PROFILE,2026-06-04T13:43:09+00:00
LOG-N-00267,EMP-N-073,ACC-N-0901,VIEW_PROFILE,2026-12-14T05:02:09+00:00
LOG-N-00268,EMP-N-068,ACC-N-0452,VIEW_PROFILE,2026-12-11T15:41:57+00:00
LOG-N-00269,EMP-N-078,ACC-N-0618,VIEW_PROFILE,2026-04-24T02:00:09+00:00
LOG-N-00270,EMP-N-049,ACC-N-0546,VIEW_PROFILE,2026-04-15T17:59:54+00:00
LOG-N-00271,EMP-N-017,ACC-N-0727,VIEW_PROFILE,2026-07-09T00:41:14+00:00
LOG-N-00272,EMP-N-094,EXT-A-070-2,VIEW_PROFILE,2026-05-28T02:16:13+00:00
LOG-N-00273,EMP-N-013,ACC-A-DORMANT-005,VIEW_PROFILE,2026-08-12T17:54:07+00:00
LOG-N-00274,EMP-N-040,EXT-A-022-4,VIEW_PROFILE,2026-10-03T10:48:14+00:00
LOG-N-00275,EMP-N-060,ACC-N-0403,VIEW_PROFILE,2026-03-11T19:54:20+00:00
LOG-N-00276,EMP-N-067,EXT-A-020-1,VIEW_PROFILE,2026-10-11T18:14:33+00:00
LOG-N-00277,EMP-N-005,ACC-N-0662,VIEW_PROFILE,2026-03-27T08:15:46+00:00
LOG-N-00278,EMP-N-040,ACC-N-0792,VIEW_PROFILE,2026-01-19T16:21:18+00:00
LOG-N-00279,EMP-N-040,ACC-N-0559,MODIFY_PHONE,2026-09-06T14:27:15+00:00
LOG-N-00280,EMP-N-062,ACC-N-0931,VIEW_PROFILE,2026-05-22T06:32:22+00:00
LOG-N-00281,EMP-N-064,ACC-N-0449,VIEW_PROFILE,2026-08-01T20:53:34+00:00
LOG-N-00282,EMP-N-009,ACC-N-0549,VIEW_PROFILE,2026-10-30T10:06:14+00:00
LOG-N-00283,EMP-N-022,ACC-N-0581,VIEW_PROFILE,2026-07-14T07:42:56+00:00
LOG-N-00284,EMP-N-061,EXT-A-060-3,VIEW_PROFILE,2026-05-08T22:36:49+00:00
LOG-N-00285,EMP-N-070,EXT-A-024-3,VIEW_PROFILE,2026-05-22T06:56:04+00:00
LOG-N-00286,EMP-N-054,ACC-N-0521,VIEW_PROFILE,2026-01-26T05:44:43+00:00
LOG-N-00287,EMP-N-058,EXT-A-005-2,VIEW_PROFILE,2026-08-30T17:15:25+00:00
LOG-N-00288,EMP-N-046,ACC-A-DORMANT-035,VIEW_PROFILE,2026-09-06T10:59:30+00:00
LOG-N-00289,EMP-N-023,ACC-N-0822,VIEW_PROFILE,2026-10-13T04:26:36+00:00
LOG-N-00290,EMP-N-026,EXT-A-026-3,MODIFY_PHONE,2026-02-05T21:25:17+00:00
LOG-N-00291,EMP-N-091,ACC-N-0404,VIEW_PROFILE,2026-07-20T02:47:08+00:00
LOG-N-00292,EMP-N-019,ACC-N-0660,VIEW_PROFILE,2026-07-04T19:31:24+00:00
LOG-N-00293,EMP-N-077,EXT-A-029-3,VIEW_PROFILE,2026-11-21T05:16:36+00:00
LOG-N-00294,EMP-N-090,EXT-A-008-1,VIEW_PROFILE,2026-05-09T14:05:50+00:00
LOG-N-00295,EMP-N-030,EXT-A-071-1,MODIFY_PHONE,2026-04-20T19:32:45+00:00
LOG-N-00296,EMP-N-059,ACC-N-0790,VIEW_PROFILE,2026-03-02T13:23:14+00:00
LOG-N-00297,EMP-N-100,ACC-N-0402,VIEW_PROFILE,2026-09-26T23:29:34+00:00
LOG-N-00298,EMP-N-097,ACC-N-0746,VIEW_PROFILE,2026-02-11T22:29:23+00:00
LOG-N-00299,EMP-N-056,ACC-N-0658,VIEW_PROFILE,2026-04-08T18:33:09+00:00
LOG-N-00300,EMP-A-001,ACC-N-0933,VIEW_PROFILE,2026-08-10T21:04:36+00:00
LOG-N-00301,EMP-N-081,ACC-N-0850,VIEW_PROFILE,2026-04-19T03:08:07+00:00
LOG-N-00302,EMP-C-WEALTH,EXT-A-020-4,VIEW_PROFILE,2026-12-11T16:46:05+00:00
LOG-N-00303,EMP-N-057,ACC-N-0455,VIEW_PROFILE,2026-10-02T11:14:07+00:00
LOG-N-00304,EMP-N-016,EXT-A-060-4,VIEW_PROFILE,2026-12-16T19:34:02+00:00
LOG-N-00305,EMP-N-096,ACC-N-0877,VIEW_PROFILE,2026-08-25T19:45:51+00:00
LOG-N-00306,EMP-N-081,ACC-N-0961,VIEW_PROFILE,2026-04-30T14:25:54+00:00
LOG-N-00307,EMP-B-001,EXT-A-067-1,MODIFY_PHONE,2026-06-28T00:43:26+00:00
LOG-N-00308,EMP-N-070,ACC-A-DORMANT-038,VIEW_PROFILE,2026-06-16T12:40:34+00:00
LOG-N-00309,EMP-N-040,ACC-N-0599,VIEW_PROFILE,2026-08-13T08:19:00+00:00
LOG-N-00310,EMP-N-054,EXT-A-029-3,VIEW_PROFILE,2026-09-27T07:09:38+00:00
LOG-N-00311,EMP-N-011,ACC-N-0511,VIEW_PROFILE,2026-08-28T19:51:04+00:00
LOG-N-00312,EMP-N-021,EXT-A-069-4,VIEW_PROFILE,2026-05-02T11:09:55+00:00
LOG-N-00313,EMP-N-088,EXT-A-019-1,VIEW_PROFILE,2026-11-23T12:40:18+00:00
LOG-N-00314,EMP-N-054,ACC-N-0922,VIEW_PROFILE,2026-05-27T08:28:56+00:00
LOG-N-00315,EMP-N-036,ACC-N-0780,VIEW_PROFILE,2026-11-28T09:52:33+00:00
LOG-N-00316,EMP-N-029,ACC-N-0986,VIEW_PROFILE,2026-01-08T17:52:37+00:00
LOG-N-00317,EMP-N-032,ACC-N-0601,VIEW_PROFILE,2026-10-01T06:25:55+00:00
LOG-N-00318,EMP-N-083,ACC-N-0582,VIEW_PROFILE,2026-12-27T02:35:09+00:00
LOG-N-00319,EMP-N-042,ACC-N-0415,VIEW_PROFILE,2026-06-25T19:23:13+00:00
LOG-N-00320,EMP-N-028,EXT-A-049-4,VIEW_PROFILE,2026-12-15T06:00:14+00:00
LOG-N-00321,EMP-N-057,ACC-N-0690,VIEW_PROFILE,2026-07-29T07:05:10+00:00
LOG-N-00322,EMP-N-064,ACC-N-0492,VIEW_PROFILE,2026-04-19T01:12:30+00:00
LOG-N-00323,EMP-N-064,ACC-N-0434,VIEW_PROFILE,2026-09-02T11:38:07+00:00
LOG-N-00324,EMP-N-019,ACC-N-0541,VIEW_PROFILE,2026-11-23T17:23:35+00:00
LOG-N-00325,EMP-N-099,ACC-N-0625,VIEW_PROFILE,2026-11-30T20:38:23+00:00
LOG-N-00326,EMP-N-072,ACC-N-0885,VIEW_PROFILE,2026-12-23T22:19:14+00:00
LOG-N-00327,EMP-N-084,ACC-N-0969,VIEW_PROFILE,2026-12-16T17:16:38+00:00
LOG-N-00328,EMP-N-060,ACC-N-0445,MODIFY_PHONE,2026-03-04T11:25:48+00:00
LOG-N-00329,EMP-N-012,ACC-N-0862,VIEW_PROFILE,2026-03-24T10:58:36+00:00
LOG-N-00330,EMP-C-PAYROLL,ACC-N-0741,VIEW_PROFILE,2026-05-12T01:18:09+00:00
LOG-N-00331,EMP-N-051,EXT-A-063-4,MODIFY_PHONE,2026-03-15T02:02:58+00:00
LOG-N-00332,EMP-N-087,EXT-A-008-3,VIEW_PROFILE,2026-06-10T15:27:34+00:00
LOG-N-00333,EMP-N-065,ACC-N-0578,MODIFY_PHONE,2026-10-26T03:35:19+00:00
LOG-N-00334,EMP-N-080,ACC-A-DORMANT-064,VIEW_PROFILE,2026-11-13T17:31:03+00:00
LOG-N-00335,EMP-N-049,ACC-N-0504,VIEW_PROFILE,2026-11-07T16:17:17+00:00
LOG-N-00336,EMP-N-082,ACC-N-0472,VIEW_PROFILE,2026-08-26T14:29:39+00:00
LOG-N-00337,EMP-N-012,ACC-N-0735,VIEW_PROFILE,2026-10-25T09:38:02+00:00
LOG-N-00338,EMP-N-029,ACC-N-0543,VIEW_PROFILE,2026-11-09T13:51:51+00:00
LOG-N-00339,EMP-N-063,ACC-A-DORMANT-032,VIEW_PROFILE,2026-11-15T02:06:39+00:00
LOG-N-00340,EMP-N-030,ACC-N-0832,VIEW_PROFILE,2026-08-23T13:51:39+00:00
LOG-N-00341,EMP-N-099,ACC-N-0664,MANUAL_UNFREEZE,2026-09-10T15:11:30+00:00
LOG-N-00342,EMP-N-028,ACC-N-0611,VIEW_PROFILE,2026-12-23T02:34:30+00:00
LOG-N-00343,EMP-N-067,ACC-N-0856,VIEW_PROFILE,2026-11-25T20:43:10+00:00
LOG-N-00344,EMP-C-PAYROLL,ACC-N-0789,VIEW_PROFILE,2026-07-03T20:18:57+00:00
LOG-N-00345,EMP-N-032,ACC-N-0674,VIEW_PROFILE,2026-04-22T18:26:03+00:00
LOG-N-00346,EMP-C-WEALTH,EXT-A-069-1,MODIFY_PHONE,2026-11-27T22:57:31+00:00
LOG-N-00347,EMP-N-017,ACC-N-0624,VIEW_PROFILE,2026-12-20T07:09:51+00:00
LOG-N-00348,EMP-N-083,ACC-N-0697,VIEW_PROFILE,2026-12-18T22:34:27+00:00
LOG-N-00349,EMP-N-092,EXT-A-017-1,MODIFY_PHONE,2026-11-20T18:28:51+00:00
LOG-N-00350,EMP-N-010,ACC-N-0857,VIEW_PROFILE,2026-09-18T16:07:25+00:00
LOG-N-00351,EMP-N-027,ACC-N-0522,VIEW_PROFILE,2026-08-26T11:29:13+00:00
LOG-N-00352,EMP-N-073,EXT-A-034-4,MODIFY_PHONE,2026-08-08T17:36:41+00:00
LOG-N-00353,EMP-N-057,ACC-N-0481,MODIFY_PHONE,2026-08-30T10:49:47+00:00
LOG-N-00354,EMP-N-019,ACC-B-A,MODIFY_PHONE,2026-03-16T10:05:01+00:00
LOG-N-00355,EMP-N-063,EXT-A-016-2,VIEW_PROFILE,2026-01-28T15:39:36+00:00
LOG-N-00356,EMP-N-015,EXT-A-014-4,VIEW_PROFILE,2026-09-17T01:14:25+00:00
LOG-N-00357,EMP-N-019,ACC-N-0902,VIEW_PROFILE,2026-02-27T14:16:24+00:00
LOG-N-00358,EMP-N-033,ACC-A-DORMANT-014,OVERRIDE_ALERT,2026-04-26T18:37:53+00:00
LOG-N-00359,EMP-A-001,ACC-N-0583,VIEW_PROFILE,2026-08-24T01:04:01+00:00
LOG-N-00360,EMP-N-030,ACC-N-0439,VIEW_PROFILE,2026-04-27T10:34:15+00:00
LOG-N-00361,EMP-N-030,ACC-N-0550,VIEW_PROFILE,2026-10-05T07:40:00+00:00
LOG-N-00362,EMP-N-048,ACC-N-0465,VIEW_PROFILE,2026-01-10T14:00:08+00:00
LOG-N-00363,EMP-N-052,ACC-N-0725,VIEW_PROFILE,2026-03-23T16:53:17+00:00
LOG-N-00364,EMP-N-065,ACC-A-DORMANT-016,VIEW_PROFILE,2026-11-17T07:18:47+00:00
LOG-N-00365,EMP-N-053,ACC-N-0669,VIEW_PROFILE,2026-03-05T05:32:02+00:00
LOG-N-00366,EMP-N-033,EXT-A-004-2,VIEW_PROFILE,2026-02-26T07:37:35+00:00
LOG-N-00367,EMP-N-008,EXT-A-042-4,VIEW_PROFILE,2026-01-10T00:45:59+00:00
LOG-N-00368,EMP-N-072,ACC-N-0520,MODIFY_PHONE,2026-01-03T23:40:37+00:00
LOG-N-00369,EMP-N-045,ACC-N-0926,VIEW_PROFILE,2026-09-24T00:20:06+00:00
LOG-N-00370,EMP-N-048,EXT-A-072-1,MODIFY_PHONE,2026-03-18T07:02:28+00:00
LOG-N-00371,EMP-N-022,ACC-N-0567,VIEW_PROFILE,2026-11-22T04:41:27+00:00
LOG-N-00372,EMP-N-098,ACC-N-0812,MODIFY_PHONE,2026-09-03T15:29:25+00:00
LOG-N-00373,EMP-A-001,EXT-A-044-3,VIEW_PROFILE,2026-03-23T10:04:42+00:00
LOG-N-00374,EMP-N-045,ACC-N-0691,VIEW_PROFILE,2026-11-18T17:44:13+00:00
LOG-N-00375,EMP-N-010,ACC-N-0442,VIEW_PROFILE,2026-05-17T13:32:38+00:00
LOG-N-00376,EMP-N-018,EXT-A-024-4,VIEW_PROFILE,2026-08-13T17:45:17+00:00
LOG-N-00377,EMP-A-001,ACC-C-PAY-02,VIEW_PROFILE,2026-10-29T01:31:17+00:00
LOG-N-00378,EMP-N-081,ACC-N-0503,VIEW_PROFILE,2026-01-16T02:06:15+00:00
LOG-N-00379,EMP-N-084,ACC-N-0729,VIEW_PROFILE,2026-04-28T21:37:44+00:00
LOG-N-00380,EMP-N-048,ACC-N-0826,MODIFY_PHONE,2026-07-02T15:03:36+00:00
LOG-N-00381,EMP-N-040,ACC-N-0876,VIEW_PROFILE,2026-06-29T21:56:55+00:00
LOG-N-00382,EMP-N-070,ACC-N-0916,VIEW_PROFILE,2026-07-18T03:58:27+00:00
LOG-N-00383,EMP-N-097,ACC-N-0493,MODIFY_PHONE,2026-06-02T05:52:12+00:00
LOG-N-00384,EMP-N-078,ACC-C-PAY-12,VIEW_PROFILE,2026-07-27T08:18:57+00:00
LOG-N-00385,EMP-N-055,ACC-N-0619,VIEW_PROFILE,2026-05-29T07:25:50+00:00
LOG-N-00386,EMP-N-045,ACC-N-0811,MANUAL_UNFREEZE,2026-12-11T11:56:57+00:00
LOG-N-00387,EMP-N-006,ACC-N-0952,VIEW_PROFILE,2026-03-30T17:27:37+00:00
LOG-N-00388,EMP-N-060,ACC-N-0593,MODIFY_PHONE,2026-04-27T14:14:08+00:00
LOG-N-00389,EMP-N-011,ACC-N-0456,VIEW_PROFILE,2026-06-24T18:23:14+00:00
LOG-N-00390,EMP-N-012,EXT-A-020-4,VIEW_PROFILE,2026-11-02T01:28:18+00:00
LOG-N-00391,EMP-N-067,ACC-N-0767,VIEW_PROFILE,2026-04-07T13:50:26+00:00
LOG-N-00392,EMP-N-029,ACC-N-0708,VIEW_PROFILE,2026-11-07T11:51:48+00:00
LOG-N-00393,EMP-N-063,EXT-A-030-4,VIEW_PROFILE,2026-06-10T06:25:04+00:00
LOG-N-00394,EMP-N-061,ACC-N-0675,VIEW_PROFILE,2026-03-27T04:39:21+00:00
LOG-N-00395,EMP-N-070,ACC-N-0937,VIEW_PROFILE,2026-12-20T02:21:33+00:00
LOG-N-00396,EMP-N-048,EXT-A-042-4,VIEW_PROFILE,2026-04-18T15:21:36+00:00
LOG-N-00397,EMP-N-091,EXT-A-070-3,VIEW_PROFILE,2026-09-15T15:45:57+00:00
LOG-N-00398,EMP-N-077,ACC-N-0565,VIEW_PROFILE,2026-10-24T07:59:27+00:00
LOG-N-00399,EMP-N-073,ACC-N-0900,VIEW_PROFILE,2026-10-13T19:43:33+00:00
LOG-N-00400,EMP-N-051,EXT-A-007-3,VIEW_PROFILE,2026-10-30T09:02:36+00:00
LOG-N-00401,EMP-N-036,ACC-N-0986,VIEW_PROFILE,2026-07-15T15:26:34+00:00
LOG-N-00402,EMP-N-097,ACC-N-0612,VIEW_PROFILE,2026-02-06T00:40:00+00:00
LOG-N-00403,EMP-N-053,EXT-A-067-4,VIEW_PROFILE,2026-02-09T13:51:41+00:00
LOG-N-00404,EMP-N-006,ACC-N-0902,OVERRIDE_ALERT,2026-04-03T02:06:41+00:00
LOG-N-00405,EMP-N-073,ACC-N-0641,VIEW_PROFILE,2026-07-09T18:31:13+00:00
LOG-N-00406,EMP-N-008,ACC-N-0647,MODIFY_PHONE,2026-10-03T15:55:14+00:00
LOG-N-00407,EMP-N-094,ACC-N-0742,VIEW_PROFILE,2026-09-12T09:48:10+00:00
LOG-N-00408,EMP-N-054,ACC-N-0718,MODIFY_PHONE,2026-05-28T00:16:27+00:00
LOG-N-00409,EMP-N-097,ACC-N-0763,VIEW_PROFILE,2026-12-30T12:09:45+00:00
LOG-N-00410,EMP-N-042,ACC-N-0503,VIEW_PROFILE,2026-01-10T01:54:07+00:00
LOG-N-00411,EMP-N-021,ACC-N-0634,VIEW_PROFILE,2026-01-09T05:19:21+00:00
LOG-N-00412,EMP-N-076,EXT-A-038-4,VIEW_PROFILE,2026-02-24T11:52:22+00:00
LOG-N-00413,EMP-N-026,ACC-N-0714,VIEW_PROFILE,2026-04-09T15:00:45+00:00
LOG-N-00414,EMP-N-078,ACC-N-0720,VIEW_PROFILE,2026-05-29T19:05:45+00:00
LOG-N-00415,EMP-B-001,ACC-N-0965,MODIFY_PHONE,2026-01-28T09:41:57+00:00
LOG-N-00416,EMP-N-039,EXT-A-007-2,VIEW_PROFILE,2026-09-16T23:51:43+00:00
LOG-N-00417,EMP-N-019,ACC-N-0823,VIEW_PROFILE,2026-01-09T07:02:52+00:00
LOG-N-00418,EMP-N-048,ACC-N-0726,MODIFY_PHONE,2026-02-11T00:42:30+00:00
LOG-N-00419,EMP-N-087,ACC-N-0901,VIEW_PROFILE,2026-02-28T06:14:26+00:00
LOG-N-00420,EMP-N-059,ACC-N-0717,VIEW_PROFILE,2026-05-19T02:27:09+00:00
LOG-N-00421,EMP-N-051,EXT-A-005-3,VIEW_PROFILE,2026-10-30T14:49:33+00:00
LOG-N-00422,EMP-N-029,EXT-A-016-2,MODIFY_PHONE,2026-07-08T03:16:14+00:00
LOG-N-00423,EMP-N-013,ACC-C-PAY-11,VIEW_PROFILE,2026-03-02T15:02:43+00:00
LOG-N-00424,EMP-N-096,EXT-A-065-3,VIEW_PROFILE,2026-10-23T09:19:55+00:00
LOG-N-00425,EMP-N-009,EXT-A-036-3,VIEW_PROFILE,2026-09-01T17:09:50+00:00
LOG-N-00426,EMP-N-008,EXT-A-060-3,VIEW_PROFILE,2026-08-07T18:24:51+00:00
LOG-N-00427,EMP-N-019,ACC-N-0840,VIEW_PROFILE,2026-05-21T04:46:38+00:00
LOG-N-00428,EMP-N-042,ACC-N-0485,VIEW_PROFILE,2026-10-17T23:04:42+00:00
LOG-N-00429,EMP-N-014,ACC-N-0601,MODIFY_PHONE,2026-11-23T11:36:53+00:00
LOG-N-00430,EMP-N-066,ACC-A-DORMANT-044,MODIFY_PHONE,2026-01-30T20:29:53+00:00
LOG-N-00431,EMP-N-041,EXT-A-022-1,VIEW_PROFILE,2026-08-21T23:45:59+00:00
LOG-N-00432,EMP-N-019,EXT-A-067-4,VIEW_PROFILE,2026-09-21T11:25:48+00:00
LOG-N-00433,EMP-N-080,EXT-A-048-4,VIEW_PROFILE,2026-09-14T01:59:24+00:00
LOG-N-00434,EMP-N-029,ACC-A-DORMANT-013,VIEW_PROFILE,2026-10-14T08:43:25+00:00
LOG-N-00435,EMP-N-006,ACC-N-0556,VIEW_PROFILE,2026-12-26T13:10:40+00:00
LOG-N-00436,EMP-N-092,ACC-N-0447,VIEW_PROFILE,2026-05-08T08:14:15+00:00
LOG-N-00437,EMP-N-016,ACC-A-DORMANT-045,MODIFY_PHONE,2026-08-27T01:51:37+00:00
LOG-N-00438,EMP-N-061,ACC-N-0785,VIEW_PROFILE,2026-01-23T05:58:34+00:00
LOG-N-00439,EMP-N-043,ACC-N-0481,VIEW_PROFILE,2026-12-15T08:35:24+00:00
LOG-N-00440,EMP-N-061,EXT-A-066-1,VIEW_PROFILE,2026-04-23T09:10:46+00:00
LOG-N-00441,EMP-N-012,ACC-N-0787,VIEW_PROFILE,2026-12-19T01:20:12+00:00
LOG-N-00442,EMP-N-012,ACC-N-0879,MODIFY_PHONE,2026-05-16T17:47:50+00:00
LOG-N-00443,EMP-N-013,ACC-N-0847,VIEW_PROFILE,2026-02-23T07:12:06+00:00
LOG-N-00444,EMP-N-085,ACC-A-DORMANT-052,VIEW_PROFILE,2026-02-03T09:37:05+00:00
LOG-N-00445,EMP-N-057,ACC-C-PAY-10,VIEW_PROFILE,2026-09-02T18:46:08+00:00
LOG-N-00446,EMP-N-083,ACC-A-DORMANT-016,VIEW_PROFILE,2026-01-14T20:15:24+00:00
LOG-N-00447,EMP-N-051,ACC-A-DORMANT-046,VIEW_PROFILE,2026-11-05T01:13:10+00:00
LOG-N-00448,EMP-N-081,EXT-A-054-2,VIEW_PROFILE,2026-10-07T14:06:49+00:00
LOG-N-00449,EMP-N-033,ACC-N-0926,MODIFY_PHONE,2026-11-29T22:04:26+00:00
LOG-N-00450,EMP-N-066,ACC-C-HNW-06,VIEW_PROFILE,2026-08-12T14:18:33+00:00
LOG-N-00451,EMP-N-008,ACC-N-0736,MODIFY_PHONE,2026-09-07T12:39:10+00:00
LOG-N-00452,EMP-N-032,ACC-N-0776,VIEW_PROFILE,2026-04-15T08:44:35+00:00
LOG-N-00453,EMP-N-072,ACC-N-0984,VIEW_PROFILE,2026-01-04T20:18:35+00:00
LOG-N-00454,EMP-N-097,ACC-B-02-B,VIEW_PROFILE,2026-08-14T08:14:38+00:00
LOG-N-00455,EMP-N-031,ACC-N-0587,VIEW_PROFILE,2026-05-18T22:46:50+00:00
LOG-N-00456,EMP-N-045,ACC-N-0626,VIEW_PROFILE,2026-06-11T15:35:25+00:00
LOG-N-00457,EMP-N-084,ACC-B-03-C,VIEW_PROFILE,2026-04-19T12:50:01+00:00
LOG-N-00458,EMP-N-088,ACC-N-0964,MODIFY_PHONE,2026-03-07T20:13:38+00:00
LOG-N-00459,EMP-N-054,ACC-N-0539,VIEW_PROFILE,2026-11-06T20:29:09+00:00
LOG-N-00460,EMP-N-011,ACC-N-0590,VIEW_PROFILE,2026-02-23T00:27:33+00:00
LOG-N-00461,EMP-N-087,ACC-N-0901,VIEW_PROFILE,2026-06-08T10:18:25+00:00
LOG-N-00462,EMP-N-017,ACC-N-0787,MODIFY_PHONE,2026-10-18T20:58:41+00:00
LOG-N-00463,EMP-N-033,ACC-N-0671,VIEW_PROFILE,2026-08-09T22:50:38+00:00
LOG-N-00464,EMP-N-042,ACC-A-DORMANT-002,VIEW_PROFILE,2026-12-10T00:57:46+00:00
LOG-N-00465,EMP-N-065,EXT-A-030-3,VIEW_PROFILE,2026-09-30T05:26:52+00:00
LOG-N-00466,EMP-N-055,ACC-C-HNW-03,VIEW_PROFILE,2026-03-16T17:27:51+00:00
LOG-N-00467,EMP-N-035,ACC-N-0937,VIEW_PROFILE,2026-10-22T00:35:32+00:00
LOG-N-00468,EMP-A-001,ACC-N-0932,VIEW_PROFILE,2026-11-17T00:35:36+00:00
LOG-N-00469,EMP-N-070,ACC-A-DORMANT-050,VIEW_PROFILE,2026-03-06T09:23:36+00:00
LOG-N-00470,EMP-N-098,EXT-A-051-3,VIEW_PROFILE,2026-01-11T14:22:12+00:00
LOG-N-00471,EMP-N-052,ACC-N-0672,VIEW_PROFILE,2026-01-07T16:12:01+00:00
LOG-N-00472,EMP-N-027,ACC-N-0406,VIEW_PROFILE,2026-09-27T00:44:15+00:00
LOG-N-00473,EMP-N-075,ACC-N-0803,VIEW_PROFILE,2026-09-05T23:06:05+00:00
LOG-N-00474,EMP-C-WEALTH,EXT-A-052-4,VIEW_PROFILE,2026-11-22T16:36:57+00:00
LOG-N-00475,EMP-N-077,ACC-N-0432,VIEW_PROFILE,2026-08-29T22:15:52+00:00
LOG-N-00476,EMP-N-060,ACC-N-0691,VIEW_PROFILE,2026-03-01T09:46:27+00:00
LOG-N-00477,EMP-N-084,EXT-A-034-2,VIEW_PROFILE,2026-08-05T18:37:05+00:00
LOG-N-00478,EMP-N-009,EXT-A-020-1,VIEW_PROFILE,2026-08-08T03:20:44+00:00
LOG-N-00479,EMP-N-078,ACC-N-0396,MODIFY_PHONE,2026-09-10T17:40:59+00:00
LOG-N-00480,EMP-N-053,ACC-N-0559,VIEW_PROFILE,2026-10-01T22:32:17+00:00
LOG-N-00481,EMP-N-005,ACC-N-0792,MODIFY_PHONE,2026-04-19T09:18:15+00:00
LOG-N-00482,EMP-N-042,EXT-A-007-2,VIEW_PROFILE,2026-12-20T02:04:58+00:00
LOG-N-00483,EMP-N-062,ACC-N-0847,VIEW_PROFILE,2026-06-22T21:58:54+00:00
LOG-N-00484,EMP-N-014,EXT-A-051-4,VIEW_PROFILE,2026-08-17T05:54:40+00:00
LOG-N-00485,EMP-N-064,ACC-N-0888,VIEW_PROFILE,2026-12-01T12:52:16+00:00
LOG-N-00486,EMP-N-066,ACC-A-DORMANT-004,MODIFY_PHONE,2026-03-27T00:57:06+00:00
LOG-N-00487,EMP-N-021,ACC-N-0854,VIEW_PROFILE,2026-02-08T05:49:58+00:00
LOG-N-00488,EMP-N-037,ACC-N-0465,VIEW_PROFILE,2026-06-26T17:18:16+00:00
LOG-N-00489,EMP-N-087,ACC-N-0850,VIEW_PROFILE,2026-02-06T02:14:00+00:00
LOG-N-00490,EMP-N-024,ACC-N-0607,VIEW_PROFILE,2026-03-20T05:40:20+00:00
LOG-N-00491,EMP-N-029,ACC-N-0623,VIEW_PROFILE,2026-07-20T15:30:37+00:00
LOG-N-00492,EMP-N-093,ACC-N-0855,VIEW_PROFILE,2026-01-30T05:33:53+00:00
LOG-N-00493,EMP-N-080,ACC-A-DORMANT-069,VIEW_PROFILE,2026-04-11T07:11:17+00:00
LOG-N-00494,EMP-N-091,EXT-A-004-3,VIEW_PROFILE,2026-03-03T11:37:46+00:00
LOG-N-00495,EMP-N-088,ACC-N-0902,VIEW_PROFILE,2026-05-04T14:42:00+00:00
LOG-N-00496,EMP-N-041,EXT-A-063-4,VIEW_PROFILE,2026-03-30T21:21:55+00:00
LOG-N-00497,EMP-N-030,EXT-A-018-1,VIEW_PROFILE,2026-07-09T01:05:11+00:00
LOG-N-00498,EMP-N-073,ACC-N-0575,VIEW_PROFILE,2026-05-14T11:23:46+00:00
LOG-N-00499,EMP-C-WEALTH,EXT-A-027-4,VIEW_PROFILE,2026-03-04T21:42:21+00:00
LOG-N-00500,EMP-N-010,ACC-N-0810,OVERRIDE_ALERT,2026-02-08T15:20:14+00:00
LOG-N-00501,EMP-N-013,EXT-A-043-4,VIEW_PROFILE,2026-03-25T19:34:09+00:00
LOG-N-00502,EMP-N-080,ACC-A-DORMANT-001,VIEW_PROFILE,2026-05-14T19:56:33+00:00
LOG-N-00503,EMP-N-040,EXT-A-040-3,VIEW_PROFILE,2026-05-26T17:02:44+00:00
LOG-N-00504,EMP-N-008,EXT-A-017-3,VIEW_PROFILE,2026-09-06T05:59:32+00:00
LOG-N-00505,EMP-N-028,EXT-A-026-1,VIEW_PROFILE,2026-06-18T15:46:46+00:00
LOG-N-00506,EMP-B-001,ACC-N-0899,VIEW_PROFILE,2026-06-07T04:23:15+00:00
LOG-N-00507,EMP-N-100,ACC-A-DORMANT-002,VIEW_PROFILE,2026-04-18T03:41:54+00:00
LOG-N-00508,EMP-N-016,ACC-N-0645,VIEW_PROFILE,2026-01-26T00:12:45+00:00
LOG-N-00509,EMP-N-074,ACC-N-0844,VIEW_PROFILE,2026-01-29T02:07:24+00:00
LOG-N-00510,EMP-N-008,EXT-A-067-3,VIEW_PROFILE,2026-04-22T02:09:55+00:00
LOG-N-00511,EMP-N-100,EXT-A-052-4,VIEW_PROFILE,2026-12-31T17:42:47+00:00
LOG-N-00512,EMP-N-051,ACC-C-PAY-10,VIEW_PROFILE,2026-12-11T00:02:13+00:00
LOG-N-00513,EMP-N-082,EXT-A-037-2,VIEW_PROFILE,2026-12-12T09:01:22+00:00
LOG-N-00514,EMP-N-040,ACC-N-0411,VIEW_PROFILE,2026-10-25T17:40:25+00:00
LOG-N-00515,EMP-N-012,ACC-N-0679,VIEW_PROFILE,2026-11-25T19:33:43+00:00
LOG-N-00516,EMP-N-072,ACC-N-0558,VIEW_PROFILE,2026-07-26T11:26:51+00:00
LOG-N-00517,EMP-N-021,ACC-N-0548,VIEW_PROFILE,2026-02-18T13:34:37+00:00
LOG-N-00518,EMP-N-048,ACC-N-0576,VIEW_PROFILE,2026-01-19T16:59:58+00:00
LOG-N-00519,EMP-N-067,ACC-N-0476,VIEW_PROFILE,2026-12-06T18:20:13+00:00
LOG-N-00520,EMP-N-005,ACC-N-0405,VIEW_PROFILE,2026-02-20T02:05:22+00:00
LOG-N-00521,EMP-N-063,ACC-N-0968,VIEW_PROFILE,2026-01-25T15:06:36+00:00
LOG-N-00522,EMP-N-078,ACC-N-0587,VIEW_PROFILE,2026-06-11T17:11:22+00:00
LOG-N-00523,EMP-N-092,ACC-C-HNW-01,VIEW_PROFILE,2026-05-23T23:39:05+00:00
LOG-N-00524,EMP-N-092,EXT-A-058-4,VIEW_PROFILE,2026-04-29T13:27:48+00:00
LOG-N-00525,EMP-N-027,ACC-N-0693,VIEW_PROFILE,2026-10-21T09:33:21+00:00
LOG-N-00526,EMP-N-061,ACC-N-0688,MODIFY_PHONE,2026-05-04T10:52:19+00:00
LOG-N-00527,EMP-N-006,ACC-A-DORMANT-067,VIEW_PROFILE,2026-07-07T04:22:54+00:00
LOG-N-00528,EMP-N-085,ACC-N-0886,MODIFY_PHONE,2026-12-08T08:32:45+00:00
LOG-N-00529,EMP-N-065,ACC-N-0534,MODIFY_PHONE,2026-04-05T03:35:44+00:00
LOG-N-00530,EMP-N-019,ACC-N-0765,VIEW_PROFILE,2026-11-21T11:37:55+00:00
LOG-N-00531,EMP-N-097,ACC-N-0400,VIEW_PROFILE,2026-02-28T06:26:45+00:00
LOG-N-00532,EMP-N-076,ACC-N-0424,OVERRIDE_ALERT,2026-06-07T03:55:28+00:00
LOG-N-00533,EMP-N-015,ACC-N-0855,VIEW_PROFILE,2026-12-13T11:45:13+00:00
LOG-N-00534,EMP-N-034,ACC-N-0808,VIEW_PROFILE,2026-09-17T18:04:08+00:00
LOG-N-00535,EMP-N-077,ACC-N-0410,VIEW_PROFILE,2026-03-10T04:35:05+00:00
LOG-N-00536,EMP-N-074,ACC-N-0462,VIEW_PROFILE,2026-04-18T11:31:17+00:00
LOG-N-00537,EMP-A-001,ACC-A-DORMANT-005,VIEW_PROFILE,2026-11-27T03:48:45+00:00
LOG-N-00538,EMP-N-051,EXT-A-057-2,VIEW_PROFILE,2026-01-15T00:21:04+00:00
LOG-N-00539,EMP-N-062,ACC-N-0896,VIEW_PROFILE,2026-02-01T03:26:43+00:00
LOG-N-00540,EMP-N-053,EXT-A-031-4,VIEW_PROFILE,2026-03-26T18:38:41+00:00
LOG-N-00541,EMP-N-012,ACC-N-0601,MODIFY_PHONE,2026-08-11T04:54:52+00:00
LOG-N-00542,EMP-N-089,ACC-C-PAY-09,VIEW_PROFILE,2026-06-14T22:53:39+00:00
LOG-N-00543,EMP-N-023,ACC-N-0708,MODIFY_PHONE,2026-12-10T21:29:59+00:00
LOG-N-00544,EMP-N-096,ACC-N-0780,VIEW_PROFILE,2026-12-30T09:55:02+00:00
LOG-N-00545,EMP-N-016,ACC-N-0837,VIEW_PROFILE,2026-06-12T20:59:49+00:00
LOG-N-00546,EMP-B-001,ACC-N-0578,VIEW_PROFILE,2026-09-03T22:11:49+00:00
LOG-N-00547,EMP-N-091,ACC-B-04-A,VIEW_PROFILE,2026-05-26T18:35:18+00:00
LOG-N-00548,EMP-N-009,EXT-A-023-2,VIEW_PROFILE,2026-03-18T03:49:45+00:00
LOG-N-00549,EMP-N-078,EXT-A-062-4,VIEW_PROFILE,2026-12-19T15:11:10+00:00
LOG-N-00550,EMP-N-065,EXT-A-045-2,VIEW_PROFILE,2026-01-02T05:28:55+00:00
LOG-N-00551,EMP-N-030,ACC-A-DORMANT-008,MODIFY_PHONE,2026-06-04T09:15:19+00:00
LOG-N-00552,EMP-N-098,ACC-N-0503,VIEW_PROFILE,2026-11-26T18:50:15+00:00
LOG-N-00553,EMP-N-048,ACC-N-0770,VIEW_PROFILE,2026-03-23T10:35:25+00:00
LOG-N-00554,EMP-N-094,ACC-N-0897,VIEW_PROFILE,2026-01-09T12:21:45+00:00
LOG-N-00555,EMP-N-090,ACC-N-0462,VIEW_PROFILE,2026-07-06T21:10:20+00:00
LOG-N-00556,EMP-N-075,EXT-A-010-3,VIEW_PROFILE,2026-05-01T12:22:03+00:00
LOG-N-00557,EMP-N-052,ACC-N-0795,OVERRIDE_ALERT,2026-11-08T16:51:33+00:00
LOG-N-00558,EMP-N-010,ACC-N-0530,VIEW_PROFILE,2026-09-25T12:05:27+00:00
LOG-N-00559,EMP-N-041,EXT-A-058-4,VIEW_PROFILE,2026-11-10T15:21:33+00:00
LOG-N-00560,EMP-N-073,ACC-A-DORMANT-054,VIEW_PROFILE,2026-02-18T04:35:07+00:00
LOG-N-00561,EMP-N-100,EXT-A-049-2,VIEW_PROFILE,2026-08-06T00:33:58+00:00
LOG-N-00562,EMP-N-029,ACC-N-0816,VIEW_PROFILE,2026-09-14T07:47:42+00:00
LOG-N-00563,EMP-N-068,EXT-A-065-1,VIEW_PROFILE,2026-07-09T07:15:41+00:00
LOG-N-00564,EMP-N-059,EXT-A-040-4,VIEW_PROFILE,2026-07-31T13:06:06+00:00
LOG-N-00565,EMP-N-017,EXT-A-003-1,VIEW_PROFILE,2026-08-04T13:34:09+00:00
LOG-N-00566,EMP-C-WEALTH,ACC-A-DORMANT-018,VIEW_PROFILE,2026-03-22T12:29:06+00:00
LOG-N-00567,EMP-N-053,ACC-N-0528,VIEW_PROFILE,2026-09-18T06:29:02+00:00
LOG-N-00568,EMP-N-042,ACC-N-0598,VIEW_PROFILE,2026-10-08T21:21:44+00:00
LOG-N-00569,EMP-N-009,ACC-N-0563,VIEW_PROFILE,2026-05-31T20:38:41+00:00
LOG-N-00570,EMP-N-054,EXT-A-058-3,VIEW_PROFILE,2026-04-03T05:18:07+00:00
LOG-N-00571,EMP-N-041,ACC-N-0909,VIEW_PROFILE,2026-12-16T09:28:30+00:00
LOG-N-00572,EMP-N-095,ACC-N-0499,VIEW_PROFILE,2026-03-18T03:26:34+00:00
LOG-N-00573,EMP-N-049,EXT-A-026-1,VIEW_PROFILE,2026-12-22T08:48:20+00:00
LOG-N-00574,EMP-B-001,ACC-N-0889,VIEW_PROFILE,2026-12-05T16:42:14+00:00
LOG-N-00575,EMP-N-078,ACC-N-0939,MODIFY_PHONE,2026-06-28T18:34:42+00:00
LOG-N-00576,EMP-N-075,EXT-A-038-3,VIEW_PROFILE,2026-12-02T00:18:43+00:00
LOG-N-00577,EMP-N-030,ACC-N-0857,VIEW_PROFILE,2026-04-11T21:44:54+00:00
LOG-N-00578,EMP-N-060,ACC-N-0537,MODIFY_PHONE,2026-08-14T19:30:30+00:00
LOG-N-00579,EMP-N-089,ACC-N-0929,VIEW_PROFILE,2026-07-22T09:21:52+00:00
LOG-N-00580,EMP-N-009,ACC-N-0706,VIEW_PROFILE,2026-04-10T12:20:51+00:00
LOG-N-00581,EMP-N-066,ACC-A-DORMANT-016,VIEW_PROFILE,2026-04-09T11:31:02+00:00
LOG-N-00582,EMP-N-040,ACC-N-0458,VIEW_PROFILE,2026-11-29T23:59:03+00:00
LOG-N-00583,EMP-C-WEALTH,ACC-N-0508,VIEW_PROFILE,2026-07-20T23:03:58+00:00
LOG-N-00584,EMP-N-084,ACC-A-DORMANT-052,VIEW_PROFILE,2026-03-31T04:28:23+00:00
LOG-N-00585,EMP-N-073,ACC-N-0932,VIEW_PROFILE,2026-01-28T12:27:27+00:00
LOG-N-00586,EMP-N-094,ACC-N-0441,VIEW_PROFILE,2026-06-11T08:00:05+00:00
LOG-N-00587,EMP-N-055,ACC-N-0941,VIEW_PROFILE,2026-12-16T03:11:15+00:00
LOG-N-00588,EMP-N-091,ACC-N-0625,VIEW_PROFILE,2026-10-31T16:41:09+00:00
LOG-N-00589,EMP-N-070,EXT-A-048-1,VIEW_PROFILE,2026-09-01T19:43:57+00:00
LOG-N-00590,EMP-N-090,EXT-A-039-4,VIEW_PROFILE,2026-10-20T20:13:53+00:00
LOG-N-00591,EMP-N-021,ACC-N-0622,VIEW_PROFILE,2026-02-13T04:08:21+00:00
LOG-N-00592,EMP-N-044,ACC-N-0396,OVERRIDE_ALERT,2026-08-03T12:14:13+00:00
LOG-N-00593,EMP-N-085,ACC-N-0545,VIEW_PROFILE,2026-03-04T12:20:45+00:00
LOG-N-00594,EMP-N-051,EXT-A-027-1,VIEW_PROFILE,2026-03-06T03:34:49+00:00
LOG-N-00595,EMP-N-029,ACC-N-0902,VIEW_PROFILE,2026-07-12T20:16:39+00:00
LOG-N-00596,EMP-N-088,EXT-A-022-1,VIEW_PROFILE,2026-09-23T14:33:56+00:00
LOG-N-00597,EMP-N-070,ACC-N-0539,VIEW_PROFILE,2026-02-14T00:31:05+00:00
LOG-N-00598,EMP-N-040,ACC-N-0971,VIEW_PROFILE,2026-02-03T21:59:41+00:00
LOG-N-00599,EMP-N-015,ACC-A-DORMANT-006,VIEW_PROFILE,2026-03-22T11:18:20+00:00
LOG-N-00600,EMP-N-046,ACC-N-0846,VIEW_PROFILE,2026-12-27T06:51:58+00:00
LOG-N-00601,EMP-N-052,ACC-N-0795,VIEW_PROFILE,2026-02-07T20:32:59+00:00
LOG-N-00602,EMP-N-023,ACC-N-0628,VIEW_PROFILE,2026-01-10T16:51:26+00:00
LOG-N-00603,EMP-N-083,ACC-N-0417,VIEW_PROFILE,2026-05-15T10:04:41+00:00
LOG-N-00604,EMP-N-063,EXT-A-059-4,VIEW_PROFILE,2026-01-23T17:02:13+00:00
LOG-N-00605,EMP-N-022,ACC-C-HNW-03,MODIFY_PHONE,2026-07-01T03:40:50+00:00
LOG-N-00606,EMP-N-040,ACC-N-0918,VIEW_PROFILE,2026-08-02T06:20:37+00:00
LOG-N-00607,EMP-N-071,ACC-A-DORMANT-050,VIEW_PROFILE,2026-12-28T14:11:02+00:00
LOG-N-00608,EMP-N-059,EXT-A-053-1,MODIFY_PHONE,2026-11-26T17:24:55+00:00
LOG-N-00609,EMP-N-010,EXT-A-058-1,VIEW_PROFILE,2026-07-09T03:56:35+00:00
LOG-N-00610,EMP-N-036,ACC-N-0885,MODIFY_PHONE,2026-03-31T12:21:48+00:00
LOG-N-00611,EMP-N-072,EXT-A-003-2,VIEW_PROFILE,2026-09-07T12:26:53+00:00
LOG-N-00612,EMP-C-PAYROLL,EXT-A-048-2,VIEW_PROFILE,2026-11-08T16:52:12+00:00
LOG-N-00613,EMP-N-040,EXT-A-042-1,VIEW_PROFILE,2026-05-14T18:19:14+00:00
LOG-N-00614,EMP-N-011,ACC-N-0715,MODIFY_PHONE,2026-02-09T07:11:05+00:00
LOG-N-00615,EMP-N-038,ACC-N-0697,VIEW_PROFILE,2026-10-13T12:50:29+00:00
LOG-N-00616,EMP-N-048,ACC-N-0655,VIEW_PROFILE,2026-06-28T18:48:53+00:00
LOG-N-00617,EMP-N-040,ACC-A-DORMANT-007,VIEW_PROFILE,2026-08-30T16:52:25+00:00
LOG-N-00618,EMP-N-056,ACC-N-0448,VIEW_PROFILE,2026-04-22T22:41:24+00:00
LOG-N-00619,EMP-N-100,ACC-N-0862,MODIFY_PHONE,2026-10-10T11:34:05+00:00
LOG-N-00620,EMP-N-010,ACC-N-0417,VIEW_PROFILE,2026-03-03T23:42:18+00:00
LOG-N-00621,EMP-N-022,ACC-N-0775,VIEW_PROFILE,2026-02-10T21:48:58+00:00
LOG-N-00622,EMP-N-093,EXT-A-033-3,VIEW_PROFILE,2026-11-15T15:45:27+00:00
LOG-N-00623,EMP-N-012,ACC-A-DORMANT-025,VIEW_PROFILE,2026-08-11T23:52:31+00:00
LOG-N-00624,EMP-N-088,EXT-A-055-1,MODIFY_PHONE,2026-07-23T12:50:28+00:00
LOG-N-00625,EMP-N-061,ACC-N-0730,VIEW_PROFILE,2026-08-17T17:12:49+00:00
LOG-N-00626,EMP-N-013,ACC-N-0570,MODIFY_PHONE,2026-02-09T23:24:15+00:00
LOG-N-00627,EMP-N-087,ACC-N-0483,MANUAL_UNFREEZE,2026-06-16T07:56:24+00:00
LOG-N-00628,EMP-N-033,ACC-A-DORMANT-034,VIEW_PROFILE,2026-08-15T19:36:26+00:00
LOG-N-00629,EMP-N-095,EXT-A-010-1,VIEW_PROFILE,2026-09-21T16:25:43+00:00
LOG-N-00630,EMP-N-093,ACC-N-0872,VIEW_PROFILE,2026-06-15T15:54:03+00:00
LOG-N-00631,EMP-N-011,ACC-N-0701,VIEW_PROFILE,2026-05-12T11:47:18+00:00
LOG-N-00632,EMP-N-083,EXT-A-040-1,VIEW_PROFILE,2026-06-14T23:13:54+00:00
LOG-N-00633,EMP-N-093,ACC-N-0474,MODIFY_PHONE,2026-02-26T00:15:48+00:00
LOG-N-00634,EMP-N-093,EXT-A-019-1,VIEW_PROFILE,2026-08-16T07:16:48+00:00
LOG-N-00635,EMP-N-064,ACC-N-0901,VIEW_PROFILE,2026-07-05T10:11:58+00:00
LOG-N-00636,EMP-N-011,EXT-A-059-4,VIEW_PROFILE,2026-06-01T07:35:30+00:00
LOG-N-00637,EMP-N-047,ACC-A-DORMANT-007,VIEW_PROFILE,2026-01-04T07:00:37+00:00
LOG-N-00638,EMP-N-079,ACC-N-0429,VIEW_PROFILE,2026-08-29T14:45:42+00:00
LOG-N-00639,EMP-N-084,EXT-A-036-4,VIEW_PROFILE,2026-02-14T18:38:41+00:00
LOG-N-00640,EMP-N-012,ACC-N-0848,MANUAL_UNFREEZE,2026-01-04T13:00:38+00:00
LOG-N-00641,EMP-N-012,ACC-N-0614,VIEW_PROFILE,2026-02-16T21:27:04+00:00
LOG-N-00642,EMP-N-060,EXT-A-063-1,VIEW_PROFILE,2026-09-02T14:48:27+00:00
LOG-N-00643,EMP-B-001,ACC-N-0659,VIEW_PROFILE,2026-10-16T00:31:44+00:00
LOG-N-00644,EMP-N-018,EXT-A-018-3,VIEW_PROFILE,2026-06-04T15:41:34+00:00
LOG-N-00645,EMP-N-044,ACC-N-0798,VIEW_PROFILE,2026-12-09T17:33:13+00:00
LOG-N-00646,EMP-N-082,EXT-A-028-1,VIEW_PROFILE,2026-06-09T16:19:06+00:00
LOG-N-00647,EMP-N-015,ACC-N-0706,VIEW_PROFILE,2026-12-22T18:30:59+00:00
LOG-N-00648,EMP-N-098,ACC-C-HNW-02,VIEW_PROFILE,2026-05-19T04:44:40+00:00
LOG-N-00649,EMP-N-084,ACC-N-0827,VIEW_PROFILE,2026-01-12T06:07:15+00:00
LOG-N-00650,EMP-N-051,ACC-N-0568,VIEW_PROFILE,2026-05-30T00:56:30+00:00
LOG-N-00651,EMP-N-098,ACC-N-0436,VIEW_PROFILE,2026-03-29T21:07:44+00:00
LOG-N-00652,EMP-N-080,EXT-A-057-1,VIEW_PROFILE,2026-02-14T10:48:34+00:00
LOG-N-00653,EMP-N-054,EXT-A-007-1,VIEW_PROFILE,2026-12-31T01:29:58+00:00
LOG-N-00654,EMP-N-021,ACC-N-0965,VIEW_PROFILE,2026-06-30T01:57:50+00:00
LOG-N-00655,EMP-N-097,EXT-A-060-4,VIEW_PROFILE,2026-10-22T14:05:47+00:00
LOG-N-00656,EMP-N-044,EXT-A-019-3,MANUAL_UNFREEZE,2026-06-27T23:06:41+00:00
LOG-N-00657,EMP-N-041,EXT-A-020-4,VIEW_PROFILE,2026-12-24T11:44:30+00:00
LOG-N-00658,EMP-N-054,ACC-N-0496,VIEW_PROFILE,2026-10-25T00:04:01+00:00
LOG-N-00659,EMP-N-075,ACC-N-0394,VIEW_PROFILE,2026-09-28T12:17:22+00:00
LOG-N-00660,EMP-N-054,ACC-A-DORMANT-010,VIEW_PROFILE,2026-11-09T11:08:08+00:00
LOG-N-00661,EMP-N-022,ACC-A-DORMANT-054,VIEW_PROFILE,2026-12-04T02:23:22+00:00
LOG-N-00662,EMP-N-013,ACC-N-0978,VIEW_PROFILE,2026-06-25T20:27:18+00:00
LOG-N-00663,EMP-N-073,ACC-N-0505,MODIFY_PHONE,2026-03-21T15:18:52+00:00
LOG-N-00664,EMP-N-095,ACC-N-0483,VIEW_PROFILE,2026-04-27T11:25:28+00:00
LOG-N-00665,EMP-N-069,ACC-N-0913,VIEW_PROFILE,2026-10-14T08:05:33+00:00
LOG-N-00666,EMP-N-059,ACC-N-0928,VIEW_PROFILE,2026-10-25T11:59:45+00:00
LOG-N-00667,EMP-N-068,ACC-N-0421,VIEW_PROFILE,2026-02-10T18:17:35+00:00
LOG-N-00668,EMP-N-050,EXT-A-072-1,MODIFY_PHONE,2026-09-26T13:40:48+00:00
LOG-N-00669,EMP-N-036,ACC-N-0394,MODIFY_PHONE,2026-04-21T10:48:00+00:00
LOG-N-00670,EMP-N-033,ACC-A-DORMANT-072,VIEW_PROFILE,2026-12-06T07:05:40+00:00
LOG-N-00671,EMP-N-065,EXT-A-043-2,VIEW_PROFILE,2026-07-03T17:34:37+00:00
LOG-N-00672,EMP-N-093,ACC-N-0510,VIEW_PROFILE,2026-10-08T08:58:30+00:00
LOG-N-00673,EMP-N-083,ACC-N-0974,VIEW_PROFILE,2026-09-16T16:49:54+00:00
LOG-N-00674,EMP-N-089,EXT-A-016-4,VIEW_PROFILE,2026-01-14T12:56:54+00:00
LOG-N-00675,EMP-N-028,EXT-A-050-4,MODIFY_PHONE,2026-10-24T01:56:14+00:00
LOG-N-00676,EMP-N-020,ACC-N-0398,VIEW_PROFILE,2026-05-20T19:48:18+00:00
LOG-N-00677,EMP-N-086,EXT-A-012-1,VIEW_PROFILE,2026-03-18T15:10:42+00:00
LOG-N-00678,EMP-N-010,ACC-N-0429,MODIFY_PHONE,2026-11-25T05:01:22+00:00
LOG-N-00679,EMP-N-035,ACC-N-0623,VIEW_PROFILE,2026-12-26T01:42:26+00:00
LOG-N-00680,EMP-N-089,ACC-N-0598,VIEW_PROFILE,2026-06-28T01:16:47+00:00
LOG-N-00681,EMP-N-089,EXT-A-065-3,VIEW_PROFILE,2026-04-04T02:42:27+00:00
LOG-N-00682,EMP-N-058,EXT-A-057-1,VIEW_PROFILE,2026-05-27T10:34:03+00:00
LOG-N-00683,EMP-N-084,ACC-N-0627,VIEW_PROFILE,2026-08-27T20:03:24+00:00
LOG-N-00684,EMP-N-041,ACC-N-0422,VIEW_PROFILE,2026-09-21T23:38:37+00:00
LOG-N-00685,EMP-N-048,EXT-A-014-4,VIEW_PROFILE,2026-02-26T02:42:15+00:00
LOG-N-00686,EMP-N-041,ACC-A-DORMANT-052,VIEW_PROFILE,2026-02-15T08:40:52+00:00
LOG-N-00687,EMP-N-055,ACC-N-0561,VIEW_PROFILE,2026-02-13T21:00:03+00:00
LOG-N-00688,EMP-N-080,ACC-N-0645,VIEW_PROFILE,2026-06-29T09:38:11+00:00
LOG-N-00689,EMP-N-040,ACC-N-0862,VIEW_PROFILE,2026-07-28T20:56:33+00:00
LOG-N-00690,EMP-N-097,ACC-A-DORMANT-056,VIEW_PROFILE,2026-04-13T15:28:18+00:00
LOG-N-00691,EMP-N-018,ACC-N-0663,MODIFY_PHONE,2026-02-06T22:16:40+00:00
LOG-N-00692,EMP-N-080,ACC-N-0701,VIEW_PROFILE,2026-08-23T16:50:53+00:00
LOG-N-00693,EMP-N-058,EXT-A-015-2,VIEW_PROFILE,2026-05-29T03:59:59+00:00
LOG-N-00694,EMP-N-058,ACC-N-0806,VIEW_PROFILE,2026-04-11T02:27:10+00:00
LOG-N-00695,EMP-N-045,EXT-A-054-1,VIEW_PROFILE,2026-05-02T20:21:09+00:00
LOG-N-00696,EMP-N-028,ACC-N-0722,VIEW_PROFILE,2026-01-27T00:10:32+00:00
LOG-N-00697,EMP-N-073,ACC-N-0513,VIEW_PROFILE,2026-07-21T20:24:58+00:00
LOG-N-00698,EMP-N-070,ACC-A-DORMANT-046,VIEW_PROFILE,2026-03-06T23:22:55+00:00
LOG-N-00699,EMP-N-005,ACC-N-0921,VIEW_PROFILE,2026-11-06T20:35:50+00:00
LOG-N-00700,EMP-N-059,ACC-N-0771,VIEW_PROFILE,2026-08-02T11:53:33+00:00
LOG-N-00701,EMP-N-083,ACC-N-0428,VIEW_PROFILE,2026-05-27T05:58:34+00:00
LOG-N-00702,EMP-N-048,EXT-A-070-4,VIEW_PROFILE,2026-12-14T06:28:32+00:00
LOG-N-00703,EMP-N-096,ACC-N-0610,VIEW_PROFILE,2026-01-05T00:44:05+00:00
LOG-N-00704,EMP-N-074,ACC-C-CORP,MODIFY_PHONE,2026-06-16T13:49:42+00:00
LOG-N-00705,EMP-N-065,ACC-N-0618,VIEW_PROFILE,2026-02-28T04:47:36+00:00
LOG-N-00706,EMP-B-001,ACC-N-0933,VIEW_PROFILE,2026-07-16T08:09:25+00:00
LOG-N-00707,EMP-N-085,EXT-A-007-3,VIEW_PROFILE,2026-06-19T03:17:16+00:00
LOG-N-00708,EMP-N-093,ACC-C-CORP,VIEW_PROFILE,2026-09-25T10:56:24+00:00
LOG-N-00709,EMP-N-065,EXT-A-007-4,VIEW_PROFILE,2026-10-31T14:14:08+00:00
LOG-N-00710,EMP-N-024,EXT-A-071-1,VIEW_PROFILE,2026-01-11T01:31:54+00:00
LOG-N-00711,EMP-N-068,EXT-A-065-3,VIEW_PROFILE,2026-08-21T19:05:06+00:00
LOG-N-00712,EMP-N-020,EXT-A-005-2,MANUAL_UNFREEZE,2026-11-14T08:59:01+00:00
LOG-N-00713,EMP-N-019,ACC-N-0805,VIEW_PROFILE,2026-05-24T16:18:34+00:00
LOG-N-00714,EMP-N-018,ACC-N-0617,VIEW_PROFILE,2026-07-31T03:26:48+00:00
LOG-N-00715,EMP-N-057,ACC-N-0658,VIEW_PROFILE,2026-05-14T02:12:55+00:00
LOG-N-00716,EMP-N-049,EXT-A-027-4,VIEW_PROFILE,2026-12-27T12:50:51+00:00
LOG-N-00717,EMP-N-062,EXT-A-006-3,VIEW_PROFILE,2026-08-07T20:43:59+00:00
LOG-N-00718,EMP-N-056,ACC-N-0785,VIEW_PROFILE,2026-03-23T19:58:18+00:00
LOG-N-00719,EMP-N-072,ACC-N-0630,VIEW_PROFILE,2026-08-12T06:56:47+00:00
LOG-N-00720,EMP-N-087,EXT-A-051-4,MODIFY_PHONE,2026-04-06T19:35:56+00:00
LOG-N-00721,EMP-N-040,ACC-A-DORMANT-061,MODIFY_PHONE,2026-12-13T00:36:41+00:00
LOG-N-00722,EMP-N-025,EXT-A-039-1,MODIFY_PHONE,2026-07-05T06:04:37+00:00
LOG-N-00723,EMP-N-036,ACC-A-DORMANT-052,VIEW_PROFILE,2026-12-10T17:43:49+00:00
LOG-N-00724,EMP-N-051,ACC-N-0793,VIEW_PROFILE,2026-06-03T05:24:23+00:00
LOG-N-00725,EMP-N-008,EXT-A-036-1,VIEW_PROFILE,2026-10-11T21:08:48+00:00
LOG-N-00726,EMP-N-018,ACC-N-0735,VIEW_PROFILE,2026-09-17T11:11:24+00:00
LOG-N-00727,EMP-N-041,EXT-A-024-2,VIEW_PROFILE,2026-06-24T22:27:45+00:00
LOG-N-00728,EMP-N-061,EXT-A-025-1,VIEW_PROFILE,2026-02-14T08:12:57+00:00
LOG-N-00729,EMP-N-094,ACC-N-1000,VIEW_PROFILE,2026-05-14T07:42:43+00:00
LOG-N-00730,EMP-N-048,ACC-N-0739,MODIFY_PHONE,2026-12-04T09:46:26+00:00
LOG-N-00731,EMP-B-001,EXT-A-002-2,VIEW_PROFILE,2026-04-30T04:12:01+00:00
LOG-N-00732,EMP-N-024,EXT-A-044-1,VIEW_PROFILE,2026-09-30T11:56:20+00:00
LOG-N-00733,EMP-N-006,EXT-A-041-2,VIEW_PROFILE,2026-05-21T00:01:09+00:00
LOG-N-00734,EMP-N-018,ACC-N-0988,VIEW_PROFILE,2026-06-04T19:57:07+00:00
LOG-N-00735,EMP-N-075,ACC-N-0963,VIEW_PROFILE,2026-04-20T21:30:09+00:00
LOG-N-00736,EMP-N-070,ACC-N-0687,MANUAL_UNFREEZE,2026-03-05T20:27:58+00:00
LOG-N-00737,EMP-N-024,ACC-N-0498,VIEW_PROFILE,2026-07-10T08:05:05+00:00
LOG-N-00738,EMP-N-061,ACC-N-0545,VIEW_PROFILE,2026-04-27T02:57:41+00:00
LOG-N-00739,EMP-N-052,ACC-A-DORMANT-060,VIEW_PROFILE,2026-05-21T19:33:28+00:00
LOG-N-00740,EMP-N-029,ACC-N-0537,VIEW_PROFILE,2026-10-12T05:12:58+00:00
LOG-N-00741,EMP-B-001,EXT-A-024-4,VIEW_PROFILE,2026-03-06T20:10:09+00:00
LOG-N-00742,EMP-N-042,EXT-A-033-4,VIEW_PROFILE,2026-02-11T04:47:17+00:00
LOG-N-00743,EMP-N-052,EXT-A-055-2,OVERRIDE_ALERT,2026-12-01T15:01:40+00:00
LOG-N-00744,EMP-B-001,ACC-N-0908,VIEW_PROFILE,2026-01-24T07:29:20+00:00
LOG-N-00745,EMP-N-062,ACC-N-0498,VIEW_PROFILE,2026-06-14T04:19:48+00:00
LOG-N-00746,EMP-N-090,ACC-N-0562,VIEW_PROFILE,2026-09-04T04:01:15+00:00
LOG-N-00747,EMP-N-010,ACC-N-0544,VIEW_PROFILE,2026-10-14T18:43:37+00:00
LOG-N-00748,EMP-N-010,ACC-A-DORMANT-071,VIEW_PROFILE,2026-12-07T14:32:32+00:00
LOG-N-00749,EMP-N-094,ACC-N-0459,VIEW_PROFILE,2026-06-01T22:44:25+00:00
LOG-N-00750,EMP-N-067,EXT-A-058-3,VIEW_PROFILE,2026-11-03T12:54:38+00:00
LOG-N-00751,EMP-N-027,EXT-A-041-1,VIEW_PROFILE,2026-11-24T12:33:50+00:00
LOG-N-00752,EMP-N-095,ACC-N-0978,VIEW_PROFILE,2026-02-28T18:15:12+00:00
LOG-N-00753,EMP-N-018,ACC-N-0530,VIEW_PROFILE,2026-06-29T11:21:01+00:00
LOG-N-00754,EMP-N-013,EXT-A-010-1,VIEW_PROFILE,2026-01-19T11:42:04+00:00
LOG-N-00755,EMP-N-035,ACC-N-0798,VIEW_PROFILE,2026-10-22T17:04:31+00:00
LOG-N-00756,EMP-N-059,ACC-N-0678,VIEW_PROFILE,2026-10-21T06:14:10+00:00
LOG-N-00757,EMP-N-067,EXT-A-063-4,VIEW_PROFILE,2026-10-19T01:58:39+00:00
LOG-N-00758,EMP-N-073,ACC-N-0708,VIEW_PROFILE,2026-09-01T04:04:42+00:00
LOG-N-00759,EMP-N-027,ACC-N-0549,VIEW_PROFILE,2026-05-19T16:55:23+00:00
LOG-N-00760,EMP-N-044,ACC-N-0909,VIEW_PROFILE,2026-05-25T13:24:05+00:00
LOG-N-00761,EMP-N-064,ACC-N-0954,VIEW_PROFILE,2026-05-25T19:51:10+00:00
LOG-N-00762,EMP-N-064,EXT-A-037-2,VIEW_PROFILE,2026-03-06T20:36:27+00:00
LOG-N-00763,EMP-N-100,ACC-N-0729,VIEW_PROFILE,2026-07-08T07:31:45+00:00
LOG-N-00764,EMP-N-098,ACC-N-0614,VIEW_PROFILE,2026-12-27T11:03:17+00:00
LOG-N-00765,EMP-N-079,ACC-N-0861,VIEW_PROFILE,2026-12-28T18:56:19+00:00
LOG-N-00766,EMP-N-053,ACC-N-0454,OVERRIDE_ALERT,2026-01-11T23:23:58+00:00
LOG-N-00767,EMP-N-062,ACC-N-0966,VIEW_PROFILE,2026-10-11T02:13:40+00:00
LOG-N-00768,EMP-N-035,ACC-N-0837,VIEW_PROFILE,2026-02-10T19:14:03+00:00
LOG-N-00769,EMP-N-010,ACC-N-0804,VIEW_PROFILE,2026-03-22T09:04:07+00:00
LOG-N-00770,EMP-N-057,EXT-A-053-2,VIEW_PROFILE,2026-04-21T00:56:12+00:00
LOG-N-00771,EMP-N-016,ACC-N-0759,MODIFY_PHONE,2026-09-07T20:29:48+00:00
LOG-N-00772,EMP-N-050,ACC-N-0423,VIEW_PROFILE,2026-04-20T13:37:11+00:00
LOG-N-00773,EMP-N-057,ACC-N-0855,VIEW_PROFILE,2026-09-27T18:46:27+00:00
LOG-N-00774,EMP-N-036,ACC-N-0935,VIEW_PROFILE,2026-03-17T15:36:03+00:00
LOG-N-00775,EMP-C-WEALTH,ACC-N-0757,VIEW_PROFILE,2026-09-27T22:56:07+00:00
LOG-N-00776,EMP-N-008,EXT-A-062-1,VIEW_PROFILE,2026-12-26T05:50:39+00:00
LOG-N-00777,EMP-N-043,ACC-N-0609,VIEW_PROFILE,2026-04-26T17:15:22+00:00
LOG-N-00778,EMP-B-001,ACC-N-0507,VIEW_PROFILE,2026-02-16T02:40:50+00:00
LOG-N-00779,EMP-N-089,ACC-N-0945,VIEW_PROFILE,2026-01-18T14:55:29+00:00
LOG-N-00780,EMP-N-100,ACC-N-0756,VIEW_PROFILE,2026-09-06T03:42:03+00:00
LOG-N-00781,EMP-N-027,ACC-N-0695,VIEW_PROFILE,2026-10-31T10:41:14+00:00
LOG-N-00782,EMP-N-089,EXT-A-009-3,VIEW_PROFILE,2026-07-18T15:34:41+00:00
LOG-N-00783,EMP-N-089,ACC-N-0733,VIEW_PROFILE,2026-02-13T08:12:20+00:00
LOG-N-00784,EMP-N-052,EXT-A-042-2,VIEW_PROFILE,2026-02-04T14:40:45+00:00
LOG-N-00785,EMP-N-021,ACC-N-0840,VIEW_PROFILE,2026-10-26T10:36:47+00:00
LOG-N-00786,EMP-N-074,ACC-A-DORMANT-050,VIEW_PROFILE,2026-04-03T12:44:34+00:00
LOG-N-00787,EMP-N-029,ACC-A-DORMANT-064,VIEW_PROFILE,2026-09-17T05:50:43+00:00
LOG-N-00788,EMP-N-036,EXT-A-016-4,VIEW_PROFILE,2026-09-22T02:52:41+00:00
LOG-N-00789,EMP-N-085,EXT-A-056-2,VIEW_PROFILE,2026-01-30T03:55:49+00:00
LOG-N-00790,EMP-N-052,ACC-N-0819,VIEW_PROFILE,2026-06-09T02:10:44+00:00
LOG-N-00791,EMP-N-073,EXT-A-072-4,VIEW_PROFILE,2026-10-12T04:46:51+00:00
LOG-N-00792,EMP-C-WEALTH,ACC-N-0489,VIEW_PROFILE,2026-05-04T21:17:08+00:00
LOG-N-00793,EMP-N-066,ACC-N-0886,VIEW_PROFILE,2026-05-24T12:01:01+00:00
LOG-N-00794,EMP-N-071,ACC-A-DORMANT-012,VIEW_PROFILE,2026-10-04T00:18:07+00:00
LOG-N-00795,EMP-N-034,ACC-A-DORMANT-048,VIEW_PROFILE,2026-05-02T19:55:10+00:00
LOG-N-00796,EMP-N-028,EXT-A-071-2,VIEW_PROFILE,2026-11-30T14:06:58+00:00
LOG-N-00797,EMP-N-041,ACC-N-0457,VIEW_PROFILE,2026-07-24T08:13:19+00:00
LOG-N-00798,EMP-N-070,ACC-N-0698,VIEW_PROFILE,2026-05-02T20:59:10+00:00
LOG-N-00799,EMP-N-044,EXT-A-008-1,MODIFY_PHONE,2026-03-31T16:55:04+00:00
LOG-N-00800,EMP-N-053,ACC-N-0837,VIEW_PROFILE,2026-01-26T04:19:25+00:00
LOG-N-00801,EMP-N-065,ACC-N-0781,VIEW_PROFILE,2026-08-20T10:27:59+00:00
LOG-N-00802,EMP-N-098,EXT-A-008-1,VIEW_PROFILE,2026-03-24T11:45:38+00:00
LOG-N-00803,EMP-N-077,ACC-N-0847,VIEW_PROFILE,2026-05-27T03:28:16+00:00
LOG-N-00804,EMP-N-055,EXT-A-016-4,VIEW_PROFILE,2026-02-10T23:33:45+00:00
LOG-N-00805,EMP-N-033,ACC-N-0423,MODIFY_PHONE,2026-10-09T08:48:46+00:00
LOG-N-00806,EMP-N-022,ACC-N-0529,VIEW_PROFILE,2026-06-23T09:01:41+00:00
LOG-N-00807,EMP-N-007,EXT-A-056-2,VIEW_PROFILE,2026-05-22T23:30:39+00:00
LOG-N-00808,EMP-N-097,ACC-N-0676,VIEW_PROFILE,2026-03-12T11:01:30+00:00
LOG-N-00809,EMP-N-098,EXT-A-007-1,VIEW_PROFILE,2026-09-08T11:38:23+00:00
LOG-N-00810,EMP-N-052,ACC-N-0939,VIEW_PROFILE,2026-03-13T11:38:37+00:00
LOG-N-00811,EMP-N-074,EXT-A-060-1,VIEW_PROFILE,2026-09-20T16:59:22+00:00
LOG-N-00812,EMP-N-082,EXT-A-064-3,VIEW_PROFILE,2026-10-10T01:28:58+00:00
LOG-N-00813,EMP-N-059,ACC-N-0575,VIEW_PROFILE,2026-06-12T21:15:11+00:00
LOG-N-00814,EMP-C-PAYROLL,ACC-N-0576,VIEW_PROFILE,2026-08-04T06:33:03+00:00
LOG-N-00815,EMP-N-050,EXT-A-063-1,VIEW_PROFILE,2026-01-04T10:36:48+00:00
LOG-N-00816,EMP-N-027,ACC-N-0717,VIEW_PROFILE,2026-05-08T10:04:55+00:00
LOG-N-00817,EMP-N-020,ACC-N-0755,VIEW_PROFILE,2026-10-13T10:31:29+00:00
LOG-N-00818,EMP-N-071,EXT-A-045-3,VIEW_PROFILE,2026-12-19T01:26:13+00:00
LOG-N-00819,EMP-N-023,ACC-N-0508,VIEW_PROFILE,2026-03-27T10:59:19+00:00
LOG-N-00820,EMP-N-061,ACC-N-0403,MODIFY_PHONE,2026-11-18T12:12:55+00:00
LOG-N-00821,EMP-N-082,ACC-N-0444,VIEW_PROFILE,2026-11-19T22:54:58+00:00
LOG-N-00822,EMP-N-052,EXT-A-012-4,MODIFY_PHONE,2026-10-09T18:46:54+00:00
LOG-N-00823,EMP-N-083,ACC-N-0712,VIEW_PROFILE,2026-06-07T01:47:31+00:00
LOG-N-00824,EMP-N-025,ACC-N-0973,VIEW_PROFILE,2026-10-14T19:25:26+00:00
LOG-N-00825,EMP-N-093,ACC-N-0518,VIEW_PROFILE,2026-04-24T22:30:58+00:00
LOG-N-00826,EMP-N-082,EXT-A-040-2,VIEW_PROFILE,2026-10-22T09:57:43+00:00
LOG-N-00827,EMP-N-079,ACC-N-0680,VIEW_PROFILE,2026-12-08T12:43:50+00:00
LOG-N-00828,EMP-N-011,EXT-A-056-3,VIEW_PROFILE,2026-06-27T04:13:19+00:00
LOG-N-00829,EMP-N-061,ACC-A-DORMANT-065,VIEW_PROFILE,2026-06-24T04:33:17+00:00
LOG-N-00830,EMP-N-011,EXT-A-028-3,VIEW_PROFILE,2026-10-10T15:26:32+00:00
LOG-N-00831,EMP-N-011,ACC-N-0435,VIEW_PROFILE,2026-01-27T10:57:47+00:00
LOG-N-00832,EMP-N-009,ACC-N-0976,VIEW_PROFILE,2026-06-07T08:42:43+00:00
LOG-N-00833,EMP-N-045,ACC-A-DORMANT-043,VIEW_PROFILE,2026-02-18T16:51:00+00:00
LOG-N-00834,EMP-N-049,ACC-N-0409,VIEW_PROFILE,2026-06-08T11:38:07+00:00
LOG-N-00835,EMP-N-027,EXT-A-066-3,VIEW_PROFILE,2026-04-03T14:57:56+00:00
LOG-N-00836,EMP-N-026,ACC-N-0914,VIEW_PROFILE,2026-02-01T01:33:46+00:00
LOG-N-00837,EMP-N-098,ACC-N-0503,MODIFY_PHONE,2026-08-24T08:33:26+00:00
LOG-N-00838,EMP-N-020,ACC-N-0713,VIEW_PROFILE,2026-09-24T17:51:53+00:00
LOG-N-00839,EMP-N-074,EXT-A-063-3,VIEW_PROFILE,2026-06-30T09:23:39+00:00
LOG-N-00840,EMP-N-011,ACC-A-DORMANT-040,VIEW_PROFILE,2026-08-21T10:08:01+00:00
LOG-N-00841,EMP-N-025,ACC-N-0801,VIEW_PROFILE,2026-06-02T05:50:46+00:00
LOG-N-00842,EMP-N-075,EXT-A-003-3,VIEW_PROFILE,2026-03-01T22:40:55+00:00
LOG-N-00843,EMP-N-038,ACC-N-0706,VIEW_PROFILE,2026-01-22T06:44:53+00:00
LOG-N-00844,EMP-N-064,EXT-A-024-1,VIEW_PROFILE,2026-05-31T21:53:44+00:00
LOG-N-00845,EMP-N-068,ACC-N-0642,VIEW_PROFILE,2026-05-07T20:56:27+00:00
LOG-N-00846,EMP-N-089,ACC-N-0711,VIEW_PROFILE,2026-09-25T07:43:22+00:00
LOG-N-00847,EMP-A-001,ACC-A-DORMANT-004,VIEW_PROFILE,2026-12-13T22:04:06+00:00
LOG-N-00848,EMP-N-064,ACC-N-0734,VIEW_PROFILE,2026-12-04T10:14:05+00:00
LOG-N-00849,EMP-N-067,EXT-A-038-1,VIEW_PROFILE,2026-06-25T11:33:58+00:00
LOG-N-00850,EMP-N-054,ACC-A-DORMANT-072,MODIFY_PHONE,2026-07-01T03:33:33+00:00
LOG-N-00851,EMP-N-040,ACC-N-0709,MODIFY_PHONE,2026-07-25T08:05:32+00:00
LOG-N-00852,EMP-N-076,EXT-A-054-3,VIEW_PROFILE,2026-08-30T03:02:17+00:00
LOG-N-00853,EMP-N-020,ACC-N-0581,VIEW_PROFILE,2026-06-26T15:49:14+00:00
LOG-N-00854,EMP-N-084,EXT-A-017-2,MODIFY_PHONE,2026-03-27T15:22:33+00:00
LOG-N-00855,EMP-N-081,ACC-N-0560,VIEW_PROFILE,2026-11-09T14:51:25+00:00
LOG-N-00856,EMP-N-022,ACC-N-0986,VIEW_PROFILE,2026-04-11T18:18:45+00:00
LOG-N-00857,EMP-N-030,EXT-A-026-4,VIEW_PROFILE,2026-08-21T15:58:30+00:00
LOG-N-00858,EMP-N-026,ACC-N-0444,MODIFY_PHONE,2026-04-21T23:57:13+00:00
LOG-N-00859,EMP-N-035,ACC-N-0582,VIEW_PROFILE,2026-04-01T17:37:10+00:00
LOG-N-00860,EMP-N-099,ACC-N-0603,MODIFY_PHONE,2026-05-15T02:27:46+00:00
LOG-N-00861,EMP-N-063,ACC-N-0942,VIEW_PROFILE,2026-05-17T09:11:29+00:00
LOG-N-00862,EMP-N-053,ACC-N-0605,VIEW_PROFILE,2026-10-27T22:29:08+00:00
LOG-N-00863,EMP-N-043,ACC-A-DORMANT-070,VIEW_PROFILE,2026-07-31T21:52:23+00:00
LOG-N-00864,EMP-N-026,EXT-A-022-4,VIEW_PROFILE,2026-02-19T19:22:04+00:00
LOG-N-00865,EMP-N-084,EXT-A-120482,VIEW_PROFILE,2026-02-26T06:57:35+00:00
LOG-N-00866,EMP-N-037,ACC-N-0925,VIEW_PROFILE,2026-05-22T12:01:40+00:00
LOG-N-00867,EMP-A-001,ACC-N-0822,VIEW_PROFILE,2026-12-16T20:08:04+00:00
LOG-N-00868,EMP-N-069,EXT-A-056-4,VIEW_PROFILE,2026-10-21T06:56:59+00:00
LOG-N-00869,EMP-N-065,ACC-N-0451,VIEW_PROFILE,2026-08-22T17:02:27+00:00
LOG-N-00870,EMP-N-024,ACC-N-0593,VIEW_PROFILE,2026-12-08T03:15:08+00:00
LOG-N-00871,EMP-N-064,ACC-N-0453,VIEW_PROFILE,2026-07-05T09:08:16+00:00
LOG-N-00872,EMP-N-075,ACC-N-0836,MODIFY_PHONE,2026-12-13T04:59:54+00:00
LOG-N-00873,EMP-N-028,ACC-N-0715,VIEW_PROFILE,2026-06-03T01:31:30+00:00
LOG-N-00874,EMP-N-013,ACC-N-0501,VIEW_PROFILE,2026-02-01T06:24:30+00:00
LOG-N-00875,EMP-N-020,ACC-N-0564,MODIFY_PHONE,2026-02-06T05:04:24+00:00
LOG-N-00876,EMP-N-088,ACC-N-0774,VIEW_PROFILE,2026-04-22T17:06:33+00:00
LOG-N-00877,EMP-N-024,EXT-A-058-3,VIEW_PROFILE,2026-07-31T16:04:14+00:00
LOG-N-00878,EMP-N-081,ACC-N-0572,MODIFY_PHONE,2026-10-13T20:06:40+00:00
LOG-N-00879,EMP-N-041,ACC-N-0522,VIEW_PROFILE,2026-02-17T15:27:07+00:00
LOG-N-00880,EMP-N-096,ACC-N-0768,VIEW_PROFILE,2026-09-04T13:50:32+00:00
LOG-N-00881,EMP-N-089,EXT-A-061-4,VIEW_PROFILE,2026-07-22T23:51:46+00:00
LOG-N-00882,EMP-N-012,ACC-N-0949,VIEW_PROFILE,2026-06-29T12:28:25+00:00
LOG-N-00883,EMP-N-049,EXT-A-034-1,VIEW_PROFILE,2026-04-03T17:45:16+00:00
LOG-N-00884,EMP-N-034,EXT-A-042-2,VIEW_PROFILE,2026-11-03T15:28:28+00:00
LOG-N-00885,EMP-N-022,EXT-A-003-2,VIEW_PROFILE,2026-04-07T06:39:12+00:00
LOG-N-00886,EMP-N-053,EXT-A-063-3,VIEW_PROFILE,2026-01-01T23:44:08+00:00
LOG-N-00887,EMP-N-089,ACC-N-0424,VIEW_PROFILE,2026-04-21T14:09:41+00:00
LOG-N-00888,EMP-N-068,ACC-N-0408,VIEW_PROFILE,2026-01-19T17:47:07+00:00
LOG-N-00889,EMP-N-048,ACC-N-0464,VIEW_PROFILE,2026-12-12T17:33:59+00:00
LOG-N-00890,EMP-N-012,EXT-A-055-1,VIEW_PROFILE,2026-04-29T14:41:11+00:00
LOG-N-00891,EMP-N-099,ACC-N-0850,VIEW_PROFILE,2026-07-08T03:31:10+00:00
LOG-N-00892,EMP-N-093,EXT-A-064-4,VIEW_PROFILE,2026-06-16T21:02:30+00:00
LOG-N-00893,EMP-N-061,EXT-A-058-4,VIEW_PROFILE,2026-12-23T08:54:42+00:00
LOG-N-00894,EMP-N-018,ACC-N-0577,VIEW_PROFILE,2026-01-25T17:07:19+00:00
LOG-N-00895,EMP-N-079,EXT-A-066-2,VIEW_PROFILE,2026-12-08T03:28:07+00:00
LOG-N-00896,EMP-N-076,ACC-B-03-B,MODIFY_PHONE,2026-04-04T00:24:46+00:00
LOG-N-00897,EMP-N-066,ACC-N-0824,VIEW_PROFILE,2026-09-25T08:22:37+00:00
LOG-N-00898,EMP-N-024,EXT-A-041-1,VIEW_PROFILE,2026-12-29T11:22:53+00:00
LOG-N-00899,EMP-N-035,ACC-N-0927,VIEW_PROFILE,2026-06-19T01:00:56+00:00
LOG-N-00900,EMP-N-060,ACC-B-02-C,VIEW_PROFILE,2026-04-08T07:47:07+00:00
LOG-N-00901,EMP-N-071,EXT-A-014-4,VIEW_PROFILE,2026-03-03T11:33:53+00:00
LOG-N-00902,EMP-N-053,ACC-N-0750,VIEW_PROFILE,2026-10-17T02:07:17+00:00
LOG-N-00903,EMP-N-006,ACC-N-0998,VIEW_PROFILE,2026-11-09T12:48:53+00:00
LOG-N-00904,EMP-N-096,ACC-N-0472,VIEW_PROFILE,2026-09-04T21:45:23+00:00
LOG-N-00905,EMP-N-050,ACC-N-0782,VIEW_PROFILE,2026-10-31T20:49:54+00:00
LOG-N-00906,EMP-N-019,ACC-N-0568,MODIFY_PHONE,2026-03-10T08:11:37+00:00
LOG-N-00907,EMP-N-078,ACC-N-0999,VIEW_PROFILE,2026-01-23T10:49:23+00:00
LOG-N-00908,EMP-N-019,EXT-A-013-2,VIEW_PROFILE,2026-05-05T04:40:00+00:00
LOG-N-00909,EMP-N-078,ACC-N-0608,VIEW_PROFILE,2026-07-26T17:14:38+00:00
LOG-N-00910,EMP-N-038,ACC-N-0773,MODIFY_PHONE,2026-10-20T12:25:19+00:00
LOG-N-00911,EMP-N-046,ACC-A-DORMANT-036,VIEW_PROFILE,2026-02-24T05:33:06+00:00
LOG-N-00912,EMP-N-054,ACC-N-0410,VIEW_PROFILE,2026-03-31T17:50:38+00:00
LOG-N-00913,EMP-N-053,EXT-A-007-3,VIEW_PROFILE,2026-04-13T22:38:57+00:00
LOG-N-00914,EMP-N-079,ACC-N-0926,VIEW_PROFILE,2026-05-04T18:27:35+00:00
LOG-N-00915,EMP-N-079,ACC-A-DORMANT-013,VIEW_PROFILE,2026-04-18T16:53:05+00:00
LOG-N-00916,EMP-N-066,ACC-N-0899,VIEW_PROFILE,2026-10-27T19:56:41+00:00
LOG-N-00917,EMP-N-032,ACC-N-0552,MODIFY_PHONE,2026-11-05T03:02:59+00:00
LOG-N-00918,EMP-N-022,EXT-A-018-3,VIEW_PROFILE,2026-02-15T13:48:53+00:00
LOG-N-00919,EMP-N-005,ACC-N-0966,VIEW_PROFILE,2026-07-14T04:56:18+00:00
LOG-N-00920,EMP-N-012,ACC-N-0853,VIEW_PROFILE,2026-12-31T04:15:55+00:00
LOG-N-00921,EMP-N-064,EXT-A-026-2,VIEW_PROFILE,2026-09-30T11:57:54+00:00
LOG-N-00922,EMP-B-001,ACC-N-0994,VIEW_PROFILE,2026-06-05T08:02:12+00:00
LOG-N-00923,EMP-N-089,ACC-N-0566,VIEW_PROFILE,2026-10-31T23:13:06+00:00
LOG-N-00924,EMP-A-001,EXT-A-006-2,MODIFY_PHONE,2026-07-07T03:17:51+00:00
LOG-N-00925,EMP-N-010,ACC-N-0399,MODIFY_PHONE,2026-04-04T02:11:36+00:00
LOG-N-00926,EMP-N-097,ACC-N-0807,VIEW_PROFILE,2026-03-29T16:35:19+00:00
LOG-N-00927,EMP-N-085,ACC-N-0831,VIEW_PROFILE,2026-06-17T05:35:52+00:00
LOG-N-00928,EMP-N-077,ACC-A-DORMANT-024,MODIFY_PHONE,2026-04-06T05:44:11+00:00
LOG-N-00929,EMP-N-037,EXT-A-043-3,VIEW_PROFILE,2026-08-21T04:46:05+00:00
LOG-N-00930,EMP-N-089,ACC-N-0906,VIEW_PROFILE,2026-05-12T05:10:08+00:00
LOG-N-00931,EMP-N-089,ACC-N-0691,MODIFY_PHONE,2026-07-30T21:50:30+00:00
LOG-N-00932,EMP-N-045,EXT-A-064-3,VIEW_PROFILE,2026-08-09T04:03:54+00:00
LOG-N-00933,EMP-N-023,EXT-A-009-3,VIEW_PROFILE,2026-03-18T21:08:34+00:00
LOG-N-00934,EMP-N-048,ACC-N-0828,VIEW_PROFILE,2026-07-19T04:29:57+00:00
LOG-N-00935,EMP-N-089,EXT-A-032-4,VIEW_PROFILE,2026-08-19T03:55:09+00:00
LOG-N-00936,EMP-N-090,ACC-N-0912,VIEW_PROFILE,2026-02-06T05:31:13+00:00
LOG-N-00937,EMP-N-088,ACC-N-0790,MODIFY_PHONE,2026-05-13T12:23:50+00:00
LOG-N-00938,EMP-N-070,EXT-A-032-1,VIEW_PROFILE,2026-04-07T22:14:05+00:00
LOG-N-00939,EMP-N-094,ACC-A-DORMANT-028,VIEW_PROFILE,2026-01-29T01:28:20+00:00
LOG-N-00940,EMP-N-030,ACC-N-0481,VIEW_PROFILE,2026-05-04T07:45:31+00:00
LOG-N-00941,EMP-N-073,ACC-N-0435,VIEW_PROFILE,2026-09-04T20:21:57+00:00
LOG-N-00942,EMP-N-036,ACC-N-0629,VIEW_PROFILE,2026-01-13T08:00:08+00:00
LOG-N-00943,EMP-N-022,EXT-A-018-4,VIEW_PROFILE,2026-12-16T08:54:07+00:00
LOG-N-00944,EMP-N-067,ACC-N-0905,VIEW_PROFILE,2026-07-19T07:53:35+00:00
LOG-N-00945,EMP-N-076,ACC-N-0617,VIEW_PROFILE,2026-12-07T15:36:09+00:00
LOG-N-00946,EMP-N-036,ACC-N-0841,MANUAL_UNFREEZE,2026-02-24T07:16:52+00:00
LOG-N-00947,EMP-N-080,ACC-N-0393,VIEW_PROFILE,2026-12-11T09:10:35+00:00
LOG-N-00948,EMP-N-010,ACC-N-0827,VIEW_PROFILE,2026-09-04T13:08:40+00:00
LOG-N-00949,EMP-N-082,ACC-N-0741,VIEW_PROFILE,2026-04-26T14:47:37+00:00
LOG-N-00950,EMP-N-030,ACC-N-0626,VIEW_PROFILE,2026-09-30T03:56:07+00:00
LOG-N-00951,EMP-N-019,EXT-A-003-2,VIEW_PROFILE,2026-10-16T07:51:01+00:00
LOG-N-00952,EMP-N-097,EXT-A-004-3,VIEW_PROFILE,2026-05-18T10:15:43+00:00
LOG-N-00953,EMP-N-079,ACC-A-DORMANT-071,VIEW_PROFILE,2026-09-28T02:14:46+00:00
LOG-N-00954,EMP-N-074,EXT-A-031-3,VIEW_PROFILE,2026-08-20T00:18:49+00:00
LOG-N-00955,EMP-N-027,EXT-A-035-3,VIEW_PROFILE,2026-04-25T16:39:19+00:00
LOG-N-00956,EMP-N-066,ACC-N-0589,VIEW_PROFILE,2026-07-29T16:35:14+00:00
LOG-N-00957,EMP-C-WEALTH,EXT-A-067-3,VIEW_PROFILE,2026-05-16T11:47:09+00:00
LOG-N-00958,EMP-N-015,ACC-A-DORMANT-013,VIEW_PROFILE,2026-11-19T10:25:19+00:00
LOG-N-00959,EMP-N-017,ACC-N-0792,VIEW_PROFILE,2026-11-07T13:08:20+00:00
LOG-N-00960,EMP-N-036,ACC-N-0904,VIEW_PROFILE,2026-12-19T23:10:07+00:00
LOG-N-00961,EMP-N-084,EXT-A-016-4,MODIFY_PHONE,2026-03-15T09:32:44+00:00
LOG-N-00962,EMP-N-038,ACC-N-0852,VIEW_PROFILE,2026-09-17T05:33:36+00:00
LOG-N-00963,EMP-N-019,ACC-N-0856,MODIFY_PHONE,2026-02-07T01:21:21+00:00
LOG-N-00964,EMP-N-039,EXT-A-015-1,VIEW_PROFILE,2026-02-22T19:43:09+00:00
LOG-N-00965,EMP-N-024,EXT-A-028-4,VIEW_PROFILE,2026-07-17T08:02:29+00:00
LOG-N-00966,EMP-N-063,ACC-N-0435,MODIFY_PHONE,2026-02-20T20:15:26+00:00
LOG-N-00967,EMP-N-069,ACC-N-0706,VIEW_PROFILE,2026-06-20T17:45:21+00:00
LOG-N-00968,EMP-N-042,ACC-N-0583,VIEW_PROFILE,2026-11-06T13:30:54+00:00
LOG-N-00969,EMP-N-027,ACC-N-0988,VIEW_PROFILE,2026-09-14T12:13:48+00:00
LOG-N-00970,EMP-N-028,EXT-A-040-1,VIEW_PROFILE,2026-07-09T05:35:46+00:00
LOG-N-00971,EMP-N-054,EXT-A-067-4,VIEW_PROFILE,2026-12-18T01:03:34+00:00
LOG-N-00972,EMP-N-027,EXT-A-040-1,VIEW_PROFILE,2026-03-02T01:57:36+00:00
LOG-N-00973,EMP-N-060,ACC-A-DORMANT-013,VIEW_PROFILE,2026-02-01T20:23:36+00:00
LOG-N-00974,EMP-N-007,ACC-N-0793,VIEW_PROFILE,2026-12-14T16:10:24+00:00
LOG-N-00975,EMP-N-083,EXT-A-120482,MODIFY_PHONE,2026-05-23T17:41:56+00:00
LOG-N-00976,EMP-N-076,EXT-A-068-3,MODIFY_PHONE,2026-04-08T11:06:15+00:00
LOG-N-00977,EMP-N-045,ACC-N-0872,VIEW_PROFILE,2026-04-19T09:05:18+00:00
LOG-N-00978,EMP-N-060,EXT-A-070-4,MODIFY_PHONE,2026-08-02T10:06:41+00:00
LOG-N-00979,EMP-N-079,ACC-N-0466,VIEW_PROFILE,2026-04-16T19:02:02+00:00
LOG-N-00980,EMP-N-012,ACC-N-0419,OVERRIDE_ALERT,2026-09-13T19:15:03+00:00
LOG-N-00981,EMP-N-098,ACC-C-PAY-01,VIEW_PROFILE,2026-11-14T12:36:09+00:00
LOG-N-00982,EMP-N-079,ACC-N-0671,VIEW_PROFILE,2026-09-25T20:11:18+00:00
LOG-N-00983,EMP-N-067,ACC-N-0983,VIEW_PROFILE,2026-06-05T06:37:37+00:00
LOG-N-00984,EMP-N-068,ACC-N-0875,VIEW_PROFILE,2026-08-23T00:47:45+00:00
LOG-N-00985,EMP-N-084,ACC-A-DORMANT-039,VIEW_PROFILE,2026-07-10T02:03:20+00:00
LOG-N-00986,EMP-N-066,ACC-N-0462,VIEW_PROFILE,2026-08-08T00:37:28+00:00
LOG-N-00987,EMP-N-017,ACC-N-0688,VIEW_PROFILE,2026-07-28T12:55:26+00:00
LOG-N-00988,EMP-N-024,ACC-N-0735,VIEW_PROFILE,2026-08-06T07:54:01+00:00
LOG-N-00989,EMP-N-085,ACC-N-0813,VIEW_PROFILE,2026-07-19T01:40:03+00:00
LOG-N-00990,EMP-N-077,EXT-A-004-2,VIEW_PROFILE,2026-12-01T23:09:13+00:00
LOG-N-00991,EMP-N-027,ACC-N-0543,MODIFY_PHONE,2026-04-27T02:49:58+00:00
LOG-N-00992,EMP-N-031,ACC-C-PAY-11,VIEW_PROFILE,2026-09-21T18:28:22+00:00
LOG-N-00993,EMP-N-091,ACC-N-0414,MODIFY_PHONE,2026-09-28T01:06:48+00:00
LOG-N-00994,EMP-N-016,ACC-N-0971,VIEW_PROFILE,2026-01-13T22:06:33+00:00
LOG-N-00995,EMP-N-073,ACC-N-0877,VIEW_PROFILE,2026-06-17T15:40:10+00:00
LOG-N-00996,EMP-N-069,EXT-A-039-4,VIEW_PROFILE,2026-03-26T06:09:12+00:00
LOG-N-00997,EMP-N-074,ACC-N-0523,VIEW_PROFILE,2026-01-17T08:18:17+00:00
LOG-N-00998,EMP-N-039,ACC-N-0507,VIEW_PROFILE,2026-04-06T13:07:06+00:00
LOG-N-00999,EMP-N-070,ACC-N-0432,VIEW_PROFILE,2026-04-22T08:20:38+00:00
LOG-N-01000,EMP-N-010,ACC-N-0737,VIEW_PROFILE,2026-05-11T15:08:37+00:00
LOG-N-01001,EMP-N-009,ACC-N-0933,VIEW_PROFILE,2026-02-22T10:34:30+00:00
LOG-N-01002,EMP-N-095,EXT-A-053-1,VIEW_PROFILE,2026-07-11T09:35:40+00:00
LOG-N-01003,EMP-N-023,EXT-A-015-4,VIEW_PROFILE,2026-04-30T09:52:32+00:00
LOG-N-01004,EMP-N-036,EXT-A-011-3,MODIFY_PHONE,2026-09-23T21:02:54+00:00
LOG-N-01005,EMP-N-041,ACC-N-0713,VIEW_PROFILE,2026-08-22T11:04:28+00:00
LOG-N-01006,EMP-N-063,ACC-N-0979,VIEW_PROFILE,2026-09-29T14:20:01+00:00
LOG-N-01007,EMP-N-083,EXT-A-030-2,VIEW_PROFILE,2026-10-21T17:14:54+00:00
LOG-N-01008,EMP-N-032,ACC-N-0497,MODIFY_PHONE,2026-01-23T16:43:49+00:00
LOG-N-01009,EMP-N-021,ACC-N-0953,VIEW_PROFILE,2026-05-18T23:52:14+00:00
LOG-N-01010,EMP-N-100,ACC-N-0544,VIEW_PROFILE,2026-11-09T15:38:03+00:00
LOG-N-01011,EMP-N-073,ACC-N-0748,MODIFY_PHONE,2026-06-07T05:06:21+00:00
LOG-N-01012,EMP-N-073,EXT-A-066-4,VIEW_PROFILE,2026-05-04T04:21:28+00:00
LOG-N-01013,EMP-N-081,ACC-N-0432,VIEW_PROFILE,2026-09-08T01:59:09+00:00
LOG-N-01014,EMP-C-PAYROLL,ACC-N-0649,VIEW_PROFILE,2026-06-16T10:04:45+00:00
LOG-N-01015,EMP-N-005,EXT-A-015-3,MODIFY_PHONE,2026-10-29T13:55:08+00:00
LOG-N-01016,EMP-N-013,ACC-N-0585,VIEW_PROFILE,2026-08-19T02:17:18+00:00
LOG-N-01017,EMP-N-028,ACC-N-0979,VIEW_PROFILE,2026-10-07T23:47:06+00:00
LOG-N-01018,EMP-N-024,ACC-N-0902,VIEW_PROFILE,2026-08-17T22:15:58+00:00
LOG-N-01019,EMP-N-097,ACC-N-0812,VIEW_PROFILE,2026-10-20T18:13:35+00:00
LOG-N-01020,EMP-N-031,ACC-N-0833,VIEW_PROFILE,2026-01-02T19:49:40+00:00
LOG-N-01021,EMP-N-007,EXT-A-061-3,VIEW_PROFILE,2026-09-27T15:47:45+00:00
LOG-N-01022,EMP-N-061,ACC-N-0655,VIEW_PROFILE,2026-04-02T20:55:36+00:00
LOG-N-01023,EMP-N-026,EXT-A-043-4,VIEW_PROFILE,2026-04-14T03:30:39+00:00
LOG-N-01024,EMP-N-060,ACC-N-0919,VIEW_PROFILE,2026-06-21T23:23:29+00:00
LOG-N-01025,EMP-N-007,ACC-N-0997,VIEW_PROFILE,2026-04-07T21:15:19+00:00
LOG-N-01026,EMP-N-017,ACC-N-0876,VIEW_PROFILE,2026-11-12T21:50:28+00:00
LOG-N-01027,EMP-N-065,ACC-N-0996,VIEW_PROFILE,2026-06-16T00:18:13+00:00
LOG-N-01028,EMP-N-073,ACC-N-0645,VIEW_PROFILE,2026-07-31T14:45:22+00:00
LOG-N-01029,EMP-N-052,ACC-N-0909,VIEW_PROFILE,2026-12-19T22:45:33+00:00
LOG-N-01030,EMP-A-001,ACC-N-0822,VIEW_PROFILE,2026-03-18T14:40:05+00:00
LOG-N-01031,EMP-N-023,EXT-A-053-4,VIEW_PROFILE,2026-03-21T01:47:26+00:00
LOG-N-01032,EMP-N-029,ACC-A-DORMANT-014,VIEW_PROFILE,2026-11-24T03:38:31+00:00
LOG-N-01033,EMP-N-059,EXT-A-061-4,VIEW_PROFILE,2026-10-27T15:32:04+00:00
LOG-N-01034,EMP-N-076,ACC-N-0656,VIEW_PROFILE,2026-09-20T04:48:04+00:00
LOG-N-01035,EMP-N-068,ACC-N-0994,VIEW_PROFILE,2026-08-04T04:11:54+00:00
LOG-N-01036,EMP-N-027,EXT-A-022-2,MODIFY_PHONE,2026-04-20T21:03:07+00:00
LOG-N-01037,EMP-N-047,ACC-N-0842,VIEW_PROFILE,2026-06-29T12:46:23+00:00
LOG-N-01038,EMP-N-050,ACC-N-0786,VIEW_PROFILE,2026-04-30T08:43:32+00:00
LOG-N-01039,EMP-N-026,EXT-A-061-3,MODIFY_PHONE,2026-11-14T09:00:50+00:00
LOG-N-01040,EMP-N-069,ACC-N-0754,MANUAL_UNFREEZE,2026-05-29T11:36:48+00:00
LOG-N-01041,EMP-N-006,ACC-A-DORMANT-032,VIEW_PROFILE,2026-10-11T12:01:33+00:00
LOG-N-01042,EMP-N-037,ACC-N-0708,VIEW_PROFILE,2026-12-25T08:57:20+00:00
LOG-N-01043,EMP-N-053,EXT-A-012-4,VIEW_PROFILE,2026-12-15T22:59:29+00:00
LOG-N-01044,EMP-N-099,EXT-A-060-3,VIEW_PROFILE,2026-05-06T08:36:50+00:00
LOG-N-01045,EMP-N-051,ACC-N-0865,VIEW_PROFILE,2026-05-07T14:31:13+00:00
LOG-N-01046,EMP-N-009,EXT-A-067-2,VIEW_PROFILE,2026-02-24T05:09:37+00:00
LOG-N-01047,EMP-N-094,ACC-N-0796,VIEW_PROFILE,2026-01-19T11:42:01+00:00
LOG-N-01048,EMP-N-018,ACC-N-0801,VIEW_PROFILE,2026-05-19T08:58:39+00:00
LOG-N-01049,EMP-N-081,ACC-N-0474,VIEW_PROFILE,2026-02-04T12:20:43+00:00
LOG-N-01050,EMP-N-100,EXT-A-039-4,VIEW_PROFILE,2026-05-22T21:05:48+00:00
LOG-N-01051,EMP-N-059,ACC-N-0521,MODIFY_PHONE,2026-02-05T21:49:30+00:00
LOG-N-01052,EMP-N-037,EXT-A-069-1,VIEW_PROFILE,2026-10-26T18:01:57+00:00
LOG-N-01053,EMP-N-028,ACC-N-0569,VIEW_PROFILE,2026-08-13T13:19:40+00:00
LOG-N-01054,EMP-N-088,ACC-N-0863,VIEW_PROFILE,2026-07-27T08:06:07+00:00
LOG-N-01055,EMP-C-PAYROLL,ACC-N-0767,VIEW_PROFILE,2026-05-01T07:48:51+00:00
LOG-N-01056,EMP-N-028,ACC-N-0527,VIEW_PROFILE,2026-04-15T13:08:56+00:00
LOG-N-01057,EMP-N-087,ACC-N-0835,VIEW_PROFILE,2026-08-14T04:09:49+00:00
LOG-N-01058,EMP-N-046,ACC-N-0963,OVERRIDE_ALERT,2026-01-24T20:07:03+00:00
LOG-N-01059,EMP-N-037,EXT-A-055-3,VIEW_PROFILE,2026-03-27T07:45:54+00:00
LOG-N-01060,EMP-N-084,ACC-N-0773,VIEW_PROFILE,2026-11-21T23:25:23+00:00
LOG-N-01061,EMP-N-082,ACC-N-0549,VIEW_PROFILE,2026-02-05T00:20:42+00:00
LOG-N-01062,EMP-C-PAYROLL,ACC-N-0926,VIEW_PROFILE,2026-12-27T05:26:30+00:00
LOG-N-01063,EMP-N-017,ACC-N-0480,VIEW_PROFILE,2026-08-30T19:15:00+00:00
LOG-N-01064,EMP-N-005,ACC-N-0492,VIEW_PROFILE,2026-02-10T18:05:12+00:00
LOG-N-01065,EMP-N-059,ACC-N-0922,VIEW_PROFILE,2026-10-06T13:19:33+00:00
LOG-N-01066,EMP-N-033,ACC-N-0807,VIEW_PROFILE,2026-06-14T16:00:20+00:00
LOG-N-01067,EMP-N-042,ACC-N-0625,VIEW_PROFILE,2026-10-15T08:08:12+00:00
LOG-N-01068,EMP-N-038,EXT-A-035-4,VIEW_PROFILE,2026-09-08T10:26:49+00:00
LOG-N-01069,EMP-N-083,ACC-N-0807,VIEW_PROFILE,2026-08-18T21:05:55+00:00
LOG-N-01070,EMP-N-021,ACC-A-DORMANT-033,VIEW_PROFILE,2026-03-01T13:32:38+00:00
LOG-N-01071,EMP-N-071,ACC-N-0919,VIEW_PROFILE,2026-07-05T18:20:37+00:00
LOG-N-01072,EMP-N-098,ACC-B-03-B,MODIFY_PHONE,2026-09-29T16:16:10+00:00
LOG-N-01073,EMP-N-040,EXT-A-067-3,VIEW_PROFILE,2026-07-23T23:28:25+00:00
LOG-N-01074,EMP-N-040,ACC-A-DORMANT-040,MANUAL_UNFREEZE,2026-11-12T16:14:14+00:00
LOG-N-01075,EMP-N-046,ACC-N-0746,VIEW_PROFILE,2026-05-10T13:15:11+00:00
LOG-N-01076,EMP-N-089,ACC-N-0658,VIEW_PROFILE,2026-02-04T19:05:13+00:00
LOG-N-01077,EMP-N-095,ACC-N-0733,VIEW_PROFILE,2026-12-02T18:58:18+00:00
LOG-N-01078,EMP-N-055,ACC-N-0408,VIEW_PROFILE,2026-05-21T19:44:34+00:00
LOG-N-01079,EMP-N-096,ACC-N-0923,VIEW_PROFILE,2026-10-10T07:52:29+00:00
LOG-N-01080,EMP-N-062,EXT-A-018-4,VIEW_PROFILE,2026-02-01T03:50:55+00:00
LOG-N-01081,EMP-N-083,ACC-N-0433,VIEW_PROFILE,2026-05-24T10:17:24+00:00
LOG-N-01082,EMP-N-015,ACC-N-0489,VIEW_PROFILE,2026-01-30T16:21:04+00:00
LOG-N-01083,EMP-N-051,ACC-C-PAY-03,VIEW_PROFILE,2026-05-30T04:38:29+00:00
LOG-N-01084,EMP-N-060,ACC-N-0860,OVERRIDE_ALERT,2026-07-05T07:03:29+00:00
LOG-N-01085,EMP-N-053,ACC-N-0482,MODIFY_PHONE,2026-10-13T10:52:45+00:00
LOG-N-01086,EMP-N-019,ACC-N-0652,VIEW_PROFILE,2026-04-07T15:42:19+00:00
LOG-N-01087,EMP-N-009,ACC-N-0991,MODIFY_PHONE,2026-11-22T12:45:39+00:00
LOG-N-01088,EMP-N-045,ACC-N-0442,VIEW_PROFILE,2026-11-05T05:25:59+00:00
LOG-N-01089,EMP-N-057,ACC-N-0593,VIEW_PROFILE,2026-06-27T12:44:13+00:00
LOG-N-01090,EMP-N-058,ACC-N-0961,VIEW_PROFILE,2026-03-23T02:58:40+00:00
LOG-N-01091,EMP-N-096,ACC-N-0429,VIEW_PROFILE,2026-11-09T05:43:57+00:00
LOG-N-01092,EMP-N-017,ACC-N-0717,VIEW_PROFILE,2026-07-04T20:49:56+00:00
LOG-N-01093,EMP-N-086,EXT-A-025-1,VIEW_PROFILE,2026-04-13T02:02:25+00:00
LOG-N-01094,EMP-N-014,ACC-N-0945,VIEW_PROFILE,2026-06-05T23:11:21+00:00
LOG-N-01095,EMP-N-065,ACC-N-0544,VIEW_PROFILE,2026-04-04T00:11:23+00:00
LOG-N-01096,EMP-N-014,ACC-N-0669,VIEW_PROFILE,2026-04-12T20:09:49+00:00
LOG-N-01097,EMP-N-100,ACC-N-0834,VIEW_PROFILE,2026-12-19T23:32:48+00:00
LOG-N-01098,EMP-N-010,ACC-N-0715,VIEW_PROFILE,2026-10-18T21:04:20+00:00
LOG-N-01099,EMP-N-035,EXT-A-047-4,VIEW_PROFILE,2026-03-15T21:04:31+00:00
LOG-N-01100,EMP-N-098,ACC-N-0486,VIEW_PROFILE,2026-07-06T10:07:49+00:00
LOG-N-01101,EMP-N-099,ACC-N-0407,VIEW_PROFILE,2026-04-20T03:37:11+00:00
LOG-N-01102,EMP-N-017,ACC-N-0504,VIEW_PROFILE,2026-12-24T04:23:29+00:00
LOG-N-01103,EMP-N-040,ACC-N-0692,MODIFY_PHONE,2026-04-04T07:20:37+00:00
LOG-N-01104,EMP-N-021,ACC-N-0480,VIEW_PROFILE,2026-02-16T17:26:16+00:00
LOG-N-01105,EMP-N-032,ACC-N-0713,VIEW_PROFILE,2026-09-04T18:23:23+00:00
LOG-N-01106,EMP-N-049,ACC-N-0857,VIEW_PROFILE,2026-01-08T09:26:34+00:00
LOG-N-01107,EMP-N-007,ACC-N-0408,VIEW_PROFILE,2026-12-17T08:43:32+00:00
LOG-N-01108,EMP-N-080,ACC-N-0435,MODIFY_PHONE,2026-12-14T05:15:26+00:00
LOG-N-01109,EMP-N-088,ACC-N-0466,VIEW_PROFILE,2026-12-19T07:40:41+00:00
LOG-N-01110,EMP-N-049,ACC-A-DORMANT-040,MODIFY_PHONE,2026-02-07T23:19:04+00:00
LOG-N-01111,EMP-N-070,ACC-N-0672,VIEW_PROFILE,2026-05-04T05:56:48+00:00
LOG-N-01112,EMP-N-076,ACC-N-0649,VIEW_PROFILE,2026-03-31T10:13:57+00:00
LOG-N-01113,EMP-N-087,ACC-N-0402,MODIFY_PHONE,2026-09-13T17:40:05+00:00
LOG-N-01114,EMP-N-099,ACC-N-0975,VIEW_PROFILE,2026-04-27T20:59:56+00:00
LOG-N-01115,EMP-N-039,ACC-A-DORMANT-044,VIEW_PROFILE,2026-03-16T04:08:43+00:00
LOG-N-01116,EMP-N-050,ACC-N-0892,MODIFY_PHONE,2026-12-26T02:02:52+00:00
LOG-N-01117,EMP-N-086,ACC-A-DORMANT-051,VIEW_PROFILE,2026-01-03T00:56:54+00:00
LOG-N-01118,EMP-N-062,EXT-A-307484,VIEW_PROFILE,2026-04-27T02:07:09+00:00
LOG-N-01119,EMP-N-025,ACC-N-0546,VIEW_PROFILE,2026-10-04T07:35:56+00:00
LOG-N-01120,EMP-N-054,ACC-N-0689,VIEW_PROFILE,2026-04-18T09:31:47+00:00
LOG-N-01121,EMP-N-053,EXT-A-033-1,VIEW_PROFILE,2026-11-19T21:43:57+00:00
LOG-N-01122,EMP-N-047,ACC-N-0992,OVERRIDE_ALERT,2026-06-21T07:39:55+00:00
LOG-N-01123,EMP-N-053,ACC-N-0918,VIEW_PROFILE,2026-06-30T11:02:10+00:00
LOG-N-01124,EMP-N-080,ACC-N-0649,VIEW_PROFILE,2026-04-01T11:46:34+00:00
LOG-N-01125,EMP-N-080,EXT-A-031-1,VIEW_PROFILE,2026-04-18T10:21:24+00:00
LOG-N-01126,EMP-N-094,EXT-A-002-2,VIEW_PROFILE,2026-07-23T18:45:03+00:00
LOG-N-01127,EMP-N-090,ACC-N-0892,VIEW_PROFILE,2026-03-28T07:28:14+00:00
LOG-N-01128,EMP-N-007,ACC-N-0504,VIEW_PROFILE,2026-05-25T02:27:54+00:00
LOG-N-01129,EMP-N-098,ACC-N-0663,VIEW_PROFILE,2026-05-28T04:12:09+00:00
LOG-N-01130,EMP-N-052,EXT-A-049-3,VIEW_PROFILE,2026-07-13T06:08:33+00:00
LOG-N-01131,EMP-N-087,ACC-A-DORMANT-013,VIEW_PROFILE,2026-05-19T06:31:00+00:00
LOG-N-01132,EMP-N-073,ACC-N-0914,VIEW_PROFILE,2026-10-23T16:04:38+00:00
LOG-N-01133,EMP-N-037,EXT-A-062-2,VIEW_PROFILE,2026-01-24T11:33:42+00:00
LOG-N-01134,EMP-C-PAYROLL,EXT-A-020-4,VIEW_PROFILE,2026-07-27T21:03:07+00:00
LOG-N-01135,EMP-N-025,ACC-N-0442,VIEW_PROFILE,2026-08-28T18:08:20+00:00
LOG-N-01136,EMP-N-095,ACC-N-0934,VIEW_PROFILE,2026-03-05T06:52:19+00:00
LOG-N-01137,EMP-N-048,ACC-B-03-A,VIEW_PROFILE,2026-08-11T10:22:04+00:00
LOG-N-01138,EMP-N-077,ACC-N-0983,VIEW_PROFILE,2026-07-06T19:27:01+00:00
LOG-N-01139,EMP-N-027,ACC-N-0456,VIEW_PROFILE,2026-05-24T07:23:05+00:00
LOG-N-01140,EMP-N-028,ACC-N-0667,VIEW_PROFILE,2026-05-22T23:10:31+00:00
LOG-N-01141,EMP-N-047,ACC-N-0660,OVERRIDE_ALERT,2026-08-14T14:06:14+00:00
LOG-N-01142,EMP-N-051,EXT-A-052-3,MODIFY_PHONE,2026-09-03T05:53:38+00:00
LOG-N-01143,EMP-N-069,EXT-A-052-1,VIEW_PROFILE,2026-08-15T07:40:52+00:00
LOG-N-01144,EMP-N-073,ACC-N-0654,MODIFY_PHONE,2026-07-26T06:52:00+00:00
LOG-N-01145,EMP-N-017,ACC-N-0567,MODIFY_PHONE,2026-07-30T04:58:11+00:00
LOG-N-01146,EMP-N-015,ACC-N-0763,VIEW_PROFILE,2026-10-21T06:54:03+00:00
LOG-N-01147,EMP-N-016,EXT-A-006-2,VIEW_PROFILE,2026-10-07T08:56:50+00:00
LOG-N-01148,EMP-N-059,EXT-A-059-3,VIEW_PROFILE,2026-04-17T03:45:05+00:00
LOG-N-01149,EMP-N-042,ACC-N-0630,VIEW_PROFILE,2026-10-30T03:52:11+00:00
LOG-N-01150,EMP-N-039,EXT-A-021-2,MODIFY_PHONE,2026-07-15T12:49:19+00:00
LOG-N-01151,EMP-N-016,ACC-N-0725,VIEW_PROFILE,2026-11-20T10:07:45+00:00
LOG-N-01152,EMP-N-083,EXT-A-030-4,VIEW_PROFILE,2026-11-11T19:58:01+00:00
LOG-N-01153,EMP-N-083,EXT-A-026-2,VIEW_PROFILE,2026-07-26T01:49:07+00:00
LOG-N-01154,EMP-N-064,ACC-N-0582,VIEW_PROFILE,2026-12-08T17:56:38+00:00
LOG-N-01155,EMP-N-021,ACC-N-0498,VIEW_PROFILE,2026-07-12T16:24:41+00:00
LOG-N-01156,EMP-N-054,ACC-N-0455,VIEW_PROFILE,2026-11-09T16:21:23+00:00
LOG-N-01157,EMP-N-070,ACC-N-0972,VIEW_PROFILE,2026-01-01T08:36:47+00:00
LOG-N-01158,EMP-N-067,ACC-N-0528,VIEW_PROFILE,2026-11-24T22:57:47+00:00
LOG-N-01159,EMP-N-092,ACC-N-0965,VIEW_PROFILE,2026-10-14T03:21:09+00:00
LOG-N-01160,EMP-N-014,ACC-N-0820,VIEW_PROFILE,2026-02-24T10:20:21+00:00
LOG-N-01161,EMP-N-014,ACC-A-DORMANT-007,VIEW_PROFILE,2026-10-03T07:22:25+00:00
LOG-N-01162,EMP-N-047,ACC-N-0764,VIEW_PROFILE,2026-09-10T07:11:21+00:00
LOG-N-01163,EMP-N-020,ACC-N-0425,VIEW_PROFILE,2026-06-03T13:15:05+00:00
LOG-N-01164,EMP-N-062,ACC-N-0598,VIEW_PROFILE,2026-12-16T03:09:15+00:00
LOG-N-01165,EMP-N-100,EXT-A-041-4,MODIFY_PHONE,2026-08-10T15:47:57+00:00
LOG-N-01166,EMP-N-007,EXT-A-066-4,MODIFY_PHONE,2026-01-04T16:45:49+00:00
LOG-N-01167,EMP-N-026,ACC-N-0769,VIEW_PROFILE,2026-07-29T04:13:14+00:00
LOG-N-01168,EMP-N-097,ACC-N-0619,VIEW_PROFILE,2026-09-18T00:49:47+00:00
LOG-N-01169,EMP-N-096,ACC-N-0461,MODIFY_PHONE,2026-06-29T01:02:58+00:00
LOG-N-01170,EMP-N-067,EXT-A-070-2,VIEW_PROFILE,2026-08-02T19:38:33+00:00
LOG-N-01171,EMP-N-046,EXT-A-046-1,VIEW_PROFILE,2026-11-14T17:35:13+00:00
LOG-N-01172,EMP-N-016,ACC-N-0424,VIEW_PROFILE,2026-10-23T14:50:36+00:00
LOG-N-01173,EMP-N-093,EXT-A-020-3,VIEW_PROFILE,2026-05-05T00:24:02+00:00
LOG-N-01174,EMP-N-082,EXT-A-069-1,VIEW_PROFILE,2026-06-20T17:55:10+00:00
LOG-N-01175,EMP-N-061,ACC-N-0522,VIEW_PROFILE,2026-10-31T09:13:34+00:00
LOG-N-01176,EMP-N-089,ACC-N-0987,VIEW_PROFILE,2026-05-06T11:39:55+00:00
LOG-N-01177,EMP-N-079,ACC-N-0870,VIEW_PROFILE,2026-01-08T01:45:03+00:00
LOG-N-01178,EMP-N-058,ACC-N-0702,MODIFY_PHONE,2026-02-27T17:27:51+00:00
LOG-N-01179,EMP-N-096,ACC-N-0939,VIEW_PROFILE,2026-06-05T08:00:10+00:00
LOG-N-01180,EMP-C-PAYROLL,ACC-N-0936,VIEW_PROFILE,2026-01-10T21:00:34+00:00
LOG-N-01181,EMP-N-060,ACC-N-0492,VIEW_PROFILE,2026-09-16T08:18:20+00:00
LOG-N-01182,EMP-N-057,EXT-A-041-2,VIEW_PROFILE,2026-04-04T22:42:05+00:00
LOG-N-01183,EMP-N-060,ACC-N-0975,VIEW_PROFILE,2026-09-02T06:53:30+00:00
LOG-N-01184,EMP-N-095,ACC-N-0649,VIEW_PROFILE,2026-07-28T14:28:30+00:00
LOG-N-01185,EMP-C-PAYROLL,ACC-N-0596,OVERRIDE_ALERT,2026-06-24T00:21:16+00:00
LOG-N-01186,EMP-N-084,ACC-N-0660,VIEW_PROFILE,2026-04-21T19:03:16+00:00
LOG-N-01187,EMP-N-070,ACC-N-0461,VIEW_PROFILE,2026-03-15T20:16:51+00:00
LOG-N-01188,EMP-N-030,ACC-N-0566,VIEW_PROFILE,2026-12-02T02:40:04+00:00
LOG-N-01189,EMP-N-012,ACC-N-0784,VIEW_PROFILE,2026-01-25T04:21:18+00:00
LOG-N-01190,EMP-N-017,ACC-N-0807,VIEW_PROFILE,2026-02-24T21:28:11+00:00
LOG-N-01191,EMP-N-016,ACC-N-0430,VIEW_PROFILE,2026-11-17T01:16:59+00:00
LOG-N-01192,EMP-N-018,ACC-N-0573,VIEW_PROFILE,2026-05-13T00:15:02+00:00
LOG-N-01193,EMP-N-069,EXT-A-037-2,MODIFY_PHONE,2026-05-05T05:38:41+00:00
LOG-N-01194,EMP-N-072,ACC-N-0547,MODIFY_PHONE,2026-11-07T22:56:56+00:00
LOG-N-01195,EMP-N-026,ACC-N-0590,VIEW_PROFILE,2026-05-13T10:40:48+00:00
LOG-N-01196,EMP-N-050,ACC-N-0833,VIEW_PROFILE,2026-01-07T21:12:46+00:00
LOG-N-01197,EMP-N-024,ACC-N-0803,VIEW_PROFILE,2026-12-27T01:09:05+00:00
LOG-N-01198,EMP-N-038,ACC-N-0641,VIEW_PROFILE,2026-03-04T23:59:18+00:00
LOG-N-01199,EMP-N-012,EXT-A-061-2,MODIFY_PHONE,2026-01-22T08:50:42+00:00
LOG-N-01200,EMP-N-007,ACC-N-0688,VIEW_PROFILE,2026-12-13T10:27:29+00:00
LOG-N-01201,EMP-N-061,ACC-N-0441,VIEW_PROFILE,2026-01-22T15:09:35+00:00
LOG-N-01202,EMP-N-008,ACC-A-DORMANT-041,VIEW_PROFILE,2026-07-18T17:29:05+00:00
LOG-N-01203,EMP-B-001,ACC-N-0435,VIEW_PROFILE,2026-08-25T00:01:43+00:00
LOG-N-01204,EMP-B-001,ACC-N-0771,VIEW_PROFILE,2026-04-08T08:05:25+00:00
LOG-N-01205,EMP-N-091,ACC-N-0607,VIEW_PROFILE,2026-01-27T11:14:18+00:00
LOG-N-01206,EMP-N-080,ACC-N-0645,VIEW_PROFILE,2026-02-24T04:45:19+00:00
LOG-N-01207,EMP-N-006,ACC-N-0513,VIEW_PROFILE,2026-01-22T03:29:51+00:00
LOG-N-01208,EMP-N-009,EXT-A-024-2,VIEW_PROFILE,2026-09-28T11:03:09+00:00
LOG-N-01209,EMP-N-058,EXT-A-031-3,VIEW_PROFILE,2026-02-15T19:39:02+00:00
LOG-N-01210,EMP-N-075,ACC-N-0457,VIEW_PROFILE,2026-06-01T21:31:53+00:00
LOG-N-01211,EMP-N-084,ACC-C-PAY-01,VIEW_PROFILE,2026-11-29T14:25:39+00:00
LOG-N-01212,EMP-N-075,ACC-N-0891,VIEW_PROFILE,2026-03-14T14:03:59+00:00
LOG-N-01213,EMP-N-045,EXT-A-031-3,VIEW_PROFILE,2026-10-03T22:24:04+00:00
LOG-N-01214,EMP-N-035,ACC-N-0415,VIEW_PROFILE,2026-07-13T11:27:41+00:00
LOG-N-01215,EMP-N-031,ACC-A-DORMANT-071,VIEW_PROFILE,2026-05-28T15:48:43+00:00
LOG-N-01216,EMP-N-026,EXT-A-045-1,MODIFY_PHONE,2026-02-27T14:25:40+00:00
LOG-N-01217,EMP-N-088,ACC-N-0741,VIEW_PROFILE,2026-02-16T20:55:23+00:00
LOG-N-01218,EMP-N-082,ACC-N-0808,VIEW_PROFILE,2026-01-01T19:03:03+00:00
LOG-N-01219,EMP-N-100,ACC-N-0483,VIEW_PROFILE,2026-09-01T05:49:43+00:00
LOG-N-01220,EMP-N-096,ACC-A-DORMANT-025,VIEW_PROFILE,2026-05-11T13:35:50+00:00
LOG-N-01221,EMP-C-PAYROLL,EXT-A-057-2,MODIFY_PHONE,2026-03-23T02:53:18+00:00
LOG-N-01222,EMP-N-026,ACC-C-HNW-06,MODIFY_PHONE,2026-05-09T04:57:27+00:00
LOG-N-01223,EMP-N-043,EXT-A-016-3,VIEW_PROFILE,2026-08-10T03:09:19+00:00
LOG-N-01224,EMP-N-059,ACC-N-0801,VIEW_PROFILE,2026-07-31T08:11:56+00:00
LOG-N-01225,EMP-N-094,EXT-A-004-2,VIEW_PROFILE,2026-11-21T21:05:50+00:00
LOG-N-01226,EMP-N-046,ACC-N-0414,VIEW_PROFILE,2026-12-11T01:44:17+00:00
LOG-N-01227,EMP-C-WEALTH,ACC-N-0599,VIEW_PROFILE,2026-10-05T03:39:38+00:00
LOG-N-01228,EMP-N-091,EXT-A-007-1,MODIFY_PHONE,2026-03-12T15:18:15+00:00
LOG-N-01229,EMP-N-030,ACC-N-0946,OVERRIDE_ALERT,2026-07-25T04:02:06+00:00
LOG-N-01230,EMP-N-029,ACC-N-0509,VIEW_PROFILE,2026-02-20T04:22:25+00:00
LOG-N-01231,EMP-N-076,ACC-N-0423,VIEW_PROFILE,2026-05-17T13:58:58+00:00
LOG-N-01232,EMP-N-056,ACC-N-0395,VIEW_PROFILE,2026-09-09T15:42:21+00:00
LOG-N-01233,EMP-N-049,EXT-A-063-3,VIEW_PROFILE,2026-06-14T16:16:18+00:00
LOG-N-01234,EMP-N-008,ACC-N-0927,VIEW_PROFILE,2026-09-13T11:31:53+00:00
LOG-N-01235,EMP-C-PAYROLL,ACC-N-0880,VIEW_PROFILE,2026-12-15T09:04:05+00:00
LOG-N-01236,EMP-N-051,ACC-N-0716,VIEW_PROFILE,2026-11-15T22:36:50+00:00
LOG-N-01237,EMP-N-081,ACC-N-0788,VIEW_PROFILE,2026-09-18T02:15:35+00:00
LOG-N-01238,EMP-N-071,ACC-N-0813,VIEW_PROFILE,2026-01-31T16:43:26+00:00
LOG-N-01239,EMP-N-029,ACC-N-0503,VIEW_PROFILE,2026-07-21T23:24:57+00:00
LOG-N-01240,EMP-N-033,ACC-A-DORMANT-054,VIEW_PROFILE,2026-10-10T14:21:32+00:00
LOG-N-01241,EMP-N-007,ACC-N-0734,VIEW_PROFILE,2026-04-21T02:33:38+00:00
LOG-N-01242,EMP-N-049,ACC-N-0429,VIEW_PROFILE,2026-12-26T18:13:04+00:00
LOG-N-01243,EMP-N-097,EXT-A-013-2,VIEW_PROFILE,2026-10-15T04:44:51+00:00
LOG-N-01244,EMP-N-077,ACC-N-0869,VIEW_PROFILE,2026-02-05T03:03:47+00:00
LOG-N-01245,EMP-N-074,ACC-N-0572,VIEW_PROFILE,2026-03-14T07:00:01+00:00
LOG-N-01246,EMP-N-085,ACC-N-0659,VIEW_PROFILE,2026-03-29T05:03:58+00:00
LOG-N-01247,EMP-N-031,ACC-N-0684,VIEW_PROFILE,2026-02-05T16:52:10+00:00
LOG-N-01248,EMP-N-017,ACC-N-0914,VIEW_PROFILE,2026-09-21T18:19:19+00:00
LOG-N-01249,EMP-N-026,EXT-A-032-3,VIEW_PROFILE,2026-12-08T21:27:15+00:00
LOG-N-01250,EMP-N-080,EXT-A-068-1,VIEW_PROFILE,2026-09-29T00:44:53+00:00
LOG-N-01251,EMP-N-077,ACC-N-0715,VIEW_PROFILE,2026-12-08T06:22:09+00:00
LOG-N-01252,EMP-N-022,ACC-N-0714,VIEW_PROFILE,2026-11-04T16:48:17+00:00
LOG-N-01253,EMP-N-086,ACC-N-0902,VIEW_PROFILE,2026-01-17T10:14:50+00:00
LOG-N-01254,EMP-N-073,ACC-N-0805,VIEW_PROFILE,2026-07-27T17:31:25+00:00
LOG-N-01255,EMP-N-067,EXT-A-002-1,VIEW_PROFILE,2026-08-10T00:02:24+00:00
LOG-N-01256,EMP-N-027,EXT-A-024-1,VIEW_PROFILE,2026-08-22T07:59:35+00:00
LOG-N-01257,EMP-N-067,EXT-A-039-2,VIEW_PROFILE,2026-05-26T22:04:56+00:00
LOG-N-01258,EMP-N-059,ACC-N-0887,VIEW_PROFILE,2026-12-10T07:27:09+00:00
LOG-N-01259,EMP-N-051,ACC-N-0485,MODIFY_PHONE,2026-08-26T13:30:32+00:00
LOG-N-01260,EMP-N-082,ACC-N-0553,VIEW_PROFILE,2026-09-25T11:19:12+00:00
LOG-N-01261,EMP-N-065,ACC-N-0492,VIEW_PROFILE,2026-11-02T09:29:59+00:00
LOG-N-01262,EMP-N-082,ACC-N-0922,VIEW_PROFILE,2026-04-14T21:39:33+00:00
LOG-N-01263,EMP-N-035,ACC-N-0875,VIEW_PROFILE,2026-10-04T07:41:54+00:00
LOG-N-01264,EMP-N-016,ACC-N-0466,VIEW_PROFILE,2026-01-10T01:56:52+00:00
LOG-N-01265,EMP-N-099,EXT-A-041-2,VIEW_PROFILE,2026-01-05T21:13:56+00:00
LOG-N-01266,EMP-N-035,EXT-A-054-2,VIEW_PROFILE,2026-08-01T11:23:41+00:00
LOG-N-01267,EMP-N-099,ACC-A-DORMANT-030,VIEW_PROFILE,2026-06-06T18:41:38+00:00
LOG-N-01268,EMP-N-042,ACC-A-DORMANT-004,MODIFY_PHONE,2026-06-24T08:01:52+00:00
LOG-N-01269,EMP-N-080,EXT-A-012-1,VIEW_PROFILE,2026-04-19T13:22:47+00:00
LOG-N-01270,EMP-N-018,EXT-A-033-2,VIEW_PROFILE,2026-03-08T17:05:31+00:00
LOG-N-01271,EMP-N-042,ACC-N-0670,VIEW_PROFILE,2026-03-09T06:40:20+00:00
LOG-N-01272,EMP-N-093,EXT-A-030-4,VIEW_PROFILE,2026-10-18T01:14:16+00:00
LOG-N-01273,EMP-N-010,ACC-N-0636,VIEW_PROFILE,2026-09-05T15:27:14+00:00
LOG-N-01274,EMP-N-065,ACC-N-0977,MODIFY_PHONE,2026-06-06T14:44:34+00:00
LOG-N-01275,EMP-N-087,ACC-N-0464,VIEW_PROFILE,2026-07-26T07:05:59+00:00
LOG-N-01276,EMP-N-049,ACC-N-0816,VIEW_PROFILE,2026-10-15T09:51:17+00:00
LOG-N-01277,EMP-N-067,ACC-A-DORMANT-001,VIEW_PROFILE,2026-11-16T01:47:17+00:00
LOG-N-01278,EMP-N-055,ACC-B-03-C,VIEW_PROFILE,2026-02-12T04:46:34+00:00
LOG-N-01279,EMP-N-020,ACC-N-0854,MODIFY_PHONE,2026-06-19T23:50:26+00:00
LOG-N-01280,EMP-N-038,EXT-A-024-3,VIEW_PROFILE,2026-05-30T15:40:51+00:00
LOG-N-01281,EMP-N-048,ACC-N-0999,VIEW_PROFILE,2026-01-23T06:25:46+00:00
LOG-N-01282,EMP-N-007,EXT-A-908166,VIEW_PROFILE,2026-01-20T19:18:41+00:00
LOG-N-01283,EMP-N-079,ACC-N-0785,VIEW_PROFILE,2026-02-14T09:49:57+00:00
LOG-N-01284,EMP-N-069,ACC-N-0955,VIEW_PROFILE,2026-03-04T11:22:05+00:00
LOG-N-01285,EMP-N-020,ACC-N-0596,VIEW_PROFILE,2026-06-15T01:58:41+00:00
LOG-N-01286,EMP-N-029,ACC-N-0800,VIEW_PROFILE,2026-04-28T14:47:34+00:00
LOG-N-01287,EMP-N-052,ACC-N-0930,MODIFY_PHONE,2026-01-23T01:14:34+00:00
LOG-N-01288,EMP-N-053,ACC-N-0513,VIEW_PROFILE,2026-12-18T15:52:55+00:00
LOG-N-01289,EMP-N-059,EXT-A-016-4,VIEW_PROFILE,2026-06-09T06:34:05+00:00
LOG-N-01290,EMP-N-090,ACC-A-DORMANT-010,MODIFY_PHONE,2026-08-30T20:52:42+00:00
LOG-N-01291,EMP-N-082,ACC-N-0531,MODIFY_PHONE,2026-03-31T10:12:32+00:00
LOG-N-01292,EMP-N-077,ACC-N-0414,MANUAL_UNFREEZE,2026-10-28T06:59:18+00:00
LOG-N-01293,EMP-N-061,ACC-A-DORMANT-057,VIEW_PROFILE,2026-09-14T19:53:34+00:00
LOG-N-01294,EMP-N-026,ACC-N-0531,VIEW_PROFILE,2026-11-08T16:08:41+00:00
LOG-N-01295,EMP-N-021,EXT-A-031-3,VIEW_PROFILE,2026-03-17T00:16:26+00:00
LOG-N-01296,EMP-N-019,EXT-A-021-2,VIEW_PROFILE,2026-06-17T03:39:14+00:00
LOG-N-01297,EMP-N-049,ACC-N-0966,VIEW_PROFILE,2026-07-30T23:06:48+00:00
LOG-N-01298,EMP-N-100,ACC-N-0758,VIEW_PROFILE,2026-03-05T10:11:50+00:00
LOG-N-01299,EMP-N-015,ACC-N-0932,VIEW_PROFILE,2026-10-17T00:28:28+00:00
LOG-N-01300,EMP-N-008,EXT-A-059-4,VIEW_PROFILE,2026-11-19T08:42:00+00:00
LOG-N-01301,EMP-N-062,EXT-A-048-4,VIEW_PROFILE,2026-10-08T20:11:14+00:00
LOG-N-01302,EMP-N-072,EXT-A-026-2,VIEW_PROFILE,2026-08-30T02:48:34+00:00
LOG-N-01303,EMP-N-098,EXT-A-046-2,VIEW_PROFILE,2026-09-13T18:20:28+00:00
LOG-N-01304,EMP-N-041,ACC-N-0441,VIEW_PROFILE,2026-01-27T23:40:09+00:00
LOG-N-01305,EMP-N-072,ACC-N-0892,OVERRIDE_ALERT,2026-08-17T23:40:25+00:00
LOG-N-01306,EMP-N-080,EXT-A-026-1,VIEW_PROFILE,2026-03-15T22:46:29+00:00
LOG-N-01307,EMP-N-050,ACC-N-0916,VIEW_PROFILE,2026-07-11T02:20:46+00:00
LOG-N-01308,EMP-N-023,EXT-A-003-2,VIEW_PROFILE,2026-04-07T15:04:49+00:00
LOG-N-01309,EMP-N-047,ACC-N-0952,VIEW_PROFILE,2026-12-01T00:07:12+00:00
LOG-N-01310,EMP-N-057,EXT-A-068-3,VIEW_PROFILE,2026-08-22T13:11:25+00:00
LOG-N-01311,EMP-N-067,EXT-A-053-4,VIEW_PROFILE,2026-11-24T14:37:33+00:00
LOG-N-01312,EMP-N-093,ACC-N-0665,VIEW_PROFILE,2026-12-09T17:03:48+00:00
LOG-N-01313,EMP-N-085,EXT-A-018-4,MODIFY_PHONE,2026-07-25T17:28:45+00:00
LOG-N-01314,EMP-N-093,EXT-A-023-1,VIEW_PROFILE,2026-02-05T11:51:25+00:00
LOG-N-01315,EMP-N-024,EXT-A-033-3,VIEW_PROFILE,2026-03-14T19:39:00+00:00
LOG-N-01316,EMP-N-031,ACC-N-0738,VIEW_PROFILE,2026-03-29T16:08:48+00:00
LOG-N-01317,EMP-N-040,EXT-A-045-1,MODIFY_PHONE,2026-11-26T06:40:15+00:00
LOG-N-01318,EMP-N-044,ACC-C-HNW-02,MODIFY_PHONE,2026-06-04T05:55:23+00:00
LOG-N-01319,EMP-N-007,EXT-A-020-3,VIEW_PROFILE,2026-03-06T14:10:23+00:00
LOG-N-01320,EMP-N-044,ACC-A-DORMANT-047,VIEW_PROFILE,2026-08-03T06:42:20+00:00
LOG-N-01321,EMP-N-051,ACC-N-0955,MANUAL_UNFREEZE,2026-12-04T06:52:43+00:00
LOG-N-01322,EMP-N-005,ACC-N-0939,VIEW_PROFILE,2026-03-02T09:36:51+00:00
LOG-N-01323,EMP-N-078,ACC-N-0951,VIEW_PROFILE,2026-05-21T15:12:17+00:00
LOG-N-01324,EMP-N-037,ACC-A-DORMANT-055,MODIFY_PHONE,2026-03-26T08:05:04+00:00
LOG-N-01325,EMP-N-060,EXT-A-027-1,VIEW_PROFILE,2026-05-27T08:14:03+00:00
LOG-N-01326,EMP-C-PAYROLL,ACC-N-0776,VIEW_PROFILE,2026-08-08T14:39:11+00:00
LOG-N-01327,EMP-N-053,ACC-N-0566,VIEW_PROFILE,2026-07-15T05:52:14+00:00
LOG-N-01328,EMP-N-010,EXT-A-029-2,VIEW_PROFILE,2026-02-03T16:02:32+00:00
LOG-N-01329,EMP-N-097,ACC-N-0725,VIEW_PROFILE,2026-01-03T04:50:59+00:00
LOG-N-01330,EMP-N-032,ACC-A-DORMANT-069,VIEW_PROFILE,2026-06-09T07:08:49+00:00
LOG-N-01331,EMP-N-011,ACC-N-0840,VIEW_PROFILE,2026-11-01T03:16:13+00:00
LOG-N-01332,EMP-N-068,ACC-N-0838,MODIFY_PHONE,2026-08-23T07:42:22+00:00
LOG-N-01333,EMP-N-100,ACC-N-0742,VIEW_PROFILE,2026-11-14T10:30:14+00:00
LOG-N-01334,EMP-N-016,ACC-A-DORMANT-003,VIEW_PROFILE,2026-06-12T09:09:45+00:00
LOG-N-01335,EMP-N-047,ACC-N-0392,OVERRIDE_ALERT,2026-03-17T11:32:19+00:00
LOG-N-01336,EMP-N-021,ACC-N-0807,VIEW_PROFILE,2026-09-15T05:26:24+00:00
LOG-N-01337,EMP-N-092,EXT-A-003-2,VIEW_PROFILE,2026-01-02T09:23:21+00:00
LOG-N-01338,EMP-N-011,ACC-N-0563,MODIFY_PHONE,2026-04-20T03:21:49+00:00
LOG-N-01339,EMP-C-WEALTH,ACC-N-0621,VIEW_PROFILE,2026-06-02T18:40:55+00:00
LOG-N-01340,EMP-N-008,ACC-A-DORMANT-018,VIEW_PROFILE,2026-12-21T07:59:11+00:00
LOG-N-01341,EMP-N-090,EXT-A-050-3,VIEW_PROFILE,2026-10-04T18:30:37+00:00
LOG-N-01342,EMP-N-056,ACC-N-0849,VIEW_PROFILE,2026-03-24T17:39:25+00:00
LOG-N-01343,EMP-N-058,EXT-A-070-4,VIEW_PROFILE,2026-10-21T02:01:12+00:00
LOG-N-01344,EMP-N-010,EXT-A-028-3,VIEW_PROFILE,2026-11-18T06:32:54+00:00
LOG-N-01345,EMP-N-046,EXT-A-908166,VIEW_PROFILE,2026-01-30T03:53:54+00:00
LOG-N-01346,EMP-N-037,ACC-N-0835,VIEW_PROFILE,2026-11-27T12:23:40+00:00
LOG-N-01347,EMP-N-017,EXT-A-063-1,VIEW_PROFILE,2026-10-01T08:59:09+00:00
LOG-N-01348,EMP-N-023,ACC-A-DORMANT-059,VIEW_PROFILE,2026-04-25T07:14:11+00:00
LOG-N-01349,EMP-C-PAYROLL,ACC-N-0713,VIEW_PROFILE,2026-07-05T11:14:20+00:00
LOG-N-01350,EMP-N-047,ACC-N-0980,MODIFY_PHONE,2026-07-21T14:35:53+00:00
LOG-N-01351,EMP-N-099,ACC-N-0662,VIEW_PROFILE,2026-05-15T19:04:23+00:00
LOG-N-01352,EMP-N-082,ACC-N-0883,VIEW_PROFILE,2026-04-22T01:54:24+00:00
LOG-N-01353,EMP-N-024,ACC-N-0687,VIEW_PROFILE,2026-07-14T17:56:39+00:00
LOG-N-01354,EMP-N-048,EXT-A-019-4,VIEW_PROFILE,2026-02-28T12:57:43+00:00
LOG-N-01355,EMP-N-100,ACC-N-0641,VIEW_PROFILE,2026-01-10T01:31:43+00:00
LOG-N-01356,EMP-N-009,ACC-N-0991,VIEW_PROFILE,2026-11-25T08:18:58+00:00
LOG-N-01357,EMP-N-019,ACC-N-0746,VIEW_PROFILE,2026-10-04T11:48:14+00:00
LOG-N-01358,EMP-N-041,ACC-N-0471,VIEW_PROFILE,2026-12-04T01:39:38+00:00
LOG-N-01359,EMP-N-021,ACC-C-HNW-04,VIEW_PROFILE,2026-12-24T14:31:35+00:00
LOG-N-01360,EMP-N-054,ACC-N-0984,VIEW_PROFILE,2026-09-29T16:43:15+00:00
LOG-N-01361,EMP-N-059,EXT-A-011-1,VIEW_PROFILE,2026-11-23T05:52:47+00:00
LOG-N-01362,EMP-N-061,ACC-N-0524,VIEW_PROFILE,2026-07-18T20:02:02+00:00
LOG-N-01363,EMP-N-032,EXT-A-050-3,VIEW_PROFILE,2026-04-08T21:12:09+00:00
LOG-N-01364,EMP-N-098,ACC-N-0690,VIEW_PROFILE,2026-04-25T11:41:26+00:00
LOG-N-01365,EMP-N-086,ACC-N-0995,VIEW_PROFILE,2026-01-16T14:44:29+00:00
LOG-N-01366,EMP-N-058,ACC-N-0623,VIEW_PROFILE,2026-05-16T04:15:28+00:00
LOG-N-01367,EMP-N-031,ACC-N-0761,VIEW_PROFILE,2026-09-24T13:19:58+00:00
LOG-N-01368,EMP-N-090,EXT-A-033-2,VIEW_PROFILE,2026-06-02T12:21:16+00:00
LOG-N-01369,EMP-N-014,EXT-A-045-4,VIEW_PROFILE,2026-06-08T19:10:59+00:00
LOG-N-01370,EMP-N-038,ACC-N-0850,VIEW_PROFILE,2026-04-04T12:53:59+00:00
LOG-N-01371,EMP-N-012,ACC-N-0584,VIEW_PROFILE,2026-01-27T07:03:55+00:00
LOG-N-01372,EMP-N-094,EXT-A-017-4,VIEW_PROFILE,2026-01-19T00:27:35+00:00
LOG-N-01373,EMP-N-100,ACC-N-0429,VIEW_PROFILE,2026-03-19T07:04:42+00:00
LOG-N-01374,EMP-N-078,ACC-N-0510,VIEW_PROFILE,2026-12-01T12:54:42+00:00
LOG-N-01375,EMP-N-079,ACC-N-0855,VIEW_PROFILE,2026-01-10T16:30:32+00:00
LOG-N-01376,EMP-N-016,ACC-N-0475,VIEW_PROFILE,2026-01-29T12:34:52+00:00
LOG-N-01377,EMP-N-037,ACC-N-0983,VIEW_PROFILE,2026-09-17T23:32:31+00:00
LOG-N-01378,EMP-N-062,ACC-N-0662,VIEW_PROFILE,2026-02-10T11:51:49+00:00
LOG-N-01379,EMP-N-029,ACC-N-0683,MODIFY_PHONE,2026-07-15T09:09:11+00:00
LOG-N-01380,EMP-N-071,EXT-A-034-1,VIEW_PROFILE,2026-02-07T18:54:37+00:00
LOG-N-01381,EMP-N-067,ACC-N-0404,VIEW_PROFILE,2026-08-21T07:23:00+00:00
LOG-N-01382,EMP-N-064,EXT-A-040-3,VIEW_PROFILE,2026-11-25T09:05:58+00:00
LOG-N-01383,EMP-C-PAYROLL,ACC-C-HNW-02,VIEW_PROFILE,2026-12-23T19:14:45+00:00
LOG-N-01384,EMP-N-037,EXT-A-031-4,VIEW_PROFILE,2026-09-07T21:52:54+00:00
LOG-N-01385,EMP-N-077,ACC-N-0504,VIEW_PROFILE,2026-08-18T22:39:15+00:00
LOG-N-01386,EMP-N-079,ACC-N-0432,VIEW_PROFILE,2026-02-04T22:18:20+00:00
LOG-N-01387,EMP-N-078,ACC-N-0809,VIEW_PROFILE,2026-01-09T11:01:59+00:00
LOG-N-01388,EMP-N-021,EXT-A-020-2,VIEW_PROFILE,2026-09-03T19:30:24+00:00
LOG-N-01389,EMP-N-054,ACC-N-0489,MODIFY_PHONE,2026-01-31T15:12:15+00:00
LOG-N-01390,EMP-N-007,ACC-N-0817,VIEW_PROFILE,2026-11-28T20:09:13+00:00
LOG-N-01391,EMP-N-030,ACC-N-0483,VIEW_PROFILE,2026-01-13T17:31:39+00:00
LOG-N-01392,EMP-N-071,ACC-N-0445,VIEW_PROFILE,2026-12-31T04:29:49+00:00
LOG-N-01393,EMP-N-031,ACC-N-0925,VIEW_PROFILE,2026-11-18T00:52:46+00:00
LOG-N-01394,EMP-N-097,EXT-A-013-2,VIEW_PROFILE,2026-09-03T04:55:38+00:00
LOG-N-01395,EMP-N-085,ACC-N-0944,VIEW_PROFILE,2026-03-12T20:24:18+00:00
LOG-N-01396,EMP-N-085,ACC-N-0685,VIEW_PROFILE,2026-04-14T20:51:20+00:00
LOG-N-01397,EMP-N-084,ACC-N-0641,VIEW_PROFILE,2026-02-25T07:16:55+00:00
LOG-N-01398,EMP-N-043,EXT-A-066-2,VIEW_PROFILE,2026-11-09T06:53:12+00:00
LOG-N-01399,EMP-N-080,ACC-N-0944,VIEW_PROFILE,2026-03-26T20:40:08+00:00
LOG-N-01400,EMP-N-029,EXT-A-059-2,OVERRIDE_ALERT,2026-03-20T00:07:59+00:00
LOG-N-01401,EMP-N-026,ACC-N-0430,MODIFY_PHONE,2026-01-10T10:23:55+00:00
LOG-N-01402,EMP-N-035,EXT-A-066-2,VIEW_PROFILE,2026-04-16T00:29:18+00:00
LOG-N-01403,EMP-N-007,ACC-N-0619,VIEW_PROFILE,2026-09-21T12:33:58+00:00
LOG-N-01404,EMP-N-045,ACC-N-0712,VIEW_PROFILE,2026-06-20T05:57:49+00:00
LOG-N-01405,EMP-N-006,EXT-A-027-1,VIEW_PROFILE,2026-01-26T06:13:21+00:00
LOG-N-01406,EMP-A-001,ACC-N-0900,VIEW_PROFILE,2026-06-30T16:13:29+00:00
LOG-N-01407,EMP-N-017,ACC-N-0671,MANUAL_UNFREEZE,2026-11-15T18:11:01+00:00
LOG-N-01408,EMP-N-061,ACC-N-0677,VIEW_PROFILE,2026-07-05T19:39:05+00:00
LOG-N-01409,EMP-N-089,ACC-N-0883,VIEW_PROFILE,2026-04-06T02:31:19+00:00
LOG-N-01410,EMP-N-047,EXT-A-040-3,MODIFY_PHONE,2026-05-31T01:50:58+00:00
LOG-N-01411,EMP-N-044,ACC-A-DORMANT-034,VIEW_PROFILE,2026-01-11T18:39:27+00:00
LOG-N-01412,EMP-N-064,EXT-A-046-4,VIEW_PROFILE,2026-08-17T03:09:57+00:00
LOG-N-01413,EMP-N-058,ACC-N-0540,VIEW_PROFILE,2026-04-28T08:17:58+00:00
LOG-N-01414,EMP-N-036,ACC-N-0408,VIEW_PROFILE,2026-06-03T11:40:59+00:00
LOG-N-01415,EMP-N-057,ACC-N-0772,VIEW_PROFILE,2026-09-05T09:06:15+00:00
LOG-N-01416,EMP-N-065,ACC-N-0554,VIEW_PROFILE,2026-06-05T17:16:38+00:00
LOG-N-01417,EMP-N-049,ACC-N-0701,VIEW_PROFILE,2026-04-01T03:43:18+00:00
LOG-N-01418,EMP-N-019,ACC-N-0900,MODIFY_PHONE,2026-12-07T17:26:09+00:00
LOG-N-01419,EMP-N-041,ACC-N-0728,VIEW_PROFILE,2026-04-03T03:47:26+00:00
LOG-N-01420,EMP-N-063,ACC-N-0423,VIEW_PROFILE,2026-05-12T11:24:50+00:00
LOG-N-01421,EMP-N-045,ACC-N-0593,VIEW_PROFILE,2026-07-19T02:10:01+00:00
LOG-N-01422,EMP-N-050,ACC-N-0469,VIEW_PROFILE,2026-11-23T20:59:47+00:00
LOG-N-01423,EMP-N-057,EXT-A-071-4,VIEW_PROFILE,2026-11-07T06:21:17+00:00
LOG-N-01424,EMP-N-071,EXT-A-031-2,VIEW_PROFILE,2026-01-11T00:30:58+00:00
LOG-N-01425,EMP-N-016,ACC-N-0743,VIEW_PROFILE,2026-08-21T09:33:59+00:00
LOG-N-01426,EMP-N-031,ACC-N-0568,MODIFY_PHONE,2026-08-28T16:51:22+00:00
LOG-N-01427,EMP-N-040,ACC-N-0506,VIEW_PROFILE,2026-12-30T15:55:23+00:00
LOG-N-01428,EMP-N-020,ACC-N-0921,VIEW_PROFILE,2026-06-22T15:26:04+00:00
LOG-N-01429,EMP-N-036,ACC-N-0993,VIEW_PROFILE,2026-09-18T22:00:35+00:00
LOG-N-01430,EMP-N-095,EXT-A-012-2,VIEW_PROFILE,2026-05-30T04:23:38+00:00
LOG-N-01431,EMP-N-077,ACC-N-0524,VIEW_PROFILE,2026-09-27T13:57:24+00:00
LOG-N-01432,EMP-N-024,ACC-N-0497,VIEW_PROFILE,2026-05-18T06:03:21+00:00
LOG-N-01433,EMP-N-025,ACC-N-0701,MANUAL_UNFREEZE,2026-06-14T21:41:23+00:00
LOG-N-01434,EMP-N-009,ACC-N-0668,VIEW_PROFILE,2026-10-05T03:26:10+00:00
LOG-N-01435,EMP-N-035,ACC-N-0512,VIEW_PROFILE,2026-03-14T22:57:47+00:00
LOG-N-01436,EMP-N-094,ACC-N-0719,VIEW_PROFILE,2026-07-05T03:00:57+00:00
LOG-N-01437,EMP-N-097,ACC-A-DORMANT-058,VIEW_PROFILE,2026-03-10T17:32:21+00:00
LOG-N-01438,EMP-N-012,ACC-N-0893,VIEW_PROFILE,2026-09-07T17:29:57+00:00
LOG-N-01439,EMP-N-050,EXT-A-016-2,VIEW_PROFILE,2026-07-27T22:22:37+00:00
LOG-N-01440,EMP-N-030,ACC-N-0437,VIEW_PROFILE,2026-06-22T16:25:11+00:00
LOG-N-01441,EMP-N-009,EXT-A-022-4,VIEW_PROFILE,2026-07-04T17:24:28+00:00
LOG-N-01442,EMP-N-031,ACC-N-0696,VIEW_PROFILE,2026-08-18T19:24:04+00:00
LOG-N-01443,EMP-N-066,ACC-A-DORMANT-053,VIEW_PROFILE,2026-01-13T11:33:38+00:00
LOG-N-01444,EMP-N-063,ACC-N-0451,OVERRIDE_ALERT,2026-05-12T09:59:22+00:00
LOG-N-01445,EMP-N-039,ACC-N-0693,VIEW_PROFILE,2026-11-21T22:00:11+00:00
LOG-N-01446,EMP-N-050,EXT-A-041-3,VIEW_PROFILE,2026-06-29T13:27:09+00:00
LOG-N-01447,EMP-N-021,ACC-A-DORMANT-012,VIEW_PROFILE,2026-11-10T04:52:27+00:00
LOG-N-01448,EMP-N-091,ACC-C-HNW-04,VIEW_PROFILE,2026-12-22T16:42:13+00:00
LOG-N-01449,EMP-N-019,ACC-N-0947,VIEW_PROFILE,2026-01-28T10:53:04+00:00
LOG-N-01450,EMP-N-043,EXT-A-052-1,MODIFY_PHONE,2026-12-02T06:17:52+00:00
LOG-N-01451,EMP-N-084,ACC-N-0534,VIEW_PROFILE,2026-09-12T10:54:32+00:00
LOG-N-01452,EMP-N-078,ACC-N-0933,VIEW_PROFILE,2026-08-11T05:23:12+00:00
LOG-N-01453,EMP-N-050,EXT-A-023-2,MANUAL_UNFREEZE,2026-03-07T04:11:50+00:00
LOG-N-01454,EMP-N-008,ACC-N-0799,VIEW_PROFILE,2026-02-19T05:22:18+00:00
LOG-N-01455,EMP-N-042,ACC-N-0399,VIEW_PROFILE,2026-08-23T02:05:07+00:00
LOG-N-01456,EMP-N-008,EXT-A-049-3,VIEW_PROFILE,2026-11-25T06:52:06+00:00
LOG-N-01457,EMP-N-055,ACC-N-0970,MODIFY_PHONE,2026-06-24T11:18:19+00:00
LOG-N-01458,EMP-N-050,EXT-A-042-2,VIEW_PROFILE,2026-05-22T16:49:34+00:00
LOG-N-01459,EMP-N-035,ACC-N-0994,VIEW_PROFILE,2026-04-17T21:07:43+00:00
LOG-N-01460,EMP-N-085,ACC-N-0859,VIEW_PROFILE,2026-12-26T09:42:32+00:00
LOG-N-01461,EMP-N-038,ACC-N-0925,VIEW_PROFILE,2026-07-02T23:35:23+00:00
LOG-N-01462,EMP-N-046,EXT-A-028-3,VIEW_PROFILE,2026-12-13T07:25:21+00:00
LOG-N-01463,EMP-N-056,ACC-N-0394,VIEW_PROFILE,2026-08-21T16:19:40+00:00
LOG-N-01464,EMP-N-073,ACC-A-DORMANT-045,VIEW_PROFILE,2026-10-10T12:30:32+00:00
LOG-N-01465,EMP-N-039,EXT-A-070-4,VIEW_PROFILE,2026-12-14T06:50:57+00:00
LOG-N-01466,EMP-N-056,ACC-N-0686,VIEW_PROFILE,2026-08-08T00:34:19+00:00
LOG-N-01467,EMP-N-033,ACC-C-HNW-06,VIEW_PROFILE,2026-10-27T15:52:34+00:00
LOG-N-01468,EMP-C-WEALTH,EXT-A-038-2,VIEW_PROFILE,2026-12-11T17:22:10+00:00
LOG-N-01469,EMP-N-088,EXT-A-045-3,VIEW_PROFILE,2026-10-20T20:48:08+00:00
LOG-N-01470,EMP-N-010,ACC-N-0978,VIEW_PROFILE,2026-09-20T20:34:57+00:00
LOG-N-01471,EMP-N-052,ACC-N-0735,VIEW_PROFILE,2026-02-18T07:00:23+00:00
LOG-N-01472,EMP-N-044,ACC-N-0482,VIEW_PROFILE,2026-08-16T17:02:08+00:00
LOG-N-01473,EMP-N-023,ACC-A-DORMANT-054,VIEW_PROFILE,2026-10-19T20:15:45+00:00
LOG-N-01474,EMP-N-072,ACC-N-0830,VIEW_PROFILE,2026-08-01T12:52:20+00:00
LOG-N-01475,EMP-N-089,ACC-N-0568,VIEW_PROFILE,2026-07-08T12:24:22+00:00
LOG-N-01476,EMP-N-082,ACC-A-DORMANT-026,VIEW_PROFILE,2026-10-03T17:54:03+00:00
LOG-N-01477,EMP-N-056,ACC-N-0886,VIEW_PROFILE,2026-06-14T02:32:16+00:00
LOG-N-01478,EMP-N-047,ACC-A-DORMANT-063,VIEW_PROFILE,2026-07-13T21:50:22+00:00
LOG-N-01479,EMP-N-069,EXT-A-029-2,VIEW_PROFILE,2026-07-13T01:45:35+00:00
LOG-N-01480,EMP-N-094,ACC-N-0682,VIEW_PROFILE,2026-12-09T07:07:46+00:00
LOG-N-01481,EMP-N-047,EXT-A-030-1,VIEW_PROFILE,2026-02-22T12:53:21+00:00
LOG-N-01482,EMP-N-045,ACC-N-0464,VIEW_PROFILE,2026-01-30T11:18:19+00:00
LOG-N-01483,EMP-N-032,ACC-N-0857,VIEW_PROFILE,2026-11-04T23:15:13+00:00
LOG-N-01484,EMP-N-028,ACC-N-0911,VIEW_PROFILE,2026-02-25T00:20:51+00:00
LOG-N-01485,EMP-N-096,ACC-N-0761,VIEW_PROFILE,2026-01-26T06:10:53+00:00
LOG-N-01486,EMP-N-079,ACC-A-DORMANT-020,VIEW_PROFILE,2026-03-05T20:43:11+00:00
LOG-N-01487,EMP-N-087,ACC-A-DORMANT-045,VIEW_PROFILE,2026-03-29T03:45:47+00:00
LOG-N-01488,EMP-N-099,ACC-N-0795,VIEW_PROFILE,2026-09-26T22:20:37+00:00
LOG-N-01489,EMP-N-065,ACC-N-0967,VIEW_PROFILE,2026-11-10T08:51:20+00:00
LOG-N-01490,EMP-N-046,EXT-A-012-2,VIEW_PROFILE,2026-12-01T10:22:24+00:00
LOG-N-01491,EMP-N-048,ACC-N-0730,VIEW_PROFILE,2026-02-05T14:42:34+00:00
LOG-N-01492,EMP-N-013,EXT-A-036-3,VIEW_PROFILE,2026-11-12T22:49:13+00:00
LOG-N-01493,EMP-N-039,ACC-N-0818,VIEW_PROFILE,2026-10-29T20:05:33+00:00
LOG-N-01494,EMP-N-091,ACC-N-0802,VIEW_PROFILE,2026-05-18T01:33:47+00:00
LOG-N-01495,EMP-N-059,EXT-A-043-4,VIEW_PROFILE,2026-12-18T00:54:35+00:00
LOG-N-01496,EMP-N-049,ACC-N-0849,VIEW_PROFILE,2026-07-01T20:25:05+00:00
LOG-N-01497,EMP-N-089,ACC-N-0604,VIEW_PROFILE,2026-07-28T18:10:18+00:00
LOG-N-01498,EMP-N-046,EXT-A-011-2,VIEW_PROFILE,2026-07-06T03:49:00+00:00
LOG-N-01499,EMP-N-067,ACC-N-0686,VIEW_PROFILE,2026-04-04T08:50:11+00:00
LOG-N-01500,EMP-N-045,ACC-N-0805,VIEW_PROFILE,2026-05-30T12:02:50+00:00
LOG-N-01501,EMP-N-050,ACC-N-0772,MODIFY_PHONE,2026-10-14T12:41:20+00:00
LOG-N-01502,EMP-N-014,EXT-A-008-3,VIEW_PROFILE,2026-04-16T15:30:54+00:00
LOG-N-01503,EMP-N-073,ACC-N-0709,VIEW_PROFILE,2026-09-06T10:54:56+00:00
LOG-N-01504,EMP-N-065,ACC-A-DORMANT-013,VIEW_PROFILE,2026-12-01T19:01:11+00:00
LOG-N-01505,EMP-N-029,ACC-N-0680,VIEW_PROFILE,2026-06-21T14:07:04+00:00
LOG-N-01506,EMP-N-010,ACC-N-0692,MODIFY_PHONE,2026-12-08T02:17:29+00:00
LOG-N-01507,EMP-N-073,ACC-N-0734,VIEW_PROFILE,2026-03-23T02:18:59+00:00
LOG-N-01508,EMP-N-061,ACC-N-0860,VIEW_PROFILE,2026-08-25T16:18:06+00:00
LOG-N-01509,EMP-N-061,EXT-A-055-2,VIEW_PROFILE,2026-05-20T20:29:34+00:00
LOG-N-01510,EMP-N-038,ACC-N-0528,MODIFY_PHONE,2026-09-29T23:06:48+00:00
LOG-N-01511,EMP-N-029,EXT-A-070-4,VIEW_PROFILE,2026-11-07T05:38:38+00:00
LOG-N-01512,EMP-N-060,ACC-N-0959,VIEW_PROFILE,2026-06-22T11:27:13+00:00
LOG-N-01513,EMP-N-015,EXT-A-026-3,VIEW_PROFILE,2026-06-01T10:09:02+00:00
LOG-N-01514,EMP-N-035,ACC-N-0618,MODIFY_PHONE,2026-12-20T19:11:13+00:00
LOG-N-01515,EMP-N-061,ACC-N-0634,VIEW_PROFILE,2026-12-20T15:04:54+00:00
LOG-N-01516,EMP-N-064,EXT-A-063-3,VIEW_PROFILE,2026-06-06T17:19:58+00:00
LOG-N-01517,EMP-N-074,ACC-B-A,VIEW_PROFILE,2026-03-01T15:12:58+00:00
LOG-N-01518,EMP-N-098,ACC-N-0830,VIEW_PROFILE,2026-09-29T18:31:15+00:00
LOG-N-01519,EMP-N-011,ACC-N-0845,VIEW_PROFILE,2026-11-22T14:14:37+00:00
LOG-N-01520,EMP-N-067,ACC-A-DORMANT-004,VIEW_PROFILE,2026-10-16T09:22:50+00:00
LOG-N-01521,EMP-N-095,ACC-A-DORMANT-034,VIEW_PROFILE,2026-09-04T22:52:00+00:00
LOG-N-01522,EMP-N-010,EXT-A-027-3,VIEW_PROFILE,2026-08-29T16:32:59+00:00
LOG-N-01523,EMP-N-028,ACC-N-0838,VIEW_PROFILE,2026-10-19T08:13:19+00:00
LOG-N-01524,EMP-N-021,ACC-N-0483,MODIFY_PHONE,2026-12-16T22:22:59+00:00
LOG-N-01525,EMP-N-015,EXT-A-059-1,MODIFY_PHONE,2026-10-14T13:29:15+00:00
LOG-N-01526,EMP-N-089,EXT-A-019-2,VIEW_PROFILE,2026-05-04T09:09:56+00:00
LOG-N-01527,EMP-N-030,ACC-N-0932,VIEW_PROFILE,2026-10-09T17:07:11+00:00
LOG-N-01528,EMP-N-062,ACC-N-0740,MODIFY_PHONE,2026-12-14T19:22:23+00:00
LOG-N-01529,EMP-N-007,EXT-A-011-2,VIEW_PROFILE,2026-05-01T09:52:52+00:00
LOG-N-01530,EMP-N-090,ACC-C-HNW-02,VIEW_PROFILE,2026-02-10T13:47:17+00:00
LOG-N-01531,EMP-N-020,ACC-N-0860,VIEW_PROFILE,2026-05-06T15:05:53+00:00
LOG-N-01532,EMP-N-017,EXT-A-060-1,VIEW_PROFILE,2026-03-08T02:24:29+00:00
LOG-N-01533,EMP-N-025,EXT-A-038-2,VIEW_PROFILE,2026-11-12T12:07:07+00:00
LOG-N-01534,EMP-N-091,EXT-A-036-3,VIEW_PROFILE,2026-10-21T20:15:27+00:00
LOG-N-01535,EMP-N-100,ACC-N-0627,VIEW_PROFILE,2026-08-15T17:59:14+00:00
LOG-N-01536,EMP-N-028,ACC-N-0735,VIEW_PROFILE,2026-12-27T04:23:16+00:00
LOG-N-01537,EMP-N-027,ACC-N-0638,VIEW_PROFILE,2026-05-22T23:25:33+00:00
LOG-N-01538,EMP-N-051,EXT-A-037-4,VIEW_PROFILE,2026-04-16T00:24:48+00:00
LOG-N-01539,EMP-N-062,ACC-N-0628,VIEW_PROFILE,2026-06-01T19:22:27+00:00
LOG-N-01540,EMP-N-081,ACC-N-0821,VIEW_PROFILE,2026-01-05T04:02:01+00:00
LOG-N-01541,EMP-N-084,EXT-A-071-1,VIEW_PROFILE,2026-10-06T06:31:46+00:00
LOG-N-01542,EMP-N-089,ACC-N-0570,VIEW_PROFILE,2026-10-10T21:19:51+00:00
LOG-N-01543,EMP-N-058,ACC-N-0740,VIEW_PROFILE,2026-05-03T08:59:12+00:00
LOG-N-01544,EMP-N-013,EXT-A-030-4,VIEW_PROFILE,2026-03-24T07:52:38+00:00
LOG-N-01545,EMP-N-092,ACC-N-0511,VIEW_PROFILE,2026-09-23T05:16:01+00:00
LOG-N-01546,EMP-N-063,EXT-A-070-1,VIEW_PROFILE,2026-02-15T07:47:03+00:00
LOG-N-01547,EMP-N-080,ACC-A-DORMANT-051,VIEW_PROFILE,2026-03-29T08:17:18+00:00
LOG-N-01548,EMP-N-051,ACC-N-0502,VIEW_PROFILE,2026-02-18T10:04:18+00:00
LOG-N-01549,EMP-N-052,ACC-N-0761,VIEW_PROFILE,2026-11-26T18:33:14+00:00
LOG-N-01550,EMP-N-077,ACC-N-0962,VIEW_PROFILE,2026-03-26T06:45:19+00:00
LOG-N-01551,EMP-N-090,EXT-A-035-2,MODIFY_PHONE,2026-07-26T17:10:12+00:00
LOG-N-01552,EMP-N-016,EXT-A-035-1,VIEW_PROFILE,2026-12-31T22:38:13+00:00
LOG-N-01553,EMP-N-056,ACC-N-0711,VIEW_PROFILE,2026-09-13T16:54:30+00:00
LOG-N-01554,EMP-N-009,ACC-A-DORMANT-038,VIEW_PROFILE,2026-01-10T02:03:20+00:00
LOG-N-01555,EMP-N-087,ACC-N-0409,VIEW_PROFILE,2026-04-27T01:02:03+00:00
LOG-N-01556,EMP-N-048,ACC-N-0979,VIEW_PROFILE,2026-08-19T02:49:04+00:00
LOG-N-01557,EMP-N-078,ACC-N-0677,VIEW_PROFILE,2026-03-23T20:06:46+00:00
LOG-N-01558,EMP-N-024,ACC-N-0407,VIEW_PROFILE,2026-10-17T01:10:30+00:00
LOG-N-01559,EMP-N-062,ACC-N-0445,VIEW_PROFILE,2026-03-05T00:46:51+00:00
LOG-N-01560,EMP-N-069,ACC-C-PAY-09,VIEW_PROFILE,2026-07-03T20:41:31+00:00
LOG-N-01561,EMP-N-034,ACC-N-0564,VIEW_PROFILE,2026-11-13T01:54:01+00:00
LOG-N-01562,EMP-N-098,ACC-A-DORMANT-041,VIEW_PROFILE,2026-10-29T13:05:26+00:00
LOG-N-01563,EMP-N-021,ACC-N-0413,VIEW_PROFILE,2026-08-06T19:22:02+00:00
LOG-N-01564,EMP-N-071,ACC-N-0912,VIEW_PROFILE,2026-03-06T17:41:22+00:00
LOG-N-01565,EMP-N-006,ACC-N-0630,VIEW_PROFILE,2026-09-06T18:18:44+00:00
LOG-N-01566,EMP-N-006,ACC-A-DORMANT-032,VIEW_PROFILE,2026-09-08T10:55:17+00:00
LOG-N-01567,EMP-C-PAYROLL,EXT-A-058-3,VIEW_PROFILE,2026-07-14T07:49:04+00:00
LOG-N-01568,EMP-N-022,EXT-A-026-3,VIEW_PROFILE,2026-05-24T03:53:35+00:00
LOG-N-01569,EMP-N-009,ACC-A-DORMANT-034,VIEW_PROFILE,2026-07-24T02:46:02+00:00
LOG-N-01570,EMP-N-025,ACC-N-0533,MODIFY_PHONE,2026-10-23T11:47:33+00:00
LOG-N-01571,EMP-N-024,EXT-A-029-2,MODIFY_PHONE,2026-03-05T23:07:45+00:00
LOG-N-01572,EMP-N-071,ACC-N-0575,VIEW_PROFILE,2026-11-20T19:47:04+00:00
LOG-N-01573,EMP-N-063,ACC-N-0864,VIEW_PROFILE,2026-05-16T02:55:28+00:00
LOG-N-01574,EMP-N-019,ACC-N-0402,MODIFY_PHONE,2026-12-30T18:03:27+00:00
LOG-N-01575,EMP-N-028,EXT-A-021-2,VIEW_PROFILE,2026-09-25T01:11:39+00:00
LOG-N-01576,EMP-N-099,EXT-A-026-1,VIEW_PROFILE,2026-07-20T04:25:43+00:00
LOG-N-01577,EMP-N-026,EXT-A-035-3,VIEW_PROFILE,2026-10-07T20:51:53+00:00
LOG-N-01578,EMP-N-050,ACC-N-0604,VIEW_PROFILE,2026-09-18T15:04:51+00:00
LOG-N-01579,EMP-N-053,ACC-N-0635,VIEW_PROFILE,2026-11-06T21:25:03+00:00
LOG-N-01580,EMP-N-077,ACC-N-0421,VIEW_PROFILE,2026-01-02T04:41:35+00:00
LOG-N-01581,EMP-N-069,ACC-N-0827,VIEW_PROFILE,2026-03-28T03:08:13+00:00
LOG-N-01582,EMP-N-015,EXT-A-063-3,VIEW_PROFILE,2026-11-05T03:36:27+00:00
LOG-N-01583,EMP-N-020,EXT-A-009-4,VIEW_PROFILE,2026-12-05T10:32:54+00:00
LOG-N-01584,EMP-N-019,ACC-N-0519,MODIFY_PHONE,2026-06-13T04:14:11+00:00
LOG-N-01585,EMP-N-084,EXT-A-038-1,VIEW_PROFILE,2026-08-11T04:25:05+00:00
LOG-N-01586,EMP-N-059,EXT-A-011-3,VIEW_PROFILE,2026-05-29T01:53:41+00:00
LOG-N-01587,EMP-N-089,ACC-N-0411,VIEW_PROFILE,2026-08-16T00:49:53+00:00
LOG-N-01588,EMP-N-082,ACC-A-DORMANT-006,VIEW_PROFILE,2026-05-17T07:09:25+00:00
LOG-N-01589,EMP-N-030,ACC-N-0532,VIEW_PROFILE,2026-09-01T06:56:16+00:00
LOG-N-01590,EMP-N-006,ACC-N-0617,VIEW_PROFILE,2026-05-03T15:39:37+00:00
LOG-N-01591,EMP-N-075,ACC-N-0597,VIEW_PROFILE,2026-04-05T20:02:29+00:00
LOG-N-01592,EMP-N-054,ACC-N-0886,VIEW_PROFILE,2026-12-24T15:34:10+00:00
LOG-N-01593,EMP-N-023,ACC-N-0504,VIEW_PROFILE,2026-03-05T05:02:20+00:00
LOG-N-01594,EMP-N-059,EXT-A-049-4,MODIFY_PHONE,2026-03-29T21:57:30+00:00
LOG-N-01595,EMP-N-085,ACC-A-DORMANT-060,MODIFY_PHONE,2026-04-13T08:44:39+00:00
LOG-N-01596,EMP-A-001,EXT-A-042-4,VIEW_PROFILE,2026-10-31T17:19:29+00:00
LOG-N-01597,EMP-N-096,EXT-A-036-4,MODIFY_PHONE,2026-11-06T03:24:48+00:00
LOG-N-01598,EMP-N-031,EXT-A-046-2,VIEW_PROFILE,2026-08-02T02:46:29+00:00
LOG-N-01599,EMP-N-068,ACC-N-0420,VIEW_PROFILE,2026-09-11T05:43:13+00:00
LOG-N-01600,EMP-N-093,ACC-N-0877,MODIFY_PHONE,2026-08-25T08:06:28+00:00
LOG-N-01601,EMP-N-022,ACC-N-0768,VIEW_PROFILE,2026-03-21T22:03:13+00:00
LOG-N-01602,EMP-N-059,EXT-A-307484,MODIFY_PHONE,2026-01-03T06:15:30+00:00
LOG-N-01603,EMP-N-012,ACC-N-0831,VIEW_PROFILE,2026-04-10T12:26:52+00:00
LOG-N-01604,EMP-N-088,ACC-N-0610,VIEW_PROFILE,2026-03-09T05:39:45+00:00
LOG-N-01605,EMP-N-050,ACC-A-DORMANT-028,VIEW_PROFILE,2026-11-24T23:18:16+00:00
LOG-N-01606,EMP-N-044,ACC-N-0618,VIEW_PROFILE,2026-02-07T11:09:45+00:00
LOG-N-01607,EMP-N-005,EXT-A-064-1,VIEW_PROFILE,2026-04-06T22:21:51+00:00
LOG-N-01608,EMP-N-027,ACC-N-0462,VIEW_PROFILE,2026-02-28T19:39:46+00:00
LOG-N-01609,EMP-N-091,EXT-A-041-4,VIEW_PROFILE,2026-02-08T08:30:43+00:00
LOG-N-01610,EMP-N-039,ACC-N-0772,VIEW_PROFILE,2026-12-10T06:07:26+00:00
LOG-N-01611,EMP-N-039,EXT-A-053-4,VIEW_PROFILE,2026-09-24T21:22:28+00:00
LOG-N-01612,EMP-N-030,ACC-N-0486,VIEW_PROFILE,2026-06-25T07:06:14+00:00
LOG-N-01613,EMP-N-070,EXT-A-908166,MODIFY_PHONE,2026-05-31T23:51:40+00:00
LOG-N-01614,EMP-N-047,ACC-N-0762,MODIFY_PHONE,2026-10-05T04:46:47+00:00
LOG-N-01615,EMP-N-059,ACC-N-0877,VIEW_PROFILE,2026-02-10T12:45:50+00:00
LOG-N-01616,EMP-N-056,ACC-N-0892,VIEW_PROFILE,2026-05-30T21:20:09+00:00
LOG-N-01617,EMP-N-081,ACC-N-0780,VIEW_PROFILE,2026-05-31T08:06:59+00:00
LOG-N-01618,EMP-N-048,ACC-N-0823,VIEW_PROFILE,2026-08-10T21:53:51+00:00
LOG-N-01619,EMP-N-032,ACC-N-0607,VIEW_PROFILE,2026-09-21T21:12:41+00:00
LOG-N-01620,EMP-N-063,EXT-A-037-4,VIEW_PROFILE,2026-03-27T22:34:11+00:00
LOG-N-01621,EMP-N-020,ACC-N-0418,VIEW_PROFILE,2026-08-24T19:59:47+00:00
LOG-N-01622,EMP-N-037,ACC-N-0426,VIEW_PROFILE,2026-09-27T04:29:56+00:00
LOG-N-01623,EMP-N-085,EXT-A-062-1,VIEW_PROFILE,2026-02-13T20:40:54+00:00
LOG-N-01624,EMP-N-044,ACC-N-0411,VIEW_PROFILE,2026-11-30T16:56:10+00:00
LOG-N-01625,EMP-N-088,ACC-N-0750,VIEW_PROFILE,2026-08-27T06:51:25+00:00
LOG-N-01626,EMP-N-096,ACC-N-0417,VIEW_PROFILE,2026-11-23T07:09:31+00:00
LOG-N-01627,EMP-N-013,EXT-A-031-1,VIEW_PROFILE,2026-08-23T22:01:59+00:00
LOG-N-01628,EMP-N-090,ACC-N-0763,VIEW_PROFILE,2026-05-11T05:39:39+00:00
LOG-N-01629,EMP-N-071,ACC-N-0820,VIEW_PROFILE,2026-05-14T15:46:14+00:00
LOG-N-01630,EMP-N-087,ACC-N-0525,VIEW_PROFILE,2026-04-07T15:39:00+00:00
LOG-N-01631,EMP-N-046,ACC-A-DORMANT-066,VIEW_PROFILE,2026-11-03T21:48:11+00:00
LOG-N-01632,EMP-N-033,ACC-N-0408,VIEW_PROFILE,2026-09-13T21:17:34+00:00
LOG-N-01633,EMP-N-005,ACC-N-0960,VIEW_PROFILE,2026-05-04T18:12:03+00:00
LOG-N-01634,EMP-N-062,ACC-N-0524,VIEW_PROFILE,2026-07-16T23:25:34+00:00
LOG-N-01635,EMP-N-048,EXT-A-031-1,VIEW_PROFILE,2026-04-25T01:31:00+00:00
LOG-N-01636,EMP-N-074,ACC-N-0591,VIEW_PROFILE,2026-06-26T12:53:29+00:00
LOG-N-01637,EMP-N-079,ACC-N-0749,VIEW_PROFILE,2026-03-27T04:04:26+00:00
LOG-N-01638,EMP-N-010,ACC-N-0553,VIEW_PROFILE,2026-09-24T00:03:24+00:00
LOG-N-01639,EMP-N-020,ACC-N-0802,MODIFY_PHONE,2026-02-18T06:21:01+00:00
LOG-N-01640,EMP-N-077,EXT-A-025-3,OVERRIDE_ALERT,2026-06-13T00:24:04+00:00
LOG-N-01641,EMP-N-060,ACC-B-02-A,VIEW_PROFILE,2026-07-02T03:13:31+00:00
LOG-N-01642,EMP-N-095,ACC-N-0861,VIEW_PROFILE,2026-08-24T09:31:01+00:00
LOG-N-01643,EMP-N-041,ACC-N-0680,VIEW_PROFILE,2026-01-18T12:46:55+00:00
LOG-N-01644,EMP-N-020,ACC-N-0730,VIEW_PROFILE,2026-11-19T06:23:51+00:00
LOG-N-01645,EMP-N-061,EXT-A-054-1,VIEW_PROFILE,2026-09-22T01:01:23+00:00
LOG-N-01646,EMP-N-019,ACC-N-0657,VIEW_PROFILE,2026-04-04T10:27:19+00:00
LOG-N-01647,EMP-N-082,ACC-N-0867,VIEW_PROFILE,2026-03-17T06:36:34+00:00
LOG-N-01648,EMP-N-065,ACC-N-0836,VIEW_PROFILE,2026-01-16T17:35:15+00:00
LOG-N-01649,EMP-N-006,EXT-A-033-4,VIEW_PROFILE,2026-05-15T00:31:06+00:00
LOG-N-01650,EMP-N-072,ACC-N-0851,VIEW_PROFILE,2026-02-19T14:40:06+00:00
LOG-N-01651,EMP-N-011,ACC-N-0826,MODIFY_PHONE,2026-05-28T13:22:52+00:00
LOG-N-01652,EMP-N-058,EXT-A-017-4,VIEW_PROFILE,2026-04-11T09:06:33+00:00
LOG-N-01653,EMP-N-042,ACC-N-0628,VIEW_PROFILE,2026-09-29T19:55:48+00:00
LOG-N-01654,EMP-N-064,ACC-C-PAY-02,VIEW_PROFILE,2026-06-10T02:00:54+00:00
LOG-N-01655,EMP-N-088,ACC-N-0936,VIEW_PROFILE,2026-09-06T03:02:47+00:00
LOG-N-01656,EMP-N-014,ACC-N-0998,VIEW_PROFILE,2026-01-09T21:53:40+00:00
LOG-N-01657,EMP-N-086,EXT-A-002-3,VIEW_PROFILE,2026-02-10T00:40:08+00:00
LOG-N-01658,EMP-N-092,ACC-N-0479,MODIFY_PHONE,2026-06-01T20:52:59+00:00
LOG-N-01659,EMP-N-071,ACC-N-0545,MODIFY_PHONE,2026-02-11T01:45:53+00:00
LOG-N-01660,EMP-N-098,ACC-N-0766,VIEW_PROFILE,2026-12-20T18:07:45+00:00
LOG-N-01661,EMP-N-056,ACC-N-0907,VIEW_PROFILE,2026-05-24T15:20:52+00:00
LOG-N-01662,EMP-N-047,ACC-N-0620,VIEW_PROFILE,2026-06-10T19:42:11+00:00
LOG-N-01663,EMP-N-059,ACC-A-DORMANT-020,VIEW_PROFILE,2026-07-16T23:19:22+00:00
LOG-N-01664,EMP-A-001,ACC-N-0827,VIEW_PROFILE,2026-02-10T10:15:22+00:00
LOG-N-01665,EMP-N-044,ACC-N-0398,VIEW_PROFILE,2026-01-22T21:25:24+00:00
LOG-N-01666,EMP-N-036,EXT-A-012-4,VIEW_PROFILE,2026-08-05T23:49:48+00:00
LOG-N-01667,EMP-N-043,ACC-N-0744,MODIFY_PHONE,2026-05-29T15:01:04+00:00
LOG-N-01668,EMP-N-026,EXT-A-020-2,VIEW_PROFILE,2026-03-22T01:10:06+00:00
LOG-N-01669,EMP-N-076,ACC-N-0685,VIEW_PROFILE,2026-01-09T04:12:42+00:00
LOG-N-01670,EMP-N-033,ACC-N-0748,VIEW_PROFILE,2026-04-02T08:25:36+00:00
LOG-N-01671,EMP-N-029,ACC-N-0548,MANUAL_UNFREEZE,2026-02-07T19:25:19+00:00
LOG-N-01672,EMP-N-065,ACC-N-0860,VIEW_PROFILE,2026-09-26T08:03:25+00:00
LOG-N-01673,EMP-N-019,EXT-A-040-3,VIEW_PROFILE,2026-06-07T06:46:17+00:00
LOG-N-01674,EMP-N-098,EXT-A-016-4,MODIFY_PHONE,2026-03-03T19:52:08+00:00
LOG-N-01675,EMP-N-096,ACC-N-0843,VIEW_PROFILE,2026-02-24T22:20:15+00:00
LOG-N-01676,EMP-N-010,EXT-A-069-2,VIEW_PROFILE,2026-10-31T22:47:57+00:00
LOG-N-01677,EMP-N-045,EXT-A-034-4,VIEW_PROFILE,2026-09-09T04:40:06+00:00
LOG-N-01678,EMP-N-065,EXT-A-033-2,VIEW_PROFILE,2026-01-18T12:51:07+00:00
LOG-N-01679,EMP-N-042,EXT-A-044-3,MODIFY_PHONE,2026-07-09T13:03:09+00:00
LOG-N-01680,EMP-N-042,EXT-A-015-4,VIEW_PROFILE,2026-04-07T20:14:21+00:00
LOG-N-01681,EMP-N-032,EXT-A-032-3,VIEW_PROFILE,2026-09-23T08:45:53+00:00
LOG-N-01682,EMP-N-009,ACC-B-03-A,VIEW_PROFILE,2026-02-13T03:35:29+00:00
LOG-N-01683,EMP-N-076,EXT-A-067-3,VIEW_PROFILE,2026-03-02T16:23:23+00:00
LOG-N-01684,EMP-N-016,ACC-N-0529,VIEW_PROFILE,2026-04-11T08:42:56+00:00
LOG-N-01685,EMP-N-008,EXT-A-019-1,VIEW_PROFILE,2026-02-04T13:48:06+00:00
LOG-N-01686,EMP-N-055,EXT-A-069-4,VIEW_PROFILE,2026-02-23T06:12:46+00:00
LOG-N-01687,EMP-N-027,ACC-N-0500,MODIFY_PHONE,2026-08-07T08:21:36+00:00
LOG-N-01688,EMP-N-027,ACC-N-0732,VIEW_PROFILE,2026-12-06T03:45:19+00:00
LOG-N-01689,EMP-N-061,ACC-N-0539,MODIFY_PHONE,2026-05-16T11:32:59+00:00
LOG-N-01690,EMP-N-071,EXT-A-012-4,VIEW_PROFILE,2026-05-12T01:32:44+00:00
LOG-N-01691,EMP-N-026,ACC-N-0769,OVERRIDE_ALERT,2026-08-10T20:50:20+00:00
LOG-N-01692,EMP-N-037,ACC-N-0843,VIEW_PROFILE,2026-03-30T17:55:11+00:00
LOG-N-01693,EMP-N-083,ACC-N-0706,VIEW_PROFILE,2026-06-15T15:13:59+00:00
LOG-N-01694,EMP-N-075,ACC-N-0519,VIEW_PROFILE,2026-10-20T03:45:40+00:00
LOG-N-01695,EMP-N-048,ACC-N-0851,MODIFY_PHONE,2026-02-16T06:44:01+00:00
LOG-N-01696,EMP-N-100,ACC-N-0736,VIEW_PROFILE,2026-03-16T22:04:51+00:00
LOG-N-01697,EMP-N-066,ACC-N-0883,MODIFY_PHONE,2026-10-04T22:11:37+00:00
LOG-N-01698,EMP-N-031,EXT-A-062-2,VIEW_PROFILE,2026-03-08T19:08:49+00:00
LOG-N-01699,EMP-N-028,EXT-A-015-1,MODIFY_PHONE,2026-11-06T20:11:41+00:00
LOG-N-01700,EMP-N-024,EXT-A-011-4,VIEW_PROFILE,2026-09-21T11:20:59+00:00
LOG-N-01701,EMP-N-011,EXT-A-033-4,VIEW_PROFILE,2026-05-26T13:08:43+00:00
LOG-N-01702,EMP-N-064,ACC-N-0783,VIEW_PROFILE,2026-12-12T14:42:32+00:00
LOG-N-01703,EMP-N-054,ACC-N-0751,VIEW_PROFILE,2026-09-29T01:20:00+00:00
LOG-N-01704,EMP-N-095,EXT-A-059-2,VIEW_PROFILE,2026-04-25T12:26:09+00:00
LOG-N-01705,EMP-N-065,EXT-A-028-1,VIEW_PROFILE,2026-03-21T15:10:46+00:00
LOG-N-01706,EMP-N-050,ACC-N-0757,VIEW_PROFILE,2026-08-20T15:24:58+00:00
LOG-N-01707,EMP-N-012,ACC-N-0581,MODIFY_PHONE,2026-06-03T10:47:46+00:00
LOG-N-01708,EMP-N-089,ACC-N-0719,VIEW_PROFILE,2026-02-06T15:25:39+00:00
LOG-N-01709,EMP-N-027,ACC-N-0465,VIEW_PROFILE,2026-11-01T19:03:17+00:00
LOG-N-01710,EMP-N-096,ACC-N-0980,VIEW_PROFILE,2026-09-10T17:59:46+00:00
LOG-N-01711,EMP-N-061,ACC-N-0969,MODIFY_PHONE,2026-12-01T00:33:44+00:00
LOG-N-01712,EMP-N-043,ACC-C-PAY-09,VIEW_PROFILE,2026-12-04T19:18:01+00:00
LOG-N-01713,EMP-N-062,EXT-A-058-1,VIEW_PROFILE,2026-01-02T07:39:43+00:00
LOG-N-01714,EMP-N-045,EXT-A-035-4,VIEW_PROFILE,2026-09-21T13:02:10+00:00
LOG-N-01715,EMP-N-060,ACC-N-0726,VIEW_PROFILE,2026-03-10T23:45:59+00:00
LOG-N-01716,EMP-N-100,ACC-N-0397,MANUAL_UNFREEZE,2026-02-04T14:43:55+00:00
LOG-N-01717,EMP-N-007,ACC-N-0661,MANUAL_UNFREEZE,2026-11-03T20:24:08+00:00
LOG-N-01718,EMP-C-WEALTH,ACC-N-0542,VIEW_PROFILE,2026-01-13T12:27:28+00:00
LOG-N-01719,EMP-N-013,ACC-N-0997,VIEW_PROFILE,2026-05-09T01:12:06+00:00
LOG-N-01720,EMP-N-018,ACC-N-0584,MODIFY_PHONE,2026-06-24T04:41:02+00:00
LOG-N-01721,EMP-C-PAYROLL,ACC-N-0530,VIEW_PROFILE,2026-06-30T11:20:53+00:00
LOG-N-01722,EMP-N-095,ACC-N-0431,VIEW_PROFILE,2026-09-23T01:33:44+00:00
LOG-N-01723,EMP-N-046,EXT-A-048-2,VIEW_PROFILE,2026-08-07T02:00:46+00:00
LOG-N-01724,EMP-N-075,ACC-N-0547,VIEW_PROFILE,2026-11-20T12:03:34+00:00
LOG-N-01725,EMP-N-019,EXT-A-012-3,VIEW_PROFILE,2026-07-15T04:24:56+00:00
LOG-N-01726,EMP-N-042,ACC-N-0594,VIEW_PROFILE,2026-12-19T05:43:02+00:00
LOG-N-01727,EMP-N-041,ACC-N-0484,VIEW_PROFILE,2026-10-13T02:44:21+00:00
LOG-N-01728,EMP-N-053,ACC-N-0475,VIEW_PROFILE,2026-01-06T21:24:34+00:00
LOG-N-01729,EMP-N-049,EXT-A-059-2,VIEW_PROFILE,2026-10-20T01:36:08+00:00
LOG-N-01730,EMP-N-027,ACC-A-DORMANT-005,VIEW_PROFILE,2026-06-07T16:53:30+00:00
LOG-N-01731,EMP-N-013,ACC-A-DORMANT-037,OVERRIDE_ALERT,2026-09-24T05:02:37+00:00
LOG-N-01732,EMP-N-051,ACC-N-0619,VIEW_PROFILE,2026-05-01T01:05:04+00:00
LOG-N-01733,EMP-N-008,EXT-A-003-4,VIEW_PROFILE,2026-05-02T09:18:23+00:00
LOG-N-01734,EMP-N-098,ACC-N-0881,VIEW_PROFILE,2026-07-23T05:28:13+00:00
LOG-N-01735,EMP-N-099,ACC-N-0405,VIEW_PROFILE,2026-05-15T17:53:54+00:00
LOG-N-01736,EMP-N-010,ACC-N-0629,VIEW_PROFILE,2026-10-29T18:25:37+00:00
LOG-N-01737,EMP-N-025,ACC-C-HNW-06,VIEW_PROFILE,2026-01-07T08:37:22+00:00
LOG-N-01738,EMP-B-001,ACC-A-DORMANT-046,MANUAL_UNFREEZE,2026-07-16T17:33:23+00:00
LOG-N-01739,EMP-N-084,ACC-N-0449,VIEW_PROFILE,2026-09-21T05:37:29+00:00
LOG-N-01740,EMP-N-047,EXT-A-010-4,VIEW_PROFILE,2026-09-07T21:42:23+00:00
LOG-N-01741,EMP-C-PAYROLL,EXT-A-049-2,VIEW_PROFILE,2026-06-11T04:25:26+00:00
LOG-N-01742,EMP-C-WEALTH,ACC-N-0560,VIEW_PROFILE,2026-09-15T22:12:07+00:00
LOG-N-01743,EMP-N-054,ACC-N-0557,VIEW_PROFILE,2026-09-18T19:46:58+00:00
LOG-N-01744,EMP-N-073,ACC-A-DORMANT-045,VIEW_PROFILE,2026-01-30T09:44:39+00:00
LOG-N-01745,EMP-N-071,ACC-N-0426,MODIFY_PHONE,2026-02-12T14:45:06+00:00
LOG-N-01746,EMP-N-046,ACC-A-DORMANT-047,VIEW_PROFILE,2026-05-23T20:41:50+00:00
LOG-N-01747,EMP-N-060,ACC-N-0957,VIEW_PROFILE,2026-04-11T14:05:56+00:00
LOG-N-01748,EMP-N-090,EXT-A-008-4,VIEW_PROFILE,2026-10-15T16:37:46+00:00
LOG-N-01749,EMP-N-031,EXT-A-020-2,VIEW_PROFILE,2026-03-03T23:38:30+00:00
LOG-N-01750,EMP-N-058,ACC-N-0771,VIEW_PROFILE,2026-12-27T05:28:26+00:00
LOG-N-01751,EMP-N-037,EXT-A-037-3,VIEW_PROFILE,2026-12-22T14:18:23+00:00
LOG-N-01752,EMP-N-085,ACC-N-0855,OVERRIDE_ALERT,2026-03-11T09:24:13+00:00
LOG-N-01753,EMP-N-058,ACC-N-0704,MODIFY_PHONE,2026-01-22T22:46:18+00:00
LOG-N-01754,EMP-N-038,ACC-N-0437,VIEW_PROFILE,2026-11-19T18:40:59+00:00
LOG-N-01755,EMP-N-090,ACC-N-0574,VIEW_PROFILE,2026-06-05T19:27:49+00:00
LOG-N-01756,EMP-N-076,ACC-N-0572,MODIFY_PHONE,2026-06-05T21:53:16+00:00
LOG-N-01757,EMP-N-051,ACC-N-0663,VIEW_PROFILE,2026-11-21T04:40:19+00:00
LOG-N-01758,EMP-N-011,ACC-N-0617,VIEW_PROFILE,2026-11-06T12:06:59+00:00
LOG-N-01759,EMP-N-033,ACC-N-0648,VIEW_PROFILE,2026-03-19T13:45:16+00:00
LOG-N-01760,EMP-N-021,EXT-A-048-4,VIEW_PROFILE,2026-05-25T15:32:49+00:00
LOG-N-01761,EMP-N-028,ACC-A-DORMANT-050,MODIFY_PHONE,2026-09-23T18:13:46+00:00
LOG-N-01762,EMP-N-051,ACC-N-0695,VIEW_PROFILE,2026-10-04T04:53:00+00:00
LOG-N-01763,EMP-N-058,ACC-N-0871,VIEW_PROFILE,2026-12-12T12:15:39+00:00
LOG-N-01764,EMP-B-001,ACC-A-DORMANT-061,VIEW_PROFILE,2026-08-13T09:41:17+00:00
LOG-N-01765,EMP-N-068,EXT-A-027-4,VIEW_PROFILE,2026-10-02T06:25:52+00:00
LOG-N-01766,EMP-N-009,ACC-N-0510,MODIFY_PHONE,2026-01-04T16:21:39+00:00
LOG-N-01767,EMP-N-098,EXT-A-037-4,VIEW_PROFILE,2026-05-12T09:03:10+00:00
LOG-N-01768,EMP-A-001,EXT-A-062-3,VIEW_PROFILE,2026-11-10T11:09:45+00:00
LOG-N-01769,EMP-C-WEALTH,ACC-N-0411,VIEW_PROFILE,2026-12-15T03:23:53+00:00
LOG-N-01770,EMP-N-076,EXT-A-050-3,VIEW_PROFILE,2026-07-07T10:47:16+00:00
LOG-N-01771,EMP-N-057,ACC-A-DORMANT-031,VIEW_PROFILE,2026-08-02T22:54:30+00:00
LOG-N-01772,EMP-N-015,ACC-N-0526,VIEW_PROFILE,2026-02-26T03:40:09+00:00
LOG-N-01773,EMP-N-031,ACC-N-0459,VIEW_PROFILE,2026-03-12T19:46:06+00:00
LOG-N-01774,EMP-N-014,EXT-A-071-2,VIEW_PROFILE,2026-01-15T15:54:31+00:00
LOG-N-01775,EMP-N-012,ACC-A-DORMANT-057,VIEW_PROFILE,2026-08-23T22:40:06+00:00
LOG-N-01776,EMP-N-034,EXT-A-005-1,VIEW_PROFILE,2026-11-24T09:58:51+00:00
LOG-N-01777,EMP-N-036,ACC-N-0590,MODIFY_PHONE,2026-03-11T07:25:13+00:00
LOG-N-01778,EMP-C-PAYROLL,EXT-A-057-2,VIEW_PROFILE,2026-05-31T18:25:10+00:00
LOG-N-01779,EMP-N-100,ACC-A-DORMANT-025,VIEW_PROFILE,2026-04-03T16:09:18+00:00
LOG-N-01780,EMP-N-009,ACC-N-0747,VIEW_PROFILE,2026-05-19T20:00:18+00:00
LOG-N-01781,EMP-N-006,ACC-N-0665,VIEW_PROFILE,2026-10-16T20:21:00+00:00
LOG-N-01782,EMP-N-028,EXT-A-060-4,VIEW_PROFILE,2026-02-15T14:03:35+00:00
LOG-N-01783,EMP-C-WEALTH,EXT-A-064-2,MODIFY_PHONE,2026-11-07T18:24:30+00:00
LOG-N-01784,EMP-N-096,ACC-N-0872,VIEW_PROFILE,2026-10-24T02:59:27+00:00
LOG-N-01785,EMP-N-098,ACC-N-0497,VIEW_PROFILE,2026-08-30T10:36:57+00:00
LOG-N-01786,EMP-C-PAYROLL,ACC-N-0723,VIEW_PROFILE,2026-05-17T17:28:20+00:00
LOG-N-01787,EMP-N-042,EXT-A-025-4,VIEW_PROFILE,2026-08-02T03:09:41+00:00
LOG-N-01788,EMP-N-090,ACC-B-C,VIEW_PROFILE,2026-06-06T23:23:15+00:00
LOG-N-01789,EMP-N-048,ACC-N-0469,VIEW_PROFILE,2026-07-23T20:12:13+00:00
LOG-N-01790,EMP-N-006,ACC-N-0753,VIEW_PROFILE,2026-12-02T09:05:04+00:00
LOG-N-01791,EMP-N-029,ACC-N-0609,VIEW_PROFILE,2026-08-15T01:09:13+00:00
LOG-N-01792,EMP-N-075,ACC-N-0818,VIEW_PROFILE,2026-02-18T03:22:48+00:00
LOG-N-01793,EMP-N-090,ACC-N-0610,VIEW_PROFILE,2026-02-16T16:43:30+00:00
LOG-N-01794,EMP-N-084,ACC-N-0430,VIEW_PROFILE,2026-06-06T16:51:42+00:00
LOG-N-01795,EMP-N-056,ACC-N-0868,VIEW_PROFILE,2026-03-19T07:50:21+00:00
LOG-N-01796,EMP-N-021,ACC-N-0457,VIEW_PROFILE,2026-05-05T22:09:47+00:00
LOG-N-01797,EMP-N-039,ACC-N-0978,VIEW_PROFILE,2026-05-25T21:58:06+00:00
LOG-N-01798,EMP-N-012,ACC-A-DORMANT-070,VIEW_PROFILE,2026-04-08T17:03:35+00:00
LOG-N-01799,EMP-N-060,EXT-A-048-3,VIEW_PROFILE,2026-06-25T12:50:23+00:00
LOG-N-01800,EMP-N-091,ACC-N-0588,VIEW_PROFILE,2026-10-12T16:49:56+00:00
LOG-N-01801,EMP-N-034,ACC-N-0456,VIEW_PROFILE,2026-08-15T08:12:07+00:00
LOG-N-01802,EMP-N-100,EXT-A-032-3,VIEW_PROFILE,2026-01-03T21:58:33+00:00
LOG-N-01803,EMP-N-046,ACC-A-DORMANT-037,VIEW_PROFILE,2026-05-31T04:06:55+00:00
LOG-N-01804,EMP-N-037,ACC-N-0741,VIEW_PROFILE,2026-04-29T15:05:09+00:00
LOG-N-01805,EMP-N-075,ACC-N-0984,MODIFY_PHONE,2026-11-17T15:42:21+00:00
LOG-N-01806,EMP-N-040,EXT-A-007-3,MODIFY_PHONE,2026-08-07T22:40:40+00:00
LOG-N-01807,EMP-N-017,ACC-N-0799,VIEW_PROFILE,2026-05-04T11:54:40+00:00
LOG-N-01808,EMP-N-077,EXT-A-056-1,VIEW_PROFILE,2026-10-18T05:35:00+00:00
LOG-N-01809,EMP-N-017,ACC-N-0462,VIEW_PROFILE,2026-08-29T12:58:42+00:00
LOG-N-01810,EMP-N-079,ACC-N-0614,VIEW_PROFILE,2026-11-26T09:35:37+00:00
LOG-N-01811,EMP-N-023,EXT-A-028-3,VIEW_PROFILE,2026-08-03T00:03:51+00:00
LOG-N-01812,EMP-N-061,EXT-A-006-4,OVERRIDE_ALERT,2026-02-20T10:50:42+00:00
LOG-N-01813,EMP-N-058,EXT-A-071-1,VIEW_PROFILE,2026-08-21T23:47:31+00:00
LOG-N-01814,EMP-N-014,ACC-N-0691,VIEW_PROFILE,2026-03-12T03:30:32+00:00
LOG-N-01815,EMP-N-080,EXT-A-039-2,VIEW_PROFILE,2026-02-28T23:08:53+00:00
LOG-N-01816,EMP-N-034,EXT-A-040-2,MODIFY_PHONE,2026-09-05T10:54:59+00:00
LOG-N-01817,EMP-N-036,EXT-A-072-4,VIEW_PROFILE,2026-04-26T09:41:20+00:00
LOG-N-01818,EMP-N-010,ACC-N-0482,MODIFY_PHONE,2026-05-11T20:04:42+00:00
LOG-N-01819,EMP-N-068,ACC-N-0396,VIEW_PROFILE,2026-01-29T21:14:08+00:00
LOG-N-01820,EMP-N-095,ACC-C-HNW-01,VIEW_PROFILE,2026-09-18T06:21:13+00:00
LOG-N-01821,EMP-N-007,ACC-N-0672,VIEW_PROFILE,2026-10-11T02:17:24+00:00
LOG-N-01822,EMP-N-086,ACC-B-04-A,VIEW_PROFILE,2026-08-29T09:57:18+00:00
LOG-N-01823,EMP-N-073,ACC-A-DORMANT-033,VIEW_PROFILE,2026-12-04T18:19:05+00:00
LOG-N-01824,EMP-N-009,EXT-A-041-1,MANUAL_UNFREEZE,2026-09-23T21:53:52+00:00
LOG-N-01825,EMP-N-095,EXT-A-015-3,VIEW_PROFILE,2026-11-04T06:02:36+00:00
LOG-N-01826,EMP-N-071,EXT-A-059-1,VIEW_PROFILE,2026-01-11T22:06:57+00:00
LOG-N-01827,EMP-N-054,ACC-N-0795,VIEW_PROFILE,2026-03-12T22:31:25+00:00
LOG-N-01828,EMP-N-066,ACC-N-0743,VIEW_PROFILE,2026-08-10T16:18:19+00:00
LOG-N-01829,EMP-N-041,EXT-A-044-3,VIEW_PROFILE,2026-01-21T20:37:48+00:00
LOG-N-01830,EMP-B-001,ACC-N-0396,VIEW_PROFILE,2026-06-25T07:51:37+00:00
LOG-N-01831,EMP-N-043,ACC-N-0652,VIEW_PROFILE,2026-04-11T04:19:57+00:00
LOG-N-01832,EMP-N-084,ACC-N-0444,VIEW_PROFILE,2026-10-20T16:58:12+00:00
LOG-N-01833,EMP-N-076,EXT-A-055-4,VIEW_PROFILE,2026-11-04T03:40:50+00:00
LOG-N-01834,EMP-N-076,ACC-N-0563,VIEW_PROFILE,2026-07-01T02:45:08+00:00
LOG-N-01835,EMP-N-032,ACC-N-0704,VIEW_PROFILE,2026-05-23T08:46:40+00:00
LOG-N-01836,EMP-N-048,EXT-A-050-1,VIEW_PROFILE,2026-06-09T03:01:34+00:00
LOG-N-01837,EMP-N-018,ACC-N-0791,VIEW_PROFILE,2026-12-14T14:49:49+00:00
LOG-N-01838,EMP-N-052,ACC-N-0547,VIEW_PROFILE,2026-09-10T07:18:37+00:00
LOG-N-01839,EMP-N-019,ACC-N-0430,VIEW_PROFILE,2026-11-10T15:21:22+00:00
LOG-N-01840,EMP-N-040,ACC-N-0807,VIEW_PROFILE,2026-09-18T15:43:28+00:00
LOG-N-01841,EMP-N-064,ACC-B-02-A,VIEW_PROFILE,2026-09-17T01:20:52+00:00
LOG-N-01842,EMP-N-072,EXT-A-040-3,VIEW_PROFILE,2026-01-25T00:28:46+00:00
LOG-N-01843,EMP-N-096,ACC-A-DORMANT-008,VIEW_PROFILE,2026-06-26T18:52:24+00:00
LOG-N-01844,EMP-N-082,EXT-A-047-1,VIEW_PROFILE,2026-05-17T16:16:09+00:00
LOG-N-01845,EMP-C-PAYROLL,ACC-A-DORMANT-071,VIEW_PROFILE,2026-05-08T01:25:48+00:00
LOG-N-01846,EMP-N-061,ACC-B-02-B,VIEW_PROFILE,2026-09-09T12:15:35+00:00
LOG-N-01847,EMP-N-093,ACC-N-0753,VIEW_PROFILE,2026-06-10T07:24:02+00:00
LOG-N-01848,EMP-N-078,ACC-N-0613,MODIFY_PHONE,2026-09-13T23:42:14+00:00
LOG-N-01849,EMP-N-012,ACC-N-0814,VIEW_PROFILE,2026-04-13T07:50:46+00:00
LOG-N-01850,EMP-N-096,ACC-N-0965,VIEW_PROFILE,2026-11-05T04:21:51+00:00
LOG-N-01851,EMP-N-086,EXT-A-035-4,VIEW_PROFILE,2026-10-23T11:53:42+00:00
LOG-N-01852,EMP-N-064,ACC-N-0542,VIEW_PROFILE,2026-12-17T23:17:41+00:00
LOG-N-01853,EMP-N-096,EXT-A-048-2,VIEW_PROFILE,2026-09-01T10:06:28+00:00
LOG-N-01854,EMP-N-029,ACC-N-0714,VIEW_PROFILE,2026-06-25T06:01:51+00:00
LOG-N-01855,EMP-N-060,EXT-A-039-3,VIEW_PROFILE,2026-01-23T12:18:58+00:00
LOG-N-01856,EMP-N-031,ACC-N-0950,VIEW_PROFILE,2026-10-22T15:47:53+00:00
LOG-N-01857,EMP-N-073,EXT-A-012-1,VIEW_PROFILE,2026-09-17T21:27:21+00:00
LOG-N-01858,EMP-A-001,ACC-N-0935,VIEW_PROFILE,2026-09-03T21:38:50+00:00
LOG-N-01859,EMP-C-PAYROLL,EXT-A-029-4,VIEW_PROFILE,2026-02-05T16:29:25+00:00
LOG-N-01860,EMP-N-068,ACC-N-0809,VIEW_PROFILE,2026-02-05T23:19:21+00:00
LOG-N-01861,EMP-N-023,ACC-A-DORMANT-042,VIEW_PROFILE,2026-07-13T20:34:17+00:00
LOG-N-01862,EMP-N-034,EXT-A-060-2,VIEW_PROFILE,2026-11-28T07:13:07+00:00
LOG-N-01863,EMP-N-023,ACC-N-0927,VIEW_PROFILE,2026-07-20T21:29:11+00:00
LOG-N-01864,EMP-N-052,ACC-N-0587,VIEW_PROFILE,2026-09-03T22:19:11+00:00
LOG-N-01865,EMP-N-076,ACC-N-0958,VIEW_PROFILE,2026-05-17T01:25:53+00:00
LOG-N-01866,EMP-N-040,ACC-N-0612,VIEW_PROFILE,2026-03-07T08:18:33+00:00
LOG-N-01867,EMP-N-069,ACC-A-DORMANT-026,VIEW_PROFILE,2026-07-27T13:19:53+00:00
LOG-N-01868,EMP-N-006,EXT-A-019-2,VIEW_PROFILE,2026-11-02T09:42:30+00:00
LOG-N-01869,EMP-N-095,ACC-N-0410,VIEW_PROFILE,2026-11-27T01:22:55+00:00
LOG-N-01870,EMP-N-068,ACC-A-DORMANT-041,VIEW_PROFILE,2026-01-04T22:21:21+00:00
LOG-N-01871,EMP-N-087,EXT-A-032-3,VIEW_PROFILE,2026-02-13T12:15:09+00:00
LOG-N-01872,EMP-N-056,ACC-N-0443,VIEW_PROFILE,2026-03-31T18:20:05+00:00
LOG-N-01873,EMP-N-023,ACC-N-0718,VIEW_PROFILE,2026-09-27T07:40:59+00:00
LOG-N-01874,EMP-N-034,EXT-A-009-2,VIEW_PROFILE,2026-01-19T02:31:10+00:00
LOG-N-01875,EMP-N-013,ACC-N-0488,VIEW_PROFILE,2026-09-13T20:18:24+00:00
LOG-N-01876,EMP-N-080,ACC-B-03-A,VIEW_PROFILE,2026-01-30T22:32:23+00:00
LOG-N-01877,EMP-B-001,ACC-A-DORMANT-039,VIEW_PROFILE,2026-01-13T05:14:28+00:00
LOG-N-01878,EMP-N-086,ACC-N-0739,VIEW_PROFILE,2026-11-02T17:51:15+00:00
LOG-N-01879,EMP-N-071,EXT-A-012-4,VIEW_PROFILE,2026-06-21T02:33:24+00:00
LOG-N-01880,EMP-N-077,ACC-N-0934,VIEW_PROFILE,2026-04-06T17:51:04+00:00
LOG-N-01881,EMP-N-081,ACC-N-0498,VIEW_PROFILE,2026-06-19T22:17:23+00:00
LOG-N-01882,EMP-N-051,ACC-N-0834,MODIFY_PHONE,2026-03-29T09:42:57+00:00
LOG-N-01883,EMP-N-088,ACC-N-0873,VIEW_PROFILE,2026-07-29T12:00:21+00:00
LOG-N-01884,EMP-N-008,ACC-N-0538,VIEW_PROFILE,2026-03-26T17:24:49+00:00
LOG-N-01885,EMP-N-070,ACC-N-0782,VIEW_PROFILE,2026-12-22T03:26:16+00:00
LOG-N-01886,EMP-N-031,EXT-A-055-4,VIEW_PROFILE,2026-11-19T20:24:38+00:00
LOG-N-01887,EMP-N-087,ACC-N-0917,VIEW_PROFILE,2026-10-05T04:32:46+00:00
LOG-N-01888,EMP-N-062,EXT-A-003-2,VIEW_PROFILE,2026-02-15T14:37:27+00:00
LOG-N-01889,EMP-N-018,ACC-N-0975,VIEW_PROFILE,2026-10-15T16:14:46+00:00
LOG-N-01890,EMP-N-048,ACC-N-0634,VIEW_PROFILE,2026-07-10T07:42:05+00:00
LOG-N-01891,EMP-N-011,ACC-N-0784,VIEW_PROFILE,2026-04-23T17:04:02+00:00
LOG-N-01892,EMP-N-039,EXT-A-004-3,VIEW_PROFILE,2026-05-30T21:18:50+00:00
LOG-N-01893,EMP-N-092,ACC-N-0416,MODIFY_PHONE,2026-07-16T14:33:47+00:00
LOG-N-01894,EMP-N-080,EXT-A-035-3,VIEW_PROFILE,2026-12-17T03:41:32+00:00
LOG-N-01895,EMP-N-011,ACC-A-DORMANT-057,OVERRIDE_ALERT,2026-01-22T12:32:58+00:00
LOG-N-01896,EMP-N-009,ACC-N-0834,VIEW_PROFILE,2026-12-05T09:13:03+00:00
LOG-N-01897,EMP-N-095,ACC-N-0807,VIEW_PROFILE,2026-12-12T17:49:13+00:00
LOG-N-01898,EMP-N-066,EXT-A-016-3,VIEW_PROFILE,2026-10-13T15:09:58+00:00
LOG-N-01899,EMP-N-049,EXT-A-071-1,VIEW_PROFILE,2026-11-05T07:38:05+00:00
LOG-N-01900,EMP-N-099,ACC-N-0966,VIEW_PROFILE,2026-06-22T11:24:21+00:00
LOG-N-01901,EMP-N-088,EXT-A-048-2,VIEW_PROFILE,2026-12-24T22:48:07+00:00
LOG-N-01902,EMP-N-090,ACC-C-HNW-03,VIEW_PROFILE,2026-12-05T11:39:02+00:00
LOG-N-01903,EMP-N-016,ACC-N-0689,VIEW_PROFILE,2026-08-08T11:13:12+00:00
LOG-N-01904,EMP-N-074,ACC-N-0422,VIEW_PROFILE,2026-10-28T21:35:03+00:00
LOG-N-01905,EMP-N-048,ACC-N-0501,VIEW_PROFILE,2026-04-21T13:20:49+00:00
LOG-N-01906,EMP-N-046,ACC-N-0693,VIEW_PROFILE,2026-04-17T01:47:40+00:00
LOG-N-01907,EMP-N-020,ACC-A-DORMANT-051,VIEW_PROFILE,2026-08-25T23:28:26+00:00
LOG-N-01908,EMP-N-058,ACC-N-0693,MODIFY_PHONE,2026-08-08T02:29:01+00:00
LOG-N-01909,EMP-N-033,ACC-B-04-C,VIEW_PROFILE,2026-06-28T08:11:04+00:00
LOG-N-01910,EMP-N-097,ACC-N-0716,VIEW_PROFILE,2026-06-20T05:19:38+00:00
LOG-N-01911,EMP-N-083,ACC-N-0970,VIEW_PROFILE,2026-11-19T04:19:45+00:00
LOG-N-01912,EMP-N-009,EXT-A-025-4,VIEW_PROFILE,2026-03-12T11:40:01+00:00
LOG-N-01913,EMP-A-001,ACC-N-0687,VIEW_PROFILE,2026-10-14T09:19:14+00:00
LOG-N-01914,EMP-N-014,EXT-A-061-4,VIEW_PROFILE,2026-06-14T00:17:10+00:00
LOG-N-01915,EMP-N-047,ACC-N-0690,VIEW_PROFILE,2026-04-15T00:33:17+00:00
LOG-N-01916,EMP-N-024,ACC-N-0827,VIEW_PROFILE,2026-08-06T19:18:21+00:00
LOG-N-01917,EMP-N-071,ACC-N-0669,VIEW_PROFILE,2026-09-29T08:49:01+00:00
LOG-N-01918,EMP-N-054,ACC-N-0808,VIEW_PROFILE,2026-10-20T17:25:09+00:00
LOG-N-01919,EMP-N-072,EXT-A-038-2,MODIFY_PHONE,2026-02-16T00:59:12+00:00
LOG-N-01920,EMP-N-075,EXT-A-057-3,VIEW_PROFILE,2026-04-06T21:13:19+00:00
LOG-N-01921,EMP-N-083,ACC-N-0458,VIEW_PROFILE,2026-12-23T08:30:23+00:00
LOG-N-01922,EMP-N-079,ACC-N-0760,VIEW_PROFILE,2026-01-17T08:03:25+00:00
LOG-N-01923,EMP-N-065,EXT-A-064-1,VIEW_PROFILE,2026-04-01T07:04:34+00:00
LOG-N-01924,EMP-N-037,EXT-A-040-3,VIEW_PROFILE,2026-12-10T11:35:39+00:00
LOG-N-01925,EMP-N-077,ACC-N-0847,VIEW_PROFILE,2026-11-30T02:27:06+00:00
LOG-N-01926,EMP-N-037,EXT-A-004-3,VIEW_PROFILE,2026-10-15T06:42:30+00:00
LOG-N-01927,EMP-N-071,ACC-N-1000,VIEW_PROFILE,2026-05-02T14:58:24+00:00
LOG-N-01928,EMP-N-090,ACC-N-0900,VIEW_PROFILE,2026-02-08T03:32:58+00:00
LOG-N-01929,EMP-N-007,EXT-A-063-3,OVERRIDE_ALERT,2026-09-16T16:32:13+00:00
LOG-N-01930,EMP-N-015,ACC-N-0621,VIEW_PROFILE,2026-10-01T01:54:35+00:00
LOG-N-01931,EMP-N-059,ACC-N-0852,OVERRIDE_ALERT,2026-03-19T20:32:21+00:00
LOG-N-01932,EMP-N-081,ACC-N-0967,VIEW_PROFILE,2026-04-03T00:51:28+00:00
LOG-N-01933,EMP-N-030,ACC-N-0527,VIEW_PROFILE,2026-10-23T01:05:14+00:00
LOG-N-01934,EMP-N-029,ACC-N-0508,VIEW_PROFILE,2026-10-25T20:17:58+00:00
LOG-N-01935,EMP-N-053,ACC-N-0809,VIEW_PROFILE,2026-12-15T04:56:53+00:00
LOG-N-01936,EMP-N-062,ACC-N-0619,VIEW_PROFILE,2026-02-07T14:13:54+00:00
LOG-N-01937,EMP-B-001,ACC-N-0953,VIEW_PROFILE,2026-07-11T03:47:36+00:00
LOG-N-01938,EMP-N-018,ACC-N-0813,VIEW_PROFILE,2026-08-07T04:09:42+00:00
LOG-N-01939,EMP-N-082,ACC-N-0599,VIEW_PROFILE,2026-09-26T01:40:47+00:00
LOG-N-01940,EMP-N-084,ACC-N-0525,VIEW_PROFILE,2026-01-19T12:47:18+00:00
LOG-N-01941,EMP-N-056,ACC-N-0474,VIEW_PROFILE,2026-08-17T10:12:22+00:00
LOG-N-01942,EMP-N-030,ACC-N-0392,OVERRIDE_ALERT,2026-03-01T07:17:03+00:00
LOG-N-01943,EMP-N-026,ACC-N-0865,MODIFY_PHONE,2026-07-28T15:21:18+00:00
LOG-N-01944,EMP-N-077,ACC-B-03-C,VIEW_PROFILE,2026-01-24T16:41:59+00:00
LOG-N-01945,EMP-N-024,EXT-A-072-4,VIEW_PROFILE,2026-02-05T14:59:58+00:00
LOG-N-01946,EMP-N-025,ACC-B-02-C,VIEW_PROFILE,2026-03-07T22:34:36+00:00
LOG-N-01947,EMP-N-066,EXT-A-020-4,VIEW_PROFILE,2026-06-19T11:46:53+00:00
LOG-N-01948,EMP-N-094,ACC-B-02-B,VIEW_PROFILE,2026-05-19T19:34:40+00:00
LOG-N-01949,EMP-N-084,EXT-A-040-4,VIEW_PROFILE,2026-12-31T09:32:39+00:00
LOG-N-01950,EMP-N-035,ACC-B-02-C,VIEW_PROFILE,2026-08-30T22:20:03+00:00
LOG-N-01951,EMP-N-088,ACC-N-0757,VIEW_PROFILE,2026-12-16T03:20:38+00:00
LOG-N-01952,EMP-N-023,EXT-A-039-3,VIEW_PROFILE,2026-12-07T04:05:14+00:00
LOG-N-01953,EMP-N-048,EXT-A-040-2,VIEW_PROFILE,2026-02-25T02:43:03+00:00
LOG-N-01954,EMP-N-042,ACC-N-0938,VIEW_PROFILE,2026-12-01T18:10:34+00:00
LOG-N-01955,EMP-N-098,ACC-N-0887,VIEW_PROFILE,2026-06-10T11:04:53+00:00
LOG-N-01956,EMP-N-068,ACC-N-0555,VIEW_PROFILE,2026-03-09T02:22:26+00:00
LOG-N-01957,EMP-N-080,ACC-N-0865,VIEW_PROFILE,2026-12-02T07:55:51+00:00
LOG-N-01958,EMP-N-097,ACC-N-0716,VIEW_PROFILE,2026-07-08T11:36:30+00:00
LOG-N-01959,EMP-N-075,ACC-N-0998,VIEW_PROFILE,2026-01-10T08:04:03+00:00
LOG-N-01960,EMP-N-037,EXT-A-052-2,VIEW_PROFILE,2026-10-30T03:29:12+00:00
LOG-N-01961,EMP-N-066,ACC-N-0526,VIEW_PROFILE,2026-11-24T10:38:16+00:00
LOG-N-01962,EMP-N-100,EXT-A-009-2,MODIFY_PHONE,2026-12-08T02:25:17+00:00
LOG-N-01963,EMP-N-045,ACC-N-0402,VIEW_PROFILE,2026-12-07T22:58:16+00:00
LOG-N-01964,EMP-N-027,ACC-N-0967,VIEW_PROFILE,2026-05-23T08:23:52+00:00
LOG-N-01965,EMP-N-066,EXT-A-007-4,VIEW_PROFILE,2026-07-16T07:30:48+00:00
LOG-N-01966,EMP-N-067,EXT-A-046-3,VIEW_PROFILE,2026-10-10T17:28:49+00:00
LOG-N-01967,EMP-N-016,ACC-N-0675,MODIFY_PHONE,2026-02-11T22:06:27+00:00
LOG-N-01968,EMP-N-010,EXT-A-037-3,VIEW_PROFILE,2026-10-31T03:19:17+00:00
LOG-N-01969,EMP-N-080,ACC-N-0423,VIEW_PROFILE,2026-08-12T14:31:49+00:00
LOG-N-01970,EMP-N-039,EXT-A-067-2,VIEW_PROFILE,2026-10-17T18:28:27+00:00
LOG-N-01971,EMP-N-088,EXT-A-031-4,VIEW_PROFILE,2026-02-05T01:21:21+00:00
LOG-N-01972,EMP-N-085,ACC-N-0514,VIEW_PROFILE,2026-06-08T00:16:13+00:00
LOG-N-01973,EMP-N-065,ACC-N-0974,VIEW_PROFILE,2026-10-11T16:15:21+00:00
LOG-N-01974,EMP-N-080,EXT-A-052-4,VIEW_PROFILE,2026-01-05T16:08:51+00:00
LOG-N-01975,EMP-N-081,ACC-A-DORMANT-064,VIEW_PROFILE,2026-01-25T23:07:36+00:00
LOG-N-01976,EMP-N-075,ACC-N-0719,VIEW_PROFILE,2026-04-23T10:15:57+00:00
LOG-N-01977,EMP-N-027,ACC-N-0811,VIEW_PROFILE,2026-11-22T00:07:40+00:00
LOG-N-01978,EMP-N-051,EXT-A-050-3,VIEW_PROFILE,2026-07-05T23:25:15+00:00
LOG-N-01979,EMP-N-058,ACC-N-0813,VIEW_PROFILE,2026-06-28T16:36:33+00:00
LOG-N-01980,EMP-N-085,ACC-N-0931,VIEW_PROFILE,2026-10-25T17:18:25+00:00
LOG-N-01981,EMP-N-049,ACC-N-0781,MODIFY_PHONE,2026-11-19T12:08:21+00:00
LOG-N-01982,EMP-N-061,ACC-N-0720,VIEW_PROFILE,2026-10-30T04:43:24+00:00
LOG-N-01983,EMP-N-074,EXT-A-050-3,VIEW_PROFILE,2026-01-01T02:58:39+00:00
LOG-N-01984,EMP-N-073,ACC-N-0684,VIEW_PROFILE,2026-02-07T18:22:09+00:00
LOG-N-01985,EMP-N-073,EXT-A-307484,VIEW_PROFILE,2026-05-26T01:34:31+00:00
LOG-N-01986,EMP-N-049,EXT-A-036-2,VIEW_PROFILE,2026-04-23T00:42:24+00:00
LOG-N-01987,EMP-N-029,ACC-N-0638,VIEW_PROFILE,2026-02-10T11:25:24+00:00
LOG-N-01988,EMP-B-001,EXT-A-065-2,VIEW_PROFILE,2026-04-03T23:17:09+00:00
LOG-N-01989,EMP-N-006,ACC-N-0763,VIEW_PROFILE,2026-02-15T20:22:40+00:00
LOG-N-01990,EMP-N-006,EXT-A-017-1,MODIFY_PHONE,2026-06-20T06:43:13+00:00
LOG-N-01991,EMP-N-081,ACC-N-0905,VIEW_PROFILE,2026-06-03T21:27:57+00:00
LOG-N-01992,EMP-N-029,ACC-N-0630,VIEW_PROFILE,2026-01-09T02:10:55+00:00
LOG-N-01993,EMP-N-064,EXT-A-071-2,VIEW_PROFILE,2026-04-05T21:48:35+00:00
LOG-N-01994,EMP-N-008,ACC-A-DORMANT-051,VIEW_PROFILE,2026-12-04T00:47:45+00:00
LOG-N-01995,EMP-N-069,ACC-N-0971,MODIFY_PHONE,2026-04-24T03:05:17+00:00
LOG-N-01996,EMP-N-044,ACC-N-0490,VIEW_PROFILE,2026-08-30T19:28:20+00:00
LOG-N-01997,EMP-N-065,EXT-A-037-1,VIEW_PROFILE,2026-05-12T14:59:25+00:00
LOG-N-01998,EMP-N-031,EXT-A-026-3,VIEW_PROFILE,2026-06-09T16:06:16+00:00
LOG-N-01999,EMP-N-045,EXT-A-049-1,VIEW_PROFILE,2026-11-04T10:01:25+00:00
LOG-N-02000,EMP-N-065,EXT-A-043-2,VIEW_PROFILE,2026-10-28T21:57:05+00:00
LOG-N-02001,EMP-N-073,ACC-N-0800,MODIFY_PHONE,2026-08-18T22:59:06+00:00
LOG-N-02002,EMP-N-041,ACC-N-0755,VIEW_PROFILE,2026-07-21T11:24:48+00:00
LOG-N-02003,EMP-N-054,ACC-N-0711,MODIFY_PHONE,2026-05-08T11:53:22+00:00
LOG-N-02004,EMP-B-001,ACC-B-03-B,VIEW_PROFILE,2026-11-04T22:31:40+00:00
LOG-N-02005,EMP-N-040,ACC-N-0843,VIEW_PROFILE,2026-07-17T23:39:34+00:00
LOG-N-02006,EMP-N-038,EXT-A-060-2,VIEW_PROFILE,2026-12-10T13:27:47+00:00
LOG-N-02007,EMP-N-076,EXT-A-004-1,VIEW_PROFILE,2026-03-12T12:08:49+00:00
LOG-N-02008,EMP-N-019,ACC-N-0567,VIEW_PROFILE,2026-12-03T23:53:16+00:00
LOG-N-02009,EMP-N-061,ACC-N-0488,VIEW_PROFILE,2026-07-28T19:58:26+00:00
LOG-N-02010,EMP-N-057,ACC-C-PAY-10,VIEW_PROFILE,2026-07-14T15:39:36+00:00
LOG-N-02011,EMP-N-055,ACC-N-0713,VIEW_PROFILE,2026-08-02T14:35:09+00:00
LOG-N-02012,EMP-N-079,ACC-A-DORMANT-062,VIEW_PROFILE,2026-01-14T16:04:08+00:00
LOG-N-02013,EMP-N-071,ACC-N-0750,VIEW_PROFILE,2026-12-29T21:43:14+00:00
LOG-N-02014,EMP-N-030,ACC-N-0473,VIEW_PROFILE,2026-11-07T03:26:25+00:00
LOG-N-02015,EMP-C-PAYROLL,ACC-N-0969,VIEW_PROFILE,2026-06-01T21:58:47+00:00
LOG-N-02016,EMP-N-080,EXT-A-038-1,OVERRIDE_ALERT,2026-08-16T12:07:49+00:00
LOG-N-02017,EMP-N-048,ACC-N-0444,VIEW_PROFILE,2026-01-07T11:32:41+00:00
LOG-N-02018,EMP-N-088,ACC-N-0478,VIEW_PROFILE,2026-04-29T21:04:46+00:00
LOG-N-02019,EMP-N-065,EXT-A-062-4,MODIFY_PHONE,2026-01-22T11:00:14+00:00
LOG-N-02020,EMP-N-053,ACC-N-0967,VIEW_PROFILE,2026-04-27T17:22:10+00:00
LOG-N-02021,EMP-N-091,ACC-A-DORMANT-009,VIEW_PROFILE,2026-11-25T08:46:15+00:00
LOG-N-02022,EMP-N-084,ACC-N-0815,VIEW_PROFILE,2026-04-29T01:06:21+00:00
LOG-N-02023,EMP-N-015,ACC-N-0588,VIEW_PROFILE,2026-06-20T23:57:35+00:00
LOG-N-02024,EMP-N-099,ACC-N-0426,MODIFY_PHONE,2026-10-27T12:27:50+00:00
LOG-N-02025,EMP-N-034,ACC-N-0834,MODIFY_PHONE,2026-11-27T12:37:37+00:00
LOG-N-02026,EMP-N-034,ACC-N-0828,MODIFY_PHONE,2026-09-03T19:05:26+00:00
LOG-N-02027,EMP-N-073,ACC-N-0686,MANUAL_UNFREEZE,2026-12-20T13:35:25+00:00
LOG-N-02028,EMP-N-087,EXT-A-063-4,VIEW_PROFILE,2026-01-26T21:25:00+00:00
LOG-N-02029,EMP-N-026,EXT-A-051-3,MODIFY_PHONE,2026-07-30T22:18:03+00:00
LOG-N-02030,EMP-N-094,ACC-N-0565,VIEW_PROFILE,2026-07-26T19:34:04+00:00
LOG-N-02031,EMP-N-026,EXT-A-065-4,VIEW_PROFILE,2026-07-05T20:14:33+00:00
LOG-N-02032,EMP-N-053,ACC-N-0511,VIEW_PROFILE,2026-12-26T11:11:39+00:00
LOG-N-02033,EMP-N-037,ACC-N-0734,VIEW_PROFILE,2026-07-13T12:55:22+00:00
LOG-N-02034,EMP-N-084,ACC-A-DORMANT-002,VIEW_PROFILE,2026-02-24T13:51:15+00:00
LOG-N-02035,EMP-N-030,EXT-A-041-1,VIEW_PROFILE,2026-12-01T13:04:05+00:00
LOG-N-02036,EMP-N-005,ACC-N-0994,VIEW_PROFILE,2026-07-16T20:58:13+00:00
LOG-N-02037,EMP-N-007,EXT-A-048-3,VIEW_PROFILE,2026-05-16T18:05:58+00:00
LOG-N-02038,EMP-N-055,ACC-N-0431,VIEW_PROFILE,2026-02-06T04:43:38+00:00
LOG-N-02039,EMP-N-087,EXT-A-044-4,VIEW_PROFILE,2026-11-19T10:37:48+00:00
LOG-N-02040,EMP-N-063,ACC-N-0595,VIEW_PROFILE,2026-04-21T00:02:16+00:00
LOG-N-02041,EMP-N-051,EXT-A-050-2,VIEW_PROFILE,2026-09-10T09:11:21+00:00
LOG-N-02042,EMP-N-075,ACC-N-0699,VIEW_PROFILE,2026-09-13T05:57:39+00:00
LOG-N-02043,EMP-N-033,ACC-N-0618,VIEW_PROFILE,2026-02-19T01:25:05+00:00
LOG-N-02044,EMP-N-012,ACC-N-0447,VIEW_PROFILE,2026-08-07T15:22:27+00:00
LOG-N-02045,EMP-N-025,ACC-N-0811,VIEW_PROFILE,2026-03-17T19:16:45+00:00
LOG-N-02046,EMP-N-066,ACC-N-0678,VIEW_PROFILE,2026-10-28T21:41:48+00:00
LOG-N-02047,EMP-N-047,ACC-N-0945,VIEW_PROFILE,2026-10-16T07:36:48+00:00
LOG-N-02048,EMP-N-015,EXT-A-009-4,VIEW_PROFILE,2026-07-31T14:37:21+00:00
LOG-N-02049,EMP-N-042,EXT-A-064-3,VIEW_PROFILE,2026-10-17T05:39:46+00:00
LOG-N-02050,EMP-N-054,ACC-N-0748,VIEW_PROFILE,2026-07-12T04:01:43+00:00
LOG-N-02051,EMP-N-080,ACC-N-0462,VIEW_PROFILE,2026-12-01T07:05:34+00:00
LOG-N-02052,EMP-N-029,ACC-N-0480,VIEW_PROFILE,2026-03-29T05:29:07+00:00
LOG-N-02053,EMP-N-030,ACC-N-0912,VIEW_PROFILE,2026-04-04T22:32:07+00:00
LOG-N-02054,EMP-N-031,EXT-A-048-1,VIEW_PROFILE,2026-01-22T05:17:39+00:00
LOG-N-02055,EMP-N-096,ACC-N-0695,VIEW_PROFILE,2026-08-28T09:04:39+00:00
LOG-N-02056,EMP-N-040,EXT-A-069-1,VIEW_PROFILE,2026-12-08T10:56:44+00:00
LOG-N-02057,EMP-A-001,ACC-N-0540,MODIFY_PHONE,2026-06-23T03:14:38+00:00
LOG-N-02058,EMP-N-051,ACC-N-0861,VIEW_PROFILE,2026-03-04T02:32:59+00:00
LOG-N-02059,EMP-N-059,ACC-N-0899,MODIFY_PHONE,2026-07-06T09:28:31+00:00
LOG-N-02060,EMP-N-026,ACC-N-0960,VIEW_PROFILE,2026-08-16T11:18:28+00:00
LOG-N-02061,EMP-N-056,EXT-A-042-4,MODIFY_PHONE,2026-12-30T05:26:50+00:00
LOG-N-02062,EMP-N-041,EXT-A-060-3,VIEW_PROFILE,2026-03-18T02:37:24+00:00
LOG-N-02063,EMP-N-097,ACC-N-0852,VIEW_PROFILE,2026-06-21T22:40:52+00:00
LOG-N-02064,EMP-N-067,EXT-A-047-2,VIEW_PROFILE,2026-10-24T21:48:15+00:00
LOG-N-02065,EMP-N-025,ACC-N-0964,VIEW_PROFILE,2026-07-15T08:07:47+00:00
LOG-N-02066,EMP-N-060,EXT-A-047-4,VIEW_PROFILE,2026-11-27T13:38:12+00:00
LOG-N-02067,EMP-N-044,ACC-N-0493,VIEW_PROFILE,2026-08-13T18:10:02+00:00
LOG-N-02068,EMP-N-098,EXT-A-066-4,VIEW_PROFILE,2026-06-03T18:18:25+00:00
LOG-N-02069,EMP-N-018,ACC-N-0838,VIEW_PROFILE,2026-05-19T03:41:32+00:00
LOG-N-02070,EMP-N-041,EXT-A-008-4,VIEW_PROFILE,2026-01-24T16:13:08+00:00
LOG-N-02071,EMP-N-030,EXT-A-062-4,VIEW_PROFILE,2026-01-14T08:31:51+00:00
LOG-N-02072,EMP-N-078,ACC-N-0695,VIEW_PROFILE,2026-03-02T21:16:07+00:00
LOG-N-02073,EMP-N-019,ACC-N-0588,VIEW_PROFILE,2026-07-28T09:00:11+00:00
LOG-N-02074,EMP-N-094,ACC-N-0469,VIEW_PROFILE,2026-04-04T10:42:46+00:00
LOG-N-02075,EMP-N-084,EXT-A-072-2,MANUAL_UNFREEZE,2026-11-23T18:16:06+00:00
LOG-N-02076,EMP-N-051,ACC-N-0785,VIEW_PROFILE,2026-12-18T10:40:16+00:00
LOG-N-02077,EMP-N-087,ACC-N-0715,VIEW_PROFILE,2026-04-29T16:53:19+00:00
LOG-N-02078,EMP-N-045,EXT-A-021-1,VIEW_PROFILE,2026-04-09T20:05:32+00:00
LOG-N-02079,EMP-N-057,ACC-N-0533,VIEW_PROFILE,2026-03-24T11:46:37+00:00
LOG-N-02080,EMP-N-026,EXT-A-019-3,VIEW_PROFILE,2026-02-12T15:26:49+00:00
LOG-N-02081,EMP-N-065,ACC-N-0443,VIEW_PROFILE,2026-02-26T03:18:07+00:00
LOG-N-02082,EMP-N-097,ACC-N-0403,VIEW_PROFILE,2026-02-13T03:57:57+00:00
LOG-N-02083,EMP-N-046,EXT-A-008-3,VIEW_PROFILE,2026-07-13T20:48:52+00:00
LOG-N-02084,EMP-N-056,ACC-N-0661,VIEW_PROFILE,2026-09-23T07:43:07+00:00
LOG-N-02085,EMP-N-091,ACC-A-DORMANT-023,VIEW_PROFILE,2026-02-09T10:49:33+00:00
LOG-N-02086,EMP-N-026,ACC-N-0930,VIEW_PROFILE,2026-08-10T22:19:05+00:00
LOG-N-02087,EMP-N-054,ACC-N-0516,VIEW_PROFILE,2026-09-22T02:56:46+00:00
LOG-N-02088,EMP-N-059,EXT-A-002-1,MODIFY_PHONE,2026-05-09T05:54:30+00:00
LOG-N-02089,EMP-N-033,ACC-N-0966,VIEW_PROFILE,2026-05-30T23:47:16+00:00
LOG-N-02090,EMP-N-092,EXT-A-014-3,VIEW_PROFILE,2026-10-17T10:58:27+00:00
LOG-N-02091,EMP-N-085,ACC-N-0563,VIEW_PROFILE,2026-06-02T17:05:10+00:00
LOG-N-02092,EMP-N-081,ACC-N-0970,VIEW_PROFILE,2026-11-23T06:41:31+00:00
LOG-N-02093,EMP-N-100,ACC-N-0631,VIEW_PROFILE,2026-07-28T13:24:37+00:00
LOG-N-02094,EMP-N-050,EXT-A-003-4,VIEW_PROFILE,2026-06-21T18:58:22+00:00
LOG-N-02095,EMP-N-027,ACC-N-0819,VIEW_PROFILE,2026-01-06T06:36:53+00:00
LOG-N-02096,EMP-N-015,EXT-A-036-3,VIEW_PROFILE,2026-02-21T05:58:18+00:00
LOG-N-02097,EMP-N-009,ACC-N-0660,VIEW_PROFILE,2026-03-30T16:12:44+00:00
LOG-N-02098,EMP-N-039,EXT-A-029-1,MODIFY_PHONE,2026-11-23T20:08:04+00:00
LOG-N-02099,EMP-N-086,ACC-N-0476,VIEW_PROFILE,2026-05-21T02:54:59+00:00
LOG-N-02100,EMP-N-046,ACC-N-0410,VIEW_PROFILE,2026-08-09T03:29:45+00:00
LOG-N-02101,EMP-N-069,ACC-N-0498,VIEW_PROFILE,2026-05-02T08:21:16+00:00
LOG-N-02102,EMP-N-045,EXT-A-010-2,VIEW_PROFILE,2026-10-05T04:13:24+00:00
LOG-N-02103,EMP-N-054,ACC-C-PAY-04,MODIFY_PHONE,2026-05-20T21:31:29+00:00
LOG-N-02104,EMP-N-037,ACC-N-0450,VIEW_PROFILE,2026-04-03T00:18:37+00:00
LOG-N-02105,EMP-N-067,EXT-A-046-2,VIEW_PROFILE,2026-07-02T13:47:21+00:00
LOG-N-02106,EMP-N-031,ACC-N-0847,VIEW_PROFILE,2026-12-28T23:12:45+00:00
LOG-N-02107,EMP-N-098,EXT-A-068-4,VIEW_PROFILE,2026-12-15T19:18:41+00:00
LOG-N-02108,EMP-A-001,ACC-C-CORP,VIEW_PROFILE,2026-01-02T12:14:24+00:00
LOG-N-02109,EMP-N-050,EXT-A-012-4,VIEW_PROFILE,2026-07-27T23:03:51+00:00
LOG-N-02110,EMP-N-088,EXT-A-037-2,VIEW_PROFILE,2026-05-31T20:01:00+00:00
LOG-N-02111,EMP-N-031,ACC-N-0613,VIEW_PROFILE,2026-12-30T02:04:17+00:00
LOG-N-02112,EMP-N-047,EXT-A-014-2,VIEW_PROFILE,2026-12-17T04:07:02+00:00
LOG-N-02113,EMP-N-019,EXT-A-013-2,VIEW_PROFILE,2026-04-26T20:36:51+00:00
LOG-N-02114,EMP-N-055,ACC-N-0959,VIEW_PROFILE,2026-11-13T23:58:27+00:00
LOG-N-02115,EMP-N-023,EXT-A-065-2,VIEW_PROFILE,2026-08-25T05:09:32+00:00
LOG-N-02116,EMP-N-085,EXT-A-051-1,VIEW_PROFILE,2026-06-21T07:08:29+00:00
LOG-N-02117,EMP-N-067,EXT-A-031-4,VIEW_PROFILE,2026-09-09T15:24:28+00:00
LOG-N-02118,EMP-N-098,ACC-A-DORMANT-025,VIEW_PROFILE,2026-06-27T13:04:29+00:00
LOG-N-02119,EMP-N-031,ACC-N-0907,MODIFY_PHONE,2026-09-30T09:30:33+00:00
LOG-N-02120,EMP-N-024,ACC-A-DORMANT-038,MODIFY_PHONE,2026-04-26T08:46:26+00:00
LOG-N-02121,EMP-N-080,ACC-C-PAY-07,VIEW_PROFILE,2026-07-13T11:15:33+00:00
LOG-N-02122,EMP-N-044,ACC-N-0589,VIEW_PROFILE,2026-10-09T04:35:59+00:00
LOG-N-02123,EMP-N-005,EXT-A-064-1,VIEW_PROFILE,2026-09-04T19:34:45+00:00
LOG-N-02124,EMP-N-085,ACC-N-0570,VIEW_PROFILE,2026-02-04T01:00:36+00:00
LOG-N-02125,EMP-N-020,ACC-N-0660,VIEW_PROFILE,2026-04-20T13:26:06+00:00
LOG-N-02126,EMP-N-067,ACC-A-DORMANT-059,VIEW_PROFILE,2026-03-05T11:41:47+00:00
LOG-N-02127,EMP-N-062,EXT-A-060-4,VIEW_PROFILE,2026-09-08T12:44:52+00:00
LOG-N-02128,EMP-N-018,ACC-N-0940,VIEW_PROFILE,2026-03-19T03:32:53+00:00
LOG-N-02129,EMP-N-053,ACC-N-0582,VIEW_PROFILE,2026-05-04T20:52:21+00:00
LOG-N-02130,EMP-N-064,ACC-N-0570,VIEW_PROFILE,2026-06-06T03:56:03+00:00
LOG-N-02131,EMP-N-068,ACC-C-PAY-08,VIEW_PROFILE,2026-07-14T02:11:03+00:00
LOG-N-02132,EMP-N-055,ACC-N-0847,VIEW_PROFILE,2026-03-22T15:01:26+00:00
LOG-N-02133,EMP-N-079,ACC-N-0987,VIEW_PROFILE,2026-03-06T21:24:30+00:00
LOG-N-02134,EMP-N-064,ACC-A-DORMANT-034,VIEW_PROFILE,2026-06-10T08:54:37+00:00
LOG-N-02135,EMP-N-089,ACC-A-DORMANT-058,VIEW_PROFILE,2026-04-20T00:51:24+00:00
LOG-N-02136,EMP-N-024,ACC-N-0749,VIEW_PROFILE,2026-10-10T14:26:12+00:00
LOG-N-02137,EMP-N-094,ACC-N-0530,VIEW_PROFILE,2026-06-19T19:26:51+00:00
LOG-N-02138,EMP-N-022,ACC-N-0437,VIEW_PROFILE,2026-08-03T06:48:45+00:00
LOG-N-02139,EMP-N-006,ACC-N-0506,VIEW_PROFILE,2026-07-11T08:51:27+00:00
LOG-N-02140,EMP-N-064,EXT-A-063-3,VIEW_PROFILE,2026-03-15T00:53:01+00:00
LOG-N-02141,EMP-N-049,EXT-A-050-2,VIEW_PROFILE,2026-06-17T09:40:07+00:00
LOG-N-02142,EMP-N-021,EXT-A-021-3,VIEW_PROFILE,2026-06-26T01:50:12+00:00
LOG-N-02143,EMP-N-086,ACC-N-0478,VIEW_PROFILE,2026-02-13T08:48:56+00:00
LOG-N-02144,EMP-N-096,ACC-N-0484,MODIFY_PHONE,2026-11-16T23:53:27+00:00
LOG-N-02145,EMP-N-094,ACC-N-0659,OVERRIDE_ALERT,2026-07-28T23:23:28+00:00
LOG-N-02146,EMP-N-019,EXT-A-010-3,VIEW_PROFILE,2026-07-14T07:45:10+00:00
LOG-N-02147,EMP-N-055,ACC-N-0483,VIEW_PROFILE,2026-03-15T09:28:28+00:00
LOG-N-02148,EMP-N-066,ACC-N-0785,VIEW_PROFILE,2026-12-21T11:47:45+00:00
LOG-N-02149,EMP-N-069,EXT-A-046-1,VIEW_PROFILE,2026-11-27T12:42:52+00:00
LOG-N-02150,EMP-N-011,ACC-N-0946,VIEW_PROFILE,2026-10-11T16:28:55+00:00
LOG-N-02151,EMP-N-030,EXT-A-038-1,MODIFY_PHONE,2026-04-03T15:17:43+00:00
LOG-N-02152,EMP-N-044,ACC-N-0686,VIEW_PROFILE,2026-10-18T10:45:52+00:00
LOG-N-02153,EMP-N-018,ACC-N-0718,OVERRIDE_ALERT,2026-02-06T10:24:51+00:00
LOG-N-02154,EMP-N-090,ACC-N-0761,VIEW_PROFILE,2026-02-15T18:50:22+00:00
LOG-N-02155,EMP-N-099,ACC-N-0955,VIEW_PROFILE,2026-11-24T07:58:48+00:00
LOG-N-02156,EMP-N-045,EXT-A-008-1,VIEW_PROFILE,2026-11-11T16:10:40+00:00
LOG-N-02157,EMP-N-055,EXT-A-070-3,VIEW_PROFILE,2026-12-06T18:26:37+00:00
LOG-N-02158,EMP-N-086,ACC-N-0919,MODIFY_PHONE,2026-11-06T01:40:09+00:00
LOG-N-02159,EMP-N-092,ACC-N-0785,VIEW_PROFILE,2026-03-05T16:08:14+00:00
LOG-N-02160,EMP-N-039,EXT-A-069-3,VIEW_PROFILE,2026-04-30T17:58:52+00:00
LOG-N-02161,EMP-N-057,ACC-N-0795,VIEW_PROFILE,2026-07-17T13:01:21+00:00
LOG-N-02162,EMP-N-048,ACC-N-0800,VIEW_PROFILE,2026-11-12T22:59:52+00:00
LOG-N-02163,EMP-N-060,ACC-A-DORMANT-050,VIEW_PROFILE,2026-01-20T18:21:21+00:00
LOG-N-02164,EMP-N-042,ACC-N-0959,VIEW_PROFILE,2026-08-05T15:06:37+00:00
LOG-N-02165,EMP-N-045,ACC-N-0529,VIEW_PROFILE,2026-12-01T23:18:30+00:00
LOG-N-02166,EMP-N-070,EXT-A-022-4,VIEW_PROFILE,2026-05-27T14:31:29+00:00
LOG-N-02167,EMP-N-066,ACC-C-HNW-03,VIEW_PROFILE,2026-03-08T11:56:15+00:00
LOG-N-02168,EMP-N-043,ACC-A-DORMANT-070,VIEW_PROFILE,2026-08-03T10:52:49+00:00
LOG-N-02169,EMP-N-087,ACC-N-0403,VIEW_PROFILE,2026-04-06T20:40:00+00:00
LOG-N-02170,EMP-N-018,ACC-N-0764,VIEW_PROFILE,2026-03-29T00:07:13+00:00
LOG-N-02171,EMP-N-075,ACC-A-DORMANT-048,VIEW_PROFILE,2026-04-12T04:00:50+00:00
LOG-N-02172,EMP-N-019,EXT-A-010-3,MANUAL_UNFREEZE,2026-01-27T20:32:16+00:00
LOG-N-02173,EMP-N-065,ACC-N-0456,VIEW_PROFILE,2026-06-11T10:33:50+00:00
LOG-N-02174,EMP-N-074,EXT-A-015-4,VIEW_PROFILE,2026-03-02T09:16:20+00:00
LOG-N-02175,EMP-N-082,ACC-N-0568,VIEW_PROFILE,2026-07-14T11:06:58+00:00
LOG-N-02176,EMP-N-012,ACC-N-0846,VIEW_PROFILE,2026-04-07T01:52:30+00:00
LOG-N-02177,EMP-N-078,ACC-A-DORMANT-052,VIEW_PROFILE,2026-11-16T11:19:02+00:00
LOG-N-02178,EMP-N-055,ACC-N-0523,VIEW_PROFILE,2026-04-18T10:54:10+00:00
LOG-N-02179,EMP-N-006,ACC-A-DORMANT-007,VIEW_PROFILE,2026-04-30T15:30:14+00:00
LOG-N-02180,EMP-N-078,EXT-A-008-2,VIEW_PROFILE,2026-06-09T13:36:09+00:00
LOG-N-02181,EMP-N-079,EXT-A-057-1,VIEW_PROFILE,2026-04-16T23:03:03+00:00
LOG-N-02182,EMP-N-012,ACC-N-0910,VIEW_PROFILE,2026-08-01T02:13:21+00:00
LOG-N-02183,EMP-N-090,ACC-B-04-B,MODIFY_PHONE,2026-10-29T03:47:35+00:00
LOG-N-02184,EMP-N-092,ACC-N-0924,VIEW_PROFILE,2026-04-19T17:23:07+00:00
LOG-N-02185,EMP-N-088,EXT-A-019-4,VIEW_PROFILE,2026-06-22T20:46:35+00:00
LOG-N-02186,EMP-N-074,ACC-A-DORMANT-053,VIEW_PROFILE,2026-05-11T04:04:00+00:00
LOG-N-02187,EMP-N-031,ACC-N-0587,VIEW_PROFILE,2026-05-22T01:53:47+00:00
LOG-N-02188,EMP-N-058,ACC-N-0793,VIEW_PROFILE,2026-11-20T23:35:53+00:00
LOG-N-02189,EMP-N-072,EXT-A-037-2,VIEW_PROFILE,2026-02-20T06:07:01+00:00
LOG-N-02190,EMP-N-066,EXT-A-028-3,VIEW_PROFILE,2026-07-11T23:37:24+00:00
LOG-N-02191,EMP-N-068,ACC-N-0670,VIEW_PROFILE,2026-11-18T17:28:47+00:00
LOG-N-02192,EMP-N-042,ACC-N-0855,VIEW_PROFILE,2026-06-01T06:07:26+00:00
LOG-N-02193,EMP-N-069,ACC-N-0863,VIEW_PROFILE,2026-09-20T02:57:57+00:00
LOG-N-02194,EMP-N-082,ACC-N-0635,VIEW_PROFILE,2026-03-21T20:42:32+00:00
LOG-N-02195,EMP-N-100,ACC-N-0750,VIEW_PROFILE,2026-02-07T08:13:01+00:00
LOG-N-02196,EMP-N-080,ACC-N-0706,VIEW_PROFILE,2026-03-01T14:00:23+00:00
LOG-N-02197,EMP-N-059,ACC-N-0784,VIEW_PROFILE,2026-12-25T03:25:46+00:00
LOG-N-02198,EMP-N-013,ACC-N-0588,MODIFY_PHONE,2026-12-23T14:38:14+00:00
LOG-N-02199,EMP-N-064,EXT-A-063-4,VIEW_PROFILE,2026-10-06T22:37:03+00:00
LOG-N-02200,EMP-N-040,ACC-N-0716,VIEW_PROFILE,2026-01-10T10:39:11+00:00
LOG-N-02201,EMP-N-061,EXT-A-041-2,VIEW_PROFILE,2026-11-02T08:45:21+00:00
LOG-N-02202,EMP-N-038,EXT-A-032-4,VIEW_PROFILE,2026-01-04T00:00:56+00:00
LOG-N-02203,EMP-N-035,EXT-A-010-3,MODIFY_PHONE,2026-06-09T19:24:08+00:00
LOG-N-02204,EMP-N-025,ACC-N-0446,VIEW_PROFILE,2026-03-28T18:36:49+00:00
LOG-N-02205,EMP-N-017,ACC-A-DORMANT-018,VIEW_PROFILE,2026-10-30T12:30:18+00:00
LOG-N-02206,EMP-N-092,ACC-N-0433,MODIFY_PHONE,2026-11-12T05:12:32+00:00
LOG-N-02207,EMP-N-083,ACC-N-0677,VIEW_PROFILE,2026-04-13T21:00:00+00:00
LOG-N-02208,EMP-N-098,ACC-N-0922,VIEW_PROFILE,2026-09-16T16:45:47+00:00
LOG-N-02209,EMP-N-042,ACC-N-0733,VIEW_PROFILE,2026-08-17T17:19:25+00:00
LOG-N-02210,EMP-N-068,EXT-A-029-3,MODIFY_PHONE,2026-10-28T19:09:17+00:00
LOG-N-02211,EMP-N-045,ACC-N-0797,MODIFY_PHONE,2026-01-10T20:25:01+00:00
LOG-N-02212,EMP-N-057,ACC-N-0749,VIEW_PROFILE,2026-05-04T12:40:16+00:00
LOG-N-02213,EMP-N-091,ACC-N-0557,VIEW_PROFILE,2026-01-25T00:05:09+00:00
LOG-N-02214,EMP-N-058,EXT-A-070-4,VIEW_PROFILE,2026-06-02T08:32:24+00:00
LOG-N-02215,EMP-N-100,ACC-N-0725,MODIFY_PHONE,2026-01-09T17:55:47+00:00
LOG-N-02216,EMP-N-020,ACC-N-0829,VIEW_PROFILE,2026-10-18T03:17:16+00:00
LOG-N-02217,EMP-N-030,ACC-N-0577,VIEW_PROFILE,2026-05-01T11:00:23+00:00
LOG-N-02218,EMP-N-091,ACC-N-0535,VIEW_PROFILE,2026-04-23T13:58:36+00:00
LOG-N-02219,EMP-N-067,ACC-N-0879,VIEW_PROFILE,2026-03-27T20:52:49+00:00
LOG-N-02220,EMP-N-039,EXT-A-071-4,VIEW_PROFILE,2026-10-11T07:56:42+00:00
LOG-N-02221,EMP-N-054,ACC-N-0626,VIEW_PROFILE,2026-09-25T05:28:56+00:00
LOG-N-02222,EMP-N-052,EXT-A-009-1,VIEW_PROFILE,2026-06-02T16:53:14+00:00
LOG-N-02223,EMP-N-011,EXT-A-066-1,MODIFY_PHONE,2026-02-26T23:49:25+00:00
LOG-N-02224,EMP-N-062,ACC-N-0738,VIEW_PROFILE,2026-06-24T04:49:24+00:00
LOG-N-02225,EMP-N-017,EXT-A-033-1,VIEW_PROFILE,2026-12-08T16:38:34+00:00
LOG-N-02226,EMP-N-055,ACC-N-0816,VIEW_PROFILE,2026-01-05T04:45:28+00:00
LOG-N-02227,EMP-N-008,ACC-N-0718,MODIFY_PHONE,2026-09-30T20:16:30+00:00
LOG-N-02228,EMP-N-029,EXT-A-050-2,VIEW_PROFILE,2026-05-20T15:47:34+00:00
LOG-N-02229,EMP-N-045,ACC-N-0805,VIEW_PROFILE,2026-05-25T14:10:56+00:00
LOG-N-02230,EMP-N-083,ACC-N-0726,VIEW_PROFILE,2026-12-22T00:42:43+00:00
LOG-N-02231,EMP-N-051,EXT-A-041-2,VIEW_PROFILE,2026-06-12T07:14:39+00:00
LOG-N-02232,EMP-C-WEALTH,EXT-A-066-4,VIEW_PROFILE,2026-04-14T16:01:41+00:00
LOG-N-02233,EMP-N-074,ACC-N-0682,VIEW_PROFILE,2026-07-09T20:52:36+00:00
LOG-N-02234,EMP-N-062,ACC-N-0408,VIEW_PROFILE,2026-07-03T04:42:44+00:00
LOG-N-02235,EMP-N-041,ACC-N-0866,VIEW_PROFILE,2026-07-11T18:31:31+00:00
LOG-N-02236,EMP-N-049,ACC-N-0522,VIEW_PROFILE,2026-10-12T03:48:55+00:00
LOG-N-02237,EMP-N-072,ACC-N-0456,VIEW_PROFILE,2026-12-31T01:53:35+00:00
LOG-N-02238,EMP-N-042,ACC-N-0483,VIEW_PROFILE,2026-06-30T00:29:48+00:00
LOG-N-02239,EMP-N-022,EXT-A-040-1,VIEW_PROFILE,2026-12-07T22:29:50+00:00
LOG-N-02240,EMP-N-008,ACC-A-DORMANT-020,VIEW_PROFILE,2026-07-26T15:12:17+00:00
LOG-N-02241,EMP-N-014,ACC-N-0614,VIEW_PROFILE,2026-04-17T09:18:03+00:00
LOG-N-02242,EMP-N-041,ACC-N-0967,VIEW_PROFILE,2026-10-19T16:32:51+00:00
LOG-N-02243,EMP-N-086,ACC-N-0712,VIEW_PROFILE,2026-07-16T17:13:47+00:00
LOG-N-02244,EMP-N-024,ACC-N-0487,VIEW_PROFILE,2026-07-27T20:17:36+00:00
LOG-N-02245,EMP-N-014,EXT-A-016-1,VIEW_PROFILE,2026-04-12T05:36:15+00:00
LOG-N-02246,EMP-N-050,ACC-N-0715,MODIFY_PHONE,2026-06-01T04:15:19+00:00
LOG-N-02247,EMP-N-076,ACC-N-0751,VIEW_PROFILE,2026-09-25T16:48:33+00:00
LOG-N-02248,EMP-N-047,ACC-N-0631,VIEW_PROFILE,2026-10-06T08:01:34+00:00
LOG-N-02249,EMP-N-089,ACC-N-0538,VIEW_PROFILE,2026-10-03T07:50:18+00:00
LOG-N-02250,EMP-N-092,EXT-A-067-1,VIEW_PROFILE,2026-06-01T12:15:23+00:00
LOG-N-02251,EMP-N-010,EXT-A-013-2,VIEW_PROFILE,2026-08-18T18:55:08+00:00
LOG-N-02252,EMP-N-062,EXT-A-011-3,VIEW_PROFILE,2026-04-02T21:00:15+00:00
LOG-N-02253,EMP-N-009,ACC-N-0947,VIEW_PROFILE,2026-08-06T17:34:40+00:00
LOG-N-02254,EMP-N-040,ACC-N-0685,VIEW_PROFILE,2026-04-23T08:42:27+00:00
LOG-N-02255,EMP-N-020,ACC-N-0911,VIEW_PROFILE,2026-06-23T17:11:21+00:00
LOG-N-02256,EMP-N-006,ACC-N-0411,VIEW_PROFILE,2026-02-22T02:17:31+00:00
LOG-N-02257,EMP-N-087,ACC-N-0425,MODIFY_PHONE,2026-12-31T06:59:28+00:00
LOG-N-02258,EMP-N-014,EXT-A-016-2,VIEW_PROFILE,2026-02-23T08:28:15+00:00
LOG-N-02259,EMP-N-080,ACC-N-0904,MODIFY_PHONE,2026-01-20T22:14:22+00:00
LOG-N-02260,EMP-N-096,ACC-N-0655,VIEW_PROFILE,2026-02-16T07:27:39+00:00
LOG-N-02261,EMP-N-076,ACC-N-0648,VIEW_PROFILE,2026-07-23T03:00:16+00:00
LOG-N-02262,EMP-N-068,ACC-N-0863,VIEW_PROFILE,2026-09-12T09:35:23+00:00
LOG-N-02263,EMP-N-025,EXT-A-039-3,VIEW_PROFILE,2026-05-02T05:55:40+00:00
LOG-N-02264,EMP-N-056,EXT-A-035-2,VIEW_PROFILE,2026-02-20T12:33:48+00:00
LOG-N-02265,EMP-N-074,ACC-N-0699,VIEW_PROFILE,2026-09-30T22:25:01+00:00
LOG-N-02266,EMP-B-001,ACC-N-0619,VIEW_PROFILE,2026-03-09T13:28:43+00:00
LOG-N-02267,EMP-N-005,ACC-A-DORMANT-053,VIEW_PROFILE,2026-03-11T23:06:44+00:00
LOG-N-02268,EMP-N-079,ACC-N-0495,VIEW_PROFILE,2026-01-27T01:03:16+00:00
LOG-N-02269,EMP-N-086,EXT-A-014-1,VIEW_PROFILE,2026-07-08T00:44:13+00:00
LOG-N-02270,EMP-N-079,ACC-N-0850,VIEW_PROFILE,2026-12-21T18:47:35+00:00
LOG-N-02271,EMP-N-077,ACC-N-0777,VIEW_PROFILE,2026-03-13T06:10:47+00:00
LOG-N-02272,EMP-N-079,EXT-A-018-4,VIEW_PROFILE,2026-07-28T03:31:30+00:00
LOG-N-02273,EMP-N-093,ACC-N-0809,VIEW_PROFILE,2026-06-06T08:24:38+00:00
LOG-N-02274,EMP-N-098,ACC-N-0561,MODIFY_PHONE,2026-05-13T08:59:21+00:00
LOG-N-02275,EMP-N-048,ACC-N-0828,VIEW_PROFILE,2026-07-12T23:35:45+00:00
LOG-N-02276,EMP-N-051,ACC-N-0893,VIEW_PROFILE,2026-11-26T05:07:19+00:00
LOG-N-02277,EMP-N-012,ACC-A-DORMANT-064,VIEW_PROFILE,2026-08-19T19:35:43+00:00
LOG-N-02278,EMP-N-030,EXT-A-012-1,VIEW_PROFILE,2026-03-21T07:54:36+00:00
LOG-N-02279,EMP-N-050,ACC-N-0673,VIEW_PROFILE,2026-09-28T08:07:26+00:00
LOG-N-02280,EMP-N-010,EXT-A-022-1,VIEW_PROFILE,2026-04-30T08:22:02+00:00
LOG-N-02281,EMP-A-001,ACC-N-0599,VIEW_PROFILE,2026-06-03T11:54:35+00:00
LOG-N-02282,EMP-N-094,EXT-A-019-3,VIEW_PROFILE,2026-08-11T04:35:05+00:00
LOG-N-02283,EMP-N-009,EXT-A-063-3,VIEW_PROFILE,2026-12-03T21:28:23+00:00
LOG-N-02284,EMP-N-074,EXT-A-010-2,VIEW_PROFILE,2026-12-28T16:13:18+00:00
LOG-N-02285,EMP-A-001,ACC-N-0917,MODIFY_PHONE,2026-04-19T23:14:24+00:00
LOG-N-02286,EMP-N-092,ACC-C-CORP,VIEW_PROFILE,2026-07-29T04:56:33+00:00
LOG-N-02287,EMP-N-097,ACC-N-0586,MODIFY_PHONE,2026-02-16T03:03:45+00:00
LOG-N-02288,EMP-N-098,ACC-N-0980,VIEW_PROFILE,2026-12-12T08:25:22+00:00
LOG-N-02289,EMP-N-076,ACC-N-0805,VIEW_PROFILE,2026-05-21T07:36:31+00:00
LOG-N-02290,EMP-N-070,ACC-N-0773,VIEW_PROFILE,2026-06-07T12:15:52+00:00
LOG-N-02291,EMP-N-076,ACC-N-0442,VIEW_PROFILE,2026-11-02T20:37:06+00:00
LOG-N-02292,EMP-N-043,ACC-N-0789,VIEW_PROFILE,2026-09-05T08:31:21+00:00
LOG-N-02293,EMP-N-073,ACC-N-0677,VIEW_PROFILE,2026-05-23T04:04:25+00:00
LOG-N-02294,EMP-A-001,ACC-N-0773,VIEW_PROFILE,2026-03-27T01:28:17+00:00
LOG-N-02295,EMP-N-092,ACC-N-0834,VIEW_PROFILE,2026-02-14T23:07:55+00:00
LOG-N-02296,EMP-N-067,ACC-N-0457,VIEW_PROFILE,2026-09-15T18:46:31+00:00
LOG-N-02297,EMP-N-063,ACC-N-0827,VIEW_PROFILE,2026-01-01T12:33:57+00:00
LOG-N-02298,EMP-B-001,EXT-A-003-2,VIEW_PROFILE,2026-11-12T02:38:50+00:00
LOG-N-02299,EMP-N-029,ACC-N-0929,MODIFY_PHONE,2026-09-02T13:17:04+00:00
LOG-N-02300,EMP-N-040,ACC-N-0662,VIEW_PROFILE,2026-12-07T13:43:08+00:00
LOG-N-02301,EMP-N-018,ACC-N-0663,VIEW_PROFILE,2026-05-28T13:28:08+00:00
LOG-N-02302,EMP-N-085,ACC-N-0469,VIEW_PROFILE,2026-06-22T01:51:04+00:00
LOG-N-02303,EMP-N-098,EXT-A-005-2,VIEW_PROFILE,2026-09-09T13:19:17+00:00
LOG-N-02304,EMP-N-046,ACC-N-0792,VIEW_PROFILE,2026-05-11T01:56:38+00:00
LOG-N-02305,EMP-N-025,ACC-N-0532,VIEW_PROFILE,2026-03-25T08:45:18+00:00
LOG-N-02306,EMP-N-005,EXT-A-038-4,VIEW_PROFILE,2026-11-22T02:16:54+00:00
LOG-N-02307,EMP-N-018,ACC-N-0464,VIEW_PROFILE,2026-12-07T12:57:55+00:00
LOG-N-02308,EMP-N-012,EXT-A-058-4,VIEW_PROFILE,2026-04-07T04:21:24+00:00
LOG-N-02309,EMP-N-028,EXT-A-021-4,VIEW_PROFILE,2026-11-10T05:15:09+00:00
LOG-N-02310,EMP-N-056,ACC-N-0782,VIEW_PROFILE,2026-11-03T17:09:17+00:00
LOG-N-02311,EMP-N-033,ACC-N-0646,MODIFY_PHONE,2026-10-06T18:53:27+00:00
LOG-N-02312,EMP-N-090,ACC-N-0398,VIEW_PROFILE,2026-06-20T18:34:36+00:00
LOG-N-02313,EMP-N-083,ACC-N-0574,MODIFY_PHONE,2026-04-07T21:54:05+00:00
LOG-N-02314,EMP-N-069,EXT-A-067-3,VIEW_PROFILE,2026-12-15T15:18:33+00:00
LOG-N-02315,EMP-N-032,ACC-C-HNW-01,VIEW_PROFILE,2026-08-30T05:29:11+00:00
LOG-N-02316,EMP-N-091,EXT-A-067-1,VIEW_PROFILE,2026-01-13T07:46:38+00:00
LOG-N-02317,EMP-N-065,ACC-A-DORMANT-072,VIEW_PROFILE,2026-01-13T18:24:23+00:00
LOG-N-02318,EMP-N-057,ACC-N-0778,MODIFY_PHONE,2026-05-31T05:24:15+00:00
LOG-N-02319,EMP-N-059,EXT-A-057-1,VIEW_PROFILE,2026-09-30T13:13:08+00:00
LOG-N-02320,EMP-N-010,ACC-N-0774,VIEW_PROFILE,2026-05-02T11:42:30+00:00
LOG-N-02321,EMP-N-089,EXT-A-040-2,VIEW_PROFILE,2026-07-02T00:31:03+00:00
LOG-N-02322,EMP-N-035,ACC-C-HNW-05,MODIFY_PHONE,2026-01-18T19:04:29+00:00
LOG-N-02323,EMP-N-085,ACC-N-0676,MODIFY_PHONE,2026-05-20T17:44:51+00:00
LOG-N-02324,EMP-N-081,EXT-A-023-4,VIEW_PROFILE,2026-07-24T04:06:26+00:00
LOG-N-02325,EMP-N-079,ACC-N-0947,VIEW_PROFILE,2026-01-27T07:26:52+00:00
LOG-N-02326,EMP-N-055,ACC-N-0996,VIEW_PROFILE,2026-05-02T19:31:44+00:00
LOG-N-02327,EMP-N-085,ACC-N-0846,VIEW_PROFILE,2026-03-20T20:09:43+00:00
LOG-N-02328,EMP-N-015,EXT-A-034-2,VIEW_PROFILE,2026-09-23T17:37:17+00:00
LOG-N-02329,EMP-N-066,ACC-N-0928,VIEW_PROFILE,2026-02-13T03:47:34+00:00
LOG-N-02330,EMP-N-035,ACC-N-0455,VIEW_PROFILE,2026-07-06T09:32:39+00:00
LOG-N-02331,EMP-N-015,ACC-A-DORMANT-039,MODIFY_PHONE,2026-05-05T12:12:55+00:00
LOG-N-02332,EMP-N-085,ACC-N-0816,VIEW_PROFILE,2026-04-12T19:50:28+00:00
LOG-N-02333,EMP-N-012,ACC-N-0959,VIEW_PROFILE,2026-07-06T02:35:35+00:00
LOG-N-02334,EMP-N-033,EXT-A-307484,VIEW_PROFILE,2026-03-15T05:24:00+00:00
LOG-N-02335,EMP-N-042,EXT-A-069-1,VIEW_PROFILE,2026-07-21T07:58:23+00:00
LOG-N-02336,EMP-N-035,EXT-A-066-1,VIEW_PROFILE,2026-06-17T06:49:05+00:00
LOG-N-02337,EMP-N-072,EXT-A-060-2,VIEW_PROFILE,2026-02-02T20:10:06+00:00
LOG-N-02338,EMP-N-050,ACC-N-0706,VIEW_PROFILE,2026-06-06T14:14:17+00:00
LOG-N-02339,EMP-N-005,ACC-N-0931,VIEW_PROFILE,2026-08-24T17:53:48+00:00
LOG-N-02340,EMP-N-076,ACC-N-0883,VIEW_PROFILE,2026-11-28T00:41:48+00:00
LOG-N-02341,EMP-N-041,EXT-A-021-1,VIEW_PROFILE,2026-09-02T18:52:20+00:00
LOG-N-02342,EMP-N-089,EXT-A-036-3,VIEW_PROFILE,2026-07-19T04:02:56+00:00
LOG-N-02343,EMP-N-080,EXT-A-005-2,VIEW_PROFILE,2026-01-27T05:31:51+00:00
LOG-N-02344,EMP-N-058,ACC-N-0873,VIEW_PROFILE,2026-09-14T15:21:39+00:00
LOG-N-02345,EMP-N-048,ACC-A-DORMANT-054,VIEW_PROFILE,2026-07-13T07:58:26+00:00
LOG-N-02346,EMP-N-087,ACC-N-0582,VIEW_PROFILE,2026-05-20T23:19:13+00:00
LOG-N-02347,EMP-N-061,ACC-N-0870,VIEW_PROFILE,2026-03-30T04:02:37+00:00
LOG-N-02348,EMP-N-017,ACC-N-0892,VIEW_PROFILE,2026-05-15T11:20:45+00:00
LOG-N-02349,EMP-N-034,EXT-A-003-3,VIEW_PROFILE,2026-11-27T19:32:09+00:00
LOG-N-02350,EMP-N-086,EXT-A-006-2,VIEW_PROFILE,2026-08-25T06:32:56+00:00
LOG-N-02351,EMP-N-046,ACC-N-0936,VIEW_PROFILE,2026-04-08T08:24:36+00:00
LOG-N-02352,EMP-N-092,ACC-N-0897,VIEW_PROFILE,2026-12-02T15:32:27+00:00
LOG-N-02353,EMP-N-040,ACC-N-0950,OVERRIDE_ALERT,2026-11-13T08:45:04+00:00
LOG-N-02354,EMP-N-028,EXT-A-034-2,VIEW_PROFILE,2026-08-18T00:28:55+00:00
LOG-N-02355,EMP-N-068,ACC-N-0394,VIEW_PROFILE,2026-09-12T05:09:55+00:00
LOG-N-02356,EMP-C-WEALTH,ACC-N-0843,VIEW_PROFILE,2026-08-24T22:35:54+00:00
LOG-N-02357,EMP-N-028,EXT-A-021-1,VIEW_PROFILE,2026-10-14T14:36:21+00:00
LOG-N-02358,EMP-N-095,ACC-N-0629,VIEW_PROFILE,2026-01-01T19:43:08+00:00
LOG-N-02359,EMP-N-099,EXT-A-021-4,VIEW_PROFILE,2026-09-02T02:14:59+00:00
LOG-N-02360,EMP-N-050,ACC-N-0973,VIEW_PROFILE,2026-04-17T07:49:27+00:00
LOG-N-02361,EMP-N-019,EXT-A-049-2,VIEW_PROFILE,2026-09-04T01:18:22+00:00
LOG-N-02362,EMP-N-019,EXT-A-039-2,VIEW_PROFILE,2026-11-28T03:28:22+00:00
LOG-N-02363,EMP-N-056,EXT-A-007-3,VIEW_PROFILE,2026-02-01T08:18:30+00:00
LOG-N-02364,EMP-N-054,ACC-N-0850,VIEW_PROFILE,2026-11-29T12:39:09+00:00
LOG-N-02365,EMP-N-055,ACC-N-0451,VIEW_PROFILE,2026-06-19T17:01:12+00:00
LOG-N-02366,EMP-N-023,ACC-N-0839,VIEW_PROFILE,2026-09-04T23:23:11+00:00
LOG-N-02367,EMP-N-041,ACC-N-0846,MODIFY_PHONE,2026-04-01T00:03:49+00:00
LOG-N-02368,EMP-N-020,EXT-A-009-3,VIEW_PROFILE,2026-02-22T09:41:24+00:00
LOG-N-02369,EMP-N-053,ACC-N-0653,VIEW_PROFILE,2026-08-26T02:23:28+00:00
LOG-N-02370,EMP-N-051,ACC-N-0639,VIEW_PROFILE,2026-02-17T02:34:28+00:00
LOG-N-02371,EMP-N-014,ACC-A-DORMANT-029,VIEW_PROFILE,2026-03-23T12:58:07+00:00
LOG-N-02372,EMP-N-035,ACC-N-0881,VIEW_PROFILE,2026-05-02T01:14:36+00:00
LOG-N-02373,EMP-N-021,ACC-N-0457,VIEW_PROFILE,2026-04-07T05:19:36+00:00
LOG-N-02374,EMP-N-090,EXT-A-023-4,VIEW_PROFILE,2026-07-23T19:59:47+00:00
LOG-N-02375,EMP-N-010,ACC-N-0863,VIEW_PROFILE,2026-01-20T04:43:47+00:00
LOG-N-02376,EMP-N-015,ACC-N-0531,VIEW_PROFILE,2026-02-13T12:41:41+00:00
LOG-N-02377,EMP-N-048,EXT-A-009-1,VIEW_PROFILE,2026-09-19T10:34:37+00:00
LOG-N-02378,EMP-N-021,EXT-A-038-2,VIEW_PROFILE,2026-01-15T02:33:32+00:00
LOG-N-02379,EMP-N-014,EXT-A-046-2,VIEW_PROFILE,2026-01-27T15:17:45+00:00
LOG-N-02380,EMP-N-074,ACC-N-0583,VIEW_PROFILE,2026-11-30T02:11:37+00:00
LOG-N-02381,EMP-N-054,ACC-N-0930,VIEW_PROFILE,2026-08-07T08:48:02+00:00
LOG-N-02382,EMP-N-077,ACC-N-0873,VIEW_PROFILE,2026-05-30T03:24:10+00:00
LOG-N-02383,EMP-N-063,ACC-N-0665,VIEW_PROFILE,2026-01-27T16:57:37+00:00
LOG-N-02384,EMP-N-006,ACC-N-0834,VIEW_PROFILE,2026-05-22T16:28:04+00:00
LOG-N-02385,EMP-N-055,ACC-N-0535,VIEW_PROFILE,2026-04-07T04:10:20+00:00
LOG-N-02386,EMP-N-005,ACC-N-0944,VIEW_PROFILE,2026-01-03T16:30:04+00:00
LOG-N-02387,EMP-N-093,ACC-N-0484,VIEW_PROFILE,2026-07-06T10:18:47+00:00
LOG-N-02388,EMP-N-080,EXT-A-007-3,VIEW_PROFILE,2026-09-22T01:29:10+00:00
LOG-N-02389,EMP-N-015,ACC-A-DORMANT-034,MODIFY_PHONE,2026-01-25T22:12:09+00:00
LOG-N-02390,EMP-N-092,EXT-A-040-4,VIEW_PROFILE,2026-12-26T08:42:13+00:00
LOG-N-02391,EMP-N-050,ACC-N-0929,VIEW_PROFILE,2026-05-01T13:13:00+00:00
LOG-N-02392,EMP-N-016,ACC-A-DORMANT-049,VIEW_PROFILE,2026-01-16T03:51:41+00:00
LOG-N-02393,EMP-N-051,EXT-A-040-4,VIEW_PROFILE,2026-04-29T23:44:52+00:00
LOG-N-02394,EMP-A-001,ACC-N-0720,MODIFY_PHONE,2026-07-13T01:40:38+00:00
LOG-N-02395,EMP-N-026,ACC-N-0726,VIEW_PROFILE,2026-04-02T01:41:28+00:00
LOG-N-02396,EMP-N-007,ACC-N-0433,VIEW_PROFILE,2026-03-31T11:19:20+00:00
LOG-N-02397,EMP-N-088,ACC-A-DORMANT-048,VIEW_PROFILE,2026-06-01T21:19:34+00:00
LOG-N-02398,EMP-N-094,ACC-N-0710,VIEW_PROFILE,2026-03-06T07:39:35+00:00
LOG-N-02399,EMP-N-046,EXT-A-013-2,VIEW_PROFILE,2026-12-09T18:57:40+00:00
LOG-N-02400,EMP-N-006,ACC-N-0848,VIEW_PROFILE,2026-09-30T09:38:19+00:00
LOG-N-02401,EMP-N-066,ACC-N-0427,VIEW_PROFILE,2026-04-17T23:41:13+00:00
LOG-N-02402,EMP-N-033,ACC-N-0984,VIEW_PROFILE,2026-10-23T19:53:49+00:00
LOG-N-02403,EMP-N-080,ACC-N-0719,MODIFY_PHONE,2026-01-07T08:14:08+00:00
LOG-N-02404,EMP-N-017,ACC-N-0552,VIEW_PROFILE,2026-07-22T12:33:41+00:00
LOG-N-02405,EMP-N-084,ACC-A-DORMANT-023,VIEW_PROFILE,2026-11-25T20:58:01+00:00
LOG-N-02406,EMP-N-026,ACC-N-0686,VIEW_PROFILE,2026-10-03T01:20:38+00:00
LOG-N-02407,EMP-N-074,ACC-N-0411,VIEW_PROFILE,2026-03-29T01:13:54+00:00
LOG-N-02408,EMP-N-074,ACC-N-0593,VIEW_PROFILE,2026-03-18T19:46:13+00:00
LOG-N-02409,EMP-N-061,EXT-A-046-1,MODIFY_PHONE,2026-08-31T23:10:10+00:00
LOG-N-02410,EMP-N-040,ACC-N-0640,VIEW_PROFILE,2026-03-15T12:47:55+00:00
LOG-N-02411,EMP-N-062,ACC-B-02-B,VIEW_PROFILE,2026-11-14T15:01:54+00:00
LOG-N-02412,EMP-N-046,ACC-N-0460,VIEW_PROFILE,2026-04-19T19:17:12+00:00
LOG-N-02413,EMP-N-096,ACC-N-0800,VIEW_PROFILE,2026-04-29T16:44:44+00:00
LOG-N-02414,EMP-N-068,ACC-N-0962,MANUAL_UNFREEZE,2026-03-11T12:55:34+00:00
LOG-N-02415,EMP-N-007,EXT-A-013-4,VIEW_PROFILE,2026-07-10T06:36:20+00:00
LOG-N-02416,EMP-N-075,ACC-N-0823,VIEW_PROFILE,2026-04-08T12:27:42+00:00
LOG-N-02417,EMP-N-012,ACC-N-0738,VIEW_PROFILE,2026-09-24T03:09:50+00:00
LOG-N-02418,EMP-N-097,ACC-A-DORMANT-012,MODIFY_PHONE,2026-09-23T14:32:35+00:00
LOG-N-02419,EMP-N-031,ACC-N-0635,VIEW_PROFILE,2026-04-09T14:23:32+00:00
LOG-N-02420,EMP-N-095,EXT-A-027-4,VIEW_PROFILE,2026-10-26T21:05:36+00:00
LOG-N-02421,EMP-N-036,ACC-N-0584,VIEW_PROFILE,2026-05-01T17:26:32+00:00
LOG-N-02422,EMP-N-095,ACC-N-0428,VIEW_PROFILE,2026-09-04T16:41:21+00:00
LOG-N-02423,EMP-N-009,ACC-N-0960,VIEW_PROFILE,2026-06-11T15:31:25+00:00
LOG-N-02424,EMP-N-045,ACC-N-0979,VIEW_PROFILE,2026-05-26T15:46:03+00:00
LOG-N-02425,EMP-N-021,EXT-A-026-2,VIEW_PROFILE,2026-06-29T03:36:01+00:00
LOG-N-02426,EMP-N-007,EXT-A-029-4,VIEW_PROFILE,2026-12-06T20:17:19+00:00
LOG-N-02427,EMP-N-072,EXT-A-060-3,VIEW_PROFILE,2026-02-03T00:24:20+00:00
LOG-N-02428,EMP-N-036,EXT-A-032-1,MODIFY_PHONE,2026-09-10T06:27:57+00:00
LOG-N-02429,EMP-N-099,ACC-A-DORMANT-035,VIEW_PROFILE,2026-10-04T19:15:32+00:00
LOG-N-02430,EMP-N-014,ACC-N-0684,VIEW_PROFILE,2026-07-29T12:10:19+00:00
LOG-N-02431,EMP-N-044,EXT-A-014-1,VIEW_PROFILE,2026-07-21T14:25:43+00:00
LOG-N-02432,EMP-N-080,EXT-A-012-1,VIEW_PROFILE,2026-04-25T19:34:41+00:00
LOG-N-02433,EMP-N-057,ACC-N-0743,VIEW_PROFILE,2026-11-09T00:06:51+00:00
LOG-N-02434,EMP-N-064,EXT-A-020-1,VIEW_PROFILE,2026-04-15T11:05:24+00:00
LOG-N-02435,EMP-N-074,EXT-A-067-4,VIEW_PROFILE,2026-02-07T01:26:09+00:00
LOG-N-02436,EMP-N-047,EXT-A-047-2,VIEW_PROFILE,2026-10-05T10:11:39+00:00
LOG-N-02437,EMP-N-063,ACC-N-0542,MODIFY_PHONE,2026-01-29T04:28:32+00:00
LOG-N-02438,EMP-N-044,EXT-A-008-3,VIEW_PROFILE,2026-07-30T08:25:20+00:00
LOG-N-02439,EMP-N-063,ACC-N-0913,VIEW_PROFILE,2026-05-05T04:23:53+00:00
LOG-N-02440,EMP-N-062,ACC-N-0962,MANUAL_UNFREEZE,2026-11-01T05:41:24+00:00
LOG-N-02441,EMP-N-078,ACC-N-0899,VIEW_PROFILE,2026-11-23T06:19:19+00:00
LOG-N-02442,EMP-N-068,ACC-N-0865,VIEW_PROFILE,2026-04-30T22:19:39+00:00
LOG-N-02443,EMP-B-001,ACC-N-0646,VIEW_PROFILE,2026-03-18T22:58:47+00:00
LOG-N-02444,EMP-N-070,ACC-N-0713,VIEW_PROFILE,2026-04-18T03:05:48+00:00
LOG-N-02445,EMP-N-048,EXT-A-070-4,VIEW_PROFILE,2026-09-05T16:27:13+00:00
LOG-N-02446,EMP-N-060,ACC-N-0398,VIEW_PROFILE,2026-10-01T16:04:24+00:00
LOG-N-02447,EMP-N-026,ACC-N-0779,VIEW_PROFILE,2026-07-31T22:00:28+00:00
LOG-N-02448,EMP-N-005,ACC-N-0616,VIEW_PROFILE,2026-01-01T16:10:58+00:00
LOG-N-02449,EMP-N-099,EXT-A-041-2,VIEW_PROFILE,2026-02-22T01:33:26+00:00
LOG-N-02450,EMP-N-023,ACC-N-0973,VIEW_PROFILE,2026-05-14T04:03:49+00:00
LOG-N-02451,EMP-N-022,ACC-N-0601,MANUAL_UNFREEZE,2026-09-04T14:15:20+00:00
LOG-N-02452,EMP-N-069,ACC-C-HNW-05,VIEW_PROFILE,2026-04-08T00:19:58+00:00
LOG-N-02453,EMP-N-012,EXT-A-005-1,VIEW_PROFILE,2026-03-29T09:38:04+00:00
LOG-N-02454,EMP-N-059,ACC-N-0991,VIEW_PROFILE,2026-12-13T13:01:43+00:00
LOG-N-02455,EMP-N-018,EXT-A-045-1,VIEW_PROFILE,2026-04-25T14:26:27+00:00
LOG-N-02456,EMP-N-058,EXT-A-046-2,VIEW_PROFILE,2026-12-30T11:49:23+00:00
LOG-N-02457,EMP-N-042,ACC-N-0498,VIEW_PROFILE,2026-05-21T05:57:37+00:00
LOG-N-02458,EMP-N-058,EXT-A-047-2,VIEW_PROFILE,2026-03-18T16:13:22+00:00
LOG-N-02459,EMP-N-074,ACC-N-0684,VIEW_PROFILE,2026-10-19T08:17:45+00:00
LOG-N-02460,EMP-N-011,ACC-N-0770,VIEW_PROFILE,2026-03-25T06:47:35+00:00
LOG-N-02461,EMP-N-082,ACC-N-0623,VIEW_PROFILE,2026-06-23T14:00:05+00:00
LOG-N-02462,EMP-N-068,ACC-N-0735,VIEW_PROFILE,2026-07-19T06:42:37+00:00
LOG-N-02463,EMP-N-033,EXT-A-035-1,VIEW_PROFILE,2026-11-30T09:44:06+00:00
LOG-N-02464,EMP-N-053,ACC-N-0615,VIEW_PROFILE,2026-09-21T02:38:41+00:00
LOG-N-02465,EMP-N-075,ACC-N-0803,VIEW_PROFILE,2026-09-01T10:11:45+00:00
LOG-N-02466,EMP-N-082,ACC-N-0558,MODIFY_PHONE,2026-07-20T15:32:30+00:00
LOG-N-02467,EMP-N-006,ACC-N-0854,VIEW_PROFILE,2026-03-24T17:09:53+00:00
LOG-N-02468,EMP-N-073,EXT-A-054-2,MODIFY_PHONE,2026-02-18T04:11:17+00:00
LOG-N-02469,EMP-N-087,EXT-A-065-3,VIEW_PROFILE,2026-05-26T08:52:06+00:00
LOG-N-02470,EMP-C-PAYROLL,EXT-A-027-3,MODIFY_PHONE,2026-11-13T16:23:44+00:00
LOG-N-02471,EMP-N-096,ACC-N-0471,VIEW_PROFILE,2026-10-17T23:32:16+00:00
LOG-N-02472,EMP-N-070,ACC-N-0989,MODIFY_PHONE,2026-04-19T09:22:27+00:00
LOG-N-02473,EMP-N-092,EXT-A-058-4,VIEW_PROFILE,2026-12-29T08:20:08+00:00
LOG-N-02474,EMP-N-005,ACC-N-0576,VIEW_PROFILE,2026-12-28T06:43:19+00:00
LOG-N-02475,EMP-N-005,ACC-N-0976,VIEW_PROFILE,2026-11-16T21:37:53+00:00
LOG-N-02476,EMP-N-053,ACC-A-DORMANT-048,VIEW_PROFILE,2026-01-07T17:04:14+00:00
LOG-N-02477,EMP-N-072,EXT-A-029-4,VIEW_PROFILE,2026-09-13T06:17:29+00:00
LOG-N-02478,EMP-N-068,EXT-A-019-3,VIEW_PROFILE,2026-01-30T23:23:09+00:00
LOG-N-02479,EMP-N-094,ACC-N-0806,VIEW_PROFILE,2026-05-28T12:36:10+00:00
LOG-N-02480,EMP-N-061,ACC-N-0958,VIEW_PROFILE,2026-02-04T09:19:36+00:00
LOG-N-02481,EMP-N-031,ACC-N-0842,VIEW_PROFILE,2026-09-11T22:53:30+00:00
LOG-N-02482,EMP-N-099,ACC-A-DORMANT-034,VIEW_PROFILE,2026-06-27T08:38:06+00:00
LOG-N-02483,EMP-N-044,EXT-A-064-2,VIEW_PROFILE,2026-08-19T04:39:23+00:00
LOG-N-02484,EMP-N-096,ACC-N-0530,VIEW_PROFILE,2026-09-15T09:50:03+00:00
LOG-N-02485,EMP-N-021,ACC-N-0967,VIEW_PROFILE,2026-05-04T08:23:26+00:00
LOG-N-02486,EMP-N-038,ACC-A-DORMANT-067,VIEW_PROFILE,2026-10-08T09:33:12+00:00
LOG-N-02487,EMP-N-030,EXT-A-040-1,VIEW_PROFILE,2026-05-27T17:06:46+00:00
LOG-N-02488,EMP-N-027,ACC-N-0456,VIEW_PROFILE,2026-07-23T23:46:31+00:00
LOG-N-02489,EMP-N-072,EXT-A-051-3,VIEW_PROFILE,2026-07-04T17:58:18+00:00
LOG-N-02490,EMP-N-087,EXT-A-037-2,VIEW_PROFILE,2026-04-26T18:13:14+00:00
LOG-N-02491,EMP-N-086,ACC-N-0866,VIEW_PROFILE,2026-12-09T04:47:17+00:00
LOG-N-02492,EMP-N-032,EXT-A-070-3,VIEW_PROFILE,2026-01-04T18:56:29+00:00
LOG-N-02493,EMP-N-021,ACC-N-0513,VIEW_PROFILE,2026-05-17T20:05:54+00:00
LOG-N-02494,EMP-N-051,EXT-A-011-4,MODIFY_PHONE,2026-04-11T21:50:24+00:00
LOG-N-02495,EMP-N-085,EXT-A-070-2,VIEW_PROFILE,2026-07-06T22:20:45+00:00
LOG-N-02496,EMP-N-095,ACC-N-0599,VIEW_PROFILE,2026-05-25T16:44:20+00:00
LOG-N-02497,EMP-N-022,ACC-N-0830,VIEW_PROFILE,2026-12-24T23:37:28+00:00
LOG-N-02498,EMP-N-053,EXT-A-044-4,VIEW_PROFILE,2026-11-13T04:39:52+00:00
LOG-N-02499,EMP-N-037,ACC-N-0895,VIEW_PROFILE,2026-01-06T19:46:49+00:00
LOG-N-02500,EMP-N-086,ACC-N-0534,VIEW_PROFILE,2026-05-24T14:47:45+00:00
LOG-N-02501,EMP-N-014,ACC-N-0552,VIEW_PROFILE,2026-02-15T23:06:33+00:00
LOG-N-02502,EMP-N-018,ACC-N-0701,VIEW_PROFILE,2026-09-17T16:01:09+00:00
LOG-N-02503,EMP-N-097,EXT-A-023-4,VIEW_PROFILE,2026-08-04T00:49:05+00:00
LOG-N-02504,EMP-N-033,ACC-N-0581,VIEW_PROFILE,2026-08-05T23:11:54+00:00
LOG-N-02505,EMP-C-WEALTH,ACC-N-0744,VIEW_PROFILE,2026-07-14T21:22:41+00:00
LOG-N-02506,EMP-N-010,ACC-A-DORMANT-054,VIEW_PROFILE,2026-04-12T21:48:09+00:00
LOG-N-02507,EMP-N-030,ACC-N-0573,VIEW_PROFILE,2026-07-08T02:53:25+00:00
LOG-N-02508,EMP-N-034,ACC-N-0416,VIEW_PROFILE,2026-01-24T01:45:32+00:00
LOG-N-02509,EMP-C-PAYROLL,ACC-N-0513,MODIFY_PHONE,2026-01-15T13:16:16+00:00
LOG-N-02510,EMP-N-018,ACC-N-0522,VIEW_PROFILE,2026-01-11T01:57:01+00:00
LOG-N-02511,EMP-B-001,ACC-N-0608,VIEW_PROFILE,2026-08-31T19:05:44+00:00
LOG-N-02512,EMP-N-035,ACC-N-0608,MODIFY_PHONE,2026-01-14T17:26:41+00:00
LOG-N-02513,EMP-N-017,ACC-N-0502,VIEW_PROFILE,2026-03-20T10:25:10+00:00
LOG-N-02514,EMP-N-040,EXT-A-071-1,VIEW_PROFILE,2026-10-31T11:19:57+00:00
LOG-N-02515,EMP-N-008,EXT-A-015-3,VIEW_PROFILE,2026-09-02T11:03:02+00:00
LOG-N-02516,EMP-N-015,ACC-N-0518,VIEW_PROFILE,2026-10-28T08:05:30+00:00
LOG-N-02517,EMP-N-017,ACC-N-0396,VIEW_PROFILE,2026-06-19T13:52:57+00:00
LOG-N-02518,EMP-N-066,ACC-N-0531,VIEW_PROFILE,2026-06-05T14:53:53+00:00
LOG-N-02519,EMP-N-028,EXT-A-062-1,VIEW_PROFILE,2026-07-10T03:37:26+00:00
LOG-N-02520,EMP-N-015,ACC-N-0409,OVERRIDE_ALERT,2026-11-21T19:31:01+00:00
LOG-N-02521,EMP-N-015,ACC-N-0826,VIEW_PROFILE,2026-05-13T19:44:54+00:00
LOG-N-02522,EMP-N-018,ACC-N-0967,VIEW_PROFILE,2026-07-05T20:30:49+00:00
LOG-N-02523,EMP-N-051,ACC-N-0915,VIEW_PROFILE,2026-05-04T07:30:30+00:00
LOG-N-02524,EMP-N-098,ACC-N-0636,VIEW_PROFILE,2026-11-09T09:46:07+00:00
LOG-N-02525,EMP-N-005,EXT-A-059-2,VIEW_PROFILE,2026-07-27T02:45:18+00:00
LOG-N-02526,EMP-N-059,ACC-N-0976,VIEW_PROFILE,2026-11-17T17:20:05+00:00
LOG-N-02527,EMP-N-011,ACC-N-0547,VIEW_PROFILE,2026-12-25T05:39:18+00:00
LOG-N-02528,EMP-N-019,EXT-A-008-4,VIEW_PROFILE,2026-07-17T11:48:22+00:00
LOG-N-02529,EMP-N-095,EXT-A-071-2,VIEW_PROFILE,2026-11-05T12:59:54+00:00
LOG-N-02530,EMP-N-015,EXT-A-069-3,VIEW_PROFILE,2026-10-03T01:58:22+00:00
LOG-N-02531,EMP-C-PAYROLL,ACC-N-0729,VIEW_PROFILE,2026-11-17T22:24:56+00:00
LOG-N-02532,EMP-N-069,ACC-N-0455,VIEW_PROFILE,2026-05-27T03:38:37+00:00
LOG-N-02533,EMP-N-053,ACC-N-0562,VIEW_PROFILE,2026-07-02T16:37:54+00:00
LOG-N-02534,EMP-N-067,ACC-N-0647,VIEW_PROFILE,2026-05-22T14:03:43+00:00
LOG-N-02535,EMP-N-074,ACC-N-0426,VIEW_PROFILE,2026-09-19T16:01:44+00:00
LOG-N-02536,EMP-N-062,EXT-A-032-1,VIEW_PROFILE,2026-12-01T12:38:15+00:00
LOG-N-02537,EMP-N-030,EXT-A-028-3,VIEW_PROFILE,2026-10-17T23:44:13+00:00
LOG-N-02538,EMP-N-067,ACC-N-0934,VIEW_PROFILE,2026-02-02T17:12:44+00:00
LOG-N-02539,EMP-B-001,ACC-N-0989,VIEW_PROFILE,2026-07-08T13:15:43+00:00
LOG-N-02540,EMP-N-039,EXT-A-027-1,VIEW_PROFILE,2026-03-29T03:45:48+00:00
LOG-N-02541,EMP-N-007,EXT-A-053-3,VIEW_PROFILE,2026-08-27T06:16:35+00:00
LOG-N-02542,EMP-N-039,ACC-N-0511,VIEW_PROFILE,2026-03-26T20:10:55+00:00
LOG-N-02543,EMP-N-005,EXT-A-050-2,MODIFY_PHONE,2026-01-11T05:43:33+00:00
LOG-N-02544,EMP-N-030,EXT-A-032-2,VIEW_PROFILE,2026-03-10T20:13:38+00:00
LOG-N-02545,EMP-N-095,ACC-N-0812,VIEW_PROFILE,2026-07-11T01:38:03+00:00
LOG-N-02546,EMP-N-035,EXT-A-010-4,VIEW_PROFILE,2026-11-01T11:45:39+00:00
LOG-N-02547,EMP-N-096,EXT-A-072-4,VIEW_PROFILE,2026-12-14T21:38:17+00:00
LOG-N-02548,EMP-A-001,EXT-A-048-1,VIEW_PROFILE,2026-01-22T02:02:25+00:00
LOG-N-02549,EMP-N-027,ACC-A-DORMANT-046,MODIFY_PHONE,2026-05-21T05:05:35+00:00
LOG-N-02550,EMP-N-083,ACC-N-0522,VIEW_PROFILE,2026-01-15T21:11:22+00:00
LOG-N-02551,EMP-N-025,ACC-N-0587,VIEW_PROFILE,2026-01-11T14:14:31+00:00
LOG-N-02552,EMP-N-081,ACC-A-DORMANT-067,VIEW_PROFILE,2026-12-22T02:26:12+00:00
LOG-N-02553,EMP-N-050,ACC-A-DORMANT-032,MODIFY_PHONE,2026-11-10T06:40:36+00:00
LOG-N-02554,EMP-N-043,ACC-N-0767,VIEW_PROFILE,2026-06-02T06:07:25+00:00
LOG-N-02555,EMP-N-041,EXT-A-070-2,VIEW_PROFILE,2026-06-01T14:57:05+00:00
LOG-N-02556,EMP-N-075,ACC-N-0396,VIEW_PROFILE,2026-03-09T19:57:27+00:00
LOG-N-02557,EMP-N-047,ACC-N-0498,VIEW_PROFILE,2026-08-19T19:37:26+00:00
LOG-N-02558,EMP-N-080,ACC-N-0810,MODIFY_PHONE,2026-12-23T18:04:17+00:00
LOG-N-02559,EMP-N-035,EXT-A-026-1,MODIFY_PHONE,2026-02-13T08:45:20+00:00
LOG-N-02560,EMP-N-012,ACC-N-0735,VIEW_PROFILE,2026-05-10T08:37:16+00:00
LOG-N-02561,EMP-N-043,ACC-N-0823,VIEW_PROFILE,2026-02-25T11:59:24+00:00
LOG-N-02562,EMP-N-067,ACC-N-0702,VIEW_PROFILE,2026-10-06T09:08:47+00:00
LOG-N-02563,EMP-N-007,ACC-N-0790,VIEW_PROFILE,2026-07-26T18:18:04+00:00
LOG-N-02564,EMP-N-015,ACC-N-0772,VIEW_PROFILE,2026-06-17T20:19:05+00:00
LOG-N-02565,EMP-N-067,EXT-A-004-2,VIEW_PROFILE,2026-11-17T22:51:57+00:00
LOG-N-02566,EMP-N-026,ACC-C-HNW-01,VIEW_PROFILE,2026-09-06T15:24:18+00:00
LOG-N-02567,EMP-N-010,ACC-B-04-B,VIEW_PROFILE,2026-06-21T05:48:42+00:00
LOG-N-02568,EMP-N-047,ACC-N-0990,VIEW_PROFILE,2026-04-10T17:33:07+00:00
LOG-N-02569,EMP-N-048,ACC-A-DORMANT-052,VIEW_PROFILE,2026-02-19T07:52:49+00:00
LOG-N-02570,EMP-N-014,ACC-N-0941,VIEW_PROFILE,2026-11-23T13:40:05+00:00
LOG-N-02571,EMP-C-PAYROLL,ACC-N-0396,VIEW_PROFILE,2026-08-13T16:54:50+00:00
LOG-N-02572,EMP-N-062,ACC-N-0674,VIEW_PROFILE,2026-05-07T04:50:36+00:00
LOG-N-02573,EMP-N-018,ACC-N-0970,MANUAL_UNFREEZE,2026-10-03T00:43:52+00:00
LOG-N-02574,EMP-N-014,ACC-N-0454,MODIFY_PHONE,2026-09-10T20:48:29+00:00
LOG-N-02575,EMP-N-085,ACC-N-0971,VIEW_PROFILE,2026-08-18T16:29:46+00:00
LOG-N-02576,EMP-N-079,EXT-A-050-3,VIEW_PROFILE,2026-04-30T14:57:35+00:00
LOG-N-02577,EMP-N-011,ACC-N-0513,VIEW_PROFILE,2026-09-29T05:21:26+00:00
LOG-N-02578,EMP-N-092,EXT-A-068-4,VIEW_PROFILE,2026-02-11T03:54:58+00:00
LOG-N-02579,EMP-A-001,ACC-N-0586,VIEW_PROFILE,2026-04-15T02:24:43+00:00
LOG-N-02580,EMP-N-056,ACC-A-DORMANT-027,VIEW_PROFILE,2026-10-13T17:12:51+00:00
LOG-N-02581,EMP-N-068,ACC-N-0767,VIEW_PROFILE,2026-01-16T11:51:54+00:00
LOG-N-02582,EMP-C-WEALTH,EXT-A-024-1,VIEW_PROFILE,2026-11-15T04:19:55+00:00
LOG-N-02583,EMP-N-049,ACC-N-0636,VIEW_PROFILE,2026-11-05T10:15:17+00:00
LOG-N-02584,EMP-N-071,ACC-N-0610,VIEW_PROFILE,2026-02-07T02:31:21+00:00
LOG-N-02585,EMP-N-085,EXT-A-008-3,VIEW_PROFILE,2026-05-03T07:35:45+00:00
LOG-N-02586,EMP-N-035,EXT-A-023-4,OVERRIDE_ALERT,2026-03-19T09:18:12+00:00
LOG-N-02587,EMP-N-052,ACC-N-0452,VIEW_PROFILE,2026-06-07T23:20:03+00:00
LOG-N-02588,EMP-N-005,EXT-A-024-4,VIEW_PROFILE,2026-06-29T08:35:07+00:00
LOG-N-02589,EMP-N-074,ACC-N-0629,OVERRIDE_ALERT,2026-04-03T00:56:56+00:00
LOG-N-02590,EMP-N-033,EXT-A-031-2,MODIFY_PHONE,2026-10-22T22:26:48+00:00
LOG-N-02591,EMP-N-010,ACC-N-0968,VIEW_PROFILE,2026-08-28T05:26:32+00:00
LOG-N-02592,EMP-N-087,ACC-N-0535,VIEW_PROFILE,2026-05-09T06:45:19+00:00
LOG-N-02593,EMP-N-019,ACC-N-0663,VIEW_PROFILE,2026-08-20T22:42:01+00:00
LOG-N-02594,EMP-N-032,ACC-N-0527,VIEW_PROFILE,2026-05-12T22:06:51+00:00
LOG-N-02595,EMP-N-020,ACC-N-0457,VIEW_PROFILE,2026-03-10T16:42:33+00:00
LOG-N-02596,EMP-N-065,ACC-N-0988,VIEW_PROFILE,2026-08-17T04:10:50+00:00
LOG-N-02597,EMP-N-038,ACC-C-HNW-02,VIEW_PROFILE,2026-02-12T17:52:00+00:00
LOG-N-02598,EMP-N-017,EXT-A-041-3,VIEW_PROFILE,2026-11-30T08:29:07+00:00
LOG-N-02599,EMP-N-017,ACC-N-0577,VIEW_PROFILE,2026-07-09T20:06:03+00:00
LOG-N-02600,EMP-N-097,ACC-N-0694,VIEW_PROFILE,2026-01-25T02:02:23+00:00
LOG-N-02601,EMP-N-048,ACC-N-0622,VIEW_PROFILE,2026-09-15T22:40:54+00:00
LOG-N-02602,EMP-N-099,EXT-A-040-2,MODIFY_PHONE,2026-10-20T22:15:34+00:00
LOG-N-02603,EMP-N-040,ACC-N-0722,MODIFY_PHONE,2026-07-12T19:17:25+00:00
LOG-N-02604,EMP-N-069,EXT-A-041-3,VIEW_PROFILE,2026-07-11T20:56:10+00:00
LOG-N-02605,EMP-N-018,ACC-N-0902,VIEW_PROFILE,2026-08-20T10:54:59+00:00
LOG-N-02606,EMP-N-057,ACC-N-0464,VIEW_PROFILE,2026-05-24T04:13:31+00:00
LOG-N-02607,EMP-N-022,ACC-N-0604,VIEW_PROFILE,2026-07-26T21:50:34+00:00
LOG-N-02608,EMP-N-069,ACC-N-0582,VIEW_PROFILE,2026-07-15T15:15:13+00:00
LOG-N-02609,EMP-N-068,ACC-N-0639,VIEW_PROFILE,2026-01-05T22:32:16+00:00
LOG-N-02610,EMP-N-083,EXT-A-018-3,VIEW_PROFILE,2026-11-27T20:49:01+00:00
LOG-N-02611,EMP-N-022,EXT-A-047-4,VIEW_PROFILE,2026-02-10T09:51:44+00:00
LOG-N-02612,EMP-N-078,ACC-N-0930,VIEW_PROFILE,2026-01-26T22:24:26+00:00
LOG-N-02613,EMP-N-069,ACC-B-04-A,VIEW_PROFILE,2026-08-25T11:37:48+00:00
LOG-N-02614,EMP-N-064,EXT-A-026-1,VIEW_PROFILE,2026-07-18T15:05:11+00:00
LOG-N-02615,EMP-N-090,ACC-N-0776,VIEW_PROFILE,2026-04-23T00:44:41+00:00
LOG-N-02616,EMP-N-042,EXT-A-033-4,VIEW_PROFILE,2026-01-10T05:46:47+00:00
LOG-N-02617,EMP-N-090,EXT-A-070-2,VIEW_PROFILE,2026-04-04T10:27:13+00:00
LOG-N-02618,EMP-N-068,ACC-N-0445,VIEW_PROFILE,2026-12-18T09:13:05+00:00
LOG-N-02619,EMP-C-PAYROLL,ACC-N-0545,VIEW_PROFILE,2026-03-05T21:33:06+00:00
LOG-N-02620,EMP-N-032,ACC-A-DORMANT-044,VIEW_PROFILE,2026-07-20T05:06:05+00:00
LOG-N-02621,EMP-N-093,ACC-N-0398,VIEW_PROFILE,2026-06-15T02:26:16+00:00
LOG-N-02622,EMP-C-PAYROLL,ACC-N-0557,MODIFY_PHONE,2026-04-18T19:25:15+00:00
LOG-N-02623,EMP-N-066,ACC-A-DORMANT-035,VIEW_PROFILE,2026-07-08T01:27:37+00:00
LOG-N-02624,EMP-N-063,ACC-A-DORMANT-024,VIEW_PROFILE,2026-12-16T20:49:53+00:00
LOG-N-02625,EMP-N-050,ACC-N-0746,VIEW_PROFILE,2026-02-02T13:36:42+00:00
LOG-N-02626,EMP-N-014,ACC-N-0983,VIEW_PROFILE,2026-12-08T16:05:23+00:00
LOG-N-02627,EMP-N-082,ACC-N-0560,VIEW_PROFILE,2026-09-11T02:34:33+00:00
LOG-N-02628,EMP-N-056,EXT-A-031-2,VIEW_PROFILE,2026-01-23T17:29:59+00:00
LOG-N-02629,EMP-N-099,ACC-N-0705,VIEW_PROFILE,2026-07-09T08:06:27+00:00
LOG-N-02630,EMP-N-068,ACC-N-0584,VIEW_PROFILE,2026-02-12T06:46:24+00:00
LOG-N-02631,EMP-N-091,ACC-N-0957,MODIFY_PHONE,2026-01-07T21:17:38+00:00
LOG-N-02632,EMP-N-009,ACC-A-DORMANT-035,VIEW_PROFILE,2026-02-05T23:41:57+00:00
LOG-N-02633,EMP-N-055,ACC-N-0525,VIEW_PROFILE,2026-03-17T23:53:00+00:00
LOG-N-02634,EMP-N-037,EXT-A-015-2,VIEW_PROFILE,2026-07-07T18:49:10+00:00
LOG-N-02635,EMP-N-055,ACC-N-0947,VIEW_PROFILE,2026-05-08T19:35:57+00:00
LOG-N-02636,EMP-N-091,EXT-A-038-1,VIEW_PROFILE,2026-11-22T02:23:33+00:00
LOG-N-02637,EMP-N-099,ACC-N-0776,VIEW_PROFILE,2026-06-18T11:18:30+00:00
LOG-N-02638,EMP-N-023,ACC-N-0776,MODIFY_PHONE,2026-05-27T21:21:52+00:00
LOG-N-02639,EMP-N-005,ACC-N-0399,VIEW_PROFILE,2026-03-05T13:13:40+00:00
LOG-N-02640,EMP-N-053,EXT-A-033-2,VIEW_PROFILE,2026-05-30T12:17:24+00:00
LOG-N-02641,EMP-N-074,EXT-A-033-4,VIEW_PROFILE,2026-07-27T01:29:22+00:00
LOG-N-02642,EMP-N-053,ACC-N-0583,VIEW_PROFILE,2026-08-23T02:01:28+00:00
LOG-N-02643,EMP-N-086,ACC-A-DORMANT-038,VIEW_PROFILE,2026-01-25T15:43:17+00:00
LOG-N-02644,EMP-N-042,ACC-N-0615,MODIFY_PHONE,2026-01-18T22:49:35+00:00
LOG-N-02645,EMP-N-084,ACC-N-0694,VIEW_PROFILE,2026-10-02T05:47:50+00:00
LOG-N-02646,EMP-N-005,ACC-A-DORMANT-038,VIEW_PROFILE,2026-01-06T02:25:35+00:00
LOG-N-02647,EMP-N-077,ACC-N-0879,VIEW_PROFILE,2026-09-29T16:00:14+00:00
LOG-N-02648,EMP-A-001,EXT-A-061-4,VIEW_PROFILE,2026-08-21T21:03:05+00:00
LOG-N-02649,EMP-N-046,ACC-A-DORMANT-021,VIEW_PROFILE,2026-02-01T23:45:47+00:00
LOG-N-02650,EMP-N-058,ACC-N-0418,VIEW_PROFILE,2026-09-22T08:14:55+00:00
LOG-N-02651,EMP-N-095,EXT-A-019-4,VIEW_PROFILE,2026-01-17T17:18:31+00:00
LOG-N-02652,EMP-N-053,ACC-N-0877,VIEW_PROFILE,2026-08-01T10:47:24+00:00
LOG-N-02653,EMP-N-085,ACC-N-0664,VIEW_PROFILE,2026-05-03T11:17:58+00:00
LOG-N-02654,EMP-N-018,ACC-N-0856,VIEW_PROFILE,2026-06-02T14:37:32+00:00
LOG-N-02655,EMP-N-089,ACC-N-0519,VIEW_PROFILE,2026-07-09T22:49:56+00:00
LOG-N-02656,EMP-N-095,EXT-A-034-2,OVERRIDE_ALERT,2026-02-21T04:05:06+00:00
LOG-N-02657,EMP-N-062,ACC-N-0783,VIEW_PROFILE,2026-08-18T01:29:40+00:00
LOG-N-02658,EMP-N-013,ACC-N-0630,VIEW_PROFILE,2026-07-25T19:49:49+00:00
LOG-N-02659,EMP-N-051,ACC-N-0932,VIEW_PROFILE,2026-09-23T23:42:07+00:00
LOG-N-02660,EMP-N-040,ACC-N-0794,VIEW_PROFILE,2026-08-21T10:08:25+00:00
LOG-N-02661,EMP-N-077,ACC-N-0542,VIEW_PROFILE,2026-11-29T20:43:22+00:00
LOG-N-02662,EMP-N-021,ACC-N-0901,VIEW_PROFILE,2026-02-26T05:07:56+00:00
LOG-N-02663,EMP-N-076,ACC-N-0537,VIEW_PROFILE,2026-08-29T20:31:26+00:00
LOG-N-02664,EMP-N-030,EXT-A-054-3,VIEW_PROFILE,2026-05-30T14:07:28+00:00
LOG-N-02665,EMP-N-009,EXT-A-046-2,VIEW_PROFILE,2026-08-19T12:37:34+00:00
LOG-N-02666,EMP-N-040,ACC-N-0619,VIEW_PROFILE,2026-06-08T22:01:42+00:00
LOG-N-02667,EMP-N-079,ACC-N-0693,VIEW_PROFILE,2026-09-27T03:05:27+00:00
LOG-N-02668,EMP-N-021,ACC-N-0897,OVERRIDE_ALERT,2026-10-21T06:14:15+00:00
LOG-N-02669,EMP-N-054,ACC-N-0992,VIEW_PROFILE,2026-10-26T09:02:16+00:00
LOG-N-02670,EMP-N-026,ACC-N-0832,VIEW_PROFILE,2026-11-01T17:08:39+00:00
LOG-N-02671,EMP-N-010,ACC-N-0987,VIEW_PROFILE,2026-05-26T10:15:04+00:00
LOG-N-02672,EMP-N-053,ACC-N-0985,VIEW_PROFILE,2026-01-16T23:38:42+00:00
LOG-N-02673,EMP-N-082,ACC-N-0667,MANUAL_UNFREEZE,2026-02-12T11:40:13+00:00
LOG-N-02674,EMP-N-048,ACC-N-0932,VIEW_PROFILE,2026-01-11T14:52:11+00:00
LOG-N-02675,EMP-N-054,EXT-A-021-4,MODIFY_PHONE,2026-12-05T02:49:56+00:00
LOG-N-02676,EMP-N-015,ACC-N-0563,VIEW_PROFILE,2026-02-13T00:28:06+00:00
LOG-N-02677,EMP-N-026,ACC-N-0542,VIEW_PROFILE,2026-05-07T15:02:08+00:00
LOG-N-02678,EMP-N-037,ACC-N-0757,VIEW_PROFILE,2026-11-24T09:36:33+00:00
LOG-N-02679,EMP-N-031,ACC-A-DORMANT-006,VIEW_PROFILE,2026-10-13T11:26:30+00:00
LOG-N-02680,EMP-N-047,ACC-N-0545,VIEW_PROFILE,2026-06-10T09:23:16+00:00
LOG-N-02681,EMP-N-016,ACC-A-DORMANT-008,VIEW_PROFILE,2026-07-22T00:20:38+00:00
LOG-N-02682,EMP-N-007,ACC-B-04-B,VIEW_PROFILE,2026-09-25T21:12:51+00:00
LOG-N-02683,EMP-N-029,EXT-A-023-4,VIEW_PROFILE,2026-11-22T05:58:54+00:00
LOG-N-02684,EMP-N-095,EXT-A-023-4,VIEW_PROFILE,2026-01-26T05:39:37+00:00
LOG-N-02685,EMP-N-014,ACC-B-04-B,VIEW_PROFILE,2026-02-01T01:02:38+00:00
LOG-N-02686,EMP-N-016,ACC-N-0622,VIEW_PROFILE,2026-12-22T06:24:32+00:00
LOG-N-02687,EMP-N-053,ACC-N-0730,MODIFY_PHONE,2026-10-14T21:36:03+00:00
LOG-N-02688,EMP-N-019,EXT-A-055-3,OVERRIDE_ALERT,2026-11-21T18:01:04+00:00
LOG-N-02689,EMP-N-040,ACC-N-0587,MODIFY_PHONE,2026-11-01T06:36:54+00:00
LOG-N-02690,EMP-N-082,ACC-N-0756,VIEW_PROFILE,2026-04-27T00:40:21+00:00
LOG-N-02691,EMP-N-068,ACC-N-0676,VIEW_PROFILE,2026-05-05T15:45:22+00:00
LOG-N-02692,EMP-N-039,ACC-N-0981,VIEW_PROFILE,2026-01-18T04:10:58+00:00
LOG-N-02693,EMP-N-047,ACC-A-DORMANT-016,VIEW_PROFILE,2026-04-29T10:02:13+00:00
LOG-N-02694,EMP-C-PAYROLL,ACC-N-0786,MODIFY_PHONE,2026-02-24T01:59:04+00:00
LOG-N-02695,EMP-N-025,ACC-N-0451,MODIFY_PHONE,2026-05-19T14:31:38+00:00
LOG-N-02696,EMP-N-019,EXT-A-018-3,VIEW_PROFILE,2026-05-11T20:42:23+00:00
LOG-N-02697,EMP-N-023,ACC-N-0990,VIEW_PROFILE,2026-01-01T20:58:32+00:00
LOG-N-02698,EMP-N-091,EXT-A-010-3,VIEW_PROFILE,2026-01-18T22:17:26+00:00
LOG-N-02699,EMP-N-094,ACC-N-0883,VIEW_PROFILE,2026-03-02T22:48:14+00:00
LOG-N-02700,EMP-N-017,ACC-C-PAY-04,VIEW_PROFILE,2026-03-03T23:28:10+00:00
LOG-N-02701,EMP-N-008,ACC-A-DORMANT-028,VIEW_PROFILE,2026-06-05T01:29:35+00:00
LOG-N-02702,EMP-N-019,ACC-N-0755,VIEW_PROFILE,2026-03-18T00:34:18+00:00
LOG-N-02703,EMP-N-099,EXT-A-020-1,VIEW_PROFILE,2026-08-15T20:37:52+00:00
LOG-N-02704,EMP-N-017,ACC-N-0651,VIEW_PROFILE,2026-10-02T11:38:24+00:00
LOG-N-02705,EMP-N-046,EXT-A-065-4,VIEW_PROFILE,2026-10-16T21:20:46+00:00
LOG-N-02706,EMP-N-041,ACC-N-0735,VIEW_PROFILE,2026-01-31T02:40:32+00:00
LOG-N-02707,EMP-N-035,ACC-N-0525,VIEW_PROFILE,2026-09-23T07:36:02+00:00
LOG-N-02708,EMP-N-074,ACC-N-0770,VIEW_PROFILE,2026-05-11T02:33:02+00:00
LOG-N-02709,EMP-N-087,ACC-C-CORP,VIEW_PROFILE,2026-10-29T09:07:46+00:00
LOG-N-02710,EMP-N-024,ACC-C-HNW-01,VIEW_PROFILE,2026-05-14T22:38:57+00:00
LOG-N-02711,EMP-N-028,ACC-N-0545,VIEW_PROFILE,2026-05-13T17:04:53+00:00
LOG-N-02712,EMP-N-096,ACC-N-0698,VIEW_PROFILE,2026-07-26T03:38:26+00:00
LOG-N-02713,EMP-N-095,ACC-N-0422,VIEW_PROFILE,2026-11-04T22:37:46+00:00
LOG-N-02714,EMP-N-045,EXT-A-038-3,VIEW_PROFILE,2026-05-31T11:55:05+00:00
LOG-N-02715,EMP-N-080,ACC-N-0911,VIEW_PROFILE,2026-11-01T04:49:35+00:00
LOG-N-02716,EMP-N-010,EXT-A-056-2,VIEW_PROFILE,2026-09-19T02:00:38+00:00
LOG-N-02717,EMP-N-015,ACC-N-0795,VIEW_PROFILE,2026-09-03T12:20:19+00:00
LOG-N-02718,EMP-N-083,ACC-N-0580,VIEW_PROFILE,2026-02-03T01:52:04+00:00
LOG-N-02719,EMP-N-019,ACC-N-0552,VIEW_PROFILE,2026-07-27T14:45:01+00:00
LOG-N-02720,EMP-N-085,ACC-A-DORMANT-071,VIEW_PROFILE,2026-06-17T07:02:08+00:00
LOG-N-02721,EMP-N-009,EXT-A-033-2,VIEW_PROFILE,2026-05-28T02:24:14+00:00
LOG-N-02722,EMP-N-035,ACC-N-0832,VIEW_PROFILE,2026-06-14T10:39:00+00:00
LOG-N-02723,EMP-N-047,ACC-N-0609,VIEW_PROFILE,2026-01-02T12:13:01+00:00
LOG-N-02724,EMP-C-PAYROLL,ACC-N-0836,VIEW_PROFILE,2026-03-26T06:49:34+00:00
LOG-N-02725,EMP-N-098,ACC-N-0707,VIEW_PROFILE,2026-04-16T13:58:35+00:00
LOG-N-02726,EMP-N-029,ACC-N-0627,VIEW_PROFILE,2026-09-30T14:04:23+00:00
LOG-N-02727,EMP-N-049,ACC-B-04-A,VIEW_PROFILE,2026-12-11T00:52:59+00:00
LOG-N-02728,EMP-N-066,ACC-N-0842,VIEW_PROFILE,2026-04-17T22:11:17+00:00
LOG-N-02729,EMP-N-070,ACC-N-0723,VIEW_PROFILE,2026-07-25T21:11:09+00:00
LOG-N-02730,EMP-N-026,ACC-A-DORMANT-029,VIEW_PROFILE,2026-03-20T03:58:27+00:00
LOG-N-02731,EMP-N-087,ACC-N-0892,OVERRIDE_ALERT,2026-12-26T13:36:01+00:00
LOG-N-02732,EMP-N-081,EXT-A-010-2,MODIFY_PHONE,2026-08-08T23:41:31+00:00
LOG-N-02733,EMP-N-023,ACC-B-04-B,MODIFY_PHONE,2026-07-28T15:19:57+00:00
LOG-N-02734,EMP-N-044,ACC-N-0816,VIEW_PROFILE,2026-08-06T07:09:31+00:00
LOG-N-02735,EMP-N-038,ACC-N-0498,VIEW_PROFILE,2026-12-26T20:47:12+00:00
LOG-N-02736,EMP-N-037,ACC-N-0598,MODIFY_PHONE,2026-08-07T08:05:25+00:00
LOG-N-02737,EMP-N-016,ACC-N-0826,VIEW_PROFILE,2026-04-09T08:18:28+00:00
LOG-N-02738,EMP-N-074,ACC-N-0449,VIEW_PROFILE,2026-07-19T21:11:01+00:00
LOG-N-02739,EMP-N-027,ACC-N-0909,VIEW_PROFILE,2026-02-19T13:03:16+00:00
LOG-N-02740,EMP-N-081,EXT-A-068-2,MODIFY_PHONE,2026-03-19T11:08:10+00:00
LOG-N-02741,EMP-N-027,ACC-N-0722,VIEW_PROFILE,2026-05-04T01:32:05+00:00
LOG-N-02742,EMP-N-008,ACC-A-DORMANT-014,VIEW_PROFILE,2026-03-07T18:15:39+00:00
LOG-N-02743,EMP-N-028,ACC-N-0762,VIEW_PROFILE,2026-07-10T07:41:40+00:00
LOG-N-02744,EMP-N-022,ACC-A-DORMANT-054,VIEW_PROFILE,2026-05-15T04:48:44+00:00
LOG-N-02745,EMP-N-043,ACC-N-0653,VIEW_PROFILE,2026-04-17T00:56:46+00:00
LOG-N-02746,EMP-N-077,ACC-N-0765,VIEW_PROFILE,2026-09-11T15:54:46+00:00
LOG-N-02747,EMP-N-067,EXT-A-061-1,VIEW_PROFILE,2026-10-18T04:57:40+00:00
LOG-N-02748,EMP-N-091,ACC-N-0420,VIEW_PROFILE,2026-02-10T16:35:15+00:00
LOG-N-02749,EMP-N-044,ACC-N-0600,VIEW_PROFILE,2026-09-26T01:13:14+00:00
LOG-N-02750,EMP-N-029,EXT-A-005-3,VIEW_PROFILE,2026-06-07T15:51:16+00:00
LOG-N-02751,EMP-B-001,ACC-N-0604,MODIFY_PHONE,2026-05-03T07:49:10+00:00
LOG-N-02752,EMP-N-092,ACC-A-DORMANT-014,VIEW_PROFILE,2026-06-22T01:35:12+00:00
LOG-N-02753,EMP-N-037,ACC-B-02-A,VIEW_PROFILE,2026-04-11T14:50:39+00:00
LOG-N-02754,EMP-N-060,EXT-A-054-4,VIEW_PROFILE,2026-02-19T04:07:24+00:00
LOG-N-02755,EMP-C-PAYROLL,EXT-A-030-3,VIEW_PROFILE,2026-12-05T02:59:30+00:00
LOG-N-02756,EMP-N-068,EXT-A-056-1,VIEW_PROFILE,2026-12-29T08:24:01+00:00
LOG-N-02757,EMP-N-008,EXT-A-045-2,VIEW_PROFILE,2026-11-07T18:27:44+00:00
LOG-N-02758,EMP-N-063,EXT-A-012-2,VIEW_PROFILE,2026-11-13T14:20:36+00:00
LOG-N-02759,EMP-N-077,EXT-A-025-3,VIEW_PROFILE,2026-02-15T22:36:50+00:00
LOG-N-02760,EMP-N-020,ACC-N-0550,MODIFY_PHONE,2026-05-17T15:06:15+00:00
LOG-N-02761,EMP-N-063,ACC-N-0893,VIEW_PROFILE,2026-11-22T04:20:34+00:00
LOG-N-02762,EMP-N-073,ACC-A-DORMANT-068,VIEW_PROFILE,2026-05-01T06:35:22+00:00
LOG-N-02763,EMP-N-009,ACC-N-0851,VIEW_PROFILE,2026-06-24T07:29:54+00:00
LOG-N-02764,EMP-N-030,ACC-N-0393,VIEW_PROFILE,2026-10-09T19:32:07+00:00
LOG-N-02765,EMP-N-050,ACC-N-0540,OVERRIDE_ALERT,2026-08-10T06:01:05+00:00
LOG-N-02766,EMP-N-079,EXT-A-043-2,VIEW_PROFILE,2026-07-30T01:55:25+00:00
LOG-N-02767,EMP-N-011,ACC-N-0736,OVERRIDE_ALERT,2026-08-02T12:55:22+00:00
LOG-N-02768,EMP-N-020,ACC-N-0720,VIEW_PROFILE,2026-01-19T01:54:45+00:00
LOG-N-02769,EMP-C-WEALTH,ACC-N-0517,VIEW_PROFILE,2026-02-08T23:21:37+00:00
LOG-N-02770,EMP-N-062,ACC-N-0454,OVERRIDE_ALERT,2026-04-22T15:24:17+00:00
LOG-N-02771,EMP-N-087,EXT-A-049-3,VIEW_PROFILE,2026-02-17T14:14:51+00:00
LOG-N-02772,EMP-N-097,ACC-N-0413,VIEW_PROFILE,2026-07-02T08:00:46+00:00
LOG-N-02773,EMP-N-017,ACC-N-0891,VIEW_PROFILE,2026-02-08T16:52:29+00:00
LOG-N-02774,EMP-N-055,ACC-N-0765,VIEW_PROFILE,2026-01-18T21:35:27+00:00
LOG-N-02775,EMP-N-029,ACC-N-0556,VIEW_PROFILE,2026-07-07T20:58:55+00:00
LOG-N-02776,EMP-N-096,ACC-N-0818,VIEW_PROFILE,2026-08-01T23:25:46+00:00
LOG-N-02777,EMP-N-093,ACC-N-0558,VIEW_PROFILE,2026-03-07T19:07:08+00:00
LOG-N-02778,EMP-N-015,ACC-A-DORMANT-016,VIEW_PROFILE,2026-05-09T10:07:16+00:00
LOG-N-02779,EMP-N-094,EXT-A-011-3,VIEW_PROFILE,2026-10-09T23:22:21+00:00
LOG-N-02780,EMP-N-019,EXT-A-018-3,VIEW_PROFILE,2026-10-29T07:44:07+00:00
LOG-N-02781,EMP-N-077,ACC-N-0903,MODIFY_PHONE,2026-05-06T21:51:01+00:00
LOG-N-02782,EMP-N-087,ACC-N-0643,VIEW_PROFILE,2026-03-19T07:57:51+00:00
LOG-N-02783,EMP-N-008,ACC-N-0469,VIEW_PROFILE,2026-11-24T00:54:26+00:00
LOG-N-02784,EMP-N-008,ACC-N-0678,VIEW_PROFILE,2026-03-29T04:39:58+00:00
LOG-N-02785,EMP-N-076,ACC-N-0677,VIEW_PROFILE,2026-07-29T05:23:18+00:00
LOG-N-02786,EMP-N-030,ACC-N-0845,VIEW_PROFILE,2026-08-02T21:56:18+00:00
LOG-N-02787,EMP-N-036,ACC-N-0711,VIEW_PROFILE,2026-05-04T19:41:58+00:00
LOG-N-02788,EMP-N-059,ACC-N-0897,VIEW_PROFILE,2026-05-19T06:56:08+00:00
LOG-N-02789,EMP-N-013,EXT-A-003-2,VIEW_PROFILE,2026-04-03T02:18:05+00:00
LOG-N-02790,EMP-N-087,ACC-N-0836,VIEW_PROFILE,2026-08-18T02:19:34+00:00
LOG-N-02791,EMP-N-065,EXT-A-041-1,VIEW_PROFILE,2026-02-12T00:46:33+00:00
LOG-N-02792,EMP-N-019,ACC-N-0520,VIEW_PROFILE,2026-05-05T11:21:43+00:00
LOG-N-02793,EMP-N-085,EXT-A-005-3,VIEW_PROFILE,2026-03-31T19:58:15+00:00
LOG-N-02794,EMP-N-009,ACC-A-DORMANT-050,VIEW_PROFILE,2026-03-01T20:12:50+00:00
LOG-N-02795,EMP-N-035,ACC-N-0693,VIEW_PROFILE,2026-04-19T19:53:24+00:00
LOG-N-02796,EMP-C-PAYROLL,EXT-A-040-2,VIEW_PROFILE,2026-05-26T15:40:46+00:00
LOG-N-02797,EMP-N-087,ACC-N-0779,VIEW_PROFILE,2026-04-25T07:42:17+00:00
LOG-N-02798,EMP-N-068,ACC-N-0789,VIEW_PROFILE,2026-08-12T17:48:52+00:00
LOG-N-02799,EMP-N-011,EXT-A-071-3,VIEW_PROFILE,2026-05-10T19:45:02+00:00
LOG-N-02800,EMP-N-042,ACC-N-0406,VIEW_PROFILE,2026-06-06T21:17:59+00:00
LOG-N-02801,EMP-N-010,ACC-N-0792,VIEW_PROFILE,2026-10-17T23:38:29+00:00
LOG-N-02802,EMP-N-094,ACC-N-0425,VIEW_PROFILE,2026-07-17T15:54:04+00:00
LOG-N-02803,EMP-N-036,ACC-N-0502,VIEW_PROFILE,2026-02-03T13:12:37+00:00
LOG-N-02804,EMP-N-097,ACC-N-0392,VIEW_PROFILE,2026-09-09T20:53:56+00:00
LOG-N-02805,EMP-N-095,ACC-N-0517,VIEW_PROFILE,2026-09-09T10:27:00+00:00
LOG-N-02806,EMP-N-066,ACC-N-0525,MODIFY_PHONE,2026-12-31T17:09:37+00:00
LOG-N-02807,EMP-N-048,ACC-N-0473,VIEW_PROFILE,2026-10-16T03:01:29+00:00
LOG-N-02808,EMP-N-046,ACC-A-DORMANT-050,MANUAL_UNFREEZE,2026-04-26T10:15:33+00:00
LOG-N-02809,EMP-N-032,EXT-A-036-4,VIEW_PROFILE,2026-06-04T00:26:55+00:00
LOG-N-02810,EMP-N-042,ACC-N-0607,MODIFY_PHONE,2026-08-26T20:43:16+00:00
LOG-N-02811,EMP-N-038,ACC-N-0593,VIEW_PROFILE,2026-02-08T09:21:56+00:00
LOG-N-02812,EMP-C-WEALTH,ACC-N-0957,VIEW_PROFILE,2026-02-17T00:30:57+00:00
LOG-N-02813,EMP-N-025,EXT-A-070-3,VIEW_PROFILE,2026-10-31T21:55:17+00:00
LOG-N-02814,EMP-N-039,ACC-N-0933,VIEW_PROFILE,2026-03-05T20:39:43+00:00
LOG-N-02815,EMP-N-007,ACC-N-0846,MODIFY_PHONE,2026-09-05T16:29:37+00:00
LOG-N-02816,EMP-N-021,ACC-N-0912,VIEW_PROFILE,2026-04-24T16:27:02+00:00
LOG-N-02817,EMP-N-087,ACC-N-0931,VIEW_PROFILE,2026-03-09T02:08:47+00:00
LOG-N-02818,EMP-N-093,ACC-N-0521,VIEW_PROFILE,2026-11-21T23:19:03+00:00
LOG-N-02819,EMP-N-023,ACC-N-0428,VIEW_PROFILE,2026-08-11T00:00:53+00:00
LOG-N-02820,EMP-N-049,ACC-N-0956,VIEW_PROFILE,2026-12-31T03:51:05+00:00
LOG-N-02821,EMP-N-086,ACC-N-0773,VIEW_PROFILE,2026-12-27T21:48:05+00:00
LOG-N-02822,EMP-N-074,EXT-A-048-1,VIEW_PROFILE,2026-03-15T23:45:30+00:00
LOG-N-02823,EMP-N-083,ACC-N-0668,VIEW_PROFILE,2026-12-20T23:13:56+00:00
LOG-N-02824,EMP-N-097,ACC-N-0945,VIEW_PROFILE,2026-09-15T12:37:02+00:00
LOG-N-02825,EMP-N-056,ACC-A-DORMANT-071,VIEW_PROFILE,2026-10-20T13:44:39+00:00
LOG-N-02826,EMP-N-030,EXT-A-016-1,VIEW_PROFILE,2026-03-19T06:57:01+00:00
LOG-N-02827,EMP-N-043,ACC-N-0871,OVERRIDE_ALERT,2026-11-13T09:20:32+00:00
LOG-N-02828,EMP-N-017,ACC-N-0604,VIEW_PROFILE,2026-10-16T19:24:42+00:00
LOG-N-02829,EMP-N-072,ACC-N-0522,VIEW_PROFILE,2026-05-17T06:20:55+00:00
LOG-N-02830,EMP-N-028,ACC-N-0543,VIEW_PROFILE,2026-05-30T21:40:47+00:00
LOG-N-02831,EMP-N-007,ACC-N-0475,VIEW_PROFILE,2026-04-28T22:00:09+00:00
LOG-N-02832,EMP-N-010,EXT-A-045-4,VIEW_PROFILE,2026-07-28T17:24:05+00:00
LOG-N-02833,EMP-N-032,ACC-A-DORMANT-020,VIEW_PROFILE,2026-08-04T00:55:52+00:00
LOG-N-02834,EMP-N-011,ACC-N-0610,VIEW_PROFILE,2026-10-11T01:01:04+00:00
LOG-N-02835,EMP-N-049,ACC-N-0645,VIEW_PROFILE,2026-03-08T05:14:31+00:00
LOG-N-02836,EMP-N-023,EXT-A-033-4,VIEW_PROFILE,2026-07-11T00:02:03+00:00
LOG-N-02837,EMP-N-067,EXT-A-028-3,VIEW_PROFILE,2026-10-07T07:02:07+00:00
LOG-N-02838,EMP-N-092,ACC-N-0688,VIEW_PROFILE,2026-06-07T09:39:10+00:00
LOG-N-02839,EMP-N-026,ACC-N-0461,MODIFY_PHONE,2026-08-16T09:30:09+00:00
LOG-N-02840,EMP-N-019,ACC-N-0884,OVERRIDE_ALERT,2026-03-28T19:41:52+00:00
LOG-N-02841,EMP-N-037,ACC-N-0854,VIEW_PROFILE,2026-08-26T10:35:52+00:00
LOG-N-02842,EMP-N-019,ACC-N-0842,MODIFY_PHONE,2026-03-22T03:02:14+00:00
LOG-N-02843,EMP-N-021,ACC-N-0676,VIEW_PROFILE,2026-11-30T05:01:33+00:00
LOG-N-02844,EMP-C-PAYROLL,ACC-N-0750,VIEW_PROFILE,2026-02-19T15:32:54+00:00
LOG-N-02845,EMP-N-062,ACC-N-0649,VIEW_PROFILE,2026-09-24T03:58:20+00:00
LOG-N-02846,EMP-N-060,ACC-A-DORMANT-036,VIEW_PROFILE,2026-10-03T14:50:05+00:00
LOG-N-02847,EMP-N-064,EXT-A-044-2,MODIFY_PHONE,2026-10-03T13:44:37+00:00
LOG-N-02848,EMP-C-PAYROLL,EXT-A-035-2,VIEW_PROFILE,2026-07-23T00:58:27+00:00
LOG-N-02849,EMP-N-053,ACC-N-0708,VIEW_PROFILE,2026-06-02T10:13:54+00:00
LOG-N-02850,EMP-N-020,ACC-N-0550,VIEW_PROFILE,2026-07-04T15:34:43+00:00
LOG-N-02851,EMP-N-078,ACC-N-0421,VIEW_PROFILE,2026-06-30T16:30:36+00:00
LOG-N-02852,EMP-N-021,EXT-A-061-2,VIEW_PROFILE,2026-12-20T14:49:56+00:00
LOG-N-02853,EMP-N-056,ACC-N-0459,VIEW_PROFILE,2026-08-23T12:58:27+00:00
LOG-N-02854,EMP-N-076,ACC-N-0721,VIEW_PROFILE,2026-07-31T00:03:14+00:00
LOG-N-02855,EMP-N-097,ACC-N-0637,VIEW_PROFILE,2026-02-01T20:22:10+00:00
LOG-N-02856,EMP-N-097,EXT-A-071-1,VIEW_PROFILE,2026-09-14T15:53:07+00:00
LOG-N-02857,EMP-N-009,ACC-N-0691,VIEW_PROFILE,2026-09-30T17:17:42+00:00
LOG-N-02858,EMP-N-065,ACC-N-0757,MODIFY_PHONE,2026-08-09T15:27:08+00:00
LOG-N-02859,EMP-N-082,ACC-N-0979,VIEW_PROFILE,2026-01-26T11:52:28+00:00
LOG-N-02860,EMP-N-061,ACC-N-0683,VIEW_PROFILE,2026-04-16T22:42:53+00:00
LOG-N-02861,EMP-N-013,ACC-N-0711,MODIFY_PHONE,2026-03-21T10:57:50+00:00
LOG-N-02862,EMP-N-061,ACC-N-0941,VIEW_PROFILE,2026-09-16T15:46:50+00:00
LOG-N-02863,EMP-N-052,ACC-N-0607,VIEW_PROFILE,2026-06-03T01:24:32+00:00
LOG-N-02864,EMP-N-051,EXT-A-007-1,VIEW_PROFILE,2026-04-30T04:46:28+00:00
LOG-N-02865,EMP-N-081,ACC-N-0821,VIEW_PROFILE,2026-05-13T00:02:59+00:00
LOG-N-02866,EMP-N-026,ACC-N-0536,VIEW_PROFILE,2026-10-07T20:24:54+00:00
LOG-N-02867,EMP-N-093,EXT-A-055-1,VIEW_PROFILE,2026-05-14T10:56:25+00:00
LOG-N-02868,EMP-N-018,EXT-A-061-2,VIEW_PROFILE,2026-11-04T13:57:58+00:00
LOG-N-02869,EMP-N-088,ACC-N-0671,VIEW_PROFILE,2026-07-16T18:46:28+00:00
LOG-N-02870,EMP-N-038,ACC-N-0847,VIEW_PROFILE,2026-08-29T12:56:45+00:00
LOG-N-02871,EMP-N-025,ACC-N-0539,VIEW_PROFILE,2026-02-22T19:46:21+00:00
LOG-N-02872,EMP-N-023,ACC-N-0868,VIEW_PROFILE,2026-01-31T15:49:11+00:00
LOG-N-02873,EMP-N-019,ACC-N-0715,VIEW_PROFILE,2026-02-02T17:58:28+00:00
LOG-N-02874,EMP-N-071,EXT-A-047-4,VIEW_PROFILE,2026-07-05T09:15:30+00:00
LOG-N-02875,EMP-N-088,ACC-N-0629,VIEW_PROFILE,2026-04-07T15:50:30+00:00
LOG-N-02876,EMP-N-098,ACC-N-0938,VIEW_PROFILE,2026-05-01T12:46:58+00:00
LOG-N-02877,EMP-N-042,ACC-A-DORMANT-046,VIEW_PROFILE,2026-05-12T11:59:05+00:00
LOG-N-02878,EMP-N-050,EXT-A-027-1,VIEW_PROFILE,2026-04-22T22:19:41+00:00
LOG-N-02879,EMP-N-029,ACC-N-0436,VIEW_PROFILE,2026-08-14T15:36:37+00:00
LOG-N-02880,EMP-N-051,EXT-A-063-1,VIEW_PROFILE,2026-02-02T07:55:08+00:00
LOG-N-02881,EMP-C-WEALTH,ACC-N-0987,VIEW_PROFILE,2026-08-05T13:52:52+00:00
LOG-N-02882,EMP-N-065,EXT-A-051-1,VIEW_PROFILE,2026-03-19T01:44:14+00:00
LOG-N-02883,EMP-N-041,ACC-A-DORMANT-068,OVERRIDE_ALERT,2026-11-16T00:12:24+00:00
LOG-N-02884,EMP-N-056,ACC-N-0963,VIEW_PROFILE,2026-04-02T05:14:38+00:00
LOG-N-02885,EMP-N-062,EXT-A-010-4,MODIFY_PHONE,2026-04-08T23:08:13+00:00
LOG-N-02886,EMP-N-035,ACC-N-0686,VIEW_PROFILE,2026-11-19T10:19:33+00:00
LOG-N-02887,EMP-N-062,EXT-A-033-4,MODIFY_PHONE,2026-12-26T04:19:15+00:00
LOG-N-02888,EMP-N-100,EXT-A-011-1,VIEW_PROFILE,2026-10-21T22:20:54+00:00
LOG-N-02889,EMP-N-043,ACC-N-0673,VIEW_PROFILE,2026-05-24T09:29:31+00:00
LOG-N-02890,EMP-N-093,EXT-A-023-3,VIEW_PROFILE,2026-03-22T22:35:55+00:00
LOG-N-02891,EMP-N-082,ACC-N-0802,MODIFY_PHONE,2026-11-22T13:33:51+00:00
LOG-N-02892,EMP-N-083,ACC-N-0864,VIEW_PROFILE,2026-10-26T14:03:24+00:00
LOG-N-02893,EMP-N-092,ACC-N-0577,VIEW_PROFILE,2026-08-07T10:57:00+00:00
LOG-N-02894,EMP-N-098,ACC-N-0563,VIEW_PROFILE,2026-06-13T20:59:05+00:00
LOG-N-02895,EMP-N-095,ACC-A-DORMANT-072,VIEW_PROFILE,2026-08-20T01:01:42+00:00
LOG-N-02896,EMP-N-047,ACC-N-0729,VIEW_PROFILE,2026-12-28T08:28:22+00:00
LOG-N-02897,EMP-N-056,ACC-N-0502,VIEW_PROFILE,2026-02-11T11:45:23+00:00
LOG-N-02898,EMP-N-050,ACC-N-0724,VIEW_PROFILE,2026-07-19T06:39:14+00:00
LOG-N-02899,EMP-N-095,ACC-N-0699,VIEW_PROFILE,2026-12-11T08:56:45+00:00
LOG-N-02900,EMP-N-082,ACC-N-0482,VIEW_PROFILE,2026-09-24T03:59:13+00:00
LOG-N-02901,EMP-N-099,ACC-N-0622,VIEW_PROFILE,2026-05-04T22:24:13+00:00
LOG-N-02902,EMP-N-076,EXT-A-061-4,VIEW_PROFILE,2026-09-16T22:21:20+00:00
LOG-N-02903,EMP-N-048,ACC-N-0728,VIEW_PROFILE,2026-07-02T20:05:11+00:00
LOG-N-02904,EMP-N-057,ACC-A-DORMANT-037,VIEW_PROFILE,2026-02-23T00:47:58+00:00
LOG-N-02905,EMP-B-001,ACC-N-0662,VIEW_PROFILE,2026-04-18T11:39:03+00:00
LOG-N-02906,EMP-N-030,EXT-A-063-1,VIEW_PROFILE,2026-02-24T15:01:14+00:00
LOG-N-02907,EMP-N-052,EXT-A-006-2,VIEW_PROFILE,2026-07-06T08:08:29+00:00
LOG-N-02908,EMP-N-051,ACC-N-0634,VIEW_PROFILE,2026-01-07T08:41:29+00:00
LOG-N-02909,EMP-N-039,EXT-A-020-2,VIEW_PROFILE,2026-03-23T00:42:39+00:00
LOG-N-02910,EMP-N-100,EXT-A-042-2,MODIFY_PHONE,2026-07-24T11:59:13+00:00
LOG-N-02911,EMP-N-096,ACC-N-0493,VIEW_PROFILE,2026-08-22T20:18:24+00:00
LOG-N-02912,EMP-C-WEALTH,EXT-A-024-4,VIEW_PROFILE,2026-04-17T07:26:30+00:00
LOG-N-02913,EMP-N-089,EXT-A-010-2,MODIFY_PHONE,2026-08-26T02:59:41+00:00
LOG-N-02914,EMP-N-051,ACC-B-04-A,VIEW_PROFILE,2026-08-05T10:25:52+00:00
LOG-N-02915,EMP-N-006,EXT-A-046-1,MODIFY_PHONE,2026-06-05T10:04:36+00:00
LOG-N-02916,EMP-N-067,ACC-N-0455,VIEW_PROFILE,2026-02-15T02:44:42+00:00
LOG-N-02917,EMP-N-012,EXT-A-120482,VIEW_PROFILE,2026-05-01T00:54:55+00:00
LOG-N-02918,EMP-N-053,EXT-A-029-2,MODIFY_PHONE,2026-11-27T00:46:00+00:00
LOG-N-02919,EMP-N-063,EXT-A-016-1,VIEW_PROFILE,2026-07-01T01:40:30+00:00
LOG-N-02920,EMP-N-090,ACC-N-0797,VIEW_PROFILE,2026-07-06T22:00:43+00:00
LOG-N-02921,EMP-N-063,ACC-N-0571,VIEW_PROFILE,2026-09-29T00:37:20+00:00
LOG-N-02922,EMP-N-062,EXT-A-050-4,VIEW_PROFILE,2026-12-13T09:50:47+00:00
LOG-N-02923,EMP-N-054,EXT-A-060-3,VIEW_PROFILE,2026-12-16T10:01:53+00:00
LOG-N-02924,EMP-N-097,ACC-A-DORMANT-029,VIEW_PROFILE,2026-07-31T11:32:22+00:00
LOG-N-02925,EMP-N-066,EXT-A-003-1,MODIFY_PHONE,2026-12-14T10:35:48+00:00
LOG-N-02926,EMP-N-047,ACC-N-0718,VIEW_PROFILE,2026-12-31T21:48:37+00:00
LOG-N-02927,EMP-N-081,EXT-A-061-4,VIEW_PROFILE,2026-09-09T01:28:07+00:00
LOG-N-02928,EMP-N-038,ACC-A-DORMANT-058,VIEW_PROFILE,2026-12-23T11:19:03+00:00
LOG-N-02929,EMP-N-024,ACC-N-0828,VIEW_PROFILE,2026-03-20T16:40:58+00:00
LOG-N-02930,EMP-N-030,EXT-A-012-3,VIEW_PROFILE,2026-07-31T15:57:33+00:00
LOG-N-02931,EMP-N-032,ACC-N-0612,VIEW_PROFILE,2026-04-09T16:52:32+00:00
LOG-N-02932,EMP-N-087,ACC-N-0980,OVERRIDE_ALERT,2026-07-23T00:00:28+00:00
LOG-N-02933,EMP-N-029,ACC-N-0656,VIEW_PROFILE,2026-01-14T10:44:00+00:00
LOG-N-02934,EMP-N-044,ACC-N-0675,OVERRIDE_ALERT,2026-11-18T05:43:31+00:00
LOG-N-02935,EMP-N-097,ACC-N-0411,VIEW_PROFILE,2026-03-02T00:31:22+00:00
LOG-N-02936,EMP-C-WEALTH,ACC-N-0710,VIEW_PROFILE,2026-04-28T15:58:54+00:00
LOG-N-02937,EMP-N-054,ACC-N-0426,VIEW_PROFILE,2026-11-27T00:27:36+00:00
LOG-N-02938,EMP-N-050,ACC-N-0697,VIEW_PROFILE,2026-12-11T07:52:42+00:00
LOG-N-02939,EMP-N-055,ACC-N-0685,VIEW_PROFILE,2026-09-10T11:57:16+00:00
LOG-N-02940,EMP-N-065,ACC-C-PAY-07,VIEW_PROFILE,2026-12-09T04:39:37+00:00
LOG-N-02941,EMP-N-062,ACC-N-0817,VIEW_PROFILE,2026-05-28T12:08:33+00:00
LOG-N-02942,EMP-N-036,ACC-N-0814,VIEW_PROFILE,2026-01-03T10:42:31+00:00
LOG-N-02943,EMP-N-039,EXT-A-058-2,VIEW_PROFILE,2026-09-28T15:39:42+00:00
LOG-N-02944,EMP-N-030,EXT-A-021-2,VIEW_PROFILE,2026-10-28T10:18:35+00:00
LOG-N-02945,EMP-N-067,EXT-A-041-1,VIEW_PROFILE,2026-03-11T10:19:01+00:00
LOG-N-02946,EMP-N-066,EXT-A-032-4,VIEW_PROFILE,2026-11-21T09:15:03+00:00
LOG-N-02947,EMP-N-029,ACC-N-0525,OVERRIDE_ALERT,2026-07-02T09:56:53+00:00
LOG-N-02948,EMP-N-030,ACC-N-0746,VIEW_PROFILE,2026-12-31T19:17:51+00:00
LOG-N-02949,EMP-N-083,ACC-A-DORMANT-049,VIEW_PROFILE,2026-07-05T19:02:56+00:00
LOG-N-02950,EMP-N-059,ACC-N-0517,VIEW_PROFILE,2026-06-22T23:40:27+00:00
LOG-N-02951,EMP-N-079,EXT-A-067-4,VIEW_PROFILE,2026-10-27T18:12:04+00:00
LOG-N-02952,EMP-N-067,ACC-N-0596,MODIFY_PHONE,2026-12-14T20:43:07+00:00
LOG-N-02953,EMP-N-090,ACC-N-0515,VIEW_PROFILE,2026-12-12T16:59:20+00:00
LOG-N-02954,EMP-N-070,EXT-A-040-4,VIEW_PROFILE,2026-11-01T21:27:48+00:00
LOG-N-02955,EMP-N-016,ACC-N-0721,VIEW_PROFILE,2026-09-08T03:36:37+00:00
LOG-N-02956,EMP-N-087,ACC-N-0734,VIEW_PROFILE,2026-08-30T19:54:45+00:00
LOG-N-02957,EMP-N-028,ACC-N-0599,VIEW_PROFILE,2026-05-20T04:31:22+00:00
LOG-N-02958,EMP-N-021,EXT-A-066-3,VIEW_PROFILE,2026-08-25T19:55:10+00:00
LOG-N-02959,EMP-N-007,ACC-N-0955,OVERRIDE_ALERT,2026-05-15T19:17:24+00:00
LOG-N-02960,EMP-N-041,ACC-N-0481,VIEW_PROFILE,2026-03-07T03:49:30+00:00
LOG-N-02961,EMP-N-085,ACC-N-0975,VIEW_PROFILE,2026-01-13T11:09:33+00:00
LOG-N-02962,EMP-N-035,EXT-A-038-3,VIEW_PROFILE,2026-08-15T17:14:37+00:00
LOG-N-02963,EMP-N-018,ACC-N-0647,MODIFY_PHONE,2026-10-15T13:39:34+00:00
LOG-N-02964,EMP-N-073,ACC-N-0972,VIEW_PROFILE,2026-06-02T08:53:19+00:00
LOG-N-02965,EMP-N-010,EXT-A-044-4,VIEW_PROFILE,2026-09-03T00:10:08+00:00
LOG-N-02966,EMP-N-039,ACC-N-0702,VIEW_PROFILE,2026-02-18T16:07:08+00:00
LOG-N-02967,EMP-N-100,EXT-A-069-4,VIEW_PROFILE,2026-01-05T14:06:33+00:00
LOG-N-02968,EMP-N-029,ACC-A-DORMANT-054,VIEW_PROFILE,2026-06-15T15:50:34+00:00
LOG-N-02969,EMP-N-048,EXT-A-014-1,VIEW_PROFILE,2026-03-21T16:31:23+00:00
LOG-N-02970,EMP-N-062,ACC-N-0762,MODIFY_PHONE,2026-09-01T16:50:33+00:00
LOG-N-02971,EMP-N-053,ACC-N-0782,VIEW_PROFILE,2026-08-01T04:57:34+00:00
LOG-N-02972,EMP-N-087,EXT-A-011-4,VIEW_PROFILE,2026-11-30T18:20:59+00:00
LOG-N-02973,EMP-N-038,ACC-N-0614,VIEW_PROFILE,2026-09-22T20:27:34+00:00
LOG-N-02974,EMP-N-033,EXT-A-023-1,VIEW_PROFILE,2026-12-14T11:19:03+00:00
LOG-N-02975,EMP-N-032,EXT-A-042-2,VIEW_PROFILE,2026-09-24T05:58:27+00:00
LOG-N-02976,EMP-N-078,ACC-N-0607,VIEW_PROFILE,2026-06-08T14:10:32+00:00
LOG-N-02977,EMP-N-006,ACC-N-0511,VIEW_PROFILE,2026-05-24T19:55:00+00:00
LOG-N-02978,EMP-N-090,ACC-N-0821,VIEW_PROFILE,2026-06-07T17:35:08+00:00
LOG-N-02979,EMP-N-056,ACC-N-0859,VIEW_PROFILE,2026-05-25T07:50:51+00:00
LOG-N-02980,EMP-N-041,ACC-N-0844,VIEW_PROFILE,2026-02-22T21:22:12+00:00
LOG-N-02981,EMP-N-096,ACC-N-0790,VIEW_PROFILE,2026-02-16T06:04:15+00:00
LOG-N-02982,EMP-N-007,ACC-N-0407,VIEW_PROFILE,2026-09-28T12:50:22+00:00
LOG-N-02983,EMP-N-054,ACC-N-0403,VIEW_PROFILE,2026-08-02T05:02:02+00:00
LOG-N-02984,EMP-N-029,EXT-A-069-3,VIEW_PROFILE,2026-01-23T13:01:34+00:00
LOG-N-02985,EMP-N-032,ACC-N-0617,MODIFY_PHONE,2026-01-12T21:42:32+00:00
LOG-N-02986,EMP-N-055,ACC-A-DORMANT-050,VIEW_PROFILE,2026-02-25T11:08:16+00:00
LOG-N-02987,EMP-N-064,ACC-N-0786,VIEW_PROFILE,2026-07-01T02:06:46+00:00
LOG-N-02988,EMP-N-078,ACC-N-0813,VIEW_PROFILE,2026-05-31T22:08:21+00:00
LOG-N-02989,EMP-B-001,ACC-N-0893,VIEW_PROFILE,2026-12-11T08:47:29+00:00
LOG-N-02990,EMP-N-009,ACC-N-0958,VIEW_PROFILE,2026-08-03T05:08:16+00:00
LOG-N-02991,EMP-N-023,ACC-N-0479,VIEW_PROFILE,2026-06-01T23:51:53+00:00
LOG-N-02992,EMP-N-042,ACC-N-0747,VIEW_PROFILE,2026-10-24T23:50:47+00:00
LOG-N-02993,EMP-N-018,ACC-N-0720,VIEW_PROFILE,2026-03-12T15:10:36+00:00
LOG-N-02994,EMP-N-052,EXT-A-057-2,VIEW_PROFILE,2026-10-14T15:37:59+00:00
LOG-N-02995,EMP-B-001,EXT-A-048-2,MODIFY_PHONE,2026-07-04T03:36:14+00:00
LOG-N-02996,EMP-N-085,ACC-N-0567,VIEW_PROFILE,2026-12-27T16:03:11+00:00
LOG-N-02997,EMP-N-019,EXT-A-021-2,VIEW_PROFILE,2026-12-11T14:19:58+00:00
LOG-N-02998,EMP-N-071,ACC-N-0499,VIEW_PROFILE,2026-10-26T02:03:05+00:00
LOG-N-02999,EMP-N-049,ACC-N-0426,VIEW_PROFILE,2026-12-21T10:25:35+00:00
LOG-N-03000,EMP-N-019,ACC-N-0737,MODIFY_PHONE,2026-01-24T03:44:51+00:00
LOG-N-03001,EMP-N-073,ACC-N-0543,VIEW_PROFILE,2026-10-15T00:23:41+00:00
LOG-N-03002,EMP-N-096,ACC-N-0543,VIEW_PROFILE,2026-10-23T19:16:44+00:00
LOG-N-03003,EMP-N-073,ACC-N-0649,VIEW_PROFILE,2026-09-22T03:02:05+00:00
LOG-N-03004,EMP-N-093,ACC-C-PAY-02,VIEW_PROFILE,2026-02-21T11:50:53+00:00
LOG-N-03005,EMP-N-044,ACC-N-0863,VIEW_PROFILE,2026-02-23T14:09:36+00:00
LOG-N-03006,EMP-N-071,EXT-A-050-3,VIEW_PROFILE,2026-04-02T04:39:10+00:00
LOG-N-03007,EMP-N-093,ACC-C-HNW-05,VIEW_PROFILE,2026-01-04T08:11:32+00:00
LOG-N-03008,EMP-N-006,ACC-N-0981,VIEW_PROFILE,2026-08-05T05:39:50+00:00
LOG-N-03009,EMP-N-034,ACC-B-B,VIEW_PROFILE,2026-08-25T06:38:34+00:00
LOG-N-03010,EMP-N-074,ACC-N-0418,VIEW_PROFILE,2026-05-19T06:15:10+00:00
LOG-N-03011,EMP-N-040,ACC-N-0815,VIEW_PROFILE,2026-05-16T06:47:34+00:00
LOG-N-03012,EMP-N-068,ACC-N-0998,VIEW_PROFILE,2026-09-30T12:07:10+00:00
LOG-N-03013,EMP-N-021,ACC-N-0465,VIEW_PROFILE,2026-05-26T20:42:31+00:00
LOG-N-03014,EMP-N-098,ACC-N-0996,VIEW_PROFILE,2026-11-03T16:32:07+00:00
LOG-N-03015,EMP-N-054,ACC-N-0645,VIEW_PROFILE,2026-07-23T03:55:01+00:00
LOG-N-03016,EMP-N-010,ACC-A-DORMANT-053,VIEW_PROFILE,2026-04-27T13:58:45+00:00
LOG-N-03017,EMP-N-022,ACC-N-0794,VIEW_PROFILE,2026-05-05T00:24:55+00:00
LOG-N-03018,EMP-N-040,ACC-N-0579,VIEW_PROFILE,2026-04-30T18:03:24+00:00
LOG-N-03019,EMP-N-097,ACC-N-0786,VIEW_PROFILE,2026-03-31T20:26:12+00:00
LOG-N-03020,EMP-N-040,ACC-N-0419,VIEW_PROFILE,2026-06-24T22:09:24+00:00
LOG-N-03021,EMP-N-054,EXT-A-034-4,VIEW_PROFILE,2026-09-01T08:17:43+00:00
LOG-N-03022,EMP-N-050,ACC-N-0653,VIEW_PROFILE,2026-09-02T16:29:13+00:00
LOG-N-03023,EMP-N-072,EXT-A-027-2,VIEW_PROFILE,2026-12-25T11:25:26+00:00
LOG-N-03024,EMP-N-054,EXT-A-022-2,VIEW_PROFILE,2026-08-26T12:46:57+00:00
LOG-N-03025,EMP-N-084,ACC-A-DORMANT-043,VIEW_PROFILE,2026-06-17T00:10:51+00:00
LOG-N-03026,EMP-N-042,ACC-N-0678,MODIFY_PHONE,2026-09-08T17:40:47+00:00
LOG-N-03027,EMP-N-025,ACC-N-0478,VIEW_PROFILE,2026-06-13T18:35:11+00:00
LOG-N-03028,EMP-A-001,EXT-A-042-3,VIEW_PROFILE,2026-11-29T23:05:01+00:00
LOG-N-03029,EMP-N-078,EXT-A-023-1,VIEW_PROFILE,2026-02-04T20:13:29+00:00
LOG-N-03030,EMP-N-052,EXT-A-050-1,VIEW_PROFILE,2026-12-21T07:20:40+00:00
LOG-N-03031,EMP-N-089,ACC-N-0610,VIEW_PROFILE,2026-03-10T16:36:33+00:00
LOG-N-03032,EMP-N-023,ACC-A-DORMANT-030,VIEW_PROFILE,2026-10-24T23:45:28+00:00
LOG-N-03033,EMP-N-045,ACC-N-0545,MODIFY_PHONE,2026-04-15T00:55:12+00:00
LOG-N-03034,EMP-N-093,ACC-N-0911,VIEW_PROFILE,2026-10-26T13:35:42+00:00
LOG-N-03035,EMP-C-WEALTH,ACC-N-0895,VIEW_PROFILE,2026-07-11T22:18:09+00:00
LOG-N-03036,EMP-N-058,ACC-N-0392,VIEW_PROFILE,2026-12-22T18:46:29+00:00
LOG-N-03037,EMP-N-055,EXT-A-036-2,VIEW_PROFILE,2026-11-13T04:02:31+00:00
LOG-N-03038,EMP-B-001,ACC-N-0544,VIEW_PROFILE,2026-03-05T14:16:06+00:00
LOG-N-03039,EMP-N-054,ACC-N-0739,VIEW_PROFILE,2026-05-05T22:09:49+00:00
LOG-N-03040,EMP-N-040,ACC-N-0931,VIEW_PROFILE,2026-12-02T08:11:59+00:00
LOG-N-03041,EMP-N-039,ACC-N-0633,VIEW_PROFILE,2026-10-16T21:51:46+00:00
LOG-N-03042,EMP-N-086,ACC-A-DORMANT-067,MODIFY_PHONE,2026-04-03T09:04:04+00:00
LOG-N-03043,EMP-N-078,EXT-A-048-3,VIEW_PROFILE,2026-05-11T07:56:46+00:00
LOG-N-03044,EMP-N-092,ACC-N-0935,VIEW_PROFILE,2026-03-24T16:14:21+00:00
LOG-N-03045,EMP-N-068,EXT-A-012-1,VIEW_PROFILE,2026-07-06T14:54:01+00:00
LOG-N-03046,EMP-N-051,ACC-N-0995,VIEW_PROFILE,2026-02-01T08:59:40+00:00
LOG-N-03047,EMP-N-065,ACC-N-0423,VIEW_PROFILE,2026-02-15T04:15:30+00:00
LOG-N-03048,EMP-N-078,ACC-N-0913,VIEW_PROFILE,2026-04-28T16:40:49+00:00
LOG-N-03049,EMP-N-017,EXT-A-027-2,VIEW_PROFILE,2026-10-14T02:56:47+00:00
LOG-N-03050,EMP-N-015,EXT-A-032-1,VIEW_PROFILE,2026-03-20T16:13:42+00:00
LOG-N-03051,EMP-N-029,ACC-N-0419,VIEW_PROFILE,2026-05-14T02:08:09+00:00
LOG-N-03052,EMP-N-063,ACC-N-0582,VIEW_PROFILE,2026-11-28T22:12:05+00:00
LOG-N-03053,EMP-N-084,EXT-A-036-1,VIEW_PROFILE,2026-08-30T17:50:28+00:00
LOG-N-03054,EMP-N-073,EXT-A-039-2,VIEW_PROFILE,2026-07-22T14:56:22+00:00
LOG-N-03055,EMP-N-089,ACC-N-0788,VIEW_PROFILE,2026-02-01T12:47:27+00:00
LOG-N-03056,EMP-N-035,EXT-A-044-4,MODIFY_PHONE,2026-09-25T18:52:08+00:00
LOG-N-03057,EMP-N-057,ACC-N-0891,MODIFY_PHONE,2026-04-29T15:37:46+00:00
LOG-N-03058,EMP-N-040,ACC-N-0597,VIEW_PROFILE,2026-06-09T02:01:36+00:00
LOG-N-03059,EMP-N-042,ACC-N-0473,VIEW_PROFILE,2026-03-07T07:50:57+00:00
LOG-N-03060,EMP-N-007,EXT-A-060-4,MODIFY_PHONE,2026-04-27T10:33:28+00:00
LOG-N-03061,EMP-N-060,ACC-A-DORMANT-033,VIEW_PROFILE,2026-12-13T20:02:12+00:00
LOG-N-03062,EMP-N-094,ACC-N-0587,VIEW_PROFILE,2026-05-06T20:25:07+00:00
LOG-N-03063,EMP-C-PAYROLL,ACC-A-DORMANT-054,VIEW_PROFILE,2026-09-22T22:24:13+00:00
LOG-N-03064,EMP-N-019,ACC-N-0853,VIEW_PROFILE,2026-01-23T20:57:53+00:00
LOG-N-03065,EMP-N-099,ACC-N-0714,VIEW_PROFILE,2026-12-09T09:00:01+00:00
LOG-N-03066,EMP-N-041,EXT-A-002-1,VIEW_PROFILE,2026-03-16T14:51:50+00:00
LOG-N-03067,EMP-N-022,ACC-A-DORMANT-047,VIEW_PROFILE,2026-11-19T11:51:40+00:00
LOG-N-03068,EMP-N-097,ACC-N-0809,VIEW_PROFILE,2026-12-11T00:12:58+00:00
LOG-N-03069,EMP-N-087,EXT-A-044-1,VIEW_PROFILE,2026-04-19T07:20:58+00:00
LOG-N-03070,EMP-N-043,ACC-N-0448,VIEW_PROFILE,2026-11-21T01:01:52+00:00
LOG-N-03071,EMP-N-068,EXT-A-023-3,VIEW_PROFILE,2026-08-14T11:09:53+00:00
LOG-N-03072,EMP-N-012,EXT-A-058-2,VIEW_PROFILE,2026-06-13T05:33:35+00:00
LOG-N-03073,EMP-N-085,ACC-N-0946,VIEW_PROFILE,2026-09-16T16:03:05+00:00
LOG-N-03074,EMP-N-065,EXT-A-003-1,MODIFY_PHONE,2026-01-01T01:33:53+00:00
LOG-N-03075,EMP-N-041,ACC-A-DORMANT-060,VIEW_PROFILE,2026-02-03T14:08:40+00:00
LOG-N-03076,EMP-N-011,ACC-N-0857,VIEW_PROFILE,2026-10-14T14:46:50+00:00
LOG-N-03077,EMP-N-037,ACC-N-0618,VIEW_PROFILE,2026-05-29T19:23:11+00:00
LOG-N-03078,EMP-N-072,ACC-N-0847,VIEW_PROFILE,2026-12-19T12:26:53+00:00
LOG-N-03079,EMP-N-091,ACC-N-0620,VIEW_PROFILE,2026-07-23T04:59:51+00:00
LOG-N-03080,EMP-N-051,ACC-N-0732,VIEW_PROFILE,2026-01-31T09:38:17+00:00
LOG-N-03081,EMP-N-017,ACC-N-0795,VIEW_PROFILE,2026-09-02T05:05:11+00:00
LOG-N-03082,EMP-A-001,ACC-N-0913,VIEW_PROFILE,2026-04-28T02:39:12+00:00
LOG-N-03083,EMP-N-085,ACC-N-0972,VIEW_PROFILE,2026-04-25T09:16:19+00:00
LOG-N-03084,EMP-N-076,ACC-C-PAY-01,VIEW_PROFILE,2026-12-06T04:48:35+00:00
LOG-N-03085,EMP-N-094,ACC-N-0520,VIEW_PROFILE,2026-01-21T04:03:49+00:00
LOG-N-03086,EMP-N-095,ACC-N-0508,VIEW_PROFILE,2026-01-01T18:42:46+00:00
LOG-N-03087,EMP-N-099,ACC-N-0770,VIEW_PROFILE,2026-06-10T03:50:33+00:00
LOG-N-03088,EMP-N-083,ACC-N-0727,VIEW_PROFILE,2026-11-05T01:12:38+00:00
LOG-N-03089,EMP-N-081,ACC-N-0829,VIEW_PROFILE,2026-03-27T19:13:49+00:00
LOG-N-03090,EMP-N-095,ACC-N-0858,VIEW_PROFILE,2026-01-18T19:52:33+00:00
LOG-N-03091,EMP-N-077,ACC-N-0525,VIEW_PROFILE,2026-11-14T14:56:06+00:00
LOG-N-03092,EMP-N-071,ACC-N-0542,VIEW_PROFILE,2026-07-20T19:51:11+00:00
LOG-N-03093,EMP-N-063,ACC-N-0608,VIEW_PROFILE,2026-09-20T04:17:36+00:00
LOG-N-03094,EMP-N-012,ACC-N-0799,MODIFY_PHONE,2026-12-25T05:16:44+00:00
LOG-N-03095,EMP-N-079,ACC-N-0896,VIEW_PROFILE,2026-06-20T13:59:52+00:00
LOG-N-03096,EMP-N-095,ACC-N-0696,VIEW_PROFILE,2026-02-21T15:33:35+00:00
LOG-N-03097,EMP-N-090,ACC-N-0399,MODIFY_PHONE,2026-11-07T02:35:41+00:00
LOG-N-03098,EMP-N-097,ACC-A-DORMANT-067,VIEW_PROFILE,2026-06-30T03:17:50+00:00
LOG-N-03099,EMP-N-083,ACC-N-0539,VIEW_PROFILE,2026-03-10T05:52:02+00:00
LOG-N-03100,EMP-N-066,ACC-N-0454,VIEW_PROFILE,2026-02-23T14:32:50+00:00
LOG-N-03101,EMP-N-090,EXT-A-044-3,VIEW_PROFILE,2026-10-26T11:03:15+00:00
LOG-N-03102,EMP-N-068,EXT-A-065-2,VIEW_PROFILE,2026-06-19T16:52:37+00:00
LOG-N-03103,EMP-N-049,ACC-N-0681,VIEW_PROFILE,2026-08-12T15:37:20+00:00
LOG-N-03104,EMP-N-078,ACC-N-0978,VIEW_PROFILE,2026-01-24T14:34:24+00:00
LOG-N-03105,EMP-N-028,ACC-B-03-A,VIEW_PROFILE,2026-05-04T14:08:48+00:00
LOG-N-03106,EMP-N-053,ACC-N-0699,VIEW_PROFILE,2026-11-28T02:21:51+00:00
LOG-N-03107,EMP-N-020,ACC-N-1000,VIEW_PROFILE,2026-09-12T13:00:43+00:00
LOG-N-03108,EMP-N-026,ACC-N-0618,VIEW_PROFILE,2026-09-10T06:04:11+00:00
LOG-N-03109,EMP-N-038,ACC-N-0532,VIEW_PROFILE,2026-08-18T22:46:03+00:00
LOG-N-03110,EMP-N-082,ACC-N-0568,VIEW_PROFILE,2026-10-23T17:43:09+00:00
LOG-N-03111,EMP-N-083,ACC-N-0756,VIEW_PROFILE,2026-05-24T19:18:08+00:00
LOG-N-03112,EMP-N-050,ACC-N-0539,VIEW_PROFILE,2026-08-30T10:23:48+00:00
LOG-N-03113,EMP-N-040,ACC-N-0605,VIEW_PROFILE,2026-12-08T10:17:22+00:00
LOG-N-03114,EMP-N-085,ACC-N-0582,VIEW_PROFILE,2026-02-13T17:41:05+00:00
LOG-N-03115,EMP-N-074,EXT-A-040-4,MODIFY_PHONE,2026-09-21T15:50:56+00:00
LOG-N-03116,EMP-N-066,ACC-N-0874,VIEW_PROFILE,2026-06-07T08:49:31+00:00
LOG-N-03117,EMP-N-098,ACC-N-0608,VIEW_PROFILE,2026-02-10T02:56:55+00:00
LOG-N-03118,EMP-N-080,ACC-N-0796,VIEW_PROFILE,2026-10-17T08:13:38+00:00
LOG-N-03119,EMP-N-032,ACC-A-DORMANT-050,VIEW_PROFILE,2026-06-08T18:35:06+00:00
LOG-N-03120,EMP-N-050,ACC-N-0449,VIEW_PROFILE,2026-06-15T02:36:32+00:00
LOG-N-03121,EMP-N-045,ACC-N-0533,VIEW_PROFILE,2026-07-21T01:13:07+00:00
LOG-N-03122,EMP-N-049,EXT-A-072-1,MODIFY_PHONE,2026-07-04T01:11:05+00:00
LOG-N-03123,EMP-N-010,EXT-A-030-3,VIEW_PROFILE,2026-10-29T18:17:52+00:00
LOG-N-03124,EMP-N-023,EXT-A-054-3,VIEW_PROFILE,2026-04-24T06:05:26+00:00
LOG-N-03125,EMP-N-011,ACC-N-0843,VIEW_PROFILE,2026-06-26T05:38:47+00:00
LOG-N-03126,EMP-N-100,ACC-A-DORMANT-005,VIEW_PROFILE,2026-01-01T06:12:33+00:00
LOG-N-03127,EMP-N-006,ACC-A-DORMANT-014,VIEW_PROFILE,2026-06-12T01:44:12+00:00
LOG-N-03128,EMP-N-043,EXT-A-025-4,VIEW_PROFILE,2026-04-24T14:58:23+00:00
LOG-N-03129,EMP-N-035,ACC-N-0893,VIEW_PROFILE,2026-11-23T23:42:36+00:00
LOG-N-03130,EMP-N-032,EXT-A-044-1,VIEW_PROFILE,2026-07-02T11:02:18+00:00
LOG-N-03131,EMP-B-001,ACC-N-0688,VIEW_PROFILE,2026-03-08T06:21:38+00:00
LOG-N-03132,EMP-N-081,ACC-N-0663,VIEW_PROFILE,2026-11-05T02:53:18+00:00
LOG-N-03133,EMP-N-098,ACC-N-0867,VIEW_PROFILE,2026-06-14T08:50:49+00:00
LOG-N-03134,EMP-N-087,EXT-A-007-1,VIEW_PROFILE,2026-06-19T20:39:38+00:00
LOG-N-03135,EMP-N-095,ACC-N-0658,MODIFY_PHONE,2026-02-03T11:09:43+00:00
LOG-N-03136,EMP-N-094,ACC-N-0485,VIEW_PROFILE,2026-02-25T11:52:09+00:00
LOG-N-03137,EMP-N-081,ACC-N-0873,VIEW_PROFILE,2026-05-30T03:15:19+00:00
LOG-N-03138,EMP-N-052,ACC-N-0557,VIEW_PROFILE,2026-12-31T02:57:53+00:00
LOG-N-03139,EMP-N-028,EXT-A-034-3,VIEW_PROFILE,2026-10-12T23:07:35+00:00
LOG-N-03140,EMP-N-047,ACC-N-0444,MODIFY_PHONE,2026-07-07T19:56:00+00:00
LOG-N-03141,EMP-N-059,ACC-N-0792,VIEW_PROFILE,2026-10-21T06:16:04+00:00
LOG-N-03142,EMP-N-082,ACC-N-0637,VIEW_PROFILE,2026-01-26T09:06:24+00:00
LOG-N-03143,EMP-N-071,ACC-N-0547,VIEW_PROFILE,2026-06-14T16:41:31+00:00
LOG-N-03144,EMP-N-032,ACC-N-0763,MODIFY_PHONE,2026-06-18T02:28:20+00:00
LOG-N-03145,EMP-N-091,ACC-N-0677,VIEW_PROFILE,2026-05-16T04:06:44+00:00
LOG-N-03146,EMP-N-094,ACC-N-0889,VIEW_PROFILE,2026-03-01T11:38:35+00:00
LOG-N-03147,EMP-N-076,EXT-A-043-1,VIEW_PROFILE,2026-03-04T00:34:25+00:00
LOG-N-03148,EMP-N-008,ACC-N-0950,VIEW_PROFILE,2026-04-24T00:37:43+00:00
LOG-N-03149,EMP-N-016,ACC-A-DORMANT-041,VIEW_PROFILE,2026-10-21T22:32:42+00:00
LOG-N-03150,EMP-N-066,EXT-A-028-2,VIEW_PROFILE,2026-06-03T07:05:48+00:00
LOG-N-03151,EMP-N-014,EXT-A-046-1,VIEW_PROFILE,2026-12-20T02:16:55+00:00
LOG-N-03152,EMP-N-098,ACC-N-0712,VIEW_PROFILE,2026-04-06T08:25:07+00:00
LOG-N-03153,EMP-N-097,ACC-N-0766,VIEW_PROFILE,2026-10-22T21:40:14+00:00
LOG-N-03154,EMP-N-030,EXT-A-013-3,VIEW_PROFILE,2026-03-20T06:22:45+00:00
LOG-N-03155,EMP-N-050,ACC-N-0480,VIEW_PROFILE,2026-03-26T16:03:55+00:00
LOG-N-03156,EMP-N-009,EXT-A-026-4,VIEW_PROFILE,2026-01-12T22:39:14+00:00
LOG-N-03157,EMP-N-080,ACC-N-0475,VIEW_PROFILE,2026-03-30T17:20:19+00:00
LOG-N-03158,EMP-N-012,EXT-A-030-4,VIEW_PROFILE,2026-08-03T08:40:52+00:00
LOG-N-03159,EMP-N-029,ACC-N-0910,MODIFY_PHONE,2026-11-16T07:45:46+00:00
LOG-N-03160,EMP-N-052,ACC-N-0478,VIEW_PROFILE,2026-11-25T05:24:14+00:00
LOG-N-03161,EMP-N-034,EXT-A-011-1,OVERRIDE_ALERT,2026-11-15T04:04:22+00:00
LOG-N-03162,EMP-A-001,ACC-N-0430,VIEW_PROFILE,2026-04-15T07:32:51+00:00
LOG-N-03163,EMP-N-055,ACC-N-0544,VIEW_PROFILE,2026-07-18T21:22:21+00:00
LOG-N-03164,EMP-N-064,EXT-A-043-2,VIEW_PROFILE,2026-02-21T05:33:16+00:00
LOG-N-03165,EMP-N-070,EXT-A-049-3,VIEW_PROFILE,2026-07-11T07:41:58+00:00
LOG-N-03166,EMP-C-WEALTH,ACC-N-0475,MANUAL_UNFREEZE,2026-04-07T08:11:53+00:00
LOG-N-03167,EMP-N-057,ACC-N-0804,VIEW_PROFILE,2026-10-25T21:30:13+00:00
LOG-N-03168,EMP-N-038,ACC-N-0924,VIEW_PROFILE,2026-12-06T09:27:37+00:00
LOG-N-03169,EMP-N-035,ACC-N-0837,MODIFY_PHONE,2026-05-07T10:44:21+00:00
LOG-N-03170,EMP-N-017,ACC-N-0915,VIEW_PROFILE,2026-01-06T21:06:19+00:00
LOG-N-03171,EMP-N-077,ACC-N-0595,MODIFY_PHONE,2026-12-08T12:30:53+00:00
LOG-N-03172,EMP-N-031,EXT-A-028-1,VIEW_PROFILE,2026-11-07T07:07:33+00:00
LOG-N-03173,EMP-N-083,ACC-N-0655,VIEW_PROFILE,2026-01-31T00:44:03+00:00
LOG-N-03174,EMP-N-052,ACC-N-0606,VIEW_PROFILE,2026-09-03T20:41:44+00:00
LOG-N-03175,EMP-N-033,ACC-N-0590,VIEW_PROFILE,2026-12-15T07:34:01+00:00
LOG-N-03176,EMP-N-052,ACC-C-CORP,MODIFY_PHONE,2026-08-06T21:30:42+00:00
LOG-N-03177,EMP-N-017,ACC-B-A,VIEW_PROFILE,2026-03-14T16:16:00+00:00
LOG-N-03178,EMP-N-037,ACC-N-0872,VIEW_PROFILE,2026-10-21T01:59:36+00:00
LOG-N-03179,EMP-N-068,EXT-A-057-3,VIEW_PROFILE,2026-08-02T11:38:55+00:00
LOG-N-03180,EMP-N-051,ACC-N-0631,VIEW_PROFILE,2026-07-29T09:45:54+00:00
LOG-N-03181,EMP-N-030,ACC-N-0726,VIEW_PROFILE,2026-01-27T13:36:36+00:00
LOG-N-03182,EMP-A-001,ACC-N-0523,VIEW_PROFILE,2026-09-07T05:35:27+00:00
LOG-N-03183,EMP-N-065,ACC-A-DORMANT-064,VIEW_PROFILE,2026-08-26T05:18:00+00:00
LOG-N-03184,EMP-N-062,EXT-A-053-1,VIEW_PROFILE,2026-10-09T22:28:51+00:00
LOG-N-03185,EMP-N-032,EXT-A-052-3,VIEW_PROFILE,2026-11-17T23:23:58+00:00
LOG-N-03186,EMP-N-099,ACC-N-0827,VIEW_PROFILE,2026-01-16T23:12:52+00:00
LOG-N-03187,EMP-N-007,ACC-C-PAY-12,VIEW_PROFILE,2026-05-09T12:46:45+00:00
LOG-N-03188,EMP-N-065,ACC-N-0694,VIEW_PROFILE,2026-06-24T08:47:34+00:00
LOG-N-03189,EMP-N-011,ACC-C-HNW-05,VIEW_PROFILE,2026-12-25T14:59:45+00:00
LOG-N-03190,EMP-N-056,ACC-N-0528,VIEW_PROFILE,2026-10-30T02:43:51+00:00
LOG-N-03191,EMP-N-047,ACC-N-0500,OVERRIDE_ALERT,2026-05-29T03:05:52+00:00
LOG-N-03192,EMP-N-039,EXT-A-050-1,VIEW_PROFILE,2026-05-21T16:48:09+00:00
LOG-N-03193,EMP-N-024,ACC-N-0784,VIEW_PROFILE,2026-11-22T16:12:56+00:00
LOG-N-03194,EMP-N-014,ACC-A-DORMANT-029,VIEW_PROFILE,2026-01-21T17:11:49+00:00
LOG-N-03195,EMP-N-090,ACC-N-0439,VIEW_PROFILE,2026-04-01T01:05:36+00:00
LOG-N-03196,EMP-N-042,ACC-N-0441,VIEW_PROFILE,2026-06-25T14:01:59+00:00
LOG-N-03197,EMP-N-049,EXT-A-007-3,VIEW_PROFILE,2026-08-27T09:52:48+00:00
LOG-N-03198,EMP-N-066,EXT-A-004-1,VIEW_PROFILE,2026-08-10T14:34:19+00:00
LOG-N-03199,EMP-N-059,EXT-A-014-4,VIEW_PROFILE,2026-04-30T08:23:42+00:00
LOG-N-03200,EMP-N-088,ACC-N-0899,VIEW_PROFILE,2026-12-07T01:21:24+00:00
LOG-N-03201,EMP-N-087,ACC-N-0903,VIEW_PROFILE,2026-05-25T13:41:04+00:00
LOG-N-03202,EMP-N-066,EXT-A-020-1,VIEW_PROFILE,2026-08-25T19:07:02+00:00
LOG-N-03203,EMP-N-039,ACC-N-0738,VIEW_PROFILE,2026-08-19T15:37:34+00:00
LOG-N-03204,EMP-N-086,ACC-N-0458,VIEW_PROFILE,2026-02-19T14:03:20+00:00
LOG-N-03205,EMP-N-067,EXT-A-072-1,VIEW_PROFILE,2026-07-01T21:27:20+00:00
LOG-N-03206,EMP-N-018,ACC-N-0554,VIEW_PROFILE,2026-01-18T10:19:15+00:00
LOG-N-03207,EMP-N-013,ACC-N-0738,VIEW_PROFILE,2026-07-09T23:10:31+00:00
LOG-N-03208,EMP-N-036,EXT-A-051-3,VIEW_PROFILE,2026-01-05T06:34:04+00:00
LOG-N-03209,EMP-C-WEALTH,ACC-A-DORMANT-062,VIEW_PROFILE,2026-08-05T07:04:32+00:00
LOG-N-03210,EMP-N-046,ACC-N-0930,VIEW_PROFILE,2026-03-04T01:47:19+00:00
LOG-N-03211,EMP-N-081,ACC-N-0927,VIEW_PROFILE,2026-09-22T07:39:12+00:00
LOG-N-03212,EMP-N-099,ACC-N-0943,VIEW_PROFILE,2026-08-18T04:14:05+00:00
LOG-N-03213,EMP-N-017,ACC-N-0666,MODIFY_PHONE,2026-06-24T10:24:37+00:00
LOG-N-03214,EMP-N-092,ACC-N-0862,VIEW_PROFILE,2026-07-22T09:38:11+00:00
LOG-N-03215,EMP-N-097,ACC-N-0644,VIEW_PROFILE,2026-11-09T01:48:03+00:00
LOG-N-03216,EMP-N-006,ACC-N-0669,VIEW_PROFILE,2026-03-19T06:41:58+00:00
LOG-N-03217,EMP-N-081,ACC-N-0446,MODIFY_PHONE,2026-03-09T11:34:14+00:00
LOG-N-03218,EMP-N-067,ACC-N-0570,VIEW_PROFILE,2026-09-11T11:36:33+00:00
LOG-N-03219,EMP-N-036,EXT-A-044-2,VIEW_PROFILE,2026-11-30T02:32:35+00:00
LOG-N-03220,EMP-N-072,EXT-A-043-4,VIEW_PROFILE,2026-04-21T23:32:45+00:00
LOG-N-03221,EMP-N-093,ACC-N-0702,VIEW_PROFILE,2026-09-11T10:49:18+00:00
LOG-N-03222,EMP-N-037,ACC-N-0425,VIEW_PROFILE,2026-08-17T09:02:05+00:00
LOG-N-03223,EMP-N-034,ACC-N-0929,VIEW_PROFILE,2026-07-20T20:59:32+00:00
LOG-N-03224,EMP-N-020,ACC-N-0672,MODIFY_PHONE,2026-08-17T08:40:50+00:00
LOG-N-03225,EMP-N-009,EXT-A-072-1,VIEW_PROFILE,2026-06-06T21:59:36+00:00
LOG-N-03226,EMP-N-054,ACC-N-0900,VIEW_PROFILE,2026-06-09T19:12:25+00:00
LOG-N-03227,EMP-N-093,ACC-N-0426,VIEW_PROFILE,2026-07-19T21:43:19+00:00
LOG-N-03228,EMP-N-077,ACC-N-0859,MODIFY_PHONE,2026-07-14T10:18:40+00:00
LOG-N-03229,EMP-N-068,ACC-C-CORP,VIEW_PROFILE,2026-10-09T19:46:18+00:00
LOG-N-03230,EMP-N-016,ACC-N-0510,MODIFY_PHONE,2026-10-05T20:13:36+00:00
LOG-N-03231,EMP-N-079,ACC-N-0785,VIEW_PROFILE,2026-01-13T15:01:35+00:00
LOG-N-03232,EMP-N-013,EXT-A-047-1,VIEW_PROFILE,2026-12-17T13:02:01+00:00
LOG-N-03233,EMP-N-081,EXT-A-002-1,VIEW_PROFILE,2026-08-07T16:29:20+00:00
LOG-N-03234,EMP-N-074,ACC-N-0931,VIEW_PROFILE,2026-11-01T01:13:45+00:00
LOG-N-03235,EMP-N-092,ACC-N-0560,VIEW_PROFILE,2026-04-24T15:12:09+00:00
LOG-N-03236,EMP-N-091,ACC-N-0532,VIEW_PROFILE,2026-08-31T05:22:13+00:00
LOG-N-03237,EMP-N-092,ACC-N-0951,MODIFY_PHONE,2026-01-07T04:57:49+00:00
LOG-N-03238,EMP-N-063,ACC-N-0421,MODIFY_PHONE,2026-07-26T15:02:13+00:00
LOG-N-03239,EMP-N-082,ACC-N-0779,VIEW_PROFILE,2026-03-07T15:26:42+00:00
LOG-N-03240,EMP-N-096,EXT-A-005-2,VIEW_PROFILE,2026-09-22T09:27:03+00:00
LOG-N-03241,EMP-N-099,ACC-N-0401,VIEW_PROFILE,2026-05-08T18:54:19+00:00
LOG-N-03242,EMP-N-028,ACC-N-0824,VIEW_PROFILE,2026-05-01T20:32:34+00:00
LOG-N-03243,EMP-N-059,ACC-N-0702,VIEW_PROFILE,2026-08-11T14:02:34+00:00
LOG-N-03244,EMP-N-038,ACC-N-0589,VIEW_PROFILE,2026-04-01T13:33:33+00:00
LOG-N-03245,EMP-N-067,ACC-N-0788,VIEW_PROFILE,2026-10-13T11:39:51+00:00
LOG-N-03246,EMP-N-022,ACC-B-A,VIEW_PROFILE,2026-03-22T07:36:45+00:00
LOG-N-03247,EMP-N-074,ACC-N-0773,VIEW_PROFILE,2026-06-21T23:03:55+00:00
LOG-N-03248,EMP-N-088,ACC-C-HNW-01,VIEW_PROFILE,2026-10-03T09:09:29+00:00
LOG-N-03249,EMP-N-088,ACC-A-DORMANT-050,VIEW_PROFILE,2026-06-25T04:57:45+00:00
LOG-N-03250,EMP-N-029,ACC-N-0680,VIEW_PROFILE,2026-02-06T07:32:19+00:00
LOG-N-03251,EMP-N-045,ACC-C-PAY-04,VIEW_PROFILE,2026-10-03T17:11:08+00:00
LOG-N-03252,EMP-N-084,ACC-N-0851,VIEW_PROFILE,2026-07-16T01:14:05+00:00
LOG-N-03253,EMP-N-014,ACC-A-DORMANT-044,VIEW_PROFILE,2026-01-07T14:12:20+00:00
LOG-N-03254,EMP-N-098,ACC-A-DORMANT-020,VIEW_PROFILE,2026-05-08T00:12:02+00:00
LOG-N-03255,EMP-N-063,ACC-N-0940,VIEW_PROFILE,2026-02-23T20:03:24+00:00
LOG-N-03256,EMP-N-060,ACC-N-0599,VIEW_PROFILE,2026-04-21T05:49:13+00:00
LOG-N-03257,EMP-N-039,ACC-N-0737,MODIFY_PHONE,2026-04-15T12:28:38+00:00
LOG-N-03258,EMP-N-069,EXT-A-006-2,VIEW_PROFILE,2026-01-14T05:18:27+00:00
LOG-N-03259,EMP-N-064,ACC-N-0393,OVERRIDE_ALERT,2026-05-25T19:16:12+00:00
LOG-N-03260,EMP-N-009,EXT-A-024-3,VIEW_PROFILE,2026-04-27T00:39:35+00:00
LOG-N-03261,EMP-N-045,EXT-A-018-4,VIEW_PROFILE,2026-07-08T11:49:31+00:00
LOG-N-03262,EMP-N-007,ACC-N-0775,VIEW_PROFILE,2026-07-03T12:21:46+00:00
LOG-N-03263,EMP-C-WEALTH,EXT-A-004-2,VIEW_PROFILE,2026-02-16T03:13:43+00:00
LOG-N-03264,EMP-N-074,ACC-N-0969,VIEW_PROFILE,2026-09-02T03:02:47+00:00
LOG-N-03265,EMP-N-093,ACC-N-0551,VIEW_PROFILE,2026-05-02T12:00:40+00:00
LOG-N-03266,EMP-N-007,ACC-N-0423,VIEW_PROFILE,2026-03-11T14:39:01+00:00
LOG-N-03267,EMP-N-090,EXT-A-063-3,VIEW_PROFILE,2026-06-24T04:21:01+00:00
LOG-N-03268,EMP-C-PAYROLL,EXT-A-066-4,VIEW_PROFILE,2026-11-13T23:52:07+00:00
LOG-N-03269,EMP-N-077,EXT-A-008-3,VIEW_PROFILE,2026-02-13T05:25:29+00:00
LOG-N-03270,EMP-N-022,ACC-C-PAY-01,VIEW_PROFILE,2026-03-17T11:26:04+00:00
LOG-N-03271,EMP-N-073,ACC-A-DORMANT-056,VIEW_PROFILE,2026-03-02T10:44:07+00:00
LOG-N-03272,EMP-N-097,ACC-N-0430,VIEW_PROFILE,2026-01-17T14:02:21+00:00
LOG-N-03273,EMP-N-050,ACC-N-0668,VIEW_PROFILE,2026-12-05T13:24:53+00:00
LOG-N-03274,EMP-N-020,ACC-N-0733,VIEW_PROFILE,2026-03-03T06:08:45+00:00
LOG-N-03275,EMP-N-010,EXT-A-026-4,VIEW_PROFILE,2026-02-22T08:30:43+00:00
LOG-N-03276,EMP-N-075,ACC-N-0471,MODIFY_PHONE,2026-05-06T11:20:45+00:00
LOG-N-03277,EMP-N-012,ACC-N-0497,VIEW_PROFILE,2026-05-31T03:14:25+00:00
LOG-N-03278,EMP-N-020,EXT-A-026-1,VIEW_PROFILE,2026-11-18T17:40:18+00:00
LOG-N-03279,EMP-N-034,EXT-A-059-3,VIEW_PROFILE,2026-02-10T19:33:05+00:00
LOG-N-03280,EMP-N-099,EXT-A-009-1,VIEW_PROFILE,2026-12-22T16:00:52+00:00
LOG-N-03281,EMP-N-055,EXT-A-043-3,VIEW_PROFILE,2026-07-04T07:56:55+00:00
LOG-N-03282,EMP-N-007,EXT-A-043-1,MODIFY_PHONE,2026-01-23T08:59:59+00:00
LOG-N-03283,EMP-N-005,ACC-N-0604,VIEW_PROFILE,2026-09-10T21:52:08+00:00
LOG-N-03284,EMP-N-079,ACC-N-0929,VIEW_PROFILE,2026-01-28T21:24:47+00:00
LOG-N-03285,EMP-N-078,EXT-A-035-3,VIEW_PROFILE,2026-08-29T21:05:29+00:00
LOG-N-03286,EMP-N-023,EXT-A-055-3,MODIFY_PHONE,2026-02-19T19:44:52+00:00
LOG-N-03287,EMP-N-075,ACC-N-0920,VIEW_PROFILE,2026-03-03T21:37:18+00:00
LOG-N-03288,EMP-N-079,ACC-N-0987,VIEW_PROFILE,2026-03-15T15:21:49+00:00
LOG-N-03289,EMP-N-093,EXT-A-041-3,VIEW_PROFILE,2026-12-06T03:19:38+00:00
LOG-N-03290,EMP-N-043,ACC-N-0492,VIEW_PROFILE,2026-09-29T21:21:51+00:00
LOG-N-03291,EMP-N-012,ACC-N-0444,VIEW_PROFILE,2026-07-30T05:44:27+00:00
LOG-N-03292,EMP-N-061,ACC-A-DORMANT-038,VIEW_PROFILE,2026-12-07T14:04:30+00:00
LOG-N-03293,EMP-N-016,ACC-N-0405,MODIFY_PHONE,2026-03-29T18:25:55+00:00
LOG-N-03294,EMP-N-055,EXT-A-062-1,VIEW_PROFILE,2026-10-17T09:48:13+00:00
LOG-N-03295,EMP-N-035,ACC-N-0922,MODIFY_PHONE,2026-01-11T21:57:51+00:00
LOG-N-03296,EMP-N-045,ACC-N-0545,VIEW_PROFILE,2026-01-02T19:53:32+00:00
LOG-N-03297,EMP-N-075,EXT-A-037-1,VIEW_PROFILE,2026-01-19T17:27:34+00:00
LOG-N-03298,EMP-N-043,EXT-A-018-3,MODIFY_PHONE,2026-06-14T05:54:15+00:00
LOG-N-03299,EMP-N-065,EXT-A-002-4,VIEW_PROFILE,2026-07-04T10:55:16+00:00
LOG-N-03300,EMP-N-064,ACC-N-0404,VIEW_PROFILE,2026-08-16T00:33:10+00:00
LOG-N-03301,EMP-N-068,ACC-A-DORMANT-032,VIEW_PROFILE,2026-02-15T19:56:14+00:00
LOG-N-03302,EMP-N-090,ACC-N-0984,VIEW_PROFILE,2026-04-06T22:40:29+00:00
LOG-N-03303,EMP-N-024,ACC-N-0943,VIEW_PROFILE,2026-05-30T19:21:24+00:00
LOG-N-03304,EMP-N-088,EXT-A-056-2,VIEW_PROFILE,2026-09-29T07:58:18+00:00
LOG-N-03305,EMP-N-013,ACC-N-0949,VIEW_PROFILE,2026-07-31T23:57:58+00:00
LOG-N-03306,EMP-N-086,ACC-N-0568,VIEW_PROFILE,2026-03-14T03:41:48+00:00
LOG-N-03307,EMP-A-001,ACC-A-DORMANT-021,VIEW_PROFILE,2026-08-16T05:34:44+00:00
LOG-N-03308,EMP-N-017,EXT-A-016-2,VIEW_PROFILE,2026-04-04T02:43:05+00:00
LOG-N-03309,EMP-N-064,EXT-A-057-3,VIEW_PROFILE,2026-10-19T22:46:38+00:00
LOG-N-03310,EMP-N-069,EXT-A-005-3,VIEW_PROFILE,2026-08-21T22:25:59+00:00
LOG-N-03311,EMP-N-079,ACC-N-0677,VIEW_PROFILE,2026-12-02T15:10:52+00:00
LOG-N-03312,EMP-N-022,ACC-N-0758,VIEW_PROFILE,2026-09-27T04:16:15+00:00
LOG-N-03313,EMP-N-090,ACC-N-0631,VIEW_PROFILE,2026-02-19T02:23:19+00:00
LOG-N-03314,EMP-N-039,ACC-N-0667,VIEW_PROFILE,2026-06-09T20:55:10+00:00
LOG-N-03315,EMP-N-071,ACC-N-0913,VIEW_PROFILE,2026-05-05T17:58:08+00:00
LOG-N-03316,EMP-N-077,ACC-N-0808,MODIFY_PHONE,2026-08-23T21:01:59+00:00
LOG-N-03317,EMP-N-056,ACC-N-0811,VIEW_PROFILE,2026-11-28T08:34:52+00:00
LOG-N-03318,EMP-N-023,ACC-C-PAY-01,VIEW_PROFILE,2026-11-29T20:11:31+00:00
LOG-N-03319,EMP-N-078,ACC-N-0450,VIEW_PROFILE,2026-08-27T11:41:57+00:00
LOG-N-03320,EMP-N-029,ACC-N-0660,VIEW_PROFILE,2026-10-23T03:17:39+00:00
LOG-N-03321,EMP-N-007,ACC-N-0871,VIEW_PROFILE,2026-11-21T00:14:48+00:00
LOG-N-03322,EMP-N-027,EXT-A-867458,VIEW_PROFILE,2026-12-19T09:25:17+00:00
LOG-N-03323,EMP-N-080,ACC-N-0766,VIEW_PROFILE,2026-09-09T09:03:04+00:00
LOG-N-03324,EMP-N-042,ACC-N-0504,VIEW_PROFILE,2026-09-27T11:22:24+00:00
LOG-N-03325,EMP-N-018,ACC-N-0939,VIEW_PROFILE,2026-08-12T14:13:12+00:00
LOG-N-03326,EMP-N-033,ACC-N-0651,MODIFY_PHONE,2026-11-12T02:27:15+00:00
LOG-N-03327,EMP-N-006,ACC-N-0955,MODIFY_PHONE,2026-07-12T10:53:21+00:00
LOG-N-03328,EMP-N-070,ACC-N-0783,VIEW_PROFILE,2026-10-18T11:20:22+00:00
LOG-N-03329,EMP-N-057,EXT-A-060-2,VIEW_PROFILE,2026-06-04T07:08:14+00:00
LOG-N-03330,EMP-N-023,EXT-A-063-4,VIEW_PROFILE,2026-06-07T10:13:08+00:00
LOG-N-03331,EMP-N-014,ACC-A-DORMANT-031,VIEW_PROFILE,2026-01-02T06:56:34+00:00
LOG-N-03332,EMP-N-048,EXT-A-050-2,VIEW_PROFILE,2026-07-12T08:24:35+00:00
LOG-N-03333,EMP-N-049,ACC-N-0690,VIEW_PROFILE,2026-09-08T15:20:53+00:00
LOG-N-03334,EMP-N-051,ACC-N-0409,OVERRIDE_ALERT,2026-04-05T23:47:06+00:00
LOG-N-03335,EMP-N-047,EXT-A-008-3,MODIFY_PHONE,2026-10-20T18:38:18+00:00
LOG-N-03336,EMP-N-006,ACC-N-0806,MODIFY_PHONE,2026-02-09T21:10:31+00:00
LOG-N-03337,EMP-N-065,ACC-N-0648,VIEW_PROFILE,2026-02-04T00:29:53+00:00
LOG-N-03338,EMP-N-059,ACC-N-0487,VIEW_PROFILE,2026-03-02T15:29:49+00:00
LOG-N-03339,EMP-N-007,EXT-A-006-2,VIEW_PROFILE,2026-03-10T19:01:36+00:00
LOG-N-03340,EMP-N-018,ACC-N-0950,MODIFY_PHONE,2026-05-28T05:04:47+00:00
LOG-N-03341,EMP-N-100,EXT-A-072-1,VIEW_PROFILE,2026-04-08T22:13:41+00:00
LOG-N-03342,EMP-N-013,EXT-A-066-1,VIEW_PROFILE,2026-12-27T21:02:16+00:00
LOG-N-03343,EMP-N-026,EXT-A-064-1,MODIFY_PHONE,2026-12-06T11:59:56+00:00
LOG-N-03344,EMP-N-046,ACC-N-0888,VIEW_PROFILE,2026-05-04T09:46:12+00:00
LOG-N-03345,EMP-N-087,EXT-A-003-1,VIEW_PROFILE,2026-05-23T17:26:29+00:00
LOG-N-03346,EMP-N-059,ACC-N-0514,MODIFY_PHONE,2026-12-28T17:14:21+00:00
LOG-N-03347,EMP-N-068,ACC-N-0627,VIEW_PROFILE,2026-08-03T01:55:00+00:00
LOG-N-03348,EMP-N-056,EXT-A-017-4,VIEW_PROFILE,2026-12-07T20:41:41+00:00
LOG-N-03349,EMP-N-067,EXT-A-026-2,OVERRIDE_ALERT,2026-02-14T23:00:46+00:00
LOG-N-03350,EMP-N-091,EXT-A-066-4,VIEW_PROFILE,2026-03-21T02:58:22+00:00
LOG-N-03351,EMP-N-081,ACC-N-0879,VIEW_PROFILE,2026-03-28T07:32:17+00:00
LOG-N-03352,EMP-N-093,ACC-N-0527,VIEW_PROFILE,2026-03-07T17:14:08+00:00
LOG-N-03353,EMP-N-058,ACC-N-0944,MODIFY_PHONE,2026-09-29T01:04:50+00:00
LOG-N-03354,EMP-C-PAYROLL,ACC-N-0395,VIEW_PROFILE,2026-11-13T05:36:24+00:00
LOG-N-03355,EMP-N-070,ACC-N-0872,VIEW_PROFILE,2026-05-09T03:27:04+00:00
LOG-N-03356,EMP-N-099,ACC-N-0767,VIEW_PROFILE,2026-10-01T02:30:36+00:00
LOG-N-03357,EMP-N-084,ACC-N-0427,VIEW_PROFILE,2026-08-27T10:50:44+00:00
LOG-N-03358,EMP-N-021,ACC-N-0512,MODIFY_PHONE,2026-01-22T06:12:35+00:00
LOG-N-03359,EMP-N-071,ACC-N-0591,VIEW_PROFILE,2026-09-15T17:16:36+00:00
LOG-N-03360,EMP-N-034,EXT-A-061-1,VIEW_PROFILE,2026-09-27T23:46:04+00:00
LOG-N-03361,EMP-N-045,ACC-N-0810,VIEW_PROFILE,2026-10-30T13:22:13+00:00
LOG-N-03362,EMP-N-025,EXT-A-011-1,VIEW_PROFILE,2026-04-14T10:40:03+00:00
LOG-N-03363,EMP-N-070,ACC-N-0664,VIEW_PROFILE,2026-01-14T20:42:55+00:00
LOG-N-03364,EMP-N-042,ACC-N-0576,MODIFY_PHONE,2026-10-18T08:10:13+00:00
LOG-N-03365,EMP-N-038,ACC-N-0737,VIEW_PROFILE,2026-07-24T21:30:13+00:00
LOG-N-03366,EMP-N-045,EXT-A-047-1,VIEW_PROFILE,2026-07-22T00:29:51+00:00
LOG-N-03367,EMP-N-053,EXT-A-045-2,VIEW_PROFILE,2026-03-31T05:35:45+00:00
LOG-N-03368,EMP-N-049,ACC-A-DORMANT-022,VIEW_PROFILE,2026-03-24T03:41:14+00:00
LOG-N-03369,EMP-N-035,ACC-N-0813,VIEW_PROFILE,2026-07-07T10:26:40+00:00
LOG-N-03370,EMP-N-033,EXT-A-006-3,VIEW_PROFILE,2026-06-13T02:15:36+00:00
LOG-N-03371,EMP-N-052,ACC-A-DORMANT-051,VIEW_PROFILE,2026-03-30T03:37:57+00:00
LOG-N-03372,EMP-C-PAYROLL,EXT-A-033-3,VIEW_PROFILE,2026-06-27T10:26:08+00:00
LOG-N-03373,EMP-N-078,ACC-N-0467,OVERRIDE_ALERT,2026-01-07T08:22:07+00:00
LOG-N-03374,EMP-N-016,ACC-N-0400,VIEW_PROFILE,2026-06-15T08:44:24+00:00
LOG-N-03375,EMP-N-005,ACC-N-0904,VIEW_PROFILE,2026-05-27T05:43:11+00:00
LOG-N-03376,EMP-N-053,ACC-N-0447,MODIFY_PHONE,2026-06-04T21:02:41+00:00
LOG-N-03377,EMP-N-053,ACC-N-0558,VIEW_PROFILE,2026-09-04T10:36:18+00:00
LOG-N-03378,EMP-N-059,ACC-N-0487,VIEW_PROFILE,2026-09-17T16:01:27+00:00
LOG-N-03379,EMP-N-032,EXT-A-045-4,VIEW_PROFILE,2026-11-29T12:53:21+00:00
LOG-N-03380,EMP-N-042,ACC-N-0715,MODIFY_PHONE,2026-07-30T09:00:08+00:00
LOG-N-03381,EMP-N-048,ACC-N-0566,VIEW_PROFILE,2026-01-15T05:09:49+00:00
LOG-N-03382,EMP-N-053,ACC-A-DORMANT-059,VIEW_PROFILE,2026-06-06T10:18:35+00:00
LOG-N-03383,EMP-N-074,ACC-N-0637,VIEW_PROFILE,2026-11-20T19:52:50+00:00
LOG-N-03384,EMP-N-100,ACC-A-DORMANT-006,VIEW_PROFILE,2026-01-11T01:49:22+00:00
LOG-N-03385,EMP-B-001,ACC-N-0855,VIEW_PROFILE,2026-03-20T00:01:32+00:00
LOG-N-03386,EMP-N-076,ACC-A-DORMANT-057,VIEW_PROFILE,2026-02-08T07:38:58+00:00
LOG-N-03387,EMP-N-028,ACC-A-DORMANT-061,VIEW_PROFILE,2026-01-20T01:27:34+00:00
LOG-N-03388,EMP-N-065,ACC-A-DORMANT-055,VIEW_PROFILE,2026-05-27T22:59:15+00:00
LOG-N-03389,EMP-N-055,ACC-N-0607,VIEW_PROFILE,2026-09-18T22:55:21+00:00
LOG-N-03390,EMP-N-005,ACC-N-0774,OVERRIDE_ALERT,2026-10-27T13:50:56+00:00
LOG-N-03391,EMP-N-046,ACC-A-DORMANT-065,OVERRIDE_ALERT,2026-07-20T09:53:52+00:00
LOG-N-03392,EMP-N-100,ACC-N-0717,MODIFY_PHONE,2026-06-19T11:52:38+00:00
LOG-N-03393,EMP-N-023,ACC-N-0783,VIEW_PROFILE,2026-01-10T21:31:28+00:00
LOG-N-03394,EMP-N-013,ACC-A-DORMANT-056,VIEW_PROFILE,2026-10-12T19:36:38+00:00
LOG-N-03395,EMP-N-058,ACC-N-0748,VIEW_PROFILE,2026-02-10T16:26:35+00:00
LOG-N-03396,EMP-N-079,EXT-A-003-1,VIEW_PROFILE,2026-11-23T05:20:02+00:00
LOG-N-03397,EMP-N-050,ACC-N-0434,VIEW_PROFILE,2026-05-09T21:09:27+00:00
LOG-N-03398,EMP-N-024,ACC-N-0817,VIEW_PROFILE,2026-12-29T03:48:25+00:00
LOG-N-03399,EMP-N-051,ACC-N-0770,VIEW_PROFILE,2026-12-18T03:12:43+00:00
LOG-N-03400,EMP-N-059,ACC-N-0925,VIEW_PROFILE,2026-06-11T00:09:39+00:00
LOG-N-03401,EMP-N-070,ACC-A-DORMANT-002,VIEW_PROFILE,2026-03-26T18:46:19+00:00
LOG-N-03402,EMP-N-087,ACC-N-0776,VIEW_PROFILE,2026-05-06T04:12:02+00:00
LOG-N-03403,EMP-N-045,ACC-N-0579,VIEW_PROFILE,2026-07-07T10:43:03+00:00
LOG-N-03404,EMP-N-065,ACC-N-0737,VIEW_PROFILE,2026-03-13T19:16:57+00:00
LOG-N-03405,EMP-N-020,ACC-N-0753,VIEW_PROFILE,2026-05-23T22:16:03+00:00
LOG-N-03406,EMP-N-062,EXT-A-020-1,MODIFY_PHONE,2026-06-02T02:26:49+00:00
LOG-N-03407,EMP-N-074,ACC-N-0944,VIEW_PROFILE,2026-05-11T21:56:34+00:00
LOG-N-03408,EMP-N-040,ACC-N-0548,VIEW_PROFILE,2026-12-09T09:29:05+00:00
LOG-N-03409,EMP-N-031,ACC-N-0493,VIEW_PROFILE,2026-01-25T06:57:04+00:00
LOG-N-03410,EMP-N-016,ACC-N-0400,VIEW_PROFILE,2026-11-23T10:02:48+00:00
LOG-N-03411,EMP-N-060,ACC-N-0796,VIEW_PROFILE,2026-08-24T03:19:37+00:00
LOG-N-03412,EMP-N-067,EXT-A-023-1,VIEW_PROFILE,2026-02-09T18:43:52+00:00
LOG-N-03413,EMP-N-031,ACC-N-0927,VIEW_PROFILE,2026-01-18T16:19:26+00:00
LOG-N-03414,EMP-C-PAYROLL,EXT-A-061-4,VIEW_PROFILE,2026-09-22T19:56:39+00:00
LOG-N-03415,EMP-N-076,ACC-N-0581,VIEW_PROFILE,2026-01-15T10:37:13+00:00
LOG-N-03416,EMP-N-033,ACC-N-0499,VIEW_PROFILE,2026-03-25T18:46:03+00:00
LOG-N-03417,EMP-N-049,ACC-N-0997,VIEW_PROFILE,2026-07-01T21:34:30+00:00
LOG-N-03418,EMP-N-066,ACC-N-0885,VIEW_PROFILE,2026-07-27T20:50:37+00:00
LOG-N-03419,EMP-N-012,ACC-N-0502,VIEW_PROFILE,2026-10-10T14:34:21+00:00
LOG-N-03420,EMP-N-059,ACC-A-DORMANT-066,VIEW_PROFILE,2026-04-01T07:41:34+00:00
LOG-N-03421,EMP-N-032,EXT-A-045-3,VIEW_PROFILE,2026-06-26T17:45:13+00:00
LOG-N-03422,EMP-N-081,ACC-N-0970,VIEW_PROFILE,2026-09-23T13:25:06+00:00
LOG-N-03423,EMP-N-087,ACC-N-0730,VIEW_PROFILE,2026-07-10T04:18:25+00:00
LOG-N-03424,EMP-N-065,EXT-A-036-2,VIEW_PROFILE,2026-04-25T22:16:16+00:00
LOG-N-03425,EMP-N-024,ACC-N-0863,VIEW_PROFILE,2026-01-25T00:32:13+00:00
LOG-N-03426,EMP-N-070,EXT-A-011-1,VIEW_PROFILE,2026-09-07T09:53:22+00:00
LOG-N-03427,EMP-C-WEALTH,ACC-N-0970,VIEW_PROFILE,2026-10-24T12:12:32+00:00
LOG-N-03428,EMP-N-014,ACC-N-0750,VIEW_PROFILE,2026-09-12T00:29:35+00:00
LOG-N-03429,EMP-N-031,ACC-N-0812,VIEW_PROFILE,2026-03-02T14:06:52+00:00
LOG-N-03430,EMP-N-074,EXT-A-004-4,VIEW_PROFILE,2026-05-25T22:06:33+00:00
LOG-N-03431,EMP-C-PAYROLL,ACC-N-0917,VIEW_PROFILE,2026-11-20T13:43:01+00:00
LOG-N-03432,EMP-N-059,ACC-N-0599,VIEW_PROFILE,2026-09-07T11:35:21+00:00
LOG-N-03433,EMP-N-061,ACC-N-0770,VIEW_PROFILE,2026-01-29T04:42:32+00:00
LOG-N-03434,EMP-N-099,EXT-A-031-1,VIEW_PROFILE,2026-07-27T11:11:10+00:00
LOG-N-03435,EMP-N-077,ACC-N-0785,VIEW_PROFILE,2026-08-09T20:46:39+00:00
LOG-N-03436,EMP-N-021,ACC-A-DORMANT-050,VIEW_PROFILE,2026-01-16T01:23:42+00:00
LOG-N-03437,EMP-N-019,ACC-N-0641,VIEW_PROFILE,2026-03-09T07:03:29+00:00
LOG-N-03438,EMP-N-057,ACC-N-0926,MODIFY_PHONE,2026-07-12T03:11:03+00:00
LOG-N-03439,EMP-N-066,ACC-N-0816,VIEW_PROFILE,2026-08-29T16:26:50+00:00
LOG-N-03440,EMP-N-071,ACC-N-0448,VIEW_PROFILE,2026-07-03T13:07:02+00:00
LOG-N-03441,EMP-N-093,ACC-A-DORMANT-029,VIEW_PROFILE,2026-09-18T19:53:43+00:00
LOG-N-03442,EMP-N-087,EXT-A-036-2,VIEW_PROFILE,2026-01-03T04:06:39+00:00
LOG-N-03443,EMP-N-061,EXT-A-056-1,VIEW_PROFILE,2026-12-25T04:01:56+00:00
LOG-N-03444,EMP-N-083,ACC-A-DORMANT-047,MODIFY_PHONE,2026-02-27T16:05:06+00:00
LOG-N-03445,EMP-N-054,ACC-N-0991,VIEW_PROFILE,2026-07-06T01:29:15+00:00
LOG-N-03446,EMP-N-035,EXT-A-008-3,VIEW_PROFILE,2026-03-13T17:47:05+00:00
LOG-N-03447,EMP-N-081,ACC-N-0542,MODIFY_PHONE,2026-10-02T21:45:27+00:00
LOG-N-03448,EMP-N-023,ACC-N-0503,VIEW_PROFILE,2026-05-13T14:51:37+00:00
LOG-N-03449,EMP-N-063,EXT-A-011-2,VIEW_PROFILE,2026-05-19T18:31:02+00:00
LOG-N-03450,EMP-N-014,ACC-N-0839,VIEW_PROFILE,2026-02-21T02:56:51+00:00
LOG-N-03451,EMP-N-096,EXT-A-030-3,VIEW_PROFILE,2026-11-05T00:09:36+00:00
LOG-N-03452,EMP-N-084,ACC-A-DORMANT-021,VIEW_PROFILE,2026-12-28T07:41:27+00:00
LOG-N-03453,EMP-N-055,ACC-N-0929,VIEW_PROFILE,2026-08-25T20:28:11+00:00
LOG-N-03454,EMP-B-001,ACC-N-0884,VIEW_PROFILE,2026-10-21T11:19:02+00:00
LOG-N-03455,EMP-N-057,ACC-N-0923,VIEW_PROFILE,2026-12-28T13:30:25+00:00
LOG-N-03456,EMP-N-019,ACC-N-0689,MODIFY_PHONE,2026-03-07T10:01:34+00:00
LOG-N-03457,EMP-N-100,ACC-N-0508,VIEW_PROFILE,2026-10-24T13:48:17+00:00
LOG-N-03458,EMP-N-025,EXT-A-034-4,MODIFY_PHONE,2026-08-10T11:23:17+00:00
LOG-N-03459,EMP-N-089,EXT-A-063-4,VIEW_PROFILE,2026-08-06T22:10:48+00:00
LOG-N-03460,EMP-N-091,ACC-N-0624,VIEW_PROFILE,2026-06-09T11:14:57+00:00
LOG-N-03461,EMP-N-019,ACC-A-DORMANT-045,VIEW_PROFILE,2026-08-29T01:28:27+00:00
LOG-N-03462,EMP-N-056,ACC-N-0537,MODIFY_PHONE,2026-02-16T07:02:25+00:00
LOG-N-03463,EMP-N-011,ACC-N-0825,VIEW_PROFILE,2026-12-15T17:47:08+00:00
LOG-N-03464,EMP-N-073,ACC-N-0950,VIEW_PROFILE,2026-10-26T07:19:59+00:00
LOG-N-03465,EMP-N-006,EXT-A-017-1,VIEW_PROFILE,2026-08-15T16:03:12+00:00
LOG-N-03466,EMP-N-050,ACC-N-0735,VIEW_PROFILE,2026-10-01T11:40:59+00:00
LOG-N-03467,EMP-N-052,ACC-A-DORMANT-058,VIEW_PROFILE,2026-11-26T10:17:45+00:00
LOG-N-03468,EMP-N-055,EXT-A-050-4,VIEW_PROFILE,2026-07-13T10:33:41+00:00
LOG-N-03469,EMP-N-036,ACC-N-0604,VIEW_PROFILE,2026-07-25T12:32:47+00:00
LOG-N-03470,EMP-A-001,EXT-A-055-2,VIEW_PROFILE,2026-11-10T19:27:52+00:00
LOG-N-03471,EMP-N-005,ACC-N-0744,VIEW_PROFILE,2026-04-13T00:44:14+00:00
LOG-N-03472,EMP-N-007,ACC-C-PAY-08,VIEW_PROFILE,2026-05-07T18:47:21+00:00
LOG-N-03473,EMP-N-089,ACC-N-0917,VIEW_PROFILE,2026-03-06T16:58:03+00:00
LOG-N-03474,EMP-N-056,ACC-N-0442,VIEW_PROFILE,2026-01-03T01:30:51+00:00
LOG-N-03475,EMP-C-PAYROLL,ACC-N-0885,VIEW_PROFILE,2026-08-31T04:41:55+00:00
LOG-N-03476,EMP-N-014,ACC-N-0892,VIEW_PROFILE,2026-11-16T19:40:55+00:00
LOG-N-03477,EMP-N-073,ACC-N-0755,VIEW_PROFILE,2026-11-04T14:35:31+00:00
LOG-N-03478,EMP-N-012,ACC-N-0627,VIEW_PROFILE,2026-11-19T06:32:59+00:00
LOG-N-03479,EMP-N-052,ACC-N-0473,VIEW_PROFILE,2026-05-11T20:54:09+00:00
LOG-N-03480,EMP-N-094,ACC-N-0735,VIEW_PROFILE,2026-02-08T14:13:30+00:00
LOG-N-03481,EMP-N-013,ACC-N-0977,VIEW_PROFILE,2026-11-17T23:40:31+00:00
LOG-N-03482,EMP-N-042,EXT-A-037-3,VIEW_PROFILE,2026-05-25T06:54:57+00:00
LOG-N-03483,EMP-N-052,ACC-A-DORMANT-051,VIEW_PROFILE,2026-10-29T05:43:47+00:00
LOG-N-03484,EMP-B-001,ACC-N-0744,VIEW_PROFILE,2026-01-18T13:45:30+00:00
LOG-N-03485,EMP-N-089,ACC-N-0911,MODIFY_PHONE,2026-10-08T00:04:40+00:00
LOG-N-03486,EMP-N-083,EXT-A-044-2,VIEW_PROFILE,2026-01-29T14:23:46+00:00
LOG-N-03487,EMP-C-PAYROLL,EXT-A-047-3,MODIFY_PHONE,2026-07-10T08:13:20+00:00
LOG-N-03488,EMP-N-098,ACC-N-0739,VIEW_PROFILE,2026-05-21T09:19:10+00:00
LOG-N-03489,EMP-N-032,ACC-N-0531,OVERRIDE_ALERT,2026-05-26T07:49:47+00:00
LOG-N-03490,EMP-N-033,ACC-A-DORMANT-050,VIEW_PROFILE,2026-11-04T12:00:31+00:00
LOG-N-03491,EMP-N-039,ACC-N-0964,VIEW_PROFILE,2026-10-08T00:59:54+00:00
LOG-N-03492,EMP-N-027,EXT-A-005-1,VIEW_PROFILE,2026-10-25T19:48:33+00:00
LOG-N-03493,EMP-N-074,ACC-N-0609,VIEW_PROFILE,2026-08-09T00:18:57+00:00
LOG-N-03494,EMP-N-064,EXT-A-034-4,VIEW_PROFILE,2026-11-05T21:07:17+00:00
LOG-N-03495,EMP-N-036,ACC-B-C,VIEW_PROFILE,2026-02-07T04:28:48+00:00
LOG-N-03496,EMP-N-076,ACC-N-0925,VIEW_PROFILE,2026-01-18T03:32:39+00:00
LOG-N-03497,EMP-N-057,ACC-N-0535,VIEW_PROFILE,2026-06-06T20:52:29+00:00
LOG-N-03498,EMP-N-024,ACC-N-0581,VIEW_PROFILE,2026-10-29T19:40:31+00:00
LOG-N-03499,EMP-N-046,ACC-N-0940,VIEW_PROFILE,2026-02-22T10:12:53+00:00
LOG-N-03500,EMP-N-010,ACC-N-0580,VIEW_PROFILE,2026-10-27T20:52:02+00:00
LOG-N-03501,EMP-N-038,ACC-N-0644,VIEW_PROFILE,2026-03-21T11:45:24+00:00
LOG-N-03502,EMP-N-016,EXT-A-020-1,VIEW_PROFILE,2026-12-04T19:07:29+00:00
LOG-N-03503,EMP-N-059,ACC-N-0548,VIEW_PROFILE,2026-08-05T08:42:30+00:00
LOG-N-03504,EMP-N-069,ACC-N-0723,VIEW_PROFILE,2026-06-03T13:43:07+00:00
LOG-N-03505,EMP-N-042,EXT-A-041-1,MODIFY_PHONE,2026-06-08T01:32:16+00:00
LOG-N-03506,EMP-N-032,ACC-N-0606,VIEW_PROFILE,2026-03-14T19:15:25+00:00
LOG-N-03507,EMP-N-074,ACC-N-0571,VIEW_PROFILE,2026-04-24T04:51:20+00:00
LOG-N-03508,EMP-N-098,ACC-N-0702,VIEW_PROFILE,2026-12-27T14:02:03+00:00
LOG-N-03509,EMP-N-043,ACC-N-0987,MODIFY_PHONE,2026-01-17T17:37:00+00:00
LOG-N-03510,EMP-N-028,ACC-N-0731,VIEW_PROFILE,2026-07-11T13:10:22+00:00
LOG-N-03511,EMP-N-021,EXT-A-042-4,VIEW_PROFILE,2026-07-22T16:48:43+00:00
LOG-N-03512,EMP-N-047,ACC-N-0458,OVERRIDE_ALERT,2026-07-24T06:56:41+00:00
LOG-N-03513,EMP-N-074,EXT-A-023-4,VIEW_PROFILE,2026-12-26T11:59:27+00:00
LOG-N-03514,EMP-N-072,ACC-A-DORMANT-014,MODIFY_PHONE,2026-02-26T16:40:34+00:00
LOG-N-03515,EMP-N-087,ACC-N-0978,VIEW_PROFILE,2026-07-25T07:49:40+00:00
LOG-N-03516,EMP-N-045,ACC-N-0739,VIEW_PROFILE,2026-10-27T08:18:17+00:00
LOG-N-03517,EMP-N-092,ACC-N-0589,VIEW_PROFILE,2026-09-12T11:18:45+00:00
LOG-N-03518,EMP-N-092,EXT-A-029-2,VIEW_PROFILE,2026-06-22T20:35:11+00:00
LOG-N-03519,EMP-N-078,EXT-A-015-2,VIEW_PROFILE,2026-02-16T15:59:37+00:00
LOG-N-03520,EMP-N-081,EXT-A-068-1,VIEW_PROFILE,2026-01-24T21:17:37+00:00
LOG-N-03521,EMP-N-070,ACC-N-0920,VIEW_PROFILE,2026-03-18T15:15:41+00:00
LOG-N-03522,EMP-N-093,ACC-A-DORMANT-064,MODIFY_PHONE,2026-07-23T06:18:36+00:00
LOG-N-03523,EMP-N-045,ACC-N-0490,VIEW_PROFILE,2026-04-04T18:56:53+00:00
LOG-N-03524,EMP-N-079,EXT-A-032-3,VIEW_PROFILE,2026-08-29T13:45:30+00:00
LOG-N-03525,EMP-N-032,ACC-N-0718,VIEW_PROFILE,2026-12-25T15:54:35+00:00
LOG-N-03526,EMP-N-043,ACC-N-0612,VIEW_PROFILE,2026-11-16T22:25:29+00:00
LOG-N-03527,EMP-N-018,ACC-N-0839,VIEW_PROFILE,2026-01-29T09:12:21+00:00
LOG-N-03528,EMP-N-094,ACC-N-0980,VIEW_PROFILE,2026-11-18T09:27:01+00:00
LOG-N-03529,EMP-N-100,ACC-N-0546,VIEW_PROFILE,2026-08-13T19:24:26+00:00
LOG-N-03530,EMP-N-080,ACC-N-0989,OVERRIDE_ALERT,2026-12-03T22:37:26+00:00
LOG-N-03531,EMP-N-057,ACC-N-0586,VIEW_PROFILE,2026-07-12T09:08:38+00:00
LOG-N-03532,EMP-N-061,EXT-A-040-2,VIEW_PROFILE,2026-06-19T12:52:42+00:00
LOG-N-03533,EMP-N-083,ACC-N-0611,VIEW_PROFILE,2026-02-10T01:48:24+00:00
LOG-N-03534,EMP-N-074,EXT-A-059-3,VIEW_PROFILE,2026-07-16T13:32:23+00:00
LOG-N-03535,EMP-N-019,ACC-N-0503,VIEW_PROFILE,2026-12-05T17:47:26+00:00
LOG-N-03536,EMP-N-073,EXT-A-012-4,VIEW_PROFILE,2026-07-03T00:12:21+00:00
LOG-N-03537,EMP-N-005,EXT-A-042-1,VIEW_PROFILE,2026-02-14T23:10:12+00:00
LOG-N-03538,EMP-N-079,EXT-A-062-2,VIEW_PROFILE,2026-09-02T19:45:00+00:00
LOG-N-03539,EMP-N-030,ACC-N-0421,MODIFY_PHONE,2026-05-02T05:53:39+00:00
LOG-N-03540,EMP-N-012,ACC-N-0875,VIEW_PROFILE,2026-05-28T23:04:49+00:00
LOG-N-03541,EMP-N-061,EXT-A-056-2,VIEW_PROFILE,2026-02-21T21:19:49+00:00
LOG-N-03542,EMP-N-048,ACC-N-0836,VIEW_PROFILE,2026-10-11T02:24:11+00:00
LOG-N-03543,EMP-N-068,ACC-N-0447,VIEW_PROFILE,2026-11-07T18:38:03+00:00
LOG-N-03544,EMP-C-WEALTH,ACC-N-0708,VIEW_PROFILE,2026-03-12T01:37:30+00:00
LOG-N-03545,EMP-N-005,ACC-N-0412,VIEW_PROFILE,2026-08-22T02:08:47+00:00
LOG-N-03546,EMP-N-098,EXT-A-005-3,VIEW_PROFILE,2026-10-15T10:10:38+00:00
LOG-N-03547,EMP-N-098,EXT-A-057-2,VIEW_PROFILE,2026-03-23T10:18:40+00:00
LOG-N-03548,EMP-N-027,EXT-A-049-4,MODIFY_PHONE,2026-04-18T15:44:26+00:00
LOG-N-03549,EMP-N-008,EXT-A-059-2,VIEW_PROFILE,2026-07-18T06:29:35+00:00
LOG-N-03550,EMP-N-099,ACC-N-0693,MODIFY_PHONE,2026-05-01T14:34:07+00:00
LOG-N-03551,EMP-A-001,EXT-A-044-1,VIEW_PROFILE,2026-01-07T01:03:47+00:00
LOG-N-03552,EMP-N-007,ACC-N-0402,MODIFY_PHONE,2026-08-08T23:43:40+00:00
LOG-N-03553,EMP-N-028,ACC-N-0753,VIEW_PROFILE,2026-11-06T15:24:51+00:00
LOG-N-03554,EMP-N-051,ACC-A-DORMANT-012,VIEW_PROFILE,2026-01-10T10:03:47+00:00
LOG-N-03555,EMP-N-077,EXT-A-045-1,MANUAL_UNFREEZE,2026-02-04T11:42:03+00:00
LOG-N-03556,EMP-N-029,EXT-A-012-3,MODIFY_PHONE,2026-08-27T16:36:43+00:00
LOG-N-03557,EMP-N-020,ACC-N-0630,VIEW_PROFILE,2026-01-09T00:34:08+00:00
LOG-N-03558,EMP-N-079,EXT-A-033-2,VIEW_PROFILE,2026-01-28T22:51:46+00:00
LOG-N-03559,EMP-N-083,ACC-N-0608,VIEW_PROFILE,2026-02-26T11:19:54+00:00
LOG-N-03560,EMP-N-017,ACC-N-0532,VIEW_PROFILE,2026-10-22T03:04:59+00:00
LOG-N-03561,EMP-N-005,ACC-N-0426,VIEW_PROFILE,2026-04-06T23:17:53+00:00
LOG-N-03562,EMP-N-058,ACC-A-DORMANT-070,VIEW_PROFILE,2026-03-06T23:48:52+00:00
LOG-N-03563,EMP-N-041,ACC-N-0537,VIEW_PROFILE,2026-05-19T19:47:21+00:00
LOG-N-03564,EMP-N-062,ACC-N-0464,OVERRIDE_ALERT,2026-01-07T08:52:12+00:00
LOG-N-03565,EMP-N-058,ACC-B-A,MODIFY_PHONE,2026-12-09T01:56:58+00:00
LOG-N-03566,EMP-N-058,ACC-N-0415,VIEW_PROFILE,2026-11-28T11:02:00+00:00
LOG-N-03567,EMP-N-015,EXT-A-045-2,VIEW_PROFILE,2026-07-12T08:41:31+00:00
LOG-N-03568,EMP-N-015,ACC-N-0484,VIEW_PROFILE,2026-08-10T22:30:40+00:00
LOG-N-03569,EMP-N-087,ACC-A-DORMANT-014,VIEW_PROFILE,2026-01-30T04:32:29+00:00
LOG-N-03570,EMP-N-011,ACC-N-0945,VIEW_PROFILE,2026-06-13T06:04:04+00:00
LOG-N-03571,EMP-N-044,ACC-B-04-C,MANUAL_UNFREEZE,2026-08-02T12:09:43+00:00
LOG-N-03572,EMP-N-029,ACC-N-0866,VIEW_PROFILE,2026-03-12T09:17:25+00:00
LOG-N-03573,EMP-N-097,ACC-N-0573,VIEW_PROFILE,2026-05-01T21:53:17+00:00
LOG-N-03574,EMP-N-066,ACC-N-0507,VIEW_PROFILE,2026-04-28T06:21:55+00:00
LOG-N-03575,EMP-N-020,ACC-N-0700,VIEW_PROFILE,2026-09-29T00:00:25+00:00
LOG-N-03576,EMP-N-039,ACC-A-DORMANT-049,OVERRIDE_ALERT,2026-02-13T17:33:50+00:00
LOG-N-03577,EMP-N-066,ACC-N-0445,VIEW_PROFILE,2026-06-18T20:01:49+00:00
LOG-N-03578,EMP-N-010,ACC-N-0436,VIEW_PROFILE,2026-07-04T15:23:12+00:00
LOG-N-03579,EMP-N-050,EXT-A-011-1,VIEW_PROFILE,2026-12-15T17:19:15+00:00
LOG-N-03580,EMP-N-009,ACC-A-DORMANT-007,VIEW_PROFILE,2026-04-08T19:19:20+00:00
LOG-N-03581,EMP-N-046,ACC-N-0662,VIEW_PROFILE,2026-05-03T04:00:53+00:00
LOG-N-03582,EMP-N-091,ACC-N-0930,VIEW_PROFILE,2026-05-28T12:16:53+00:00
LOG-N-03583,EMP-N-021,ACC-N-0569,VIEW_PROFILE,2026-07-14T21:03:52+00:00
LOG-N-03584,EMP-N-086,EXT-A-026-2,VIEW_PROFILE,2026-10-17T10:35:03+00:00
LOG-N-03585,EMP-N-058,ACC-N-0772,VIEW_PROFILE,2026-08-09T23:34:26+00:00
LOG-N-03586,EMP-N-090,EXT-A-054-3,VIEW_PROFILE,2026-10-16T19:36:40+00:00
LOG-N-03587,EMP-N-084,EXT-A-033-2,VIEW_PROFILE,2026-08-17T03:50:52+00:00
LOG-N-03588,EMP-N-028,ACC-N-0614,VIEW_PROFILE,2026-05-02T23:11:50+00:00
LOG-N-03589,EMP-N-087,ACC-N-0756,VIEW_PROFILE,2026-09-23T14:03:23+00:00
LOG-N-03590,EMP-N-016,EXT-A-007-4,VIEW_PROFILE,2026-06-21T23:33:10+00:00
LOG-N-03591,EMP-C-PAYROLL,ACC-N-0996,VIEW_PROFILE,2026-07-01T08:55:53+00:00
LOG-N-03592,EMP-N-019,ACC-N-0675,VIEW_PROFILE,2026-09-23T06:55:03+00:00
LOG-N-03593,EMP-N-010,EXT-A-059-1,VIEW_PROFILE,2026-01-03T03:05:12+00:00
LOG-N-03594,EMP-N-080,ACC-N-0534,VIEW_PROFILE,2026-01-14T15:23:43+00:00
LOG-N-03595,EMP-N-036,ACC-C-PAY-04,MODIFY_PHONE,2026-01-29T19:10:05+00:00
LOG-N-03596,EMP-N-012,ACC-N-0406,VIEW_PROFILE,2026-08-11T14:32:28+00:00
LOG-N-03597,EMP-N-039,ACC-N-0813,VIEW_PROFILE,2026-01-22T16:56:03+00:00
LOG-N-03598,EMP-N-056,ACC-N-0665,VIEW_PROFILE,2026-10-16T02:43:55+00:00
LOG-N-03599,EMP-N-027,EXT-A-032-1,VIEW_PROFILE,2026-07-19T15:01:03+00:00
LOG-N-03600,EMP-N-007,ACC-N-0998,VIEW_PROFILE,2026-05-08T12:47:07+00:00
LOG-N-03601,EMP-N-089,EXT-A-067-2,VIEW_PROFILE,2026-03-16T16:24:28+00:00
LOG-N-03602,EMP-N-075,EXT-A-060-4,MODIFY_PHONE,2026-02-05T08:28:35+00:00
LOG-N-03603,EMP-N-056,ACC-A-DORMANT-032,VIEW_PROFILE,2026-08-27T16:34:01+00:00
LOG-N-03604,EMP-N-017,ACC-N-0488,VIEW_PROFILE,2026-10-20T05:55:20+00:00
LOG-N-03605,EMP-N-030,ACC-N-0938,VIEW_PROFILE,2026-09-26T13:18:57+00:00
LOG-N-03606,EMP-N-056,ACC-N-0562,VIEW_PROFILE,2026-07-27T15:51:50+00:00
LOG-N-03607,EMP-N-068,ACC-N-0848,VIEW_PROFILE,2026-02-07T15:46:56+00:00
LOG-N-03608,EMP-N-043,ACC-N-0896,VIEW_PROFILE,2026-11-07T09:03:01+00:00
LOG-N-03609,EMP-N-087,EXT-A-004-3,VIEW_PROFILE,2026-11-20T01:03:07+00:00
LOG-N-03610,EMP-N-012,EXT-A-012-3,VIEW_PROFILE,2026-11-27T02:06:28+00:00
LOG-N-03611,EMP-N-096,ACC-N-0511,MODIFY_PHONE,2026-04-04T08:04:40+00:00
LOG-N-03612,EMP-N-041,EXT-A-038-1,VIEW_PROFILE,2026-07-15T20:42:02+00:00
LOG-N-03613,EMP-N-089,EXT-A-029-4,VIEW_PROFILE,2026-04-21T23:34:10+00:00
LOG-N-03614,EMP-N-012,EXT-A-025-4,VIEW_PROFILE,2026-09-29T23:59:29+00:00
LOG-N-03615,EMP-N-095,ACC-N-0595,VIEW_PROFILE,2026-03-24T14:14:00+00:00
LOG-N-03616,EMP-N-009,ACC-N-0920,VIEW_PROFILE,2026-01-19T17:18:33+00:00
LOG-N-03617,EMP-N-095,ACC-N-0973,VIEW_PROFILE,2026-12-11T11:14:08+00:00
LOG-N-03618,EMP-N-046,ACC-N-0602,VIEW_PROFILE,2026-05-08T17:43:32+00:00
LOG-N-03619,EMP-N-069,ACC-N-0573,VIEW_PROFILE,2026-09-29T00:43:50+00:00
LOG-N-03620,EMP-N-088,ACC-N-0800,VIEW_PROFILE,2026-06-06T04:39:20+00:00
LOG-N-03621,EMP-N-066,ACC-N-0772,VIEW_PROFILE,2026-06-06T02:42:24+00:00
LOG-N-03622,EMP-N-033,ACC-N-0694,VIEW_PROFILE,2026-12-14T08:47:34+00:00
LOG-N-03623,EMP-N-086,ACC-A-DORMANT-038,MODIFY_PHONE,2026-10-14T21:26:13+00:00
LOG-N-03624,EMP-N-053,ACC-N-0766,MODIFY_PHONE,2026-04-19T08:22:43+00:00
LOG-N-03625,EMP-N-016,ACC-N-0767,VIEW_PROFILE,2026-08-22T18:37:07+00:00
LOG-N-03626,EMP-C-WEALTH,ACC-N-0500,MODIFY_PHONE,2026-09-01T22:42:32+00:00
LOG-N-03627,EMP-N-073,ACC-B-03-C,VIEW_PROFILE,2026-08-01T18:27:17+00:00
LOG-N-03628,EMP-N-015,EXT-A-031-1,MODIFY_PHONE,2026-03-05T10:54:52+00:00
LOG-N-03629,EMP-N-022,ACC-N-0996,VIEW_PROFILE,2026-03-02T22:40:02+00:00
LOG-N-03630,EMP-N-045,ACC-N-0937,VIEW_PROFILE,2026-11-16T19:14:17+00:00
LOG-N-03631,EMP-N-054,ACC-N-0949,VIEW_PROFILE,2026-05-19T08:15:33+00:00
LOG-N-03632,EMP-N-040,EXT-A-009-4,VIEW_PROFILE,2026-02-07T12:39:52+00:00
LOG-N-03633,EMP-N-054,ACC-N-0608,VIEW_PROFILE,2026-03-12T14:55:00+00:00
LOG-N-03634,EMP-N-019,ACC-N-0461,VIEW_PROFILE,2026-11-08T22:53:01+00:00
LOG-N-03635,EMP-N-090,EXT-A-041-4,VIEW_PROFILE,2026-01-16T18:43:50+00:00
LOG-N-03636,EMP-N-036,EXT-A-022-4,MODIFY_PHONE,2026-02-22T07:08:22+00:00
LOG-N-03637,EMP-N-092,EXT-A-049-3,VIEW_PROFILE,2026-02-21T01:51:25+00:00
LOG-N-03638,EMP-N-028,EXT-A-018-2,VIEW_PROFILE,2026-12-20T11:01:45+00:00
LOG-N-03639,EMP-N-016,EXT-A-040-4,VIEW_PROFILE,2026-02-26T19:50:04+00:00
LOG-N-03640,EMP-N-011,EXT-A-026-1,VIEW_PROFILE,2026-03-07T16:31:52+00:00
LOG-N-03641,EMP-N-026,ACC-N-0466,MODIFY_PHONE,2026-06-02T05:36:37+00:00
LOG-N-03642,EMP-N-039,EXT-A-066-4,VIEW_PROFILE,2026-08-16T03:24:45+00:00
LOG-N-03643,EMP-N-092,ACC-N-0845,VIEW_PROFILE,2026-04-28T09:16:58+00:00
LOG-N-03644,EMP-N-022,ACC-N-0619,VIEW_PROFILE,2026-03-13T09:37:10+00:00
LOG-N-03645,EMP-N-052,ACC-N-0962,VIEW_PROFILE,2026-10-08T07:33:53+00:00
LOG-N-03646,EMP-N-051,ACC-N-0809,VIEW_PROFILE,2026-06-13T12:47:19+00:00
LOG-N-03647,EMP-N-017,ACC-N-0870,VIEW_PROFILE,2026-05-25T01:17:03+00:00
LOG-N-03648,EMP-N-068,ACC-N-0716,VIEW_PROFILE,2026-09-09T17:34:08+00:00
LOG-N-03649,EMP-N-031,ACC-A-DORMANT-009,VIEW_PROFILE,2026-12-06T04:53:31+00:00
LOG-N-03650,EMP-C-PAYROLL,ACC-N-0997,VIEW_PROFILE,2026-12-27T18:47:01+00:00
LOG-N-03651,EMP-N-068,ACC-N-0603,VIEW_PROFILE,2026-08-15T09:02:56+00:00
LOG-N-03652,EMP-N-075,ACC-N-0780,VIEW_PROFILE,2026-05-02T04:17:36+00:00
LOG-N-03653,EMP-N-061,EXT-A-030-3,VIEW_PROFILE,2026-11-17T05:39:28+00:00
LOG-N-03654,EMP-N-013,ACC-N-0532,VIEW_PROFILE,2026-06-02T10:04:48+00:00
LOG-N-03655,EMP-N-031,EXT-A-059-2,VIEW_PROFILE,2026-03-22T02:41:07+00:00
LOG-N-03656,EMP-N-092,ACC-A-DORMANT-049,VIEW_PROFILE,2026-09-17T14:01:01+00:00
LOG-N-03657,EMP-N-062,EXT-A-068-4,VIEW_PROFILE,2026-03-04T16:33:07+00:00
LOG-N-03658,EMP-N-048,EXT-A-039-1,MODIFY_PHONE,2026-08-24T11:06:02+00:00
LOG-N-03659,EMP-N-073,ACC-N-0710,VIEW_PROFILE,2026-03-05T06:21:33+00:00
LOG-N-03660,EMP-N-041,ACC-N-0854,VIEW_PROFILE,2026-02-12T14:56:08+00:00
LOG-N-03661,EMP-N-036,ACC-N-0724,VIEW_PROFILE,2026-08-07T10:09:59+00:00
LOG-N-03662,EMP-N-097,ACC-N-0912,MODIFY_PHONE,2026-03-07T07:47:09+00:00
LOG-N-03663,EMP-N-017,ACC-N-0714,VIEW_PROFILE,2026-09-05T06:26:57+00:00
LOG-N-03664,EMP-N-075,EXT-A-038-4,MODIFY_PHONE,2026-10-08T17:19:51+00:00
LOG-N-03665,EMP-N-042,ACC-N-0819,OVERRIDE_ALERT,2026-04-23T07:41:21+00:00
LOG-N-03666,EMP-N-031,ACC-N-0689,VIEW_PROFILE,2026-09-19T04:59:03+00:00
LOG-N-03667,EMP-N-053,ACC-N-0444,VIEW_PROFILE,2026-08-23T20:45:19+00:00
LOG-N-03668,EMP-N-096,EXT-A-038-2,VIEW_PROFILE,2026-12-17T21:39:53+00:00
LOG-N-03669,EMP-N-085,ACC-N-0405,VIEW_PROFILE,2026-10-21T08:03:32+00:00
LOG-N-03670,EMP-N-011,ACC-N-0971,VIEW_PROFILE,2026-04-27T11:54:49+00:00
LOG-N-03671,EMP-N-078,ACC-N-0747,MODIFY_PHONE,2026-04-26T17:53:52+00:00
LOG-N-03672,EMP-A-001,ACC-N-0862,MODIFY_PHONE,2026-01-18T21:15:41+00:00
LOG-N-03673,EMP-N-026,ACC-B-02-A,VIEW_PROFILE,2026-10-18T16:35:59+00:00
LOG-N-03674,EMP-N-025,ACC-N-0448,MODIFY_PHONE,2026-10-31T07:29:41+00:00
LOG-N-03675,EMP-N-073,ACC-N-0480,VIEW_PROFILE,2026-08-22T19:21:50+00:00
LOG-N-03676,EMP-N-024,ACC-N-0539,VIEW_PROFILE,2026-04-22T06:50:49+00:00
LOG-N-03677,EMP-N-008,ACC-N-0442,VIEW_PROFILE,2026-12-12T12:02:42+00:00
LOG-N-03678,EMP-N-016,ACC-B-B,VIEW_PROFILE,2026-11-25T14:47:09+00:00
LOG-N-03679,EMP-N-029,ACC-N-0635,VIEW_PROFILE,2026-02-26T04:14:55+00:00
LOG-N-03680,EMP-N-039,EXT-A-027-1,VIEW_PROFILE,2026-08-24T21:56:20+00:00
LOG-N-03681,EMP-N-024,ACC-N-0661,VIEW_PROFILE,2026-09-18T00:59:42+00:00
LOG-N-03682,EMP-N-094,EXT-A-060-4,MODIFY_PHONE,2026-07-28T06:04:13+00:00
LOG-N-03683,EMP-N-057,EXT-A-056-4,VIEW_PROFILE,2026-03-05T03:33:19+00:00
LOG-N-03684,EMP-C-PAYROLL,ACC-N-0513,VIEW_PROFILE,2026-09-14T11:03:57+00:00
LOG-N-03685,EMP-N-008,EXT-A-022-1,VIEW_PROFILE,2026-03-01T01:33:28+00:00
LOG-N-03686,EMP-N-024,ACC-N-0482,VIEW_PROFILE,2026-04-21T23:10:33+00:00
LOG-N-03687,EMP-N-042,ACC-A-DORMANT-002,VIEW_PROFILE,2026-05-14T18:53:05+00:00
LOG-N-03688,EMP-N-095,EXT-A-072-4,VIEW_PROFILE,2026-08-13T03:44:58+00:00
LOG-N-03689,EMP-N-057,ACC-A-DORMANT-007,MANUAL_UNFREEZE,2026-11-14T05:54:38+00:00
LOG-N-03690,EMP-N-078,ACC-A-DORMANT-020,VIEW_PROFILE,2026-11-12T07:07:09+00:00
LOG-N-03691,EMP-N-025,ACC-N-0687,VIEW_PROFILE,2026-07-26T22:02:50+00:00
LOG-N-03692,EMP-N-006,ACC-N-0878,MODIFY_PHONE,2026-07-08T16:21:20+00:00
LOG-N-03693,EMP-N-033,ACC-N-0616,VIEW_PROFILE,2026-05-11T02:13:03+00:00
LOG-N-03694,EMP-N-068,ACC-N-0636,VIEW_PROFILE,2026-06-29T08:12:39+00:00
LOG-N-03695,EMP-N-011,ACC-N-0409,VIEW_PROFILE,2026-01-19T15:34:17+00:00
LOG-N-03696,EMP-N-090,ACC-N-0479,VIEW_PROFILE,2026-05-21T21:36:46+00:00
LOG-N-03697,EMP-N-031,ACC-N-0948,VIEW_PROFILE,2026-03-04T20:13:49+00:00
LOG-N-03698,EMP-N-069,ACC-N-0787,VIEW_PROFILE,2026-03-08T21:13:39+00:00
LOG-N-03699,EMP-N-009,ACC-N-0746,MODIFY_PHONE,2026-04-01T01:40:23+00:00
LOG-N-03700,EMP-N-078,ACC-N-0482,VIEW_PROFILE,2026-01-18T11:06:58+00:00
LOG-N-03701,EMP-N-095,ACC-N-0824,MODIFY_PHONE,2026-01-25T10:32:45+00:00
LOG-N-03702,EMP-N-067,EXT-A-070-4,VIEW_PROFILE,2026-12-04T08:32:42+00:00
LOG-N-03703,EMP-N-041,ACC-N-0589,VIEW_PROFILE,2026-08-13T08:02:55+00:00
LOG-N-03704,EMP-N-072,ACC-A-DORMANT-023,VIEW_PROFILE,2026-06-05T18:37:33+00:00
LOG-N-03705,EMP-N-021,ACC-N-0853,VIEW_PROFILE,2026-02-13T13:07:20+00:00
LOG-N-03706,EMP-N-024,ACC-N-0681,VIEW_PROFILE,2026-11-16T23:42:16+00:00
LOG-N-03707,EMP-A-001,ACC-A-DORMANT-022,VIEW_PROFILE,2026-12-21T07:51:15+00:00
LOG-N-03708,EMP-N-032,ACC-N-0652,VIEW_PROFILE,2026-06-08T02:35:05+00:00
LOG-N-03709,EMP-N-063,ACC-N-0589,VIEW_PROFILE,2026-10-06T08:22:48+00:00
LOG-N-03710,EMP-N-054,ACC-N-0524,VIEW_PROFILE,2026-11-26T22:20:26+00:00
LOG-N-03711,EMP-N-015,ACC-N-0443,VIEW_PROFILE,2026-08-13T09:39:46+00:00
LOG-N-03712,EMP-C-PAYROLL,ACC-N-0554,VIEW_PROFILE,2026-12-29T02:18:46+00:00
LOG-N-03713,EMP-N-047,ACC-A-DORMANT-058,VIEW_PROFILE,2026-06-25T15:29:54+00:00
LOG-N-03714,EMP-N-046,ACC-A-DORMANT-048,VIEW_PROFILE,2026-01-12T05:22:23+00:00
LOG-N-03715,EMP-N-091,ACC-N-0869,VIEW_PROFILE,2026-04-08T08:21:39+00:00
LOG-N-03716,EMP-N-038,ACC-N-0505,VIEW_PROFILE,2026-08-20T18:51:22+00:00
LOG-N-03717,EMP-N-078,ACC-N-0876,VIEW_PROFILE,2026-09-21T09:54:10+00:00
LOG-N-03718,EMP-N-047,EXT-A-029-1,VIEW_PROFILE,2026-01-11T06:09:24+00:00
LOG-N-03719,EMP-N-088,ACC-N-0639,VIEW_PROFILE,2026-11-30T05:13:44+00:00
LOG-N-03720,EMP-N-076,EXT-A-068-4,VIEW_PROFILE,2026-11-02T19:32:42+00:00
LOG-N-03721,EMP-N-068,ACC-N-0585,VIEW_PROFILE,2026-08-26T00:53:49+00:00
LOG-N-03722,EMP-N-062,ACC-N-0621,MANUAL_UNFREEZE,2026-05-03T23:14:25+00:00
LOG-N-03723,EMP-N-017,ACC-N-0993,VIEW_PROFILE,2026-05-19T04:20:40+00:00
LOG-N-03724,EMP-N-079,EXT-A-039-1,VIEW_PROFILE,2026-07-07T12:46:57+00:00
LOG-N-03725,EMP-N-071,EXT-A-049-3,VIEW_PROFILE,2026-03-21T04:39:10+00:00
LOG-N-03726,EMP-N-074,ACC-N-0426,VIEW_PROFILE,2026-01-21T03:35:14+00:00
LOG-N-03727,EMP-N-069,ACC-N-0433,VIEW_PROFILE,2026-11-16T01:37:29+00:00
LOG-N-03728,EMP-N-012,ACC-N-0593,VIEW_PROFILE,2026-11-17T17:24:09+00:00
LOG-N-03729,EMP-N-089,ACC-N-0768,MODIFY_PHONE,2026-10-09T21:17:21+00:00
LOG-N-03730,EMP-N-076,EXT-A-011-3,VIEW_PROFILE,2026-02-26T19:29:54+00:00
LOG-N-03731,EMP-N-031,ACC-N-0936,VIEW_PROFILE,2026-07-01T11:19:33+00:00
LOG-N-03732,EMP-N-025,ACC-N-0493,VIEW_PROFILE,2026-12-24T17:09:15+00:00
LOG-N-03733,EMP-N-068,ACC-N-0602,VIEW_PROFILE,2026-01-04T18:10:06+00:00
LOG-N-03734,EMP-N-016,ACC-N-0728,VIEW_PROFILE,2026-05-11T08:34:20+00:00
LOG-N-03735,EMP-N-032,ACC-N-0826,VIEW_PROFILE,2026-07-27T16:29:41+00:00
LOG-N-03736,EMP-N-019,EXT-A-007-3,VIEW_PROFILE,2026-08-28T05:02:32+00:00
LOG-N-03737,EMP-B-001,EXT-A-050-1,VIEW_PROFILE,2026-10-27T06:56:37+00:00
LOG-N-03738,EMP-N-038,EXT-A-053-1,VIEW_PROFILE,2026-08-29T22:21:21+00:00
LOG-N-03739,EMP-N-020,ACC-N-0753,VIEW_PROFILE,2026-12-14T18:12:04+00:00
LOG-N-03740,EMP-A-001,ACC-N-0838,VIEW_PROFILE,2026-10-22T01:14:33+00:00
LOG-N-03741,EMP-N-082,ACC-N-0935,VIEW_PROFILE,2026-08-04T22:05:34+00:00
LOG-N-03742,EMP-N-068,ACC-N-0431,VIEW_PROFILE,2026-03-06T13:25:00+00:00
LOG-N-03743,EMP-N-036,EXT-A-063-3,VIEW_PROFILE,2026-03-30T10:31:08+00:00
LOG-N-03744,EMP-N-051,ACC-N-0600,VIEW_PROFILE,2026-02-23T01:50:23+00:00
LOG-N-03745,EMP-N-015,ACC-N-0683,VIEW_PROFILE,2026-09-09T22:23:43+00:00
LOG-N-03746,EMP-N-064,ACC-A-DORMANT-067,MODIFY_PHONE,2026-03-28T19:36:52+00:00
LOG-N-03747,EMP-N-047,EXT-A-059-4,VIEW_PROFILE,2026-05-02T02:00:43+00:00
LOG-N-03748,EMP-N-035,EXT-A-061-1,VIEW_PROFILE,2026-02-05T08:55:00+00:00
LOG-N-03749,EMP-N-087,ACC-N-0903,VIEW_PROFILE,2026-11-22T13:48:55+00:00
LOG-N-03750,EMP-N-030,EXT-A-048-3,VIEW_PROFILE,2026-08-09T15:40:30+00:00
LOG-N-03751,EMP-N-072,EXT-A-010-1,VIEW_PROFILE,2026-11-17T20:48:06+00:00
LOG-N-03752,EMP-N-055,ACC-N-0875,VIEW_PROFILE,2026-05-30T01:56:21+00:00
LOG-N-03753,EMP-N-061,ACC-N-0412,VIEW_PROFILE,2026-01-30T14:22:01+00:00
LOG-N-03754,EMP-N-013,ACC-N-0639,VIEW_PROFILE,2026-06-24T02:37:39+00:00
LOG-N-03755,EMP-N-078,EXT-A-050-4,VIEW_PROFILE,2026-02-04T13:58:06+00:00
LOG-N-03756,EMP-N-050,ACC-N-0694,VIEW_PROFILE,2026-08-11T05:13:39+00:00
LOG-N-03757,EMP-N-095,ACC-N-0909,VIEW_PROFILE,2026-10-14T05:24:38+00:00
LOG-N-03758,EMP-N-077,ACC-N-0534,VIEW_PROFILE,2026-01-29T15:20:47+00:00
LOG-N-03759,EMP-B-001,ACC-N-0953,VIEW_PROFILE,2026-05-13T22:30:08+00:00
LOG-N-03760,EMP-C-WEALTH,EXT-A-044-2,VIEW_PROFILE,2026-01-23T21:00:56+00:00
LOG-N-03761,EMP-N-055,ACC-N-0662,MODIFY_PHONE,2026-11-11T01:37:54+00:00
LOG-N-03762,EMP-N-072,ACC-N-0806,VIEW_PROFILE,2026-11-26T06:51:42+00:00
LOG-N-03763,EMP-N-017,EXT-A-013-4,VIEW_PROFILE,2026-04-09T07:00:13+00:00
LOG-N-03764,EMP-N-048,EXT-A-056-4,VIEW_PROFILE,2026-12-14T04:59:24+00:00
LOG-N-03765,EMP-N-094,ACC-N-0973,VIEW_PROFILE,2026-09-15T15:24:30+00:00
LOG-N-03766,EMP-N-060,ACC-N-0722,VIEW_PROFILE,2026-08-04T07:09:59+00:00
LOG-N-03767,EMP-N-092,ACC-A-DORMANT-018,VIEW_PROFILE,2026-09-08T01:41:05+00:00
LOG-N-03768,EMP-N-031,ACC-N-0766,VIEW_PROFILE,2026-03-15T13:13:29+00:00
LOG-N-03769,EMP-N-046,EXT-A-025-3,VIEW_PROFILE,2026-10-05T14:18:49+00:00
LOG-N-03770,EMP-N-040,ACC-N-0933,MODIFY_PHONE,2026-10-13T20:21:10+00:00
LOG-N-03771,EMP-N-023,EXT-A-028-3,VIEW_PROFILE,2026-06-10T19:29:59+00:00
LOG-N-03772,EMP-N-015,EXT-A-062-3,VIEW_PROFILE,2026-06-18T12:11:02+00:00
LOG-N-03773,EMP-N-052,EXT-A-015-4,VIEW_PROFILE,2026-01-01T05:38:25+00:00
LOG-N-03774,EMP-N-081,EXT-A-028-1,VIEW_PROFILE,2026-11-23T19:52:24+00:00
LOG-N-03775,EMP-N-018,ACC-N-0818,VIEW_PROFILE,2026-05-10T04:37:50+00:00
LOG-N-03776,EMP-N-058,ACC-N-0859,VIEW_PROFILE,2026-11-22T13:46:40+00:00
LOG-N-03777,EMP-N-093,ACC-N-0501,VIEW_PROFILE,2026-01-18T03:23:00+00:00
LOG-N-03778,EMP-N-042,ACC-N-0836,VIEW_PROFILE,2026-08-16T06:49:09+00:00
LOG-N-03779,EMP-N-006,ACC-N-0485,MODIFY_PHONE,2026-01-18T00:54:47+00:00
LOG-N-03780,EMP-N-021,EXT-A-048-4,VIEW_PROFILE,2026-01-02T09:44:35+00:00
LOG-N-03781,EMP-N-090,EXT-A-015-3,VIEW_PROFILE,2026-09-01T16:29:53+00:00
LOG-N-03782,EMP-N-006,ACC-N-0472,VIEW_PROFILE,2026-03-12T04:43:56+00:00
LOG-N-03783,EMP-N-059,ACC-N-0407,VIEW_PROFILE,2026-03-04T03:43:48+00:00
LOG-N-03784,EMP-N-022,ACC-N-0926,VIEW_PROFILE,2026-05-24T00:59:47+00:00
LOG-N-03785,EMP-N-050,ACC-N-0803,VIEW_PROFILE,2026-06-01T20:54:06+00:00
LOG-N-03786,EMP-N-026,ACC-N-0628,VIEW_PROFILE,2026-10-10T14:54:30+00:00
LOG-N-03787,EMP-N-005,ACC-N-0652,VIEW_PROFILE,2026-04-07T13:20:17+00:00
LOG-N-03788,EMP-N-078,ACC-N-0733,VIEW_PROFILE,2026-11-14T12:54:59+00:00
LOG-N-03789,EMP-N-038,EXT-A-047-2,VIEW_PROFILE,2026-06-12T17:45:53+00:00
LOG-N-03790,EMP-N-052,ACC-N-0718,VIEW_PROFILE,2026-05-29T05:38:17+00:00
LOG-N-03791,EMP-N-077,ACC-N-0780,VIEW_PROFILE,2026-03-17T16:55:59+00:00
LOG-N-03792,EMP-N-031,EXT-A-055-4,VIEW_PROFILE,2026-04-17T00:38:58+00:00
LOG-N-03793,EMP-N-064,ACC-N-0455,VIEW_PROFILE,2026-01-05T07:20:26+00:00
LOG-N-03794,EMP-N-054,EXT-A-004-4,VIEW_PROFILE,2026-07-04T00:32:58+00:00
LOG-N-03795,EMP-N-021,EXT-A-033-3,VIEW_PROFILE,2026-10-23T08:17:27+00:00
LOG-N-03796,EMP-N-021,EXT-A-063-3,VIEW_PROFILE,2026-04-07T11:08:12+00:00
LOG-N-03797,EMP-N-078,ACC-A-DORMANT-008,VIEW_PROFILE,2026-09-12T04:26:18+00:00
LOG-N-03798,EMP-N-094,ACC-N-0764,VIEW_PROFILE,2026-02-20T06:39:32+00:00
LOG-N-03799,EMP-N-099,ACC-N-0761,VIEW_PROFILE,2026-07-08T15:15:02+00:00
LOG-N-03800,EMP-N-079,ACC-N-0762,VIEW_PROFILE,2026-11-05T23:18:29+00:00
LOG-N-03801,EMP-N-073,EXT-A-055-1,VIEW_PROFILE,2026-07-18T06:15:16+00:00
LOG-N-03802,EMP-N-009,ACC-C-HNW-04,VIEW_PROFILE,2026-12-11T10:44:46+00:00
LOG-N-03803,EMP-N-009,EXT-A-022-4,VIEW_PROFILE,2026-06-28T00:27:30+00:00
LOG-N-03804,EMP-N-010,EXT-A-023-1,VIEW_PROFILE,2026-03-11T17:40:08+00:00
LOG-N-03805,EMP-N-082,ACC-N-0591,VIEW_PROFILE,2026-03-25T04:36:31+00:00
LOG-N-03806,EMP-N-072,EXT-A-015-3,VIEW_PROFILE,2026-04-09T14:48:51+00:00
LOG-N-03807,EMP-N-074,ACC-B-03-C,VIEW_PROFILE,2026-02-23T21:33:56+00:00
LOG-N-03808,EMP-C-WEALTH,EXT-A-063-1,VIEW_PROFILE,2026-01-05T04:06:54+00:00
LOG-N-03809,EMP-N-038,ACC-N-0962,VIEW_PROFILE,2026-09-05T09:50:10+00:00
LOG-N-03810,EMP-A-001,ACC-A-DORMANT-037,VIEW_PROFILE,2026-06-18T07:51:14+00:00
LOG-N-03811,EMP-N-027,ACC-A-DORMANT-042,VIEW_PROFILE,2026-01-16T12:19:58+00:00
LOG-N-03812,EMP-N-082,ACC-A-DORMANT-065,VIEW_PROFILE,2026-07-08T16:30:34+00:00
LOG-N-03813,EMP-N-010,EXT-A-120482,MODIFY_PHONE,2026-05-11T00:43:37+00:00
LOG-N-03814,EMP-N-016,ACC-N-0636,MODIFY_PHONE,2026-04-12T17:03:50+00:00
LOG-N-03815,EMP-C-WEALTH,ACC-N-0957,VIEW_PROFILE,2026-11-13T20:31:39+00:00
LOG-N-03816,EMP-N-054,EXT-A-043-4,VIEW_PROFILE,2026-12-05T11:30:16+00:00
LOG-N-03817,EMP-N-042,EXT-A-024-3,VIEW_PROFILE,2026-03-15T21:28:33+00:00
LOG-N-03818,EMP-N-011,ACC-N-0755,VIEW_PROFILE,2026-08-14T03:52:20+00:00
LOG-N-03819,EMP-N-080,ACC-N-0942,VIEW_PROFILE,2026-03-01T17:36:32+00:00
LOG-N-03820,EMP-N-056,EXT-A-029-3,VIEW_PROFILE,2026-02-27T05:14:56+00:00
LOG-N-03821,EMP-N-006,EXT-A-056-3,VIEW_PROFILE,2026-02-10T01:43:42+00:00
LOG-N-03822,EMP-N-053,ACC-N-0853,VIEW_PROFILE,2026-07-16T18:16:42+00:00
LOG-N-03823,EMP-N-100,ACC-N-0408,VIEW_PROFILE,2026-02-05T18:32:41+00:00
LOG-N-03824,EMP-N-087,ACC-N-0566,VIEW_PROFILE,2026-12-07T20:58:40+00:00
LOG-N-03825,EMP-N-024,EXT-A-062-4,MODIFY_PHONE,2026-10-18T22:05:07+00:00
LOG-N-03826,EMP-N-089,EXT-A-062-4,MODIFY_PHONE,2026-04-07T19:12:13+00:00
LOG-N-03827,EMP-N-011,ACC-N-0504,VIEW_PROFILE,2026-06-23T14:36:43+00:00
LOG-N-03828,EMP-N-045,ACC-N-0585,VIEW_PROFILE,2026-02-07T05:30:52+00:00
LOG-N-03829,EMP-N-051,EXT-A-070-3,VIEW_PROFILE,2026-03-05T04:59:01+00:00
LOG-N-03830,EMP-N-058,ACC-N-0689,VIEW_PROFILE,2026-01-09T22:12:54+00:00
LOG-N-03831,EMP-N-055,EXT-A-044-2,MODIFY_PHONE,2026-12-21T14:17:30+00:00
LOG-N-03832,EMP-N-079,ACC-N-0997,VIEW_PROFILE,2026-08-13T07:20:54+00:00
LOG-N-03833,EMP-N-050,EXT-A-002-4,MODIFY_PHONE,2026-10-14T05:56:52+00:00
LOG-N-03834,EMP-N-070,EXT-A-044-3,OVERRIDE_ALERT,2026-10-23T01:33:20+00:00
LOG-N-03835,EMP-N-045,ACC-N-0805,VIEW_PROFILE,2026-10-09T19:38:33+00:00
LOG-N-03836,EMP-N-005,ACC-A-DORMANT-056,VIEW_PROFILE,2026-09-16T20:59:33+00:00
LOG-N-03837,EMP-N-017,EXT-A-048-1,VIEW_PROFILE,2026-08-25T07:11:08+00:00
LOG-N-03838,EMP-N-086,ACC-N-0433,VIEW_PROFILE,2026-02-15T18:39:33+00:00
LOG-N-03839,EMP-N-051,ACC-N-0549,VIEW_PROFILE,2026-02-21T13:56:40+00:00
LOG-N-03840,EMP-N-043,ACC-N-0432,VIEW_PROFILE,2026-04-17T08:58:58+00:00
LOG-N-03841,EMP-N-091,ACC-N-0656,VIEW_PROFILE,2026-12-10T19:10:30+00:00
LOG-N-03842,EMP-N-050,EXT-A-049-3,VIEW_PROFILE,2026-05-23T05:24:07+00:00
LOG-N-03843,EMP-N-019,ACC-N-0418,MANUAL_UNFREEZE,2026-06-29T15:22:52+00:00
LOG-N-03844,EMP-N-098,ACC-N-0875,MODIFY_PHONE,2026-09-19T06:29:11+00:00
LOG-N-03845,EMP-N-010,EXT-A-044-2,VIEW_PROFILE,2026-06-18T16:24:22+00:00
LOG-N-03846,EMP-N-088,EXT-A-027-4,VIEW_PROFILE,2026-05-24T18:10:41+00:00
LOG-N-03847,EMP-N-035,ACC-N-0661,VIEW_PROFILE,2026-11-20T19:58:28+00:00
LOG-N-03848,EMP-N-008,EXT-A-046-3,MODIFY_PHONE,2026-11-04T22:33:38+00:00
LOG-N-03849,EMP-N-072,EXT-A-039-2,MODIFY_PHONE,2026-06-18T23:38:13+00:00
LOG-N-03850,EMP-N-006,ACC-N-0603,VIEW_PROFILE,2026-01-31T04:19:39+00:00
LOG-N-03851,EMP-N-037,ACC-N-0829,VIEW_PROFILE,2026-11-01T16:06:24+00:00
LOG-N-03852,EMP-N-081,ACC-N-0622,MODIFY_PHONE,2026-12-29T23:26:40+00:00
LOG-N-03853,EMP-N-027,EXT-A-006-1,VIEW_PROFILE,2026-10-16T16:23:13+00:00
LOG-N-03854,EMP-N-078,EXT-A-009-1,VIEW_PROFILE,2026-01-30T12:17:41+00:00
LOG-N-03855,EMP-N-084,EXT-A-018-1,VIEW_PROFILE,2026-07-15T18:33:55+00:00
LOG-N-03856,EMP-N-074,EXT-A-012-1,VIEW_PROFILE,2026-08-17T22:43:37+00:00
LOG-N-03857,EMP-N-037,ACC-N-0606,VIEW_PROFILE,2026-08-15T17:50:35+00:00
LOG-N-03858,EMP-N-096,ACC-N-0510,VIEW_PROFILE,2026-08-11T22:21:04+00:00
LOG-N-03859,EMP-N-069,ACC-B-03-C,VIEW_PROFILE,2026-11-19T09:11:35+00:00
LOG-N-03860,EMP-N-019,ACC-N-0716,VIEW_PROFILE,2026-04-04T09:45:34+00:00
LOG-N-03861,EMP-N-095,ACC-N-0634,MODIFY_PHONE,2026-11-11T08:18:47+00:00
LOG-N-03862,EMP-N-082,ACC-N-0620,VIEW_PROFILE,2026-07-18T23:49:17+00:00
LOG-N-03863,EMP-N-046,EXT-A-064-3,VIEW_PROFILE,2026-04-30T11:43:31+00:00
LOG-N-03864,EMP-N-011,ACC-N-0426,MODIFY_PHONE,2026-10-12T16:17:11+00:00
LOG-N-03865,EMP-N-050,ACC-N-0829,VIEW_PROFILE,2026-05-28T14:18:26+00:00
LOG-N-03866,EMP-N-063,EXT-A-053-4,VIEW_PROFILE,2026-05-21T08:11:49+00:00
LOG-N-03867,EMP-N-073,ACC-N-0805,VIEW_PROFILE,2026-05-02T08:17:17+00:00
LOG-N-03868,EMP-N-019,ACC-N-0536,VIEW_PROFILE,2026-03-29T14:43:14+00:00
LOG-N-03869,EMP-N-028,EXT-A-059-2,OVERRIDE_ALERT,2026-07-06T23:44:26+00:00
LOG-N-03870,EMP-N-058,EXT-A-045-1,VIEW_PROFILE,2026-09-04T06:21:26+00:00
LOG-N-03871,EMP-N-053,ACC-A-DORMANT-023,VIEW_PROFILE,2026-09-18T05:04:41+00:00
LOG-N-03872,EMP-N-086,ACC-N-0734,MODIFY_PHONE,2026-03-15T09:25:20+00:00
LOG-N-03873,EMP-N-029,EXT-A-050-1,VIEW_PROFILE,2026-11-02T00:23:25+00:00
LOG-N-03874,EMP-N-020,ACC-N-0810,VIEW_PROFILE,2026-03-14T02:46:11+00:00
LOG-N-03875,EMP-N-057,ACC-N-0685,VIEW_PROFILE,2026-06-19T08:02:52+00:00
LOG-N-03876,EMP-N-054,EXT-A-043-2,VIEW_PROFILE,2026-08-25T20:45:03+00:00
LOG-N-03877,EMP-N-061,EXT-A-070-1,VIEW_PROFILE,2026-05-20T06:31:14+00:00
LOG-N-03878,EMP-N-085,ACC-A-DORMANT-066,VIEW_PROFILE,2026-03-21T12:21:11+00:00
LOG-N-03879,EMP-N-039,ACC-A-DORMANT-037,OVERRIDE_ALERT,2026-07-31T19:39:32+00:00
LOG-N-03880,EMP-N-043,EXT-A-002-3,VIEW_PROFILE,2026-05-08T22:28:32+00:00
LOG-N-03881,EMP-N-093,EXT-A-032-2,VIEW_PROFILE,2026-09-19T14:20:23+00:00
LOG-N-03882,EMP-N-045,EXT-A-014-2,VIEW_PROFILE,2026-08-07T09:17:56+00:00
LOG-N-03883,EMP-N-079,ACC-N-0930,VIEW_PROFILE,2026-06-04T08:30:56+00:00
LOG-N-03884,EMP-N-031,EXT-A-054-3,VIEW_PROFILE,2026-05-16T22:22:24+00:00
LOG-N-03885,EMP-N-010,ACC-N-0795,MODIFY_PHONE,2026-07-11T19:59:57+00:00
LOG-N-03886,EMP-N-093,ACC-A-DORMANT-027,VIEW_PROFILE,2026-03-28T07:25:40+00:00
LOG-N-03887,EMP-N-032,ACC-B-03-A,VIEW_PROFILE,2026-05-09T23:55:03+00:00
LOG-N-03888,EMP-N-066,ACC-N-0533,OVERRIDE_ALERT,2026-06-07T14:41:20+00:00
LOG-N-03889,EMP-N-015,ACC-N-0437,VIEW_PROFILE,2026-03-27T12:04:04+00:00
LOG-N-03890,EMP-B-001,ACC-N-0563,VIEW_PROFILE,2026-01-01T21:41:10+00:00
LOG-N-03891,EMP-N-096,ACC-N-0839,VIEW_PROFILE,2026-09-12T03:47:42+00:00
LOG-N-03892,EMP-N-054,EXT-A-867458,VIEW_PROFILE,2026-06-19T14:23:53+00:00
LOG-N-03893,EMP-N-081,ACC-N-0713,VIEW_PROFILE,2026-07-05T01:16:01+00:00
LOG-N-03894,EMP-N-058,ACC-N-0683,MODIFY_PHONE,2026-11-18T23:36:19+00:00
LOG-N-03895,EMP-N-037,EXT-A-004-2,VIEW_PROFILE,2026-10-29T06:12:49+00:00
LOG-N-03896,EMP-N-100,ACC-N-0558,VIEW_PROFILE,2026-10-05T18:30:07+00:00
LOG-N-03897,EMP-N-045,ACC-N-0686,VIEW_PROFILE,2026-02-07T08:43:17+00:00
LOG-N-03898,EMP-N-012,EXT-A-035-4,VIEW_PROFILE,2026-05-12T18:57:18+00:00
LOG-N-03899,EMP-C-PAYROLL,ACC-N-0398,VIEW_PROFILE,2026-06-26T10:43:25+00:00
LOG-N-03900,EMP-N-052,ACC-C-PAY-05,VIEW_PROFILE,2026-06-26T16:47:10+00:00
LOG-N-03901,EMP-N-032,ACC-N-0396,MODIFY_PHONE,2026-08-01T13:35:41+00:00
LOG-N-03902,EMP-N-022,ACC-N-0865,VIEW_PROFILE,2026-03-05T04:52:17+00:00
LOG-N-03903,EMP-N-048,ACC-N-0906,VIEW_PROFILE,2026-07-14T15:46:25+00:00
LOG-N-03904,EMP-N-059,EXT-A-055-3,VIEW_PROFILE,2026-09-13T02:27:49+00:00
LOG-N-03905,EMP-N-092,EXT-A-068-1,VIEW_PROFILE,2026-01-23T11:59:09+00:00
LOG-N-03906,EMP-N-063,EXT-A-029-4,VIEW_PROFILE,2026-05-21T05:00:43+00:00
LOG-N-03907,EMP-N-018,ACC-N-0873,VIEW_PROFILE,2026-06-16T10:15:25+00:00
LOG-N-03908,EMP-N-076,ACC-N-0895,VIEW_PROFILE,2026-10-17T19:04:16+00:00
LOG-N-03909,EMP-N-081,ACC-N-0670,VIEW_PROFILE,2026-07-21T22:55:57+00:00
LOG-N-03910,EMP-N-058,ACC-N-0850,VIEW_PROFILE,2026-06-27T05:26:14+00:00
LOG-N-03911,EMP-N-078,ACC-N-0981,VIEW_PROFILE,2026-01-03T07:38:07+00:00
LOG-N-03912,EMP-N-024,EXT-A-064-1,VIEW_PROFILE,2026-07-03T18:01:31+00:00
LOG-N-03913,EMP-N-068,EXT-A-049-2,MODIFY_PHONE,2026-10-28T22:59:58+00:00
LOG-N-03914,EMP-N-070,ACC-N-0801,VIEW_PROFILE,2026-04-13T11:30:59+00:00
LOG-N-03915,EMP-N-084,EXT-A-066-3,VIEW_PROFILE,2026-09-11T03:38:37+00:00
LOG-N-03916,EMP-N-009,EXT-A-040-4,MODIFY_PHONE,2026-04-28T21:52:53+00:00
LOG-N-03917,EMP-N-051,ACC-N-0578,VIEW_PROFILE,2026-04-06T21:45:37+00:00
LOG-N-03918,EMP-B-001,ACC-N-0824,VIEW_PROFILE,2026-06-09T06:10:46+00:00
LOG-N-03919,EMP-N-016,ACC-A-DORMANT-062,VIEW_PROFILE,2026-06-10T02:32:52+00:00
LOG-N-03920,EMP-N-046,ACC-N-0694,VIEW_PROFILE,2026-08-27T01:41:58+00:00
LOG-N-03921,EMP-N-075,ACC-N-0426,VIEW_PROFILE,2026-09-04T07:37:26+00:00
LOG-N-03922,EMP-N-089,ACC-A-DORMANT-058,VIEW_PROFILE,2026-10-27T06:28:45+00:00
LOG-N-03923,EMP-N-068,ACC-A-DORMANT-063,MANUAL_UNFREEZE,2026-12-14T06:37:24+00:00
LOG-N-03924,EMP-N-056,ACC-N-0690,VIEW_PROFILE,2026-07-11T17:10:39+00:00
LOG-N-03925,EMP-N-007,ACC-A-DORMANT-029,VIEW_PROFILE,2026-08-05T10:33:59+00:00
LOG-N-03926,EMP-N-092,ACC-N-0671,MODIFY_PHONE,2026-11-12T01:33:29+00:00
LOG-N-03927,EMP-N-017,ACC-N-0852,VIEW_PROFILE,2026-05-16T06:37:46+00:00
LOG-N-03928,EMP-N-091,EXT-A-066-3,VIEW_PROFILE,2026-02-01T04:33:12+00:00
LOG-N-03929,EMP-N-060,EXT-A-043-3,VIEW_PROFILE,2026-01-15T08:58:43+00:00
LOG-N-03930,EMP-N-025,ACC-N-0973,VIEW_PROFILE,2026-02-26T22:25:22+00:00
LOG-N-03931,EMP-N-011,EXT-A-056-2,VIEW_PROFILE,2026-11-01T12:22:17+00:00
LOG-N-03932,EMP-C-WEALTH,EXT-A-046-3,MODIFY_PHONE,2026-03-04T05:41:59+00:00
LOG-N-03933,EMP-N-078,ACC-B-03-B,VIEW_PROFILE,2026-04-28T11:54:49+00:00
LOG-N-03934,EMP-N-070,ACC-N-0488,MODIFY_PHONE,2026-10-15T21:07:25+00:00
LOG-N-03935,EMP-N-057,ACC-N-0521,VIEW_PROFILE,2026-08-30T04:42:37+00:00
LOG-N-03936,EMP-N-066,EXT-A-046-2,VIEW_PROFILE,2026-01-19T00:00:44+00:00
LOG-N-03937,EMP-N-059,ACC-N-0786,VIEW_PROFILE,2026-07-25T07:39:28+00:00
LOG-N-03938,EMP-N-045,ACC-A-DORMANT-043,VIEW_PROFILE,2026-11-22T11:57:56+00:00
LOG-N-03939,EMP-N-011,ACC-N-0466,VIEW_PROFILE,2026-11-08T07:52:53+00:00
LOG-N-03940,EMP-N-076,ACC-N-0597,MODIFY_PHONE,2026-06-24T04:37:14+00:00
LOG-N-03941,EMP-N-062,ACC-N-0689,VIEW_PROFILE,2026-06-29T04:24:44+00:00
LOG-N-03942,EMP-N-060,EXT-A-013-3,VIEW_PROFILE,2026-05-13T04:10:04+00:00
LOG-N-03943,EMP-N-056,ACC-N-0613,VIEW_PROFILE,2026-02-10T23:16:10+00:00
LOG-N-03944,EMP-N-010,EXT-A-030-3,VIEW_PROFILE,2026-06-11T20:38:35+00:00
LOG-N-03945,EMP-N-049,ACC-N-0992,VIEW_PROFILE,2026-02-27T15:28:08+00:00
LOG-N-03946,EMP-N-090,ACC-N-0485,VIEW_PROFILE,2026-05-14T06:36:53+00:00
LOG-N-03947,EMP-N-019,ACC-N-0574,VIEW_PROFILE,2026-01-09T11:09:58+00:00
LOG-N-03948,EMP-N-048,ACC-N-0823,VIEW_PROFILE,2026-07-02T14:47:05+00:00
LOG-N-03949,EMP-N-036,ACC-A-DORMANT-055,OVERRIDE_ALERT,2026-09-08T21:59:53+00:00
LOG-N-03950,EMP-N-024,ACC-N-0424,MODIFY_PHONE,2026-04-24T01:14:33+00:00
LOG-N-03951,EMP-N-078,ACC-N-0841,VIEW_PROFILE,2026-03-06T13:05:08+00:00
LOG-N-03952,EMP-N-085,ACC-N-0931,VIEW_PROFILE,2026-05-21T05:08:10+00:00
LOG-N-03953,EMP-N-006,ACC-N-0516,VIEW_PROFILE,2026-04-08T13:14:24+00:00
LOG-N-03954,EMP-N-024,ACC-A-DORMANT-022,VIEW_PROFILE,2026-03-27T16:11:56+00:00
LOG-N-03955,EMP-N-077,ACC-N-0452,VIEW_PROFILE,2026-03-20T00:11:46+00:00
LOG-N-03956,EMP-N-050,ACC-N-0988,VIEW_PROFILE,2026-06-04T18:54:41+00:00
LOG-N-03957,EMP-N-100,ACC-N-0722,VIEW_PROFILE,2026-07-30T21:38:39+00:00
LOG-N-03958,EMP-N-091,EXT-A-018-3,VIEW_PROFILE,2026-09-13T10:30:32+00:00
LOG-N-03959,EMP-N-093,EXT-A-035-3,VIEW_PROFILE,2026-02-05T22:41:30+00:00
LOG-N-03960,EMP-N-007,ACC-N-0812,OVERRIDE_ALERT,2026-04-15T11:09:21+00:00
LOG-N-03961,EMP-N-091,ACC-B-02-B,VIEW_PROFILE,2026-02-08T16:56:39+00:00
LOG-N-03962,EMP-N-072,EXT-A-037-3,VIEW_PROFILE,2026-01-30T10:06:05+00:00
LOG-N-03963,EMP-N-087,ACC-A-DORMANT-067,MODIFY_PHONE,2026-08-24T12:03:30+00:00
LOG-N-03964,EMP-N-063,ACC-N-0419,VIEW_PROFILE,2026-05-01T03:44:48+00:00
LOG-N-03965,EMP-N-028,ACC-N-0653,VIEW_PROFILE,2026-06-09T16:39:27+00:00
LOG-N-03966,EMP-N-066,ACC-N-0697,VIEW_PROFILE,2026-09-21T15:29:45+00:00
LOG-N-03967,EMP-N-084,ACC-N-0633,VIEW_PROFILE,2026-01-02T13:35:16+00:00
LOG-N-03968,EMP-N-072,ACC-N-0655,VIEW_PROFILE,2026-06-14T22:43:39+00:00
LOG-N-03969,EMP-N-012,EXT-A-045-3,MODIFY_PHONE,2026-01-24T15:34:00+00:00
LOG-N-03970,EMP-N-011,ACC-N-0849,VIEW_PROFILE,2026-02-27T14:18:04+00:00
LOG-N-03971,EMP-N-064,ACC-A-DORMANT-002,VIEW_PROFILE,2026-02-23T13:35:16+00:00
LOG-N-03972,EMP-A-001,EXT-A-063-1,VIEW_PROFILE,2026-04-01T10:40:01+00:00
LOG-N-03973,EMP-N-098,ACC-N-0482,VIEW_PROFILE,2026-01-09T21:22:18+00:00
LOG-N-03974,EMP-N-043,ACC-N-0855,VIEW_PROFILE,2026-05-17T06:15:27+00:00
LOG-N-03975,EMP-N-056,ACC-N-0663,VIEW_PROFILE,2026-05-19T16:44:40+00:00
LOG-N-03976,EMP-N-061,EXT-A-043-3,VIEW_PROFILE,2026-12-01T09:28:55+00:00
LOG-N-03977,EMP-N-047,ACC-A-DORMANT-038,VIEW_PROFILE,2026-01-17T17:55:31+00:00
LOG-N-03978,EMP-N-019,ACC-N-0817,VIEW_PROFILE,2026-01-24T06:27:14+00:00
LOG-N-03979,EMP-N-096,EXT-A-059-2,VIEW_PROFILE,2026-10-10T04:15:39+00:00
LOG-N-03980,EMP-N-042,EXT-A-009-4,VIEW_PROFILE,2026-01-29T04:41:42+00:00
LOG-N-03981,EMP-N-045,ACC-N-0571,VIEW_PROFILE,2026-07-19T21:50:59+00:00
LOG-N-03982,EMP-N-034,EXT-A-047-2,OVERRIDE_ALERT,2026-02-11T09:37:08+00:00
LOG-N-03983,EMP-N-050,EXT-A-049-2,VIEW_PROFILE,2026-09-18T23:07:10+00:00
LOG-N-03984,EMP-N-075,ACC-N-0685,OVERRIDE_ALERT,2026-05-31T23:30:18+00:00
LOG-N-03985,EMP-N-016,ACC-N-0923,VIEW_PROFILE,2026-06-09T02:42:28+00:00
LOG-N-03986,EMP-N-053,ACC-N-0857,VIEW_PROFILE,2026-07-09T01:53:18+00:00
LOG-N-03987,EMP-N-024,EXT-A-038-4,VIEW_PROFILE,2026-08-24T11:34:04+00:00
LOG-N-03988,EMP-N-072,EXT-A-005-1,VIEW_PROFILE,2026-12-23T09:53:40+00:00
LOG-N-03989,EMP-N-054,ACC-N-0675,VIEW_PROFILE,2026-04-16T15:45:14+00:00
LOG-N-03990,EMP-N-095,ACC-N-0768,VIEW_PROFILE,2026-11-10T14:09:40+00:00
LOG-N-03991,EMP-N-029,EXT-A-044-1,VIEW_PROFILE,2026-09-13T21:21:46+00:00
LOG-N-03992,EMP-N-051,ACC-A-DORMANT-020,OVERRIDE_ALERT,2026-10-31T07:45:50+00:00
LOG-N-03993,EMP-N-057,ACC-N-0546,VIEW_PROFILE,2026-04-09T02:22:58+00:00
LOG-N-03994,EMP-N-015,ACC-B-C,VIEW_PROFILE,2026-09-24T00:28:59+00:00
LOG-N-03995,EMP-N-036,ACC-A-DORMANT-017,MODIFY_PHONE,2026-03-13T00:22:22+00:00
LOG-N-03996,EMP-N-006,ACC-N-0697,VIEW_PROFILE,2026-04-01T12:59:29+00:00
LOG-N-03997,EMP-N-066,ACC-N-0819,VIEW_PROFILE,2026-12-01T14:23:08+00:00
LOG-N-03998,EMP-N-067,EXT-A-027-4,VIEW_PROFILE,2026-07-20T12:52:45+00:00
LOG-N-03999,EMP-C-WEALTH,EXT-A-023-3,VIEW_PROFILE,2026-11-08T15:48:28+00:00
LOG-N-04000,EMP-N-045,EXT-A-005-3,VIEW_PROFILE,2026-09-03T05:46:58+00:00
LOG-N-04001,EMP-N-070,ACC-N-0715,VIEW_PROFILE,2026-05-21T11:37:01+00:00
LOG-N-04002,EMP-N-044,ACC-N-0937,VIEW_PROFILE,2026-09-01T00:46:25+00:00
LOG-N-04003,EMP-N-019,ACC-N-0465,VIEW_PROFILE,2026-08-26T03:06:35+00:00
LOG-N-04004,EMP-N-091,ACC-N-0848,VIEW_PROFILE,2026-02-23T02:52:15+00:00
LOG-N-04005,EMP-N-072,ACC-N-0496,VIEW_PROFILE,2026-08-07T22:06:06+00:00
LOG-N-04006,EMP-N-063,EXT-A-054-4,VIEW_PROFILE,2026-07-30T18:52:29+00:00
LOG-N-04007,EMP-N-081,ACC-N-0716,VIEW_PROFILE,2026-02-09T05:04:57+00:00
LOG-N-04008,EMP-N-052,ACC-N-0497,VIEW_PROFILE,2026-11-30T14:41:14+00:00
LOG-N-04009,EMP-N-067,ACC-N-0993,VIEW_PROFILE,2026-04-30T21:33:01+00:00
LOG-N-04010,EMP-N-062,EXT-A-015-3,VIEW_PROFILE,2026-02-01T04:04:04+00:00
LOG-N-04011,EMP-N-059,EXT-A-020-3,VIEW_PROFILE,2026-11-11T13:35:25+00:00
LOG-N-04012,EMP-N-053,EXT-A-064-1,VIEW_PROFILE,2026-06-04T21:29:08+00:00
LOG-N-04013,EMP-N-016,EXT-A-054-4,MODIFY_PHONE,2026-05-21T18:00:31+00:00
LOG-N-04014,EMP-N-088,ACC-A-DORMANT-071,VIEW_PROFILE,2026-07-06T18:09:15+00:00
LOG-N-04015,EMP-N-096,EXT-A-045-4,VIEW_PROFILE,2026-07-11T01:39:02+00:00
LOG-N-04016,EMP-N-075,ACC-N-0841,VIEW_PROFILE,2026-08-22T01:39:00+00:00
LOG-N-04017,EMP-N-063,EXT-A-018-4,VIEW_PROFILE,2026-01-04T11:39:05+00:00
LOG-N-04018,EMP-N-071,ACC-N-0778,VIEW_PROFILE,2026-12-31T03:37:58+00:00
LOG-N-04019,EMP-N-094,EXT-A-024-3,OVERRIDE_ALERT,2026-01-26T11:43:02+00:00
LOG-N-04020,EMP-N-046,ACC-A-DORMANT-011,VIEW_PROFILE,2026-06-28T04:38:05+00:00
LOG-N-04021,EMP-N-080,ACC-N-0814,VIEW_PROFILE,2026-04-02T14:33:40+00:00
LOG-N-04022,EMP-N-098,ACC-N-0697,VIEW_PROFILE,2026-07-09T10:41:17+00:00
LOG-N-04023,EMP-N-051,ACC-N-0771,VIEW_PROFILE,2026-11-27T11:13:46+00:00
LOG-N-04024,EMP-N-029,ACC-N-0865,OVERRIDE_ALERT,2026-12-09T21:53:58+00:00
LOG-N-04025,EMP-N-056,ACC-N-0777,VIEW_PROFILE,2026-09-18T04:47:01+00:00
LOG-N-04026,EMP-N-075,ACC-N-0493,VIEW_PROFILE,2026-08-05T19:54:46+00:00
LOG-N-04027,EMP-N-060,ACC-N-0447,VIEW_PROFILE,2026-06-19T00:27:35+00:00
LOG-N-04028,EMP-N-033,EXT-A-017-4,VIEW_PROFILE,2026-07-16T09:10:22+00:00
LOG-N-04029,EMP-N-053,ACC-N-0849,MODIFY_PHONE,2026-07-17T07:22:21+00:00
LOG-N-04030,EMP-N-040,ACC-N-0872,VIEW_PROFILE,2026-12-13T05:27:29+00:00
LOG-N-04031,EMP-N-063,ACC-N-0848,MODIFY_PHONE,2026-10-30T23:59:58+00:00
LOG-N-04032,EMP-N-035,ACC-N-0968,VIEW_PROFILE,2026-10-24T15:22:44+00:00
LOG-N-04033,EMP-B-001,ACC-N-0978,VIEW_PROFILE,2026-09-14T04:00:23+00:00
LOG-N-04034,EMP-N-070,EXT-A-004-4,VIEW_PROFILE,2026-04-22T20:06:58+00:00
LOG-N-04035,EMP-N-089,EXT-A-029-1,VIEW_PROFILE,2026-01-23T20:08:50+00:00
LOG-N-04036,EMP-N-045,ACC-N-0778,MODIFY_PHONE,2026-04-17T18:37:12+00:00
LOG-N-04037,EMP-N-038,ACC-N-0842,VIEW_PROFILE,2026-08-12T07:59:32+00:00
LOG-N-04038,EMP-N-086,ACC-N-0680,MODIFY_PHONE,2026-08-02T13:16:45+00:00
LOG-N-04039,EMP-N-031,ACC-N-0746,VIEW_PROFILE,2026-02-01T13:24:07+00:00
LOG-N-04040,EMP-N-028,ACC-N-0793,VIEW_PROFILE,2026-10-17T23:30:41+00:00
LOG-N-04041,EMP-N-049,EXT-A-012-3,VIEW_PROFILE,2026-10-20T12:51:47+00:00
LOG-N-04042,EMP-N-089,EXT-A-307484,VIEW_PROFILE,2026-12-24T06:46:21+00:00
LOG-N-04043,EMP-N-033,EXT-A-030-3,VIEW_PROFILE,2026-10-16T17:45:47+00:00
LOG-N-04044,EMP-C-PAYROLL,EXT-A-041-1,VIEW_PROFILE,2026-10-27T22:19:43+00:00
LOG-N-04045,EMP-N-099,EXT-A-063-3,VIEW_PROFILE,2026-02-01T02:27:36+00:00
LOG-N-04046,EMP-N-070,ACC-N-0646,VIEW_PROFILE,2026-11-28T01:59:03+00:00
LOG-N-04047,EMP-N-067,EXT-A-034-4,VIEW_PROFILE,2026-09-13T19:31:13+00:00
LOG-N-04048,EMP-N-066,EXT-A-015-1,VIEW_PROFILE,2026-02-17T00:21:30+00:00
LOG-N-04049,EMP-N-079,ACC-N-0457,VIEW_PROFILE,2026-08-05T09:58:15+00:00
LOG-N-04050,EMP-N-027,ACC-N-0642,VIEW_PROFILE,2026-11-26T03:25:25+00:00
LOG-N-04051,EMP-N-046,ACC-N-0525,VIEW_PROFILE,2026-09-01T02:44:21+00:00
LOG-N-04052,EMP-N-037,EXT-A-029-1,VIEW_PROFILE,2026-05-26T16:40:43+00:00
LOG-N-04053,EMP-N-065,ACC-N-0422,VIEW_PROFILE,2026-09-08T21:56:13+00:00
LOG-N-04054,EMP-N-093,ACC-N-0695,VIEW_PROFILE,2026-08-05T09:25:09+00:00
LOG-N-04055,EMP-N-016,EXT-A-021-4,VIEW_PROFILE,2026-12-19T08:29:19+00:00
LOG-N-04056,EMP-N-062,ACC-N-0754,VIEW_PROFILE,2026-12-09T19:08:11+00:00
LOG-N-04057,EMP-N-083,ACC-A-DORMANT-067,VIEW_PROFILE,2026-12-28T22:56:46+00:00
LOG-N-04058,EMP-N-043,ACC-N-0577,VIEW_PROFILE,2026-10-17T02:45:50+00:00
LOG-N-04059,EMP-N-009,ACC-N-0935,VIEW_PROFILE,2026-01-15T20:23:52+00:00
LOG-N-04060,EMP-N-076,ACC-N-0507,VIEW_PROFILE,2026-08-22T09:46:26+00:00
LOG-N-04061,EMP-N-056,ACC-N-0844,VIEW_PROFILE,2026-09-02T16:30:16+00:00
LOG-N-04062,EMP-N-079,ACC-A-DORMANT-041,VIEW_PROFILE,2026-08-04T00:59:14+00:00
LOG-N-04063,EMP-N-084,ACC-A-DORMANT-006,VIEW_PROFILE,2026-03-08T04:40:13+00:00
LOG-N-04064,EMP-N-089,ACC-N-0878,VIEW_PROFILE,2026-08-26T08:57:50+00:00
LOG-N-04065,EMP-N-043,ACC-N-0991,VIEW_PROFILE,2026-02-12T08:16:06+00:00
LOG-N-04066,EMP-N-069,EXT-A-024-4,VIEW_PROFILE,2026-11-24T11:50:48+00:00
LOG-N-04067,EMP-N-017,EXT-A-031-1,VIEW_PROFILE,2026-09-02T17:55:10+00:00
LOG-N-04068,EMP-N-089,ACC-N-0660,MODIFY_PHONE,2026-12-23T16:33:02+00:00
LOG-N-04069,EMP-N-078,ACC-N-0475,VIEW_PROFILE,2026-10-11T09:44:31+00:00
LOG-N-04070,EMP-N-011,EXT-A-059-3,MODIFY_PHONE,2026-12-24T08:44:24+00:00
LOG-N-04071,EMP-N-014,ACC-N-0597,VIEW_PROFILE,2026-03-23T09:12:38+00:00
LOG-N-04072,EMP-N-095,EXT-A-051-2,MANUAL_UNFREEZE,2026-11-23T23:08:41+00:00
LOG-N-04073,EMP-N-047,ACC-N-0508,VIEW_PROFILE,2026-08-05T22:06:31+00:00
LOG-N-04074,EMP-N-038,ACC-A-DORMANT-031,MODIFY_PHONE,2026-07-01T10:38:41+00:00
LOG-N-04075,EMP-N-037,EXT-A-022-1,VIEW_PROFILE,2026-09-09T06:40:30+00:00
LOG-N-04076,EMP-N-092,ACC-N-0580,VIEW_PROFILE,2026-04-10T22:14:38+00:00
LOG-N-04077,EMP-N-029,ACC-N-0795,VIEW_PROFILE,2026-09-28T23:49:54+00:00
LOG-N-04078,EMP-N-053,ACC-N-0649,VIEW_PROFILE,2026-10-07T19:33:54+00:00
LOG-N-04079,EMP-N-048,ACC-N-0715,MODIFY_PHONE,2026-12-24T02:31:26+00:00
LOG-N-04080,EMP-N-011,ACC-N-0664,VIEW_PROFILE,2026-01-22T23:18:38+00:00
LOG-N-04081,EMP-N-011,ACC-N-0736,VIEW_PROFILE,2026-06-07T05:45:02+00:00
LOG-N-04082,EMP-N-047,ACC-N-0672,VIEW_PROFILE,2026-09-23T20:25:05+00:00
LOG-N-04083,EMP-N-085,ACC-N-0601,VIEW_PROFILE,2026-06-10T07:14:56+00:00
LOG-N-04084,EMP-N-046,ACC-N-0838,VIEW_PROFILE,2026-11-16T07:26:50+00:00
LOG-N-04085,EMP-N-045,ACC-N-0402,VIEW_PROFILE,2026-04-27T04:19:55+00:00
LOG-N-04086,EMP-N-074,ACC-A-DORMANT-056,VIEW_PROFILE,2026-08-16T00:11:44+00:00
LOG-N-04087,EMP-N-043,ACC-N-0547,MODIFY_PHONE,2026-05-02T13:18:22+00:00
LOG-N-04088,EMP-N-029,ACC-N-0548,VIEW_PROFILE,2026-09-24T15:13:11+00:00
LOG-N-04089,EMP-N-058,EXT-A-019-1,VIEW_PROFILE,2026-08-25T16:28:47+00:00
LOG-N-04090,EMP-N-024,ACC-N-0430,VIEW_PROFILE,2026-01-23T12:50:35+00:00
LOG-N-04091,EMP-N-046,ACC-N-0978,MODIFY_PHONE,2026-03-15T04:46:05+00:00
LOG-N-04092,EMP-N-098,ACC-N-0605,VIEW_PROFILE,2026-01-11T10:18:17+00:00
LOG-N-04093,EMP-N-081,EXT-A-043-3,VIEW_PROFILE,2026-02-13T11:44:36+00:00
LOG-N-04094,EMP-N-098,ACC-N-0887,VIEW_PROFILE,2026-05-29T07:53:36+00:00
LOG-N-04095,EMP-N-080,EXT-A-014-1,VIEW_PROFILE,2026-04-15T18:24:29+00:00
LOG-N-04096,EMP-N-091,ACC-N-0542,VIEW_PROFILE,2026-08-29T14:55:21+00:00
LOG-N-04097,EMP-N-026,ACC-N-0488,VIEW_PROFILE,2026-10-07T12:05:52+00:00
LOG-N-04098,EMP-N-037,EXT-A-008-1,VIEW_PROFILE,2026-10-27T08:56:05+00:00
LOG-N-04099,EMP-N-072,EXT-A-056-2,VIEW_PROFILE,2026-06-19T21:01:51+00:00
LOG-N-04100,EMP-N-012,ACC-A-DORMANT-013,VIEW_PROFILE,2026-01-17T16:53:36+00:00
LOG-N-04101,EMP-N-076,ACC-N-0868,VIEW_PROFILE,2026-05-02T20:09:46+00:00
LOG-N-04102,EMP-N-097,EXT-A-023-1,VIEW_PROFILE,2026-05-04T11:24:34+00:00
LOG-N-04103,EMP-N-095,ACC-N-0813,VIEW_PROFILE,2026-01-25T18:17:41+00:00
LOG-N-04104,EMP-N-091,EXT-A-024-1,VIEW_PROFILE,2026-08-27T12:04:29+00:00
LOG-N-04105,EMP-N-063,ACC-N-0957,VIEW_PROFILE,2026-04-05T00:05:55+00:00
LOG-N-04106,EMP-N-024,ACC-N-0598,VIEW_PROFILE,2026-11-24T20:30:56+00:00
LOG-N-04107,EMP-N-052,ACC-N-0723,VIEW_PROFILE,2026-11-20T09:35:46+00:00
LOG-N-04108,EMP-N-093,ACC-N-0637,VIEW_PROFILE,2026-05-30T08:42:36+00:00
LOG-N-04109,EMP-N-023,ACC-N-0982,VIEW_PROFILE,2026-05-27T08:50:42+00:00
LOG-N-04110,EMP-N-080,ACC-N-0804,VIEW_PROFILE,2026-07-02T19:13:45+00:00
LOG-N-04111,EMP-N-021,EXT-A-054-3,VIEW_PROFILE,2026-08-23T13:20:23+00:00
LOG-N-04112,EMP-N-039,ACC-N-0750,VIEW_PROFILE,2026-06-05T04:02:55+00:00
LOG-N-04113,EMP-N-086,ACC-N-0811,VIEW_PROFILE,2026-08-04T19:29:03+00:00
LOG-N-04114,EMP-N-048,ACC-A-DORMANT-067,VIEW_PROFILE,2026-08-29T12:19:33+00:00
LOG-N-04115,EMP-N-017,ACC-A-DORMANT-065,VIEW_PROFILE,2026-12-17T20:26:43+00:00
LOG-N-04116,EMP-N-014,ACC-N-0999,VIEW_PROFILE,2026-10-24T21:33:04+00:00
LOG-N-04117,EMP-N-069,ACC-N-0457,VIEW_PROFILE,2026-07-16T19:49:18+00:00
LOG-N-04118,EMP-N-052,ACC-N-0610,VIEW_PROFILE,2026-04-08T14:21:19+00:00
LOG-N-04119,EMP-N-013,ACC-N-0527,VIEW_PROFILE,2026-12-16T03:01:46+00:00
LOG-N-04120,EMP-N-006,ACC-N-0434,VIEW_PROFILE,2026-01-21T12:23:12+00:00
LOG-N-04121,EMP-N-060,EXT-A-037-4,VIEW_PROFILE,2026-06-04T04:28:14+00:00
LOG-N-04122,EMP-N-097,ACC-B-04-C,VIEW_PROFILE,2026-03-07T16:46:30+00:00
LOG-N-04123,EMP-N-028,ACC-N-0815,VIEW_PROFILE,2026-04-03T12:31:09+00:00
LOG-N-04124,EMP-N-047,ACC-N-0397,VIEW_PROFILE,2026-07-22T06:28:10+00:00
LOG-N-04125,EMP-N-065,EXT-A-055-4,MODIFY_PHONE,2026-03-26T09:00:34+00:00
LOG-N-04126,EMP-N-028,ACC-N-0953,VIEW_PROFILE,2026-10-24T11:54:18+00:00
LOG-N-04127,EMP-N-025,ACC-N-0646,VIEW_PROFILE,2026-06-08T12:56:48+00:00
LOG-N-04128,EMP-N-059,ACC-N-0822,VIEW_PROFILE,2026-07-17T03:16:21+00:00
LOG-N-04129,EMP-B-001,ACC-N-0803,MODIFY_PHONE,2026-05-16T09:16:31+00:00
LOG-N-04130,EMP-N-026,ACC-N-0885,VIEW_PROFILE,2026-02-19T14:05:21+00:00
LOG-N-04131,EMP-N-023,EXT-A-038-4,MODIFY_PHONE,2026-05-06T16:35:14+00:00
LOG-N-04132,EMP-N-011,ACC-N-0406,VIEW_PROFILE,2026-02-03T05:11:43+00:00
LOG-N-04133,EMP-N-028,ACC-C-PAY-03,VIEW_PROFILE,2026-12-03T22:34:14+00:00
LOG-N-04134,EMP-N-040,ACC-C-PAY-10,VIEW_PROFILE,2026-12-12T00:47:58+00:00
LOG-N-04135,EMP-N-080,ACC-N-0703,VIEW_PROFILE,2026-01-07T21:46:24+00:00
LOG-N-04136,EMP-N-033,ACC-N-0677,VIEW_PROFILE,2026-11-22T19:35:04+00:00
LOG-N-04137,EMP-N-090,ACC-N-0552,VIEW_PROFILE,2026-11-05T20:10:28+00:00
LOG-N-04138,EMP-N-044,ACC-N-0552,VIEW_PROFILE,2026-01-20T23:06:01+00:00
LOG-N-04139,EMP-N-010,ACC-N-0949,VIEW_PROFILE,2026-09-13T20:52:13+00:00
LOG-N-04140,EMP-N-089,ACC-N-0433,VIEW_PROFILE,2026-09-18T04:29:56+00:00
LOG-N-04141,EMP-N-067,ACC-N-0899,VIEW_PROFILE,2026-09-24T11:03:26+00:00
LOG-N-04142,EMP-N-092,ACC-N-0798,VIEW_PROFILE,2026-06-01T13:05:14+00:00
LOG-N-04143,EMP-N-046,ACC-N-0472,VIEW_PROFILE,2026-12-13T14:23:23+00:00
LOG-N-04144,EMP-N-020,ACC-N-0695,VIEW_PROFILE,2026-12-05T16:03:33+00:00
LOG-N-04145,EMP-N-054,EXT-A-005-4,MODIFY_PHONE,2026-11-22T18:37:37+00:00
LOG-N-04146,EMP-N-093,ACC-N-0489,VIEW_PROFILE,2026-09-17T21:02:23+00:00
LOG-N-04147,EMP-N-094,EXT-A-055-2,MODIFY_PHONE,2026-08-18T15:10:18+00:00
LOG-N-04148,EMP-N-007,ACC-N-0951,VIEW_PROFILE,2026-03-28T15:16:46+00:00
LOG-N-04149,EMP-N-035,ACC-N-0717,VIEW_PROFILE,2026-11-25T21:38:43+00:00
LOG-N-04150,EMP-N-092,ACC-N-0543,OVERRIDE_ALERT,2026-10-21T01:31:09+00:00
LOG-N-04151,EMP-N-044,EXT-A-056-1,VIEW_PROFILE,2026-08-07T16:47:00+00:00
LOG-N-04152,EMP-N-066,ACC-N-0802,VIEW_PROFILE,2026-12-22T18:45:16+00:00
LOG-N-04153,EMP-N-088,EXT-A-061-4,VIEW_PROFILE,2026-06-10T01:59:56+00:00
LOG-N-04154,EMP-N-067,ACC-N-0721,VIEW_PROFILE,2026-03-10T23:10:39+00:00
LOG-N-04155,EMP-N-087,ACC-A-DORMANT-072,VIEW_PROFILE,2026-10-16T08:43:10+00:00
LOG-N-04156,EMP-N-015,ACC-N-0604,VIEW_PROFILE,2026-08-25T13:45:00+00:00
LOG-N-04157,EMP-N-071,ACC-C-HNW-05,VIEW_PROFILE,2026-01-02T04:29:34+00:00
LOG-N-04158,EMP-C-WEALTH,ACC-N-0631,VIEW_PROFILE,2026-09-01T02:52:35+00:00
LOG-N-04159,EMP-N-012,ACC-N-0567,VIEW_PROFILE,2026-03-21T02:41:17+00:00
LOG-N-04160,EMP-N-013,ACC-N-0974,VIEW_PROFILE,2026-08-31T20:44:35+00:00
LOG-N-04161,EMP-N-014,EXT-A-019-3,VIEW_PROFILE,2026-08-11T22:04:50+00:00
LOG-N-04162,EMP-N-017,EXT-A-048-4,VIEW_PROFILE,2026-06-30T22:40:10+00:00
LOG-N-04163,EMP-N-043,EXT-A-043-3,MODIFY_PHONE,2026-02-15T04:35:53+00:00
LOG-N-04164,EMP-N-076,ACC-A-DORMANT-007,VIEW_PROFILE,2026-03-10T19:26:29+00:00
LOG-N-04165,EMP-N-006,ACC-N-0474,VIEW_PROFILE,2026-07-22T17:04:09+00:00
LOG-N-04166,EMP-N-059,EXT-A-004-3,MODIFY_PHONE,2026-04-14T21:34:12+00:00
LOG-N-04167,EMP-N-010,ACC-N-0836,VIEW_PROFILE,2026-10-23T04:11:31+00:00
LOG-N-04168,EMP-N-091,ACC-N-0899,VIEW_PROFILE,2026-04-18T07:33:17+00:00
LOG-N-04169,EMP-N-013,EXT-A-058-2,VIEW_PROFILE,2026-08-01T14:43:35+00:00
LOG-N-04170,EMP-N-014,ACC-N-0473,VIEW_PROFILE,2026-11-28T21:08:45+00:00
LOG-N-04171,EMP-N-084,ACC-N-0549,VIEW_PROFILE,2026-06-13T16:33:51+00:00
LOG-N-04172,EMP-N-024,ACC-N-0705,VIEW_PROFILE,2026-01-09T08:16:59+00:00
LOG-N-04173,EMP-N-019,ACC-N-0670,VIEW_PROFILE,2026-02-16T15:25:34+00:00
LOG-N-04174,EMP-N-061,ACC-N-0939,VIEW_PROFILE,2026-12-04T18:15:42+00:00
LOG-N-04175,EMP-N-018,EXT-A-049-1,VIEW_PROFILE,2026-07-23T23:26:51+00:00
LOG-N-04176,EMP-N-094,ACC-N-0826,VIEW_PROFILE,2026-06-15T22:48:50+00:00
LOG-N-04177,EMP-N-067,ACC-N-0986,VIEW_PROFILE,2026-11-26T08:28:55+00:00
LOG-N-04178,EMP-N-034,EXT-A-009-1,VIEW_PROFILE,2026-03-18T04:03:53+00:00
LOG-N-04179,EMP-N-090,ACC-N-0686,MODIFY_PHONE,2026-09-29T16:05:16+00:00
LOG-N-04180,EMP-N-020,ACC-N-0710,VIEW_PROFILE,2026-09-10T16:48:22+00:00
LOG-N-04181,EMP-N-017,ACC-N-0801,VIEW_PROFILE,2026-12-17T04:32:40+00:00
LOG-N-04182,EMP-C-WEALTH,ACC-N-0703,MODIFY_PHONE,2026-05-24T21:32:32+00:00
LOG-N-04183,EMP-N-058,ACC-A-DORMANT-043,VIEW_PROFILE,2026-07-03T03:27:17+00:00
LOG-N-04184,EMP-N-017,ACC-N-0876,VIEW_PROFILE,2026-12-25T06:56:14+00:00
LOG-N-04185,EMP-N-047,ACC-N-0948,VIEW_PROFILE,2026-10-03T06:12:55+00:00
LOG-N-04186,EMP-N-045,ACC-A-DORMANT-010,VIEW_PROFILE,2026-06-23T02:52:47+00:00
LOG-N-04187,EMP-N-074,ACC-N-0498,VIEW_PROFILE,2026-11-18T01:10:57+00:00
LOG-N-04188,EMP-N-025,ACC-N-0944,VIEW_PROFILE,2026-05-14T08:09:53+00:00
LOG-N-04189,EMP-N-077,ACC-N-0469,VIEW_PROFILE,2026-10-11T06:28:20+00:00
LOG-N-04190,EMP-N-086,ACC-N-0866,VIEW_PROFILE,2026-08-24T09:31:31+00:00
LOG-N-04191,EMP-N-063,ACC-A-DORMANT-041,VIEW_PROFILE,2026-06-11T08:51:28+00:00
LOG-N-04192,EMP-C-WEALTH,ACC-N-0722,VIEW_PROFILE,2026-03-19T23:08:30+00:00
LOG-N-04193,EMP-N-072,ACC-N-0890,VIEW_PROFILE,2026-09-04T06:55:39+00:00
LOG-N-04194,EMP-N-045,ACC-N-0699,VIEW_PROFILE,2026-02-13T17:35:48+00:00
LOG-N-04195,EMP-N-014,ACC-N-0406,VIEW_PROFILE,2026-07-02T16:04:31+00:00
LOG-N-04196,EMP-N-083,ACC-N-0517,VIEW_PROFILE,2026-01-31T06:23:53+00:00
LOG-N-04197,EMP-N-065,EXT-A-029-1,VIEW_PROFILE,2026-07-29T13:09:26+00:00
LOG-N-04198,EMP-N-047,ACC-N-0654,VIEW_PROFILE,2026-05-07T01:51:52+00:00
LOG-N-04199,EMP-N-025,EXT-A-009-2,VIEW_PROFILE,2026-01-12T01:15:23+00:00
LOG-N-04200,EMP-N-079,ACC-N-0893,VIEW_PROFILE,2026-11-07T18:12:22+00:00
LOG-N-04201,EMP-N-030,EXT-A-030-4,VIEW_PROFILE,2026-08-26T06:42:25+00:00
LOG-N-04202,EMP-N-045,EXT-A-053-3,VIEW_PROFILE,2026-02-17T03:45:45+00:00
LOG-N-04203,EMP-N-059,EXT-A-042-1,VIEW_PROFILE,2026-09-06T17:24:20+00:00
LOG-N-04204,EMP-N-085,ACC-N-0669,VIEW_PROFILE,2026-09-23T14:15:24+00:00
LOG-N-04205,EMP-N-033,EXT-A-011-3,VIEW_PROFILE,2026-08-11T11:07:10+00:00
LOG-N-04206,EMP-N-083,EXT-A-035-2,VIEW_PROFILE,2026-07-11T07:43:14+00:00
LOG-N-04207,EMP-N-023,ACC-N-0616,VIEW_PROFILE,2026-11-24T23:01:56+00:00
LOG-N-04208,EMP-N-041,ACC-N-0882,MODIFY_PHONE,2026-07-16T20:57:33+00:00
LOG-N-04209,EMP-N-053,ACC-N-0937,VIEW_PROFILE,2026-11-14T20:22:48+00:00
LOG-N-04210,EMP-N-012,EXT-A-021-4,VIEW_PROFILE,2026-03-22T05:12:10+00:00
LOG-N-04211,EMP-N-070,EXT-A-041-3,VIEW_PROFILE,2026-12-21T06:00:28+00:00
LOG-N-04212,EMP-N-006,ACC-B-C,VIEW_PROFILE,2026-02-04T10:39:32+00:00
LOG-N-04213,EMP-N-044,ACC-N-0703,VIEW_PROFILE,2026-09-09T20:15:11+00:00
LOG-N-04214,EMP-N-014,ACC-N-0877,VIEW_PROFILE,2026-11-11T20:26:26+00:00
LOG-N-04215,EMP-N-054,ACC-B-03-A,VIEW_PROFILE,2026-02-22T15:38:51+00:00
LOG-N-04216,EMP-N-044,ACC-N-0763,VIEW_PROFILE,2026-03-20T23:29:30+00:00
LOG-N-04217,EMP-N-045,ACC-N-0610,MODIFY_PHONE,2026-03-09T20:10:57+00:00
LOG-N-04218,EMP-N-059,ACC-N-0607,VIEW_PROFILE,2026-05-16T00:29:38+00:00
LOG-N-04219,EMP-C-PAYROLL,ACC-N-0768,VIEW_PROFILE,2026-04-02T17:27:59+00:00
LOG-N-04220,EMP-N-036,ACC-N-0537,VIEW_PROFILE,2026-04-10T05:37:41+00:00
LOG-N-04221,EMP-N-034,ACC-A-DORMANT-063,VIEW_PROFILE,2026-06-14T09:14:55+00:00
LOG-N-04222,EMP-N-063,EXT-A-004-3,VIEW_PROFILE,2026-09-01T14:48:03+00:00
LOG-N-04223,EMP-N-078,ACC-N-0560,MODIFY_PHONE,2026-04-24T14:32:33+00:00
LOG-N-04224,EMP-N-019,ACC-N-0987,VIEW_PROFILE,2026-02-03T22:42:50+00:00
LOG-N-04225,EMP-N-080,ACC-N-0403,VIEW_PROFILE,2026-07-19T02:52:30+00:00
LOG-N-04226,EMP-N-041,EXT-A-010-3,VIEW_PROFILE,2026-09-26T08:44:18+00:00
LOG-N-04227,EMP-N-019,EXT-A-003-1,OVERRIDE_ALERT,2026-12-03T15:14:16+00:00
LOG-N-04228,EMP-N-070,ACC-N-0532,VIEW_PROFILE,2026-05-18T05:52:19+00:00
LOG-N-04229,EMP-N-094,EXT-A-008-3,VIEW_PROFILE,2026-09-30T19:41:31+00:00
LOG-N-04230,EMP-N-067,ACC-N-0952,VIEW_PROFILE,2026-05-19T15:50:14+00:00
LOG-N-04231,EMP-C-PAYROLL,EXT-A-007-4,VIEW_PROFILE,2026-03-13T14:51:43+00:00
LOG-N-04232,EMP-N-008,ACC-A-DORMANT-022,VIEW_PROFILE,2026-07-14T06:26:36+00:00
LOG-N-04233,EMP-N-079,EXT-A-039-1,VIEW_PROFILE,2026-01-13T20:50:54+00:00
LOG-N-04234,EMP-N-036,ACC-N-0507,VIEW_PROFILE,2026-08-03T00:06:37+00:00
LOG-N-04235,EMP-N-058,ACC-N-0744,VIEW_PROFILE,2026-12-24T19:05:00+00:00
LOG-N-04236,EMP-N-089,ACC-N-0494,MODIFY_PHONE,2026-12-20T09:25:39+00:00
LOG-N-04237,EMP-N-097,ACC-N-0915,VIEW_PROFILE,2026-11-25T22:25:12+00:00
LOG-N-04238,EMP-N-075,EXT-A-016-2,VIEW_PROFILE,2026-12-04T02:40:54+00:00
LOG-N-04239,EMP-N-023,EXT-A-029-4,VIEW_PROFILE,2026-07-10T04:24:10+00:00
LOG-N-04240,EMP-N-020,ACC-N-0939,VIEW_PROFILE,2026-09-02T19:04:44+00:00
LOG-N-04241,EMP-N-085,ACC-N-0482,VIEW_PROFILE,2026-07-03T23:03:29+00:00
LOG-N-04242,EMP-N-079,EXT-A-021-3,VIEW_PROFILE,2026-03-28T06:19:11+00:00
LOG-N-04243,EMP-N-079,EXT-A-052-4,VIEW_PROFILE,2026-08-07T10:25:00+00:00
LOG-N-04244,EMP-N-031,EXT-A-019-3,VIEW_PROFILE,2026-09-25T05:46:23+00:00
LOG-N-04245,EMP-N-007,ACC-N-0598,VIEW_PROFILE,2026-08-26T07:06:50+00:00
LOG-N-04246,EMP-N-030,ACC-N-0426,VIEW_PROFILE,2026-02-07T13:53:05+00:00
LOG-N-04247,EMP-C-PAYROLL,EXT-A-063-4,VIEW_PROFILE,2026-04-05T12:34:19+00:00
LOG-N-04248,EMP-N-079,ACC-N-0949,VIEW_PROFILE,2026-10-13T11:26:40+00:00
LOG-N-04249,EMP-N-027,EXT-A-056-4,MANUAL_UNFREEZE,2026-10-19T11:30:15+00:00
LOG-N-04250,EMP-N-086,ACC-N-0621,VIEW_PROFILE,2026-08-27T19:03:10+00:00
LOG-N-04251,EMP-N-046,ACC-N-0649,VIEW_PROFILE,2026-01-22T18:32:21+00:00
LOG-N-04252,EMP-N-042,ACC-N-0710,VIEW_PROFILE,2026-10-29T16:27:56+00:00
LOG-N-04253,EMP-N-028,EXT-A-035-1,VIEW_PROFILE,2026-09-27T12:19:35+00:00
LOG-N-04254,EMP-N-015,ACC-N-0510,VIEW_PROFILE,2026-07-31T04:48:19+00:00
LOG-N-04255,EMP-N-099,EXT-A-036-1,VIEW_PROFILE,2026-04-01T12:10:19+00:00
LOG-N-04256,EMP-N-095,EXT-A-018-2,VIEW_PROFILE,2026-05-08T23:55:46+00:00
LOG-N-04257,EMP-N-091,ACC-N-0593,VIEW_PROFILE,2026-02-18T23:15:11+00:00
LOG-N-04258,EMP-N-043,ACC-N-0905,VIEW_PROFILE,2026-05-22T08:15:35+00:00
LOG-N-04259,EMP-N-097,ACC-N-0596,VIEW_PROFILE,2026-09-17T06:09:55+00:00
LOG-N-04260,EMP-N-095,ACC-N-0462,VIEW_PROFILE,2026-03-29T15:45:16+00:00
LOG-N-04261,EMP-N-057,ACC-A-DORMANT-014,VIEW_PROFILE,2026-05-11T17:57:08+00:00
LOG-N-04262,EMP-N-034,ACC-N-0516,VIEW_PROFILE,2026-09-20T18:16:38+00:00
LOG-N-04263,EMP-N-061,ACC-N-0688,VIEW_PROFILE,2026-05-11T20:45:53+00:00
LOG-N-04264,EMP-N-074,EXT-A-007-4,VIEW_PROFILE,2026-04-18T10:22:00+00:00
LOG-N-04265,EMP-N-037,ACC-N-0549,VIEW_PROFILE,2026-02-04T01:16:30+00:00
LOG-N-04266,EMP-N-096,ACC-N-0410,VIEW_PROFILE,2026-11-06T08:22:20+00:00
LOG-N-04267,EMP-N-016,ACC-N-0998,VIEW_PROFILE,2026-10-31T02:08:40+00:00
LOG-N-04268,EMP-N-027,ACC-N-0516,VIEW_PROFILE,2026-12-24T04:30:42+00:00
LOG-N-04269,EMP-B-001,EXT-A-046-3,VIEW_PROFILE,2026-01-26T05:34:58+00:00
LOG-N-04270,EMP-N-062,EXT-A-072-4,VIEW_PROFILE,2026-08-19T10:01:53+00:00
LOG-N-04271,EMP-N-098,EXT-A-030-3,MODIFY_PHONE,2026-03-02T22:25:12+00:00
LOG-N-04272,EMP-N-090,ACC-N-0945,VIEW_PROFILE,2026-08-27T15:22:27+00:00
LOG-N-04273,EMP-N-076,ACC-N-0833,VIEW_PROFILE,2026-12-31T08:08:17+00:00
LOG-N-04274,EMP-N-030,ACC-N-0503,VIEW_PROFILE,2026-10-28T06:43:56+00:00
LOG-N-04275,EMP-N-074,ACC-C-PAY-01,VIEW_PROFILE,2026-11-01T02:31:35+00:00
LOG-N-04276,EMP-N-056,EXT-A-020-3,VIEW_PROFILE,2026-06-13T11:25:00+00:00
LOG-N-04277,EMP-N-034,EXT-A-053-2,VIEW_PROFILE,2026-08-24T19:31:34+00:00
LOG-N-04278,EMP-N-098,ACC-N-0459,MODIFY_PHONE,2026-05-09T08:58:46+00:00
LOG-N-04279,EMP-N-065,ACC-N-0470,OVERRIDE_ALERT,2026-08-16T22:40:31+00:00
LOG-N-04280,EMP-N-096,EXT-A-050-2,VIEW_PROFILE,2026-03-16T04:58:53+00:00
LOG-N-04281,EMP-N-036,ACC-N-0754,VIEW_PROFILE,2026-08-07T14:33:01+00:00
LOG-N-04282,EMP-N-064,ACC-N-0923,VIEW_PROFILE,2026-06-11T08:21:26+00:00
LOG-N-04283,EMP-N-084,ACC-N-0836,VIEW_PROFILE,2026-05-03T07:10:55+00:00
LOG-N-04284,EMP-N-024,ACC-N-0878,VIEW_PROFILE,2026-12-07T06:56:43+00:00
LOG-N-04285,EMP-N-071,ACC-N-0502,VIEW_PROFILE,2026-11-02T17:36:36+00:00
LOG-N-04286,EMP-N-065,ACC-N-0747,VIEW_PROFILE,2026-10-16T01:18:34+00:00
LOG-N-04287,EMP-N-055,EXT-A-029-1,VIEW_PROFILE,2026-12-22T21:47:47+00:00
LOG-N-04288,EMP-N-058,EXT-A-043-2,VIEW_PROFILE,2026-10-02T17:59:50+00:00
LOG-N-04289,EMP-N-019,ACC-N-0516,MODIFY_PHONE,2026-09-30T00:35:46+00:00
LOG-N-04290,EMP-N-007,ACC-N-0822,VIEW_PROFILE,2026-08-05T01:49:07+00:00
LOG-N-04291,EMP-N-093,ACC-N-0583,VIEW_PROFILE,2026-06-28T10:50:25+00:00
LOG-N-04292,EMP-C-WEALTH,ACC-N-0735,VIEW_PROFILE,2026-06-26T12:38:01+00:00
LOG-N-04293,EMP-N-087,ACC-A-DORMANT-059,VIEW_PROFILE,2026-05-29T05:25:48+00:00
LOG-N-04294,EMP-N-012,ACC-A-DORMANT-017,VIEW_PROFILE,2026-06-12T12:50:07+00:00
LOG-N-04295,EMP-N-080,ACC-N-0825,VIEW_PROFILE,2026-07-10T07:11:32+00:00
LOG-N-04296,EMP-N-027,EXT-A-044-4,VIEW_PROFILE,2026-03-18T17:44:44+00:00
LOG-N-04297,EMP-N-049,EXT-A-020-1,MANUAL_UNFREEZE,2026-11-03T09:31:47+00:00
LOG-N-04298,EMP-N-027,ACC-N-0600,VIEW_PROFILE,2026-12-08T01:04:07+00:00
LOG-N-04299,EMP-N-019,EXT-A-030-4,VIEW_PROFILE,2026-07-06T12:34:07+00:00
LOG-N-04300,EMP-N-086,EXT-A-061-4,VIEW_PROFILE,2026-01-17T00:24:28+00:00
LOG-N-04301,EMP-N-083,ACC-N-0523,VIEW_PROFILE,2026-08-29T21:17:09+00:00
LOG-N-04302,EMP-N-082,ACC-N-0558,VIEW_PROFILE,2026-02-19T03:29:58+00:00
LOG-N-04303,EMP-N-018,ACC-N-0986,VIEW_PROFILE,2026-11-14T16:09:43+00:00
LOG-N-04304,EMP-N-100,EXT-A-039-1,VIEW_PROFILE,2026-05-19T23:32:15+00:00
LOG-N-04305,EMP-N-047,ACC-N-0866,MODIFY_PHONE,2026-08-06T07:15:36+00:00
LOG-N-04306,EMP-N-071,EXT-A-053-3,VIEW_PROFILE,2026-03-16T09:50:11+00:00
LOG-N-04307,EMP-N-013,ACC-N-0925,VIEW_PROFILE,2026-01-22T13:22:23+00:00
LOG-N-04308,EMP-N-008,ACC-N-0458,VIEW_PROFILE,2026-04-09T15:56:06+00:00
LOG-N-04309,EMP-N-068,EXT-A-034-3,MODIFY_PHONE,2026-10-11T17:41:21+00:00
LOG-N-04310,EMP-N-056,ACC-N-0400,VIEW_PROFILE,2026-03-18T16:14:08+00:00
LOG-N-04311,EMP-N-028,ACC-N-0640,MODIFY_PHONE,2026-11-12T21:36:39+00:00
LOG-N-04312,EMP-N-055,ACC-N-0631,VIEW_PROFILE,2026-01-29T02:10:07+00:00
LOG-N-04313,EMP-N-066,ACC-N-0402,VIEW_PROFILE,2026-08-04T22:05:32+00:00
LOG-N-04314,EMP-N-068,ACC-N-0741,OVERRIDE_ALERT,2026-07-22T17:42:45+00:00
LOG-N-04315,EMP-N-075,EXT-A-021-4,VIEW_PROFILE,2026-04-23T23:48:19+00:00
LOG-N-04316,EMP-C-PAYROLL,ACC-N-0598,VIEW_PROFILE,2026-03-11T10:36:54+00:00
LOG-N-04317,EMP-N-050,ACC-N-0401,VIEW_PROFILE,2026-02-07T09:31:26+00:00
LOG-N-04318,EMP-N-060,EXT-A-013-4,VIEW_PROFILE,2026-12-31T12:32:15+00:00
LOG-N-04319,EMP-N-096,ACC-N-0619,VIEW_PROFILE,2026-01-03T17:22:49+00:00
LOG-N-04320,EMP-N-045,EXT-A-070-4,VIEW_PROFILE,2026-04-19T05:36:30+00:00
LOG-N-04321,EMP-N-097,ACC-N-0896,MODIFY_PHONE,2026-08-22T12:12:07+00:00
LOG-N-04322,EMP-N-074,ACC-A-DORMANT-029,VIEW_PROFILE,2026-08-18T20:35:34+00:00
LOG-N-04323,EMP-N-089,EXT-A-024-1,VIEW_PROFILE,2026-01-02T21:21:10+00:00
LOG-N-04324,EMP-N-008,ACC-N-0453,MODIFY_PHONE,2026-11-11T19:20:48+00:00
LOG-N-04325,EMP-N-045,ACC-N-0824,VIEW_PROFILE,2026-11-27T19:27:22+00:00
LOG-N-04326,EMP-N-023,EXT-A-056-2,VIEW_PROFILE,2026-12-02T10:35:03+00:00
LOG-N-04327,EMP-N-050,ACC-N-0870,VIEW_PROFILE,2026-01-07T10:33:16+00:00
LOG-N-04328,EMP-N-071,ACC-N-0524,VIEW_PROFILE,2026-06-25T23:46:57+00:00
LOG-N-04329,EMP-N-045,ACC-N-0973,VIEW_PROFILE,2026-12-18T20:22:32+00:00
LOG-N-04330,EMP-N-006,ACC-N-0998,VIEW_PROFILE,2026-09-17T07:52:23+00:00
LOG-N-04331,EMP-N-083,EXT-A-057-4,VIEW_PROFILE,2026-08-20T12:41:26+00:00
LOG-N-04332,EMP-N-073,ACC-N-0751,VIEW_PROFILE,2026-08-15T20:34:03+00:00
LOG-N-04333,EMP-N-076,ACC-N-0751,VIEW_PROFILE,2026-11-15T23:45:11+00:00
LOG-N-04334,EMP-N-097,ACC-N-0962,MODIFY_PHONE,2026-03-17T06:03:09+00:00
LOG-N-04335,EMP-N-090,EXT-A-022-1,VIEW_PROFILE,2026-08-21T15:41:37+00:00
LOG-N-04336,EMP-N-054,ACC-N-0605,VIEW_PROFILE,2026-05-15T11:40:34+00:00
LOG-N-04337,EMP-N-094,ACC-N-0544,VIEW_PROFILE,2026-03-17T18:04:27+00:00
LOG-N-04338,EMP-N-063,ACC-N-0441,VIEW_PROFILE,2026-08-15T21:00:15+00:00
LOG-N-04339,EMP-N-051,ACC-N-0534,VIEW_PROFILE,2026-08-21T14:44:37+00:00
LOG-N-04340,EMP-N-063,ACC-N-0752,VIEW_PROFILE,2026-07-12T07:06:59+00:00
LOG-N-04341,EMP-N-071,ACC-A-DORMANT-065,VIEW_PROFILE,2026-02-27T08:35:56+00:00
LOG-N-04342,EMP-N-091,EXT-A-028-4,VIEW_PROFILE,2026-07-11T15:59:24+00:00
LOG-N-04343,EMP-N-077,EXT-A-025-4,VIEW_PROFILE,2026-06-29T18:52:37+00:00
LOG-N-04344,EMP-N-057,ACC-N-0747,VIEW_PROFILE,2026-07-26T20:53:53+00:00
LOG-N-04345,EMP-N-092,ACC-N-0406,VIEW_PROFILE,2026-10-08T16:59:58+00:00
LOG-N-04346,EMP-N-009,ACC-N-0573,VIEW_PROFILE,2026-06-12T20:04:12+00:00
LOG-N-04347,EMP-N-046,ACC-N-0726,VIEW_PROFILE,2026-05-14T23:58:02+00:00
LOG-N-04348,EMP-N-087,EXT-A-067-3,VIEW_PROFILE,2026-03-12T17:35:21+00:00
LOG-N-04349,EMP-N-055,ACC-N-0482,VIEW_PROFILE,2026-09-24T16:03:28+00:00
LOG-N-04350,EMP-N-006,EXT-A-023-1,VIEW_PROFILE,2026-05-18T19:12:04+00:00
LOG-N-04351,EMP-N-048,ACC-A-DORMANT-001,VIEW_PROFILE,2026-07-25T19:25:29+00:00
LOG-N-04352,EMP-N-016,EXT-A-051-2,VIEW_PROFILE,2026-11-19T20:02:09+00:00
LOG-N-04353,EMP-N-050,ACC-N-0724,VIEW_PROFILE,2026-06-30T23:59:42+00:00
LOG-N-04354,EMP-A-001,ACC-N-0613,VIEW_PROFILE,2026-02-13T17:19:46+00:00
LOG-N-04355,EMP-N-084,ACC-N-0586,MODIFY_PHONE,2026-07-02T07:37:21+00:00
LOG-N-04356,EMP-N-028,ACC-N-0947,VIEW_PROFILE,2026-12-10T17:50:57+00:00
LOG-N-04357,EMP-N-089,ACC-N-0855,OVERRIDE_ALERT,2026-06-03T15:27:28+00:00
LOG-N-04358,EMP-N-005,ACC-N-0928,VIEW_PROFILE,2026-01-14T18:54:58+00:00
LOG-N-04359,EMP-N-035,EXT-A-017-4,VIEW_PROFILE,2026-09-08T09:34:22+00:00
LOG-N-04360,EMP-N-057,ACC-N-0661,VIEW_PROFILE,2026-02-04T06:15:51+00:00
LOG-N-04361,EMP-N-051,EXT-A-062-4,VIEW_PROFILE,2026-05-19T05:34:20+00:00
LOG-N-04362,EMP-N-029,ACC-N-0602,VIEW_PROFILE,2026-01-03T12:25:29+00:00
LOG-N-04363,EMP-N-083,ACC-N-0652,VIEW_PROFILE,2026-10-18T15:00:49+00:00
LOG-N-04364,EMP-N-075,EXT-A-047-2,VIEW_PROFILE,2026-05-23T03:19:19+00:00
LOG-N-04365,EMP-N-056,ACC-N-0736,VIEW_PROFILE,2026-03-29T03:33:20+00:00
LOG-N-04366,EMP-N-079,EXT-A-042-2,VIEW_PROFILE,2026-02-13T10:18:03+00:00
LOG-N-04367,EMP-N-064,ACC-N-0721,VIEW_PROFILE,2026-09-12T15:48:50+00:00
LOG-N-04368,EMP-N-049,ACC-N-0756,MODIFY_PHONE,2026-05-04T16:57:07+00:00
LOG-N-04369,EMP-N-017,ACC-A-DORMANT-007,VIEW_PROFILE,2026-12-01T07:16:22+00:00
LOG-N-04370,EMP-N-007,ACC-N-0449,VIEW_PROFILE,2026-10-13T01:15:24+00:00
LOG-N-04371,EMP-N-079,EXT-A-015-3,VIEW_PROFILE,2026-09-07T02:58:56+00:00
LOG-N-04372,EMP-N-052,ACC-A-DORMANT-050,VIEW_PROFILE,2026-12-27T10:28:05+00:00
LOG-N-04373,EMP-N-058,EXT-A-064-4,MODIFY_PHONE,2026-07-25T20:25:10+00:00
LOG-N-04374,EMP-N-046,ACC-N-0457,VIEW_PROFILE,2026-10-13T00:44:18+00:00
LOG-N-04375,EMP-N-067,EXT-A-021-4,MANUAL_UNFREEZE,2026-09-25T01:34:02+00:00
LOG-N-04376,EMP-N-027,ACC-N-0803,VIEW_PROFILE,2026-12-01T11:41:05+00:00
LOG-N-04377,EMP-N-082,ACC-N-0803,VIEW_PROFILE,2026-12-31T23:02:57+00:00
LOG-N-04378,EMP-N-062,ACC-N-0598,VIEW_PROFILE,2026-02-10T14:58:55+00:00
LOG-N-04379,EMP-N-053,ACC-B-03-B,VIEW_PROFILE,2026-11-16T11:41:31+00:00
LOG-N-04380,EMP-N-074,ACC-A-DORMANT-031,VIEW_PROFILE,2026-04-07T14:24:48+00:00
LOG-N-04381,EMP-N-017,EXT-A-014-2,VIEW_PROFILE,2026-11-20T15:41:11+00:00
LOG-N-04382,EMP-N-010,ACC-N-0647,VIEW_PROFILE,2026-04-07T16:05:13+00:00
LOG-N-04383,EMP-N-022,EXT-A-029-4,VIEW_PROFILE,2026-03-25T20:52:02+00:00
LOG-N-04384,EMP-N-054,ACC-N-0421,VIEW_PROFILE,2026-11-16T15:11:44+00:00
LOG-N-04385,EMP-N-040,ACC-N-0982,VIEW_PROFILE,2026-03-08T20:46:12+00:00
LOG-N-04386,EMP-N-089,EXT-A-050-2,VIEW_PROFILE,2026-08-15T11:40:14+00:00
LOG-N-04387,EMP-N-021,ACC-N-0478,VIEW_PROFILE,2026-08-17T16:29:01+00:00
LOG-N-04388,EMP-N-015,EXT-A-029-3,VIEW_PROFILE,2026-03-12T15:14:16+00:00
LOG-N-04389,EMP-N-058,EXT-A-017-3,VIEW_PROFILE,2026-11-10T11:50:27+00:00
LOG-N-04390,EMP-N-032,EXT-A-070-4,VIEW_PROFILE,2026-08-01T08:50:28+00:00
LOG-N-04391,EMP-N-099,ACC-N-0823,VIEW_PROFILE,2026-05-11T16:17:35+00:00
LOG-N-04392,EMP-N-076,EXT-A-029-1,MODIFY_PHONE,2026-06-10T03:56:49+00:00
LOG-N-04393,EMP-N-025,ACC-N-0549,VIEW_PROFILE,2026-12-05T13:58:00+00:00
LOG-N-04394,EMP-N-080,ACC-N-0591,VIEW_PROFILE,2026-10-17T01:17:39+00:00
LOG-N-04395,EMP-N-040,EXT-A-008-3,VIEW_PROFILE,2026-04-28T01:53:51+00:00
LOG-N-04396,EMP-N-041,ACC-N-0739,VIEW_PROFILE,2026-12-05T17:17:16+00:00
LOG-N-04397,EMP-N-045,ACC-N-0691,VIEW_PROFILE,2026-08-21T00:05:39+00:00
LOG-N-04398,EMP-N-043,ACC-N-0825,VIEW_PROFILE,2026-12-23T21:50:48+00:00
LOG-N-04399,EMP-N-091,ACC-N-0585,VIEW_PROFILE,2026-07-11T10:35:32+00:00
LOG-N-04400,EMP-N-018,ACC-B-04-C,VIEW_PROFILE,2026-05-13T12:11:48+00:00
LOG-N-04401,EMP-N-023,ACC-N-0772,VIEW_PROFILE,2026-07-01T12:30:57+00:00
LOG-N-04402,EMP-C-WEALTH,EXT-A-055-1,VIEW_PROFILE,2026-07-04T18:24:49+00:00
LOG-N-04403,EMP-N-087,EXT-A-034-1,VIEW_PROFILE,2026-11-07T07:31:56+00:00
LOG-N-04404,EMP-N-065,EXT-A-042-4,VIEW_PROFILE,2026-01-08T12:54:01+00:00
LOG-N-04405,EMP-N-093,ACC-A-DORMANT-048,VIEW_PROFILE,2026-10-12T11:31:35+00:00
LOG-N-04406,EMP-N-019,ACC-N-0703,VIEW_PROFILE,2026-01-20T21:18:25+00:00
LOG-N-04407,EMP-N-015,ACC-N-0871,VIEW_PROFILE,2026-05-07T14:22:31+00:00
LOG-N-04408,EMP-N-070,ACC-A-DORMANT-032,VIEW_PROFILE,2026-01-03T03:28:09+00:00
LOG-N-04409,EMP-N-085,ACC-N-0477,VIEW_PROFILE,2026-10-12T23:24:12+00:00
LOG-N-04410,EMP-N-057,ACC-N-0529,VIEW_PROFILE,2026-04-07T02:42:12+00:00
LOG-N-04411,EMP-N-015,EXT-A-029-4,VIEW_PROFILE,2026-04-04T21:38:02+00:00
LOG-N-04412,EMP-N-081,EXT-A-057-2,VIEW_PROFILE,2026-06-27T22:39:12+00:00
LOG-N-04413,EMP-C-PAYROLL,ACC-N-0497,VIEW_PROFILE,2026-01-02T13:53:00+00:00
LOG-N-04414,EMP-N-092,ACC-N-0731,MODIFY_PHONE,2026-12-10T22:17:17+00:00
LOG-N-04415,EMP-N-032,ACC-N-0552,VIEW_PROFILE,2026-07-23T06:33:21+00:00
LOG-N-04416,EMP-N-034,EXT-A-120482,VIEW_PROFILE,2026-03-25T00:50:59+00:00
LOG-N-04417,EMP-N-010,ACC-N-0500,VIEW_PROFILE,2026-11-16T03:17:27+00:00
LOG-N-04418,EMP-N-055,ACC-N-0899,VIEW_PROFILE,2026-09-10T08:01:54+00:00
LOG-N-04419,EMP-N-077,ACC-N-0486,VIEW_PROFILE,2026-05-10T02:26:59+00:00
LOG-N-04420,EMP-N-072,EXT-A-017-1,VIEW_PROFILE,2026-02-11T00:01:41+00:00
LOG-N-04421,EMP-N-018,EXT-A-033-1,VIEW_PROFILE,2026-01-07T23:39:18+00:00
LOG-N-04422,EMP-N-031,ACC-B-04-A,VIEW_PROFILE,2026-05-25T14:08:19+00:00
LOG-N-04423,EMP-N-048,ACC-N-0400,VIEW_PROFILE,2026-04-14T10:51:41+00:00
LOG-N-04424,EMP-N-056,ACC-N-0543,MODIFY_PHONE,2026-12-14T06:26:06+00:00
LOG-N-04425,EMP-N-075,ACC-N-0950,VIEW_PROFILE,2026-12-06T23:41:30+00:00
LOG-N-04426,EMP-N-021,ACC-N-0846,VIEW_PROFILE,2026-11-22T01:22:53+00:00
LOG-N-04427,EMP-N-095,ACC-N-0683,VIEW_PROFILE,2026-04-16T00:48:44+00:00
LOG-N-04428,EMP-C-PAYROLL,ACC-N-0509,VIEW_PROFILE,2026-11-17T16:29:22+00:00
LOG-N-04429,EMP-N-047,EXT-A-026-1,MODIFY_PHONE,2026-06-07T21:26:02+00:00
LOG-N-04430,EMP-C-WEALTH,ACC-N-0945,VIEW_PROFILE,2026-11-19T07:17:37+00:00
LOG-N-04431,EMP-N-020,ACC-N-0931,VIEW_PROFILE,2026-06-03T11:40:41+00:00
LOG-N-04432,EMP-N-099,ACC-N-0671,VIEW_PROFILE,2026-11-22T17:36:05+00:00
LOG-N-04433,EMP-N-066,EXT-A-021-3,VIEW_PROFILE,2026-06-20T09:13:29+00:00
LOG-N-04434,EMP-N-048,EXT-A-009-1,VIEW_PROFILE,2026-12-10T01:54:15+00:00
LOG-N-04435,EMP-N-090,ACC-A-DORMANT-029,VIEW_PROFILE,2026-07-30T12:07:50+00:00
LOG-N-04436,EMP-N-046,ACC-C-PAY-09,VIEW_PROFILE,2026-01-22T21:07:35+00:00
LOG-N-04437,EMP-N-022,EXT-A-019-2,VIEW_PROFILE,2026-05-20T22:37:03+00:00
LOG-N-04438,EMP-N-064,EXT-A-023-2,VIEW_PROFILE,2026-11-21T12:07:50+00:00
LOG-N-04439,EMP-N-084,EXT-A-056-2,VIEW_PROFILE,2026-07-09T14:45:52+00:00
LOG-N-04440,EMP-N-029,EXT-A-046-4,VIEW_PROFILE,2026-11-07T08:35:31+00:00
LOG-N-04441,EMP-N-035,ACC-N-0396,VIEW_PROFILE,2026-10-23T11:25:51+00:00
LOG-N-04442,EMP-N-068,ACC-A-DORMANT-067,VIEW_PROFILE,2026-05-04T00:39:17+00:00
LOG-N-04443,EMP-N-036,ACC-A-DORMANT-070,MODIFY_PHONE,2026-05-05T22:30:00+00:00
LOG-N-04444,EMP-N-049,ACC-N-0628,VIEW_PROFILE,2026-05-01T22:56:29+00:00
LOG-N-04445,EMP-N-029,EXT-A-069-2,VIEW_PROFILE,2026-05-13T23:09:38+00:00
LOG-N-04446,EMP-N-094,ACC-N-0977,VIEW_PROFILE,2026-02-15T13:51:50+00:00
LOG-N-04447,EMP-N-016,ACC-N-0711,VIEW_PROFILE,2026-12-28T16:41:41+00:00
LOG-N-04448,EMP-N-068,ACC-N-0622,MODIFY_PHONE,2026-05-07T14:12:11+00:00
LOG-N-04449,EMP-N-062,EXT-A-064-1,VIEW_PROFILE,2026-12-04T23:04:13+00:00
LOG-N-04450,EMP-N-094,EXT-A-003-3,VIEW_PROFILE,2026-11-04T14:21:14+00:00
LOG-N-04451,EMP-N-073,ACC-N-0660,MODIFY_PHONE,2026-05-16T16:58:43+00:00
LOG-N-04452,EMP-N-005,ACC-N-0801,VIEW_PROFILE,2026-11-10T17:10:22+00:00
LOG-N-04453,EMP-N-023,EXT-A-049-2,VIEW_PROFILE,2026-03-19T14:12:49+00:00
LOG-N-04454,EMP-N-070,ACC-N-0590,VIEW_PROFILE,2026-05-27T22:00:53+00:00
LOG-N-04455,EMP-N-015,ACC-N-0444,VIEW_PROFILE,2026-07-20T05:07:27+00:00
LOG-N-04456,EMP-N-039,ACC-N-0911,VIEW_PROFILE,2026-03-07T10:39:47+00:00
LOG-N-04457,EMP-N-012,EXT-A-071-3,MODIFY_PHONE,2026-04-03T02:01:53+00:00
LOG-N-04458,EMP-N-054,EXT-A-056-1,VIEW_PROFILE,2026-06-07T14:45:35+00:00
LOG-N-04459,EMP-N-006,ACC-N-0467,VIEW_PROFILE,2026-05-22T13:05:46+00:00
LOG-N-04460,EMP-N-074,ACC-N-0400,VIEW_PROFILE,2026-03-07T04:23:31+00:00
LOG-N-04461,EMP-N-098,ACC-N-0419,VIEW_PROFILE,2026-07-07T10:32:36+00:00
LOG-N-04462,EMP-N-005,ACC-N-0705,VIEW_PROFILE,2026-09-09T03:25:20+00:00
LOG-N-04463,EMP-N-006,ACC-N-0786,VIEW_PROFILE,2026-06-09T17:16:58+00:00
LOG-N-04464,EMP-N-023,ACC-A-DORMANT-058,VIEW_PROFILE,2026-07-24T07:13:59+00:00
LOG-N-04465,EMP-N-089,EXT-A-027-4,VIEW_PROFILE,2026-11-05T13:08:44+00:00
LOG-N-04466,EMP-N-084,ACC-N-0795,VIEW_PROFILE,2026-03-03T18:34:14+00:00
LOG-N-04467,EMP-C-PAYROLL,ACC-N-0673,VIEW_PROFILE,2026-07-07T09:51:58+00:00
LOG-N-04468,EMP-N-035,ACC-N-0882,VIEW_PROFILE,2026-02-08T19:17:13+00:00
LOG-N-04469,EMP-N-039,ACC-A-DORMANT-006,VIEW_PROFILE,2026-01-07T08:42:13+00:00
LOG-N-04470,EMP-N-095,EXT-A-068-3,VIEW_PROFILE,2026-11-16T14:43:37+00:00
LOG-N-04471,EMP-N-091,EXT-A-004-1,VIEW_PROFILE,2026-03-22T15:33:11+00:00
LOG-N-04472,EMP-N-099,ACC-N-0729,VIEW_PROFILE,2026-06-21T22:28:38+00:00
LOG-N-04473,EMP-B-001,ACC-N-0686,VIEW_PROFILE,2026-01-12T22:29:20+00:00
LOG-N-04474,EMP-N-099,ACC-N-0848,VIEW_PROFILE,2026-04-19T09:06:59+00:00
LOG-N-04475,EMP-N-078,ACC-N-0554,VIEW_PROFILE,2026-07-03T13:06:19+00:00
LOG-N-04476,EMP-N-027,EXT-A-004-2,VIEW_PROFILE,2026-01-31T21:28:45+00:00
LOG-N-04477,EMP-N-048,ACC-N-0851,VIEW_PROFILE,2026-11-16T21:51:41+00:00
LOG-N-04478,EMP-N-034,EXT-A-051-3,VIEW_PROFILE,2026-09-05T22:13:34+00:00
LOG-N-04479,EMP-N-061,ACC-N-0464,VIEW_PROFILE,2026-09-15T01:09:01+00:00
LOG-N-04480,EMP-N-097,EXT-A-013-1,VIEW_PROFILE,2026-12-25T20:08:38+00:00
LOG-N-04481,EMP-N-055,ACC-A-DORMANT-007,VIEW_PROFILE,2026-02-03T21:59:28+00:00
LOG-N-04482,EMP-N-076,ACC-N-0634,VIEW_PROFILE,2026-02-15T13:01:25+00:00
LOG-N-04483,EMP-N-019,EXT-A-028-3,VIEW_PROFILE,2026-12-05T15:38:13+00:00
LOG-N-04484,EMP-N-022,ACC-A-DORMANT-051,VIEW_PROFILE,2026-12-24T16:39:25+00:00
LOG-N-04485,EMP-N-029,ACC-N-0853,VIEW_PROFILE,2026-09-08T03:13:10+00:00
LOG-N-04486,EMP-N-056,EXT-A-004-1,VIEW_PROFILE,2026-12-13T20:09:52+00:00
LOG-N-04487,EMP-C-PAYROLL,EXT-A-066-1,VIEW_PROFILE,2026-05-23T08:53:15+00:00
LOG-N-04488,EMP-N-078,ACC-A-DORMANT-061,VIEW_PROFILE,2026-03-12T05:59:37+00:00
LOG-N-04489,EMP-N-044,ACC-N-0606,VIEW_PROFILE,2026-01-06T11:49:38+00:00
LOG-N-04490,EMP-N-078,EXT-A-018-2,VIEW_PROFILE,2026-12-09T14:30:19+00:00
LOG-N-04491,EMP-N-033,ACC-A-DORMANT-011,VIEW_PROFILE,2026-04-10T07:38:46+00:00
LOG-N-04492,EMP-N-030,EXT-A-056-1,VIEW_PROFILE,2026-01-09T21:22:03+00:00
LOG-N-04493,EMP-N-026,EXT-A-025-1,MODIFY_PHONE,2026-01-12T18:56:29+00:00
LOG-N-04494,EMP-N-035,ACC-N-0652,VIEW_PROFILE,2026-09-06T10:20:25+00:00
LOG-N-04495,EMP-N-041,EXT-A-050-4,VIEW_PROFILE,2026-07-29T06:27:14+00:00
LOG-N-04496,EMP-N-020,EXT-A-067-4,VIEW_PROFILE,2026-10-24T12:00:44+00:00
LOG-N-04497,EMP-N-078,ACC-A-DORMANT-013,VIEW_PROFILE,2026-04-15T18:51:29+00:00
LOG-N-04498,EMP-N-049,EXT-A-033-1,VIEW_PROFILE,2026-01-31T08:10:52+00:00
LOG-N-04499,EMP-N-082,ACC-A-DORMANT-059,VIEW_PROFILE,2026-07-25T20:46:06+00:00
LOG-N-04500,EMP-N-034,ACC-N-0411,VIEW_PROFILE,2026-08-25T11:25:01+00:00
LOG-N-04501,EMP-N-052,ACC-N-0887,VIEW_PROFILE,2026-07-21T17:48:58+00:00
LOG-N-04502,EMP-N-080,ACC-N-0739,VIEW_PROFILE,2026-12-25T19:02:31+00:00
LOG-N-04503,EMP-N-069,ACC-N-0704,MODIFY_PHONE,2026-09-01T03:16:36+00:00
LOG-N-04504,EMP-N-035,ACC-N-0737,VIEW_PROFILE,2026-07-08T02:08:17+00:00
LOG-N-04505,EMP-N-090,ACC-N-0912,VIEW_PROFILE,2026-11-25T15:28:51+00:00
LOG-N-04506,EMP-N-009,ACC-N-0806,OVERRIDE_ALERT,2026-09-26T19:37:23+00:00
LOG-N-04507,EMP-N-021,EXT-A-055-2,VIEW_PROFILE,2026-05-25T21:24:51+00:00
LOG-N-04508,EMP-N-097,ACC-N-0611,MODIFY_PHONE,2026-07-18T00:13:40+00:00
LOG-N-04509,EMP-N-031,ACC-N-0392,VIEW_PROFILE,2026-10-03T02:46:01+00:00
LOG-N-04510,EMP-N-011,ACC-N-0697,VIEW_PROFILE,2026-03-09T12:08:07+00:00
LOG-N-04511,EMP-N-058,ACC-N-0830,VIEW_PROFILE,2026-04-13T22:46:42+00:00
LOG-N-04512,EMP-N-090,EXT-A-063-2,VIEW_PROFILE,2026-08-15T08:31:34+00:00
LOG-N-04513,EMP-N-066,ACC-N-0491,VIEW_PROFILE,2026-11-08T09:29:04+00:00
LOG-N-04514,EMP-N-082,ACC-N-0660,VIEW_PROFILE,2026-05-19T17:39:26+00:00
LOG-N-04515,EMP-C-WEALTH,EXT-A-031-1,VIEW_PROFILE,2026-03-06T00:03:00+00:00
LOG-N-04516,EMP-N-086,EXT-A-053-4,VIEW_PROFILE,2026-06-03T04:55:05+00:00
LOG-N-04517,EMP-N-036,EXT-A-036-1,VIEW_PROFILE,2026-07-19T05:04:07+00:00
LOG-N-04518,EMP-N-042,EXT-A-013-4,VIEW_PROFILE,2026-12-08T15:10:43+00:00
LOG-N-04519,EMP-N-051,ACC-N-0508,VIEW_PROFILE,2026-06-03T08:50:47+00:00
LOG-N-04520,EMP-N-078,ACC-N-0428,VIEW_PROFILE,2026-11-02T00:46:38+00:00
LOG-N-04521,EMP-N-089,ACC-N-0409,VIEW_PROFILE,2026-10-02T06:49:15+00:00
LOG-N-04522,EMP-N-090,ACC-A-DORMANT-002,VIEW_PROFILE,2026-09-26T04:02:55+00:00
LOG-N-04523,EMP-N-040,ACC-N-0409,VIEW_PROFILE,2026-11-26T21:11:06+00:00
LOG-N-04524,EMP-N-094,ACC-N-0944,VIEW_PROFILE,2026-06-22T21:28:03+00:00
LOG-N-04525,EMP-B-001,ACC-N-0731,VIEW_PROFILE,2026-08-31T02:04:01+00:00
LOG-N-04526,EMP-N-064,ACC-N-0747,VIEW_PROFILE,2026-07-07T10:15:30+00:00
LOG-N-04527,EMP-N-060,ACC-N-0551,VIEW_PROFILE,2026-12-25T18:47:34+00:00
LOG-N-04528,EMP-N-090,ACC-N-0534,VIEW_PROFILE,2026-11-26T17:09:12+00:00
LOG-N-04529,EMP-N-044,ACC-N-0610,VIEW_PROFILE,2026-05-31T01:07:33+00:00
LOG-N-04530,EMP-N-054,ACC-N-0406,VIEW_PROFILE,2026-02-02T22:08:55+00:00
LOG-N-04531,EMP-N-020,EXT-A-041-3,VIEW_PROFILE,2026-04-03T23:39:45+00:00
LOG-N-04532,EMP-N-085,ACC-N-0798,VIEW_PROFILE,2026-01-07T19:41:27+00:00
LOG-N-04533,EMP-N-056,EXT-A-019-2,VIEW_PROFILE,2026-05-28T04:45:32+00:00
LOG-N-04534,EMP-B-001,ACC-N-0907,VIEW_PROFILE,2026-06-20T02:13:26+00:00
LOG-N-04535,EMP-N-027,EXT-A-058-4,MODIFY_PHONE,2026-03-10T06:29:32+00:00
LOG-N-04536,EMP-N-043,EXT-A-049-3,VIEW_PROFILE,2026-03-10T20:36:57+00:00
LOG-N-04537,EMP-N-012,ACC-N-0627,VIEW_PROFILE,2026-03-27T05:40:39+00:00
LOG-N-04538,EMP-N-045,ACC-A-DORMANT-026,VIEW_PROFILE,2026-03-10T18:52:09+00:00
LOG-N-04539,EMP-N-043,EXT-A-066-3,OVERRIDE_ALERT,2026-10-23T11:07:23+00:00
LOG-N-04540,EMP-N-041,ACC-N-0510,VIEW_PROFILE,2026-03-22T20:51:08+00:00
LOG-N-04541,EMP-N-087,EXT-A-038-1,VIEW_PROFILE,2026-01-04T13:09:08+00:00
LOG-N-04542,EMP-N-072,ACC-N-0426,VIEW_PROFILE,2026-04-19T19:47:26+00:00
LOG-N-04543,EMP-N-025,ACC-N-0452,VIEW_PROFILE,2026-12-08T23:39:43+00:00
LOG-N-04544,EMP-N-058,ACC-N-0622,OVERRIDE_ALERT,2026-09-28T14:33:06+00:00
LOG-N-04545,EMP-N-029,ACC-N-0711,VIEW_PROFILE,2026-06-08T02:08:31+00:00
LOG-N-04546,EMP-N-077,ACC-N-0409,VIEW_PROFILE,2026-11-07T05:19:02+00:00
LOG-N-04547,EMP-N-053,ACC-N-0660,VIEW_PROFILE,2026-01-23T11:59:25+00:00
LOG-N-04548,EMP-N-013,EXT-A-024-3,VIEW_PROFILE,2026-09-24T00:19:40+00:00
LOG-N-04549,EMP-N-054,EXT-A-065-4,VIEW_PROFILE,2026-05-06T14:49:10+00:00
LOG-N-04550,EMP-N-059,ACC-N-0630,MODIFY_PHONE,2026-10-04T06:10:01+00:00
LOG-N-04551,EMP-N-100,ACC-N-0685,MANUAL_UNFREEZE,2026-11-01T21:28:24+00:00
LOG-N-04552,EMP-N-016,ACC-N-0673,VIEW_PROFILE,2026-02-26T07:58:56+00:00
LOG-N-04553,EMP-N-055,ACC-N-0634,MODIFY_PHONE,2026-05-07T20:16:05+00:00
LOG-N-04554,EMP-N-068,ACC-N-0774,VIEW_PROFILE,2026-01-05T14:20:25+00:00
LOG-N-04555,EMP-N-020,EXT-A-038-4,VIEW_PROFILE,2026-01-21T13:47:14+00:00
LOG-N-04556,EMP-N-070,EXT-A-011-1,VIEW_PROFILE,2026-08-28T13:04:55+00:00
LOG-N-04557,EMP-N-035,ACC-N-0714,MODIFY_PHONE,2026-08-16T00:05:56+00:00
LOG-N-04558,EMP-N-024,EXT-A-066-4,VIEW_PROFILE,2026-02-13T14:15:25+00:00
LOG-N-04559,EMP-N-078,ACC-N-0458,VIEW_PROFILE,2026-01-22T23:30:56+00:00
LOG-N-04560,EMP-N-047,ACC-N-0434,VIEW_PROFILE,2026-01-31T18:50:42+00:00
LOG-N-04561,EMP-N-051,ACC-A-DORMANT-066,MODIFY_PHONE,2026-08-17T20:43:30+00:00
LOG-N-04562,EMP-N-030,ACC-A-DORMANT-042,VIEW_PROFILE,2026-01-18T14:14:30+00:00
LOG-N-04563,EMP-N-022,ACC-N-0937,VIEW_PROFILE,2026-08-07T15:44:58+00:00
LOG-N-04564,EMP-N-082,ACC-N-0606,VIEW_PROFILE,2026-04-08T13:12:54+00:00
LOG-N-04565,EMP-N-055,ACC-N-0497,VIEW_PROFILE,2026-01-22T18:23:48+00:00
LOG-N-04566,EMP-N-085,EXT-A-057-1,OVERRIDE_ALERT,2026-03-29T23:30:14+00:00
LOG-N-04567,EMP-N-084,ACC-N-0490,VIEW_PROFILE,2026-09-07T14:46:02+00:00
LOG-N-04568,EMP-N-086,EXT-A-024-3,VIEW_PROFILE,2026-05-29T15:59:57+00:00
LOG-N-04569,EMP-N-010,ACC-N-0568,VIEW_PROFILE,2026-03-04T18:10:31+00:00
LOG-N-04570,EMP-C-WEALTH,ACC-N-0851,MODIFY_PHONE,2026-12-07T23:37:19+00:00
LOG-N-04571,EMP-N-060,ACC-N-0984,VIEW_PROFILE,2026-09-22T10:15:23+00:00
LOG-N-04572,EMP-N-065,ACC-N-0495,VIEW_PROFILE,2026-03-18T02:45:07+00:00
LOG-N-04573,EMP-N-058,ACC-N-0489,VIEW_PROFILE,2026-11-13T16:21:58+00:00
LOG-N-04574,EMP-N-069,ACC-N-0760,VIEW_PROFILE,2026-02-01T00:33:04+00:00
LOG-N-04575,EMP-N-078,ACC-N-0759,VIEW_PROFILE,2026-01-15T16:03:35+00:00
LOG-N-04576,EMP-N-050,ACC-A-DORMANT-046,VIEW_PROFILE,2026-05-09T16:38:55+00:00
LOG-N-04577,EMP-C-WEALTH,EXT-A-022-1,VIEW_PROFILE,2026-03-31T04:10:34+00:00
LOG-N-04578,EMP-N-082,ACC-A-DORMANT-039,VIEW_PROFILE,2026-02-16T04:08:44+00:00
LOG-N-04579,EMP-N-013,ACC-N-0412,OVERRIDE_ALERT,2026-01-24T22:58:08+00:00
LOG-N-04580,EMP-N-071,ACC-N-0688,VIEW_PROFILE,2026-10-07T18:54:09+00:00
LOG-N-04581,EMP-N-088,ACC-A-DORMANT-051,VIEW_PROFILE,2026-03-13T10:36:26+00:00
LOG-N-04582,EMP-N-019,EXT-A-005-2,VIEW_PROFILE,2026-07-17T21:07:11+00:00
LOG-N-04583,EMP-N-067,ACC-N-0904,VIEW_PROFILE,2026-09-03T12:24:00+00:00
LOG-N-04584,EMP-N-022,EXT-A-022-2,VIEW_PROFILE,2026-06-26T20:54:09+00:00
LOG-N-04585,EMP-N-079,EXT-A-029-4,OVERRIDE_ALERT,2026-03-21T15:17:46+00:00
LOG-N-04586,EMP-N-028,ACC-N-0702,VIEW_PROFILE,2026-09-27T22:13:33+00:00
LOG-N-04587,EMP-N-064,EXT-A-045-2,VIEW_PROFILE,2026-09-05T03:36:19+00:00
LOG-N-04588,EMP-N-054,ACC-N-0537,VIEW_PROFILE,2026-11-11T06:36:53+00:00
LOG-N-04589,EMP-N-060,EXT-A-057-1,VIEW_PROFILE,2026-02-07T07:33:29+00:00
LOG-N-04590,EMP-N-061,ACC-A-DORMANT-051,VIEW_PROFILE,2026-06-23T15:25:21+00:00
LOG-N-04591,EMP-N-043,ACC-N-0647,MODIFY_PHONE,2026-04-27T03:10:03+00:00
LOG-N-04592,EMP-N-091,EXT-A-040-3,MODIFY_PHONE,2026-08-31T23:15:43+00:00
LOG-N-04593,EMP-N-079,ACC-N-0396,VIEW_PROFILE,2026-05-13T22:35:54+00:00
LOG-N-04594,EMP-N-046,ACC-N-0660,VIEW_PROFILE,2026-08-30T01:01:36+00:00
LOG-N-04595,EMP-N-015,ACC-N-0938,VIEW_PROFILE,2026-05-23T17:22:39+00:00
LOG-N-04596,EMP-N-038,ACC-N-0451,VIEW_PROFILE,2026-04-13T19:23:27+00:00
LOG-N-04597,EMP-N-046,ACC-N-0693,VIEW_PROFILE,2026-03-03T21:10:00+00:00
LOG-N-04598,EMP-N-020,ACC-N-0659,VIEW_PROFILE,2026-06-12T20:44:44+00:00
LOG-N-04599,EMP-N-061,ACC-N-0521,VIEW_PROFILE,2026-09-29T01:15:19+00:00
LOG-N-04600,EMP-N-089,ACC-N-0937,VIEW_PROFILE,2026-10-23T00:00:23+00:00
LOG-N-04601,EMP-N-039,ACC-A-DORMANT-019,VIEW_PROFILE,2026-04-13T07:30:53+00:00
LOG-N-04602,EMP-N-019,ACC-N-0771,VIEW_PROFILE,2026-01-16T23:28:11+00:00
LOG-N-04603,EMP-N-033,EXT-A-059-1,MODIFY_PHONE,2026-04-09T09:09:17+00:00
LOG-N-04604,EMP-N-093,ACC-N-0909,VIEW_PROFILE,2026-12-08T05:04:29+00:00
LOG-N-04605,EMP-N-032,ACC-N-0519,VIEW_PROFILE,2026-08-01T10:26:04+00:00
LOG-N-04606,EMP-N-061,EXT-A-004-4,VIEW_PROFILE,2026-07-05T13:45:14+00:00
LOG-N-04607,EMP-N-075,ACC-A-DORMANT-007,VIEW_PROFILE,2026-09-17T02:07:26+00:00
LOG-N-04608,EMP-N-032,ACC-N-0521,VIEW_PROFILE,2026-03-30T07:59:31+00:00
LOG-N-04609,EMP-N-042,ACC-N-0852,VIEW_PROFILE,2026-03-15T06:45:18+00:00
LOG-N-04610,EMP-N-022,EXT-A-012-3,MODIFY_PHONE,2026-12-01T17:12:56+00:00
LOG-N-04611,EMP-N-056,EXT-A-067-3,VIEW_PROFILE,2026-09-23T04:53:22+00:00
LOG-N-04612,EMP-N-016,ACC-N-0843,MODIFY_PHONE,2026-08-22T18:08:03+00:00
LOG-N-04613,EMP-N-027,ACC-N-0472,VIEW_PROFILE,2026-07-05T22:40:15+00:00
LOG-N-04614,EMP-N-058,EXT-A-050-1,MODIFY_PHONE,2026-10-01T01:59:55+00:00
LOG-N-04615,EMP-N-074,EXT-A-072-2,VIEW_PROFILE,2026-08-06T21:43:28+00:00
LOG-N-04616,EMP-N-069,EXT-A-036-4,VIEW_PROFILE,2026-04-02T04:47:33+00:00
LOG-N-04617,EMP-N-070,ACC-A-DORMANT-033,VIEW_PROFILE,2026-04-20T17:43:38+00:00
LOG-N-04618,EMP-N-044,ACC-N-0635,VIEW_PROFILE,2026-09-22T13:46:22+00:00
LOG-N-04619,EMP-N-088,ACC-N-0426,VIEW_PROFILE,2026-01-27T06:04:01+00:00
LOG-N-04620,EMP-N-055,ACC-N-0832,MODIFY_PHONE,2026-10-15T14:33:57+00:00
LOG-N-04621,EMP-N-057,ACC-A-DORMANT-039,MODIFY_PHONE,2026-08-25T12:18:45+00:00
LOG-N-04622,EMP-N-089,ACC-N-0794,VIEW_PROFILE,2026-05-13T19:15:47+00:00
LOG-N-04623,EMP-N-086,ACC-N-0516,VIEW_PROFILE,2026-11-03T10:39:21+00:00
LOG-N-04624,EMP-N-075,ACC-N-0527,VIEW_PROFILE,2026-12-18T06:38:53+00:00
LOG-N-04625,EMP-N-032,ACC-N-0737,VIEW_PROFILE,2026-07-08T02:24:43+00:00
LOG-N-04626,EMP-N-093,ACC-N-0879,VIEW_PROFILE,2026-03-14T14:26:56+00:00
LOG-N-04627,EMP-N-093,ACC-N-0844,VIEW_PROFILE,2026-01-29T13:02:20+00:00
LOG-N-04628,EMP-N-067,ACC-N-0902,VIEW_PROFILE,2026-05-12T22:13:39+00:00
LOG-N-04629,EMP-N-025,ACC-N-0846,MODIFY_PHONE,2026-08-09T04:15:35+00:00
LOG-N-04630,EMP-N-046,ACC-N-0455,VIEW_PROFILE,2026-09-20T20:29:53+00:00
LOG-N-04631,EMP-N-087,ACC-N-0940,VIEW_PROFILE,2026-11-04T02:04:19+00:00
LOG-N-04632,EMP-N-044,ACC-A-DORMANT-043,VIEW_PROFILE,2026-07-01T19:29:15+00:00
LOG-N-04633,EMP-N-032,ACC-N-0942,VIEW_PROFILE,2026-09-05T17:06:46+00:00
LOG-N-04634,EMP-N-019,ACC-N-0721,VIEW_PROFILE,2026-06-15T00:32:42+00:00
LOG-N-04635,EMP-N-013,ACC-N-0683,VIEW_PROFILE,2026-07-08T13:29:59+00:00
LOG-N-04636,EMP-N-027,ACC-N-0740,VIEW_PROFILE,2026-03-28T00:10:40+00:00
LOG-N-04637,EMP-N-005,ACC-N-0958,MODIFY_PHONE,2026-08-26T17:33:28+00:00
LOG-N-04638,EMP-N-051,ACC-N-0489,VIEW_PROFILE,2026-05-18T21:50:22+00:00
LOG-N-04639,EMP-N-053,ACC-N-0807,VIEW_PROFILE,2026-07-27T16:15:26+00:00
LOG-N-04640,EMP-N-005,ACC-A-DORMANT-010,VIEW_PROFILE,2026-01-28T14:39:03+00:00
LOG-N-04641,EMP-N-024,ACC-N-0533,MODIFY_PHONE,2026-08-28T22:06:48+00:00
LOG-N-04642,EMP-N-015,ACC-N-0745,MODIFY_PHONE,2026-10-22T19:19:51+00:00
LOG-N-04643,EMP-A-001,ACC-A-DORMANT-072,VIEW_PROFILE,2026-05-26T03:18:53+00:00
LOG-N-04644,EMP-N-025,ACC-A-DORMANT-040,VIEW_PROFILE,2026-08-30T21:59:01+00:00
LOG-N-04645,EMP-N-069,ACC-N-0886,VIEW_PROFILE,2026-09-14T12:18:12+00:00
LOG-N-04646,EMP-N-080,ACC-N-0964,VIEW_PROFILE,2026-09-28T05:13:57+00:00
LOG-N-04647,EMP-N-091,ACC-N-0731,VIEW_PROFILE,2026-07-14T09:36:16+00:00
LOG-N-04648,EMP-N-006,EXT-A-047-1,VIEW_PROFILE,2026-04-14T21:25:27+00:00
LOG-N-04649,EMP-N-043,ACC-N-0543,VIEW_PROFILE,2026-02-11T11:39:29+00:00
LOG-N-04650,EMP-N-053,ACC-N-0857,VIEW_PROFILE,2026-12-16T12:34:23+00:00
LOG-N-04651,EMP-N-084,EXT-A-026-4,VIEW_PROFILE,2026-04-18T23:40:50+00:00
LOG-N-04652,EMP-N-046,ACC-N-0989,VIEW_PROFILE,2026-12-01T18:36:43+00:00
LOG-N-04653,EMP-N-093,EXT-A-045-1,VIEW_PROFILE,2026-08-20T11:21:16+00:00
LOG-N-04654,EMP-C-WEALTH,EXT-A-039-1,VIEW_PROFILE,2026-09-28T14:34:42+00:00
LOG-N-04655,EMP-N-021,ACC-N-0788,VIEW_PROFILE,2026-09-21T07:23:31+00:00
LOG-N-04656,EMP-N-072,ACC-N-0902,VIEW_PROFILE,2026-03-16T03:51:53+00:00
LOG-N-04657,EMP-N-034,ACC-N-0419,VIEW_PROFILE,2026-01-10T12:01:38+00:00
LOG-N-04658,EMP-N-051,ACC-N-0426,MODIFY_PHONE,2026-10-01T03:05:00+00:00
LOG-N-04659,EMP-N-075,ACC-N-0595,VIEW_PROFILE,2026-05-27T00:38:21+00:00
LOG-N-04660,EMP-N-030,EXT-A-051-3,VIEW_PROFILE,2026-11-27T13:31:04+00:00
LOG-N-04661,EMP-N-025,EXT-A-015-2,MODIFY_PHONE,2026-03-12T02:46:00+00:00
LOG-N-04662,EMP-C-PAYROLL,ACC-N-0875,VIEW_PROFILE,2026-10-01T08:25:37+00:00
LOG-N-04663,EMP-B-001,ACC-N-0667,VIEW_PROFILE,2026-06-15T14:26:51+00:00
LOG-N-04664,EMP-N-090,ACC-N-0905,VIEW_PROFILE,2026-01-19T04:50:00+00:00
LOG-N-04665,EMP-N-075,ACC-N-0784,VIEW_PROFILE,2026-06-22T00:29:42+00:00
LOG-N-04666,EMP-N-043,EXT-A-021-3,VIEW_PROFILE,2026-06-08T23:18:34+00:00
LOG-N-04667,EMP-N-060,ACC-N-0995,VIEW_PROFILE,2026-04-03T18:44:53+00:00
LOG-N-04668,EMP-N-049,ACC-C-PAY-03,VIEW_PROFILE,2026-04-28T11:24:16+00:00
LOG-N-04669,EMP-N-040,ACC-N-0923,VIEW_PROFILE,2026-07-28T17:18:32+00:00
LOG-N-04670,EMP-N-035,EXT-A-052-4,VIEW_PROFILE,2026-01-24T17:21:51+00:00
LOG-N-04671,EMP-N-057,ACC-N-0768,VIEW_PROFILE,2026-04-25T16:52:20+00:00
LOG-N-04672,EMP-N-082,ACC-N-0891,OVERRIDE_ALERT,2026-10-09T07:45:25+00:00
LOG-N-04673,EMP-N-056,ACC-N-0453,VIEW_PROFILE,2026-11-02T17:20:12+00:00
LOG-N-04674,EMP-N-054,ACC-N-0915,VIEW_PROFILE,2026-10-09T10:03:56+00:00
LOG-N-04675,EMP-N-038,ACC-N-0450,VIEW_PROFILE,2026-11-24T17:54:02+00:00
LOG-N-04676,EMP-B-001,ACC-N-0893,VIEW_PROFILE,2026-08-28T21:47:04+00:00
LOG-N-04677,EMP-C-PAYROLL,ACC-N-0971,VIEW_PROFILE,2026-05-02T00:32:19+00:00
LOG-N-04678,EMP-N-014,EXT-A-057-1,VIEW_PROFILE,2026-07-01T21:08:03+00:00
LOG-N-04679,EMP-N-073,ACC-N-0401,VIEW_PROFILE,2026-05-04T08:50:22+00:00
LOG-N-04680,EMP-N-059,EXT-A-063-1,VIEW_PROFILE,2026-09-24T18:27:37+00:00
LOG-N-04681,EMP-N-090,ACC-N-0689,VIEW_PROFILE,2026-09-07T11:53:26+00:00
LOG-N-04682,EMP-N-022,EXT-A-055-1,VIEW_PROFILE,2026-02-06T00:43:06+00:00
LOG-N-04683,EMP-N-009,ACC-N-0809,MODIFY_PHONE,2026-03-22T16:18:29+00:00
LOG-N-04684,EMP-N-094,ACC-N-0657,MANUAL_UNFREEZE,2026-01-05T16:26:48+00:00
LOG-N-04685,EMP-N-093,ACC-N-0887,VIEW_PROFILE,2026-04-24T16:51:04+00:00
LOG-N-04686,EMP-N-056,ACC-N-0778,VIEW_PROFILE,2026-12-26T09:11:41+00:00
LOG-N-04687,EMP-N-085,ACC-N-0954,VIEW_PROFILE,2026-04-05T21:43:41+00:00
LOG-N-04688,EMP-N-035,ACC-N-0762,VIEW_PROFILE,2026-02-28T14:14:10+00:00
LOG-N-04689,EMP-N-026,ACC-N-0707,VIEW_PROFILE,2026-11-24T16:19:39+00:00
LOG-N-04690,EMP-N-041,EXT-A-049-3,VIEW_PROFILE,2026-12-09T01:56:50+00:00
LOG-N-04691,EMP-N-023,EXT-A-071-1,MODIFY_PHONE,2026-08-14T18:50:10+00:00
LOG-N-04692,EMP-N-095,EXT-A-044-2,VIEW_PROFILE,2026-10-21T00:06:09+00:00
LOG-N-04693,EMP-N-035,EXT-A-021-3,VIEW_PROFILE,2026-07-24T14:03:23+00:00
LOG-N-04694,EMP-N-084,ACC-N-0621,VIEW_PROFILE,2026-09-18T22:02:07+00:00
LOG-N-04695,EMP-N-066,ACC-N-0653,VIEW_PROFILE,2026-04-08T05:52:26+00:00
LOG-N-04696,EMP-N-089,ACC-N-0814,VIEW_PROFILE,2026-02-20T18:59:19+00:00
LOG-N-04697,EMP-N-028,ACC-N-0404,VIEW_PROFILE,2026-03-13T05:01:39+00:00
LOG-N-04698,EMP-N-090,EXT-A-007-3,VIEW_PROFILE,2026-04-12T14:54:17+00:00
LOG-N-04699,EMP-N-089,ACC-N-0608,VIEW_PROFILE,2026-01-16T14:12:21+00:00
LOG-N-04700,EMP-N-080,ACC-N-0576,MODIFY_PHONE,2026-06-21T21:05:49+00:00
LOG-N-04701,EMP-N-046,ACC-N-0549,VIEW_PROFILE,2026-03-23T21:23:34+00:00
LOG-N-04702,EMP-N-005,ACC-N-0959,VIEW_PROFILE,2026-06-10T04:24:55+00:00
LOG-N-04703,EMP-N-030,EXT-A-035-1,VIEW_PROFILE,2026-08-17T03:13:13+00:00
LOG-N-04704,EMP-N-076,EXT-A-056-2,VIEW_PROFILE,2026-06-30T01:27:05+00:00
LOG-N-04705,EMP-N-010,ACC-A-DORMANT-055,VIEW_PROFILE,2026-12-08T05:16:59+00:00
LOG-N-04706,EMP-N-017,ACC-N-0751,VIEW_PROFILE,2026-10-14T05:01:42+00:00
LOG-N-04707,EMP-N-009,EXT-A-026-2,VIEW_PROFILE,2026-09-21T02:21:02+00:00
LOG-N-04708,EMP-N-039,ACC-N-0949,VIEW_PROFILE,2026-06-09T11:16:32+00:00
LOG-N-04709,EMP-N-081,ACC-N-0767,VIEW_PROFILE,2026-11-03T20:43:14+00:00
LOG-N-04710,EMP-A-001,ACC-N-0620,VIEW_PROFILE,2026-08-11T10:45:10+00:00
LOG-N-04711,EMP-N-098,ACC-C-HNW-05,VIEW_PROFILE,2026-12-25T18:12:31+00:00
LOG-N-04712,EMP-N-025,ACC-N-0625,VIEW_PROFILE,2026-10-03T16:20:22+00:00
LOG-N-04713,EMP-N-024,ACC-N-0884,VIEW_PROFILE,2026-06-30T23:31:09+00:00
LOG-N-04714,EMP-N-066,ACC-N-0832,VIEW_PROFILE,2026-07-27T09:38:31+00:00
LOG-N-04715,EMP-N-021,EXT-A-062-2,VIEW_PROFILE,2026-03-15T00:13:00+00:00
LOG-N-04716,EMP-N-055,EXT-A-038-4,VIEW_PROFILE,2026-01-16T21:47:46+00:00
LOG-N-04717,EMP-N-096,ACC-N-0904,VIEW_PROFILE,2026-05-22T02:06:15+00:00
LOG-N-04718,EMP-N-062,ACC-N-0523,VIEW_PROFILE,2026-09-29T05:33:52+00:00
LOG-N-04719,EMP-N-085,ACC-A-DORMANT-043,VIEW_PROFILE,2026-08-20T07:31:29+00:00
LOG-N-04720,EMP-N-072,EXT-A-022-3,VIEW_PROFILE,2026-08-18T19:26:42+00:00
LOG-N-04721,EMP-N-015,ACC-N-0589,VIEW_PROFILE,2026-06-23T16:46:12+00:00
LOG-N-04722,EMP-N-041,ACC-N-0510,VIEW_PROFILE,2026-07-25T20:35:48+00:00
LOG-N-04723,EMP-N-081,EXT-A-030-2,VIEW_PROFILE,2026-01-02T09:09:37+00:00
LOG-N-04724,EMP-N-039,ACC-N-0664,VIEW_PROFILE,2026-10-11T23:36:02+00:00
LOG-N-04725,EMP-N-024,ACC-A-DORMANT-069,VIEW_PROFILE,2026-01-03T14:34:59+00:00
LOG-N-04726,EMP-N-013,ACC-N-0973,VIEW_PROFILE,2026-02-28T14:45:28+00:00
LOG-N-04727,EMP-N-014,ACC-N-0656,VIEW_PROFILE,2026-07-29T07:10:37+00:00
LOG-N-04728,EMP-N-033,ACC-A-DORMANT-040,MODIFY_PHONE,2026-11-11T12:39:01+00:00
LOG-N-04729,EMP-N-036,ACC-N-0913,VIEW_PROFILE,2026-02-16T00:30:38+00:00
LOG-N-04730,EMP-N-080,EXT-A-055-3,VIEW_PROFILE,2026-10-06T01:29:50+00:00
LOG-N-04731,EMP-N-022,EXT-A-041-4,VIEW_PROFILE,2026-03-10T22:00:10+00:00
LOG-N-04732,EMP-N-083,EXT-A-060-2,VIEW_PROFILE,2026-08-10T17:57:11+00:00
LOG-N-04733,EMP-N-045,EXT-A-041-3,VIEW_PROFILE,2026-11-18T20:53:15+00:00
LOG-N-04734,EMP-N-061,EXT-A-012-3,VIEW_PROFILE,2026-11-09T08:39:25+00:00
LOG-N-04735,EMP-N-041,ACC-N-0953,VIEW_PROFILE,2026-08-17T23:55:57+00:00
LOG-N-04736,EMP-N-031,ACC-N-0869,VIEW_PROFILE,2026-12-05T00:29:51+00:00
LOG-N-04737,EMP-N-040,ACC-N-0596,VIEW_PROFILE,2026-07-22T17:29:36+00:00
LOG-N-04738,EMP-N-074,ACC-A-DORMANT-071,VIEW_PROFILE,2026-04-24T15:44:54+00:00
LOG-N-04739,EMP-N-010,EXT-A-013-1,MODIFY_PHONE,2026-10-22T02:42:13+00:00
LOG-N-04740,EMP-N-091,ACC-N-0839,MODIFY_PHONE,2026-10-21T12:46:25+00:00
LOG-N-04741,EMP-N-045,ACC-N-0603,VIEW_PROFILE,2026-04-03T14:57:26+00:00
LOG-N-04742,EMP-N-008,ACC-N-0420,VIEW_PROFILE,2026-10-14T22:03:48+00:00
LOG-N-04743,EMP-N-024,ACC-A-DORMANT-052,VIEW_PROFILE,2026-06-11T22:34:52+00:00
LOG-N-04744,EMP-N-099,ACC-N-0571,VIEW_PROFILE,2026-02-05T07:03:13+00:00
LOG-N-04745,EMP-N-070,ACC-N-0681,VIEW_PROFILE,2026-03-28T07:41:39+00:00
LOG-N-04746,EMP-N-013,ACC-A-DORMANT-028,VIEW_PROFILE,2026-08-15T11:09:50+00:00
LOG-N-04747,EMP-N-074,EXT-A-030-3,VIEW_PROFILE,2026-03-06T00:33:07+00:00
LOG-N-04748,EMP-N-091,ACC-N-0870,VIEW_PROFILE,2026-10-02T07:20:39+00:00
LOG-N-04749,EMP-N-097,EXT-A-031-2,VIEW_PROFILE,2026-09-02T05:17:27+00:00
LOG-N-04750,EMP-C-PAYROLL,EXT-A-059-4,VIEW_PROFILE,2026-01-08T13:43:33+00:00
LOG-N-04751,EMP-N-032,EXT-A-017-4,VIEW_PROFILE,2026-05-06T00:10:41+00:00
LOG-N-04752,EMP-N-005,ACC-N-0839,VIEW_PROFILE,2026-03-30T21:19:19+00:00
LOG-N-04753,EMP-N-041,ACC-N-0531,VIEW_PROFILE,2026-05-07T19:29:38+00:00
LOG-N-04754,EMP-N-009,ACC-N-0651,VIEW_PROFILE,2026-05-10T08:14:48+00:00
LOG-N-04755,EMP-C-WEALTH,ACC-N-0826,VIEW_PROFILE,2026-06-02T15:00:44+00:00
LOG-N-04756,EMP-N-067,ACC-N-0712,VIEW_PROFILE,2026-09-16T16:46:04+00:00
LOG-N-04757,EMP-N-026,ACC-N-0589,VIEW_PROFILE,2026-01-11T04:22:33+00:00
LOG-N-04758,EMP-N-041,ACC-N-0600,VIEW_PROFILE,2026-04-22T16:07:45+00:00
LOG-N-04759,EMP-N-012,EXT-A-066-2,VIEW_PROFILE,2026-11-28T19:30:10+00:00
LOG-N-04760,EMP-N-014,ACC-N-0972,VIEW_PROFILE,2026-11-28T10:27:38+00:00
LOG-N-04761,EMP-N-065,EXT-A-041-1,VIEW_PROFILE,2026-01-24T06:52:08+00:00
LOG-N-04762,EMP-N-083,ACC-N-0867,VIEW_PROFILE,2026-06-22T22:00:28+00:00
LOG-N-04763,EMP-N-074,EXT-A-051-1,MODIFY_PHONE,2026-10-11T05:03:36+00:00
LOG-N-04764,EMP-N-065,ACC-N-0407,VIEW_PROFILE,2026-02-17T23:38:33+00:00
LOG-N-04765,EMP-N-053,ACC-A-DORMANT-022,VIEW_PROFILE,2026-01-17T19:47:56+00:00
LOG-N-04766,EMP-N-050,ACC-N-0914,MANUAL_UNFREEZE,2026-09-21T16:20:04+00:00
LOG-N-04767,EMP-N-006,EXT-A-070-4,VIEW_PROFILE,2026-01-13T18:38:05+00:00
LOG-N-04768,EMP-N-068,ACC-B-03-B,VIEW_PROFILE,2026-03-09T05:29:52+00:00
LOG-N-04769,EMP-N-048,ACC-N-0880,VIEW_PROFILE,2026-09-09T09:38:06+00:00
LOG-N-04770,EMP-N-048,ACC-N-0393,VIEW_PROFILE,2026-08-25T08:32:06+00:00
LOG-N-04771,EMP-N-069,EXT-A-041-3,VIEW_PROFILE,2026-09-14T02:05:08+00:00
LOG-N-04772,EMP-N-066,ACC-N-0666,VIEW_PROFILE,2026-01-13T14:57:10+00:00
LOG-N-04773,EMP-N-046,ACC-A-DORMANT-057,VIEW_PROFILE,2026-09-28T03:06:05+00:00
LOG-N-04774,EMP-N-077,EXT-A-052-4,VIEW_PROFILE,2026-03-23T08:32:05+00:00
LOG-N-04775,EMP-N-085,ACC-N-0414,VIEW_PROFILE,2026-08-06T21:20:19+00:00
LOG-N-04776,EMP-N-027,ACC-N-0987,MANUAL_UNFREEZE,2026-08-20T02:49:25+00:00
LOG-N-04777,EMP-N-062,ACC-N-0600,VIEW_PROFILE,2026-12-18T12:02:47+00:00
LOG-N-04778,EMP-N-029,ACC-N-0970,VIEW_PROFILE,2026-07-15T07:39:38+00:00
LOG-N-04779,EMP-N-076,ACC-N-0517,VIEW_PROFILE,2026-12-27T01:48:40+00:00
LOG-N-04780,EMP-N-074,EXT-A-046-4,VIEW_PROFILE,2026-08-16T09:01:21+00:00
LOG-N-04781,EMP-N-048,EXT-A-040-1,VIEW_PROFILE,2026-06-26T02:58:11+00:00
LOG-N-04782,EMP-N-083,ACC-N-0639,VIEW_PROFILE,2026-10-02T13:27:41+00:00
LOG-N-04783,EMP-C-WEALTH,EXT-A-009-1,VIEW_PROFILE,2026-06-16T18:46:24+00:00
LOG-N-04784,EMP-N-045,ACC-N-0740,VIEW_PROFILE,2026-05-30T19:45:04+00:00
LOG-N-04785,EMP-N-018,EXT-A-072-4,VIEW_PROFILE,2026-09-26T05:21:48+00:00
LOG-N-04786,EMP-C-WEALTH,EXT-A-018-1,VIEW_PROFILE,2026-05-26T14:20:20+00:00
LOG-N-04787,EMP-N-075,ACC-N-0892,VIEW_PROFILE,2026-06-03T12:18:02+00:00
LOG-N-04788,EMP-N-028,EXT-A-067-3,MODIFY_PHONE,2026-02-05T23:27:37+00:00
LOG-N-04789,EMP-N-010,EXT-A-009-3,MODIFY_PHONE,2026-01-06T21:23:00+00:00
LOG-N-04790,EMP-N-065,ACC-N-0415,VIEW_PROFILE,2026-10-15T01:43:33+00:00
LOG-N-04791,EMP-N-030,ACC-N-0608,VIEW_PROFILE,2026-07-14T07:43:51+00:00
LOG-N-04792,EMP-N-066,ACC-N-0799,VIEW_PROFILE,2026-08-08T03:09:23+00:00
LOG-N-04793,EMP-N-046,ACC-N-0645,OVERRIDE_ALERT,2026-06-12T00:16:06+00:00
LOG-N-04794,EMP-N-050,ACC-N-0870,VIEW_PROFILE,2026-07-21T10:43:24+00:00
LOG-N-04795,EMP-N-083,EXT-A-018-1,VIEW_PROFILE,2026-12-05T21:54:19+00:00
LOG-N-04796,EMP-N-012,ACC-N-0546,VIEW_PROFILE,2026-02-20T02:48:48+00:00
LOG-N-04797,EMP-N-008,EXT-A-052-1,VIEW_PROFILE,2026-03-04T12:47:20+00:00
LOG-N-04798,EMP-N-049,ACC-A-DORMANT-001,VIEW_PROFILE,2026-12-05T08:56:53+00:00
LOG-N-04799,EMP-N-033,EXT-A-009-1,VIEW_PROFILE,2026-05-21T23:28:08+00:00
LOG-N-04800,EMP-N-085,EXT-A-032-1,VIEW_PROFILE,2026-05-13T14:24:21+00:00
LOG-N-04801,EMP-N-036,ACC-N-0881,MODIFY_PHONE,2026-02-21T22:34:48+00:00
LOG-N-04802,EMP-N-100,ACC-N-0879,VIEW_PROFILE,2026-05-23T17:35:26+00:00
LOG-N-04803,EMP-N-016,ACC-A-DORMANT-072,VIEW_PROFILE,2026-11-27T02:04:34+00:00
LOG-N-04804,EMP-N-005,ACC-N-0838,MODIFY_PHONE,2026-04-11T02:07:18+00:00
LOG-N-04805,EMP-N-074,EXT-A-005-2,VIEW_PROFILE,2026-04-03T14:12:49+00:00
LOG-N-04806,EMP-N-059,ACC-N-0583,MODIFY_PHONE,2026-12-16T13:45:04+00:00
LOG-N-04807,EMP-N-044,ACC-A-DORMANT-048,VIEW_PROFILE,2026-11-24T21:01:07+00:00
LOG-N-04808,EMP-N-097,ACC-N-0665,VIEW_PROFILE,2026-08-18T19:59:33+00:00
LOG-N-04809,EMP-N-060,ACC-N-0694,VIEW_PROFILE,2026-07-29T18:15:17+00:00
LOG-N-04810,EMP-N-050,EXT-A-005-3,VIEW_PROFILE,2026-06-28T06:10:39+00:00
LOG-N-04811,EMP-N-047,ACC-N-0790,VIEW_PROFILE,2026-07-27T08:30:27+00:00
LOG-N-04812,EMP-N-019,EXT-A-052-3,VIEW_PROFILE,2026-06-10T21:55:08+00:00
LOG-N-04813,EMP-N-075,ACC-N-0554,VIEW_PROFILE,2026-06-16T02:40:46+00:00
LOG-N-04814,EMP-N-085,EXT-A-051-1,VIEW_PROFILE,2026-08-15T12:21:03+00:00
LOG-N-04815,EMP-N-084,ACC-N-0567,VIEW_PROFILE,2026-02-16T06:52:56+00:00
LOG-N-04816,EMP-N-047,ACC-N-0833,VIEW_PROFILE,2026-07-12T05:59:53+00:00
LOG-N-04817,EMP-N-027,ACC-N-0746,VIEW_PROFILE,2026-03-09T13:36:12+00:00
LOG-N-04818,EMP-N-098,ACC-N-0972,VIEW_PROFILE,2026-12-19T08:26:34+00:00
LOG-N-04819,EMP-N-057,ACC-N-0999,VIEW_PROFILE,2026-08-10T22:35:03+00:00
LOG-N-04820,EMP-N-023,EXT-A-066-4,VIEW_PROFILE,2026-09-20T23:33:37+00:00
LOG-N-04821,EMP-N-042,ACC-N-0688,VIEW_PROFILE,2026-08-24T16:16:06+00:00
LOG-N-04822,EMP-N-036,ACC-N-0765,VIEW_PROFILE,2026-05-03T03:19:03+00:00
LOG-N-04823,EMP-N-100,ACC-N-0408,VIEW_PROFILE,2026-02-15T18:15:01+00:00
LOG-N-04824,EMP-N-077,EXT-A-035-3,VIEW_PROFILE,2026-11-20T14:45:36+00:00
LOG-N-04825,EMP-N-040,ACC-N-0475,VIEW_PROFILE,2026-01-19T10:11:31+00:00
LOG-N-04826,EMP-N-060,ACC-N-0740,VIEW_PROFILE,2026-02-22T21:02:14+00:00
LOG-N-04827,EMP-N-062,ACC-N-0509,VIEW_PROFILE,2026-09-18T10:53:27+00:00
LOG-N-04828,EMP-N-007,ACC-N-0920,VIEW_PROFILE,2026-06-06T19:59:51+00:00
LOG-N-04829,EMP-N-042,ACC-N-0785,VIEW_PROFILE,2026-07-26T10:58:04+00:00
LOG-N-04830,EMP-N-088,ACC-N-0748,VIEW_PROFILE,2026-10-03T11:45:38+00:00
LOG-N-04831,EMP-N-077,ACC-N-0793,VIEW_PROFILE,2026-07-08T05:19:29+00:00
LOG-N-04832,EMP-N-086,ACC-N-0494,VIEW_PROFILE,2026-02-05T08:39:05+00:00
LOG-N-04833,EMP-N-005,ACC-N-0826,VIEW_PROFILE,2026-09-17T07:03:37+00:00
LOG-N-04834,EMP-N-016,EXT-A-050-2,VIEW_PROFILE,2026-05-27T14:06:02+00:00
LOG-N-04835,EMP-N-098,ACC-N-0724,VIEW_PROFILE,2026-05-03T08:51:38+00:00
LOG-N-04836,EMP-N-022,ACC-N-0534,VIEW_PROFILE,2026-11-06T11:34:37+00:00
LOG-N-04837,EMP-N-026,ACC-N-0859,VIEW_PROFILE,2026-10-28T09:03:15+00:00
LOG-N-04838,EMP-N-005,ACC-N-0754,VIEW_PROFILE,2026-06-25T00:51:52+00:00
LOG-N-04839,EMP-N-023,ACC-N-0880,VIEW_PROFILE,2026-06-23T16:47:37+00:00
LOG-N-04840,EMP-N-100,ACC-N-0651,VIEW_PROFILE,2026-05-19T23:17:26+00:00
LOG-N-04841,EMP-N-006,ACC-N-0444,VIEW_PROFILE,2026-11-26T04:12:05+00:00
LOG-N-04842,EMP-N-010,ACC-N-0972,VIEW_PROFILE,2026-02-02T20:27:20+00:00
LOG-N-04843,EMP-N-065,ACC-B-02-B,VIEW_PROFILE,2026-06-18T22:04:38+00:00
LOG-N-04844,EMP-N-027,ACC-N-0451,VIEW_PROFILE,2026-06-08T04:57:43+00:00
LOG-N-04845,EMP-N-060,ACC-N-0943,VIEW_PROFILE,2026-08-24T02:26:38+00:00
LOG-N-04846,EMP-N-022,EXT-A-010-1,MANUAL_UNFREEZE,2026-02-03T14:10:46+00:00
LOG-N-04847,EMP-N-079,ACC-A-DORMANT-023,VIEW_PROFILE,2026-08-10T12:09:15+00:00
LOG-N-04848,EMP-N-053,EXT-A-033-1,VIEW_PROFILE,2026-10-13T14:07:43+00:00
LOG-N-04849,EMP-N-100,ACC-N-0476,OVERRIDE_ALERT,2026-03-12T22:24:16+00:00
LOG-N-04850,EMP-N-010,ACC-N-0454,MODIFY_PHONE,2026-08-15T12:56:09+00:00
LOG-N-04851,EMP-N-047,EXT-A-021-4,VIEW_PROFILE,2026-01-05T06:10:21+00:00
LOG-N-04852,EMP-N-028,ACC-N-0677,VIEW_PROFILE,2026-03-15T05:47:42+00:00
LOG-N-04853,EMP-N-013,ACC-N-0736,VIEW_PROFILE,2026-07-15T15:38:08+00:00
LOG-N-04854,EMP-N-043,ACC-A-DORMANT-070,VIEW_PROFILE,2026-09-12T09:09:42+00:00
LOG-N-04855,EMP-N-098,EXT-A-041-2,VIEW_PROFILE,2026-08-08T08:54:55+00:00
LOG-N-04856,EMP-C-PAYROLL,EXT-A-050-2,VIEW_PROFILE,2026-06-16T15:00:09+00:00
LOG-N-04857,EMP-N-059,ACC-N-0946,VIEW_PROFILE,2026-04-07T12:25:05+00:00
LOG-N-04858,EMP-N-098,ACC-N-0965,OVERRIDE_ALERT,2026-10-04T06:30:14+00:00
LOG-N-04859,EMP-N-040,EXT-A-046-1,VIEW_PROFILE,2026-05-11T20:53:08+00:00
LOG-N-04860,EMP-N-040,ACC-N-0997,VIEW_PROFILE,2026-06-29T11:57:58+00:00
LOG-N-04861,EMP-N-095,ACC-N-0542,MODIFY_PHONE,2026-09-06T12:55:08+00:00
LOG-N-04862,EMP-N-029,ACC-N-0595,VIEW_PROFILE,2026-07-31T07:17:37+00:00
LOG-N-04863,EMP-N-044,EXT-A-027-3,VIEW_PROFILE,2026-12-31T23:37:20+00:00
LOG-N-04864,EMP-N-064,ACC-N-0778,VIEW_PROFILE,2026-03-12T01:07:41+00:00
LOG-N-04865,EMP-N-071,ACC-N-0641,VIEW_PROFILE,2026-08-24T20:08:49+00:00
LOG-N-04866,EMP-N-042,ACC-N-0814,VIEW_PROFILE,2026-09-21T16:59:26+00:00
LOG-N-04867,EMP-N-027,EXT-A-057-3,VIEW_PROFILE,2026-04-06T03:43:49+00:00
LOG-N-04868,EMP-N-049,EXT-A-032-1,VIEW_PROFILE,2026-03-10T17:49:16+00:00
LOG-N-04869,EMP-N-034,ACC-N-0966,MANUAL_UNFREEZE,2026-07-25T13:08:01+00:00
LOG-N-04870,EMP-N-038,EXT-A-019-2,MODIFY_PHONE,2026-09-25T18:33:40+00:00
LOG-N-04871,EMP-N-097,ACC-N-0524,VIEW_PROFILE,2026-01-27T00:36:42+00:00
LOG-N-04872,EMP-N-016,ACC-N-0413,VIEW_PROFILE,2026-03-06T06:18:56+00:00
LOG-N-04873,EMP-N-018,EXT-A-048-1,VIEW_PROFILE,2026-04-06T01:11:27+00:00
LOG-N-04874,EMP-N-075,ACC-N-0402,VIEW_PROFILE,2026-11-02T10:25:39+00:00
LOG-N-04875,EMP-N-016,ACC-N-0689,VIEW_PROFILE,2026-09-06T05:43:59+00:00
LOG-N-04876,EMP-N-028,ACC-N-0999,VIEW_PROFILE,2026-07-09T21:15:30+00:00
LOG-N-04877,EMP-N-061,EXT-A-016-2,VIEW_PROFILE,2026-09-27T03:57:12+00:00
LOG-N-04878,EMP-N-092,ACC-N-0533,VIEW_PROFILE,2026-12-18T15:26:02+00:00
LOG-N-04879,EMP-N-054,EXT-A-025-1,VIEW_PROFILE,2026-11-23T18:19:32+00:00
LOG-N-04880,EMP-N-016,ACC-N-0637,VIEW_PROFILE,2026-04-14T03:49:19+00:00
LOG-N-04881,EMP-N-088,EXT-A-018-3,VIEW_PROFILE,2026-03-15T12:58:37+00:00
LOG-N-04882,EMP-N-072,EXT-A-002-2,VIEW_PROFILE,2026-04-04T22:52:19+00:00
LOG-N-04883,EMP-N-039,ACC-N-0583,VIEW_PROFILE,2026-07-05T06:02:59+00:00
LOG-N-04884,EMP-N-063,ACC-N-0479,VIEW_PROFILE,2026-01-08T00:24:00+00:00
LOG-N-04885,EMP-N-010,ACC-N-0451,VIEW_PROFILE,2026-07-16T22:18:07+00:00
LOG-N-04886,EMP-N-021,ACC-N-0919,MODIFY_PHONE,2026-11-17T21:46:04+00:00
LOG-N-04887,EMP-N-033,ACC-N-0481,VIEW_PROFILE,2026-08-08T07:21:33+00:00
LOG-N-04888,EMP-N-012,ACC-N-0606,VIEW_PROFILE,2026-12-09T14:57:45+00:00
LOG-N-04889,EMP-N-058,EXT-A-056-1,VIEW_PROFILE,2026-01-23T20:17:22+00:00
LOG-N-04890,EMP-N-027,ACC-N-0828,VIEW_PROFILE,2026-01-01T18:00:58+00:00
LOG-N-04891,EMP-N-028,ACC-N-0749,VIEW_PROFILE,2026-11-30T01:17:06+00:00
LOG-N-04892,EMP-N-077,ACC-C-HNW-06,VIEW_PROFILE,2026-06-01T19:12:04+00:00
LOG-N-04893,EMP-N-093,ACC-N-0827,VIEW_PROFILE,2026-09-24T01:44:17+00:00
LOG-N-04894,EMP-N-062,EXT-A-005-4,VIEW_PROFILE,2026-02-24T19:56:49+00:00
LOG-N-04895,EMP-N-033,ACC-N-0797,MANUAL_UNFREEZE,2026-07-01T15:26:10+00:00
LOG-N-04896,EMP-N-068,ACC-N-0983,VIEW_PROFILE,2026-06-07T17:52:53+00:00
LOG-N-04897,EMP-C-WEALTH,EXT-A-006-3,VIEW_PROFILE,2026-10-24T01:23:34+00:00
LOG-N-04898,EMP-N-074,ACC-N-0739,VIEW_PROFILE,2026-05-12T04:42:31+00:00
LOG-N-04899,EMP-N-014,EXT-A-018-3,VIEW_PROFILE,2026-04-27T16:46:12+00:00
LOG-N-04900,EMP-N-084,ACC-A-DORMANT-038,VIEW_PROFILE,2026-09-21T02:29:39+00:00
LOG-N-04901,EMP-N-031,ACC-N-0910,VIEW_PROFILE,2026-09-01T00:23:53+00:00
LOG-N-04902,EMP-N-075,ACC-N-0987,VIEW_PROFILE,2026-05-14T01:42:46+00:00
LOG-N-04903,EMP-N-044,ACC-N-0696,OVERRIDE_ALERT,2026-01-23T09:27:56+00:00
LOG-N-04904,EMP-N-076,ACC-N-0834,VIEW_PROFILE,2026-01-03T03:43:53+00:00
LOG-N-04905,EMP-N-085,EXT-A-016-4,VIEW_PROFILE,2026-08-23T15:17:18+00:00
LOG-N-04906,EMP-N-016,ACC-N-0825,VIEW_PROFILE,2026-06-30T13:48:56+00:00
LOG-N-04907,EMP-N-052,EXT-A-054-2,VIEW_PROFILE,2026-11-04T17:14:30+00:00
LOG-N-04908,EMP-N-032,EXT-A-066-2,VIEW_PROFILE,2026-03-05T09:12:18+00:00
LOG-N-04909,EMP-N-005,ACC-N-0698,VIEW_PROFILE,2026-03-23T10:26:15+00:00
LOG-N-04910,EMP-N-053,EXT-A-038-2,VIEW_PROFILE,2026-04-03T01:27:36+00:00
LOG-N-04911,EMP-A-001,ACC-N-0949,VIEW_PROFILE,2026-03-29T19:41:36+00:00
LOG-N-04912,EMP-N-043,ACC-N-0774,VIEW_PROFILE,2026-06-30T09:44:35+00:00
LOG-N-04913,EMP-N-100,EXT-A-045-2,VIEW_PROFILE,2026-02-26T10:27:35+00:00
LOG-N-04914,EMP-N-017,ACC-A-DORMANT-059,VIEW_PROFILE,2026-08-09T15:31:02+00:00
LOG-N-04915,EMP-N-029,EXT-A-057-4,VIEW_PROFILE,2026-08-15T03:22:46+00:00
LOG-N-04916,EMP-N-023,ACC-N-0642,VIEW_PROFILE,2026-04-24T00:41:17+00:00
LOG-N-04917,EMP-N-016,ACC-N-0658,VIEW_PROFILE,2026-05-29T09:13:47+00:00
LOG-N-04918,EMP-N-083,ACC-N-0940,VIEW_PROFILE,2026-07-01T16:11:42+00:00
LOG-N-04919,EMP-N-032,EXT-A-034-1,VIEW_PROFILE,2026-09-18T12:35:55+00:00
LOG-N-04920,EMP-N-019,EXT-A-021-3,VIEW_PROFILE,2026-01-12T05:15:05+00:00
LOG-N-04921,EMP-N-090,ACC-N-0547,VIEW_PROFILE,2026-01-08T19:52:03+00:00
LOG-N-04922,EMP-N-062,ACC-N-0512,VIEW_PROFILE,2026-10-25T03:57:23+00:00
LOG-N-04923,EMP-N-065,ACC-A-DORMANT-022,VIEW_PROFILE,2026-06-11T11:42:33+00:00
LOG-N-04924,EMP-N-005,EXT-A-057-3,VIEW_PROFILE,2026-01-08T18:23:16+00:00
