target_id,target_type,label,scenario_tag
EMP-A-001,EMPLOYEE,SUSPICIOUS,SCENARIO_A_SMURFING_INSIDER_HELP
EMP-B-001,EMPLOYEE,SUSPICIOUS,SCENARIO_B_CIRCULAR_MONEY_FLOW
EMP-C-PAYROLL,EMPLOYEE,BENIGN,SCENARIO_C_LEGITIMATE_HIGH_VOLUME_BASELINE
EMP-C-WEALTH,EMPLOYEE,BENIGN,SCENARIO_C_LEGITIMATE_HIGH_VOLUME_BASELINE
EMP-N-005,EMPLOYEE,BENIGN,BACKGROUND_BENIGN
EMP-N-006,EMPLOYEE,BENIGN,BACKGROUND_BENIGN
EMP-N-007,EMPLOYEE,BENIGN,BACKGROUND_BENIGN
EMP-N-008,EMPLOYEE,BENIGN,BACKGROUND_BENIGN
EMP-N-009,EMPLOYEE,BENIGN,BACKGROUND_BENIGN
EMP-N-010,EMPLOYEE,BENIGN,BACKGROUND_BENIGN
EMP-N-011,EMPLOYEE,BENIGN,BACKGROUND_BENIGN
EMP-N-012,EMPLOYEE,BENIGN,BACKGROUND_BENIGN
EMP-N-013,EMPLOYEE,BENIGN,BACKGROUND_BENIGN
EMP-N-014,EMPLOYEE,BENIGN,BACKGROUND_BENIGN
EMP-N-015,EMPLOYEE,BENIGN,BACKGROUND_BENIGN
EMP-N-016,EMPLOYEE,BENIGN,BACKGROUND_BENIGN
EMP-N-017,EMPLOYEE,BENIGN,BACKGROUND_BENIGN
EMP-N-018,EMPLOYEE,BENIGN,BACKGROUND_BENIGN
EMP-N-019,EMPLOYEE,BENIGN,BACKGROUND_BENIGN
EMP-N-020,EMPLOYEE,BENIGN,BACKGROUND_BENIGN
EMP-N-021,EMPLOYEE,BENIGN,BACKGROUND_BENIGN
EMP-N-022,EMPLOYEE,BENIGN,BACKGROUND_BENIGN
EMP-N-023,EMPLOYEE,BENIGN,BACKGROUND_BENIGN
EMP-N-024,EMPLOYEE,BENIGN,BACKGROUND_BENIGN
EMP-N-025,EMPLOYEE,BENIGN,BACKGROUND_BENIGN
EMP-N-026,EMPLOYEE,BENIGN,BACKGROUND_BENIGN
EMP-N-027,EMPLOYEE,BENIGN,BACKGROUND_BENIGN
EMP-N-028,EMPLOYEE,BENIGN,BACKGROUND_BENIGN
EMP-N-029,EMPLOYEE,BENIGN,BACKGROUND_BENIGN
EMP-N-030,EMPLOYEE,BENIGN,BACKGROUND_BENIGN
EMP-N-031,EMPLOYEE,BENIGN,BACKGROUND_BENIGN
EMP-N-032,EMPLOYEE,BENIGN,BACKGROUND_BENIGN
EMP-N-033,EMPLOYEE,BENIGN,BACKGROUND_BENIGN
EMP-N-034,EMPLOYEE,BENIGN,BACKGROUND_BENIGN
EMP-N-035,EMPLOYEE,BENIGN,BACKGROUND_BENIGN
EMP-N-036,EMPLOYEE,BENIGN,BACKGROUND_BENIGN
EMP-N-037,EMPLOYEE,BENIGN,BACKGROUND_BENIGN
EMP-N-038,EMPLOYEE,BENIGN,BACKGROUND_BENIGN
EMP-N-039,EMPLOYEE,BENIGN,BACKGROUND_BENIGN
EMP-N-040,EMPLOYEE,BENIGN,BACKGROUND_BENIGN
EMP-N-041,EMPLOYEE,BENIGN,BACKGROUND_BENIGN
EMP-N-042,EMPLOYEE,BENIGN,BACKGROUND_BENIGN
EMP-N-043,EMPLOYEE,BENIGN,BACKGROUND_BENIGN
EMP-N-044,EMPLOYEE,BENIGN,BACKGROUND_BENIGN
EMP-N-045,EMPLOYEE,BENIGN,BACKGROUND_BENIGN
EMP-N-046,EMPLOYEE,BENIGN,BACKGROUND_BENIGN
EMP-N-047,EMPLOYEE,BENIGN,BACKGROUND_BENIGN
EMP-N-048,EMPLOYEE,BENIGN,BACKGROUND_BENIGN
EMP-N-049,EMPLOYEE,BENIGN,BACKGROUND_BENIGN
EMP-N-050,EMPLOYEE,BENIGN,BACKGROUND_BENIGN
EMP-N-051,EMPLOYEE,BENIGN,BACKGROUND_BENIGN
EMP-N-052,EMPLOYEE,BENIGN,BACKGROUND_BENIGN
EMP-N-053,EMPLOYEE,BENIGN,BACKGROUND_BENIGN
EMP-N-054,EMPLOYEE,BENIGN,BACKGROUND_BENIGN
EMP-N-055,EMPLOYEE,BENIGN,BACKGROUND_BENIGN
EMP-N-056,EMPLOYEE,BENIGN,BACKGROUND_BENIGN
EMP-N-057,EMPLOYEE,BENIGN,BACKGROUND_BENIGN
EMP-N-058,EMPLOYEE,BENIGN,BACKGROUND_BENIGN
EMP-N-059,EMPLOYEE,BENIGN,BACKGROUND_BENIGN
EMP-N-060,EMPLOYEE,BENIGN,BACKGROUND_BENIGN
EMP-N-061,EMPLOYEE,BENIGN,BACKGROUND_BENIGN
EMP-N-062,EMPLOYEE,BENIGN,BACKGROUND_BENIGN
EMP-N-063,EMPLOYEE,BENIGN,BACKGROUND_BENIGN
EMP-N-064,EMPLOYEE,BENIGN,BACKGROUND_BENIGN
EMP-N-065,EMPLOYEE,BENIGN,BACKGROUND_BENIGN
EMP-N-066,EMPLOYEE,BENIGN,BACKGROUND_BENIGN
EMP-N-067,EMPLOYEE,BENIGN,BACKGROUND_BENIGN
EMP-N-068,EMPLOYEE,BENIGN,BACKGROUND_BENIGN
EMP-N-069,EMPLOYEE,BENIGN,BACKGROUND_BENIGN
EMP-N-070,EMPLOYEE,BENIGN,BACKGROUND_BENIGN
EMP-N-071,EMPLOYEE,BENIGN,BACKGROUND_BENIGN
EMP-N-072,EMPLOYEE,BENIGN,BACKGROUND_BENIGN
EMP-N-073,EMPLOYEE,BENIGN,BACKGROUND_BENIGN
EMP-N-074,EMPLOYEE,BENIGN,BACKGROUND_BENIGN
EMP-N-075,EMPLOYEE,BENIGN,BACKGROUND_BENIGN
EMP-N-076,EMPLOYEE,BENIGN,BACKGROUND_BENIGN
EMP-N-077,EMPLOYEE,BENIGN,BACKGROUND_BENIGN
EMP-N-078,EMPLOYEE,BENIGN,BACKGROUND_BENIGN
EMP-N-079,EMPLOYEE,BENIGN,BACKGROUND_BENIGN
EMP-N-080,EMPLOYEE,BENIGN,BACKGROUND_BENIGN
EMP-N-081,EMPLOYEE,BENIGN,BACKGROUND_BENIGN
EMP-N-082,EMPLOYEE,BENIGN,BACKGROUND_BENIGN
EMP-N-083,EMPLOYEE,BENIGN,BACKGROUND_BENIGN
EMP-N-084,EMPLOYEE,BENIGN,BACKGROUND_BENIGN
EMP-N-085,EMPLOYEE,BENIGN,BACKGROUND_BENIGN
EMP-N-086,EMPLOYEE,BENIGN,BACKGROUND_BENIGN
EMP-N-087,EMPLOYEE,BENIGN,BACKGROUND_BENIGN
EMP-N-088,EMPLOYEE,BENIGN,BACKGROUND_BENIGN
EMP-N-089,EMPLOYEE,BENIGN,BACKGROUND_BENIGN
EMP-N-090,EMPLOYEE,BENIGN,BACKGROUND_BENIGN
EMP-N-091,EMPLOYEE,BENIGN,BACKGROUND_BENIGN
EMP-N-092,EMPLOYEE,BENIGN,BACKGROUND_BENIGN
EMP-N-093,EMPLOYEE,BENIGN,BACKGROUND_BENIGN
EMP-N-094,EMPLOYEE,BENIGN,BACKGROUND_BENIGN
EMP-N-095,EMPLOYEE,BENIGN,BACKGROUND_BENIGN
EMP-N-096,EMPLOYEE,BENIGN,BACKGROUND_BENIGN
EMP-N-097,EMPLOYEE,BENIGN,BACKGROUND_BENIGN
EMP-N-098,EMPLOYEE,BENIGN,BACKGROUND_BENIGN
EMP-N-099,EMPLOYEE,BENIGN,BACKGROUND_BENIGN
EMP-N-100,EMPLOYEE,BENIGN,BACKGROUND_BENIGN
ACC-A-DORMANT-001,ACCOUNT,SUSPICIOUS,SCENARIO_A_SMURFING_INSIDER_HELP
EXT-A-120482,ACCOUNT,SUSPICIOUS,SCENARIO_A_SMURFING_INSIDER_HELP
EXT-A-307484,ACCOUNT,SUSPICIOUS,SCENARIO_A_SMURFING_INSIDER_HELP
EXT-A-867458,ACCOUNT,SUSPICIOUS,SCENARIO_A_SMURFING_INSIDER_HELP
EXT-A-908166,ACCOUNT,SUSPICIOUS,SCENARIO_A_SMURFING_INSIDER_HELP
ACC-B-A,ACCOUNT,SUSPICIOUS,SCENARIO_B_CIRCULAR_MONEY_FLOW
ACC-B-B,ACCOUNT,SUSPICIOUS,SCENARIO_B_CIRCULAR_MONEY_FLOW
ACC-B-C,ACCOUNT,SUSPICIOUS,SCENARIO_B_CIRCULAR_MONEY_FLOW
ACC-C-CORP,ACCOUNT,BENIGN,SCENARIO_C_LEGITIMATE_HIGH_VOLUME_BASELINE
ACC-C-PAY-01,ACCOUNT,BENIGN,SCENARIO_C_LEGITIMATE_HIGH_VOLUME_BASELINE
ACC-C-PAY-02,ACCOUNT,BENIGN,SCENARIO_C_LEGITIMATE_HIGH_VOLUME_BASELINE
ACC-C-PAY-03,ACCOUNT,BENIGN,SCENARIO_C_LEGITIMATE_HIGH_VOLUME_BASELINE
ACC-C-PAY-04,ACCOUNT,BENIGN,SCENARIO_C_LEGITIMATE_HIGH_VOLUME_BASELINE
ACC-C-PAY-05,ACCOUNT,BENIGN,SCENARIO_C_LEGITIMATE_HIGH_VOLUME_BASELINE
ACC-C-PAY-06,ACCOUNT,BENIGN,SCENARIO_C_LEGITIMATE_HIGH_VOLUME_BASELINE
ACC-C-PAY-07,ACCOUNT,BENIGN,SCENARIO_C_LEGITIMATE_HIGH_VOLUME_BASELINE
ACC-C-PAY-08,ACCOUNT,BENIGN,SCENARIO_C_LEGITIMATE_HIGH_VOLUME_BASELINE
ACC-C-PAY-09,ACCOUNT,BENIGN,SCENARIO_C_LEGITIMATE_HIGH_VOLUME_BASELINE
ACC-C-PAY-10,ACCOUNT,BENIGN,SCENARIO_C_LEGITIMATE_HIGH_VOLUME_BASELINE
ACC-C-PAY-11,ACCOUNT,BENIGN,SCENARIO_C_LEGITIMATE_HIGH_VOLUME_BASELINE
ACC-C-PAY-12,ACCOUNT,BENIGN,SCENARIO_C_LEGITIMATE_HIGH_VOLUME_BASELINE
ACC-C-HNW-01,ACCOUNT,BENIGN,SCENARIO_C_LEGITIMATE_HIGH_VOLUME_BASELINE
ACC-C-HNW-02,ACCOUNT,BENIGN,SCENARIO_C_LEGITIMATE_HIGH_VOLUME_BASELINE
ACC-C-HNW-03,ACCOUNT,BENIGN,SCENARIO_C_LEGITIMATE_HIGH_VOLUME_BASELINE
ACC-C-HNW-04,ACCOUNT,BENIGN,SCENARIO_C_LEGITIMATE_HIGH_VOLUME_BASELINE
ACC-C-HNW-05,ACCOUNT,BENIGN,SCENARIO_C_LEGITIMATE_HIGH_VOLUME_BASELINE
ACC-C-HNW-06,ACCOUNT,BENIGN,SCENARIO_C_LEGITIMATE_HIGH_VOLUME_BASELINE
ACC-A-DORMANT-002,ACCOUNT,SUSPICIOUS,SCENARIO_A_SMURFING_INSIDER_HELP
EXT-A-002-1,ACCOUNT,SUSPICIOUS,SCENARIO_A_SMURFING_INSIDER_HELP
EXT-A-002-2,ACCOUNT,SUSPICIOUS,SCENARIO_A_SMURFING_INSIDER_HELP
EXT-A-002-3,ACCOUNT,SUSPICIOUS,SCENARIO_A_SMURFING_INSIDER_HELP
EXT-A-002-4,ACCOUNT,SUSPICIOUS,SCENARIO_A_SMURFING_INSIDER_HELP
ACC-A-DORMANT-003,ACCOUNT,SUSPICIOUS,SCENARIO_A_SMURFING_INSIDER_HELP
EXT-A-003-1,ACCOUNT,SUSPICIOUS,SCENARIO_A_SMURFING_INSIDER_HELP
EXT-A-003-2,ACCOUNT,SUSPICIOUS,SCENARIO_A_SMURFING_INSIDER_HELP
EXT-A-003-3,ACCOUNT,SUSPICIOUS,SCENARIO_A_SMURFING_INSIDER_HELP
EXT-A-003-4,ACCOUNT,SUSPICIOUS,SCENARIO_A_SMURFING_INSIDER_HELP
ACC-A-DORMANT-004,ACCOUNT,SUSPICIOUS,SCENARIO_A_SMURFING_INSIDER_HELP
EXT-A-004-1,ACCOUNT,SUSPICIOUS,SCENARIO_A_SMURFING_INSIDER_HELP
EXT-A-004-2,ACCOUNT,SUSPICIOUS,SCENARIO_A_SMURFING_INSIDER_HELP
EXT-A-004-3,ACCOUNT,SUSPICIOUS,SCENARIO_A_SMURFING_INSIDER_HELP
EXT-A-004-4,ACCOUNT,SUSPICIOUS,SCENARIO_A_SMURFING_INSIDER_HELP
ACC-A-DORMANT-005,ACCOUNT,SUSPICIOUS,SCENARIO_A_SMURFING_INSIDER_HELP
EXT-A-005-1,ACCOUNT,SUSPICIOUS,SCENARIO_A_SMURFING_INSIDER_HELP
EXT-A-005-2,ACCOUNT,SUSPICIOUS,SCENARIO_A_SMURFING_INSIDER_HELP
EXT-A-005-3,ACCOUNT,SUSPICIOUS,SCENARIO_A_SMURFING_INSIDER_HELP
EXT-A-005-4,ACCOUNT,SUSPICIOUS,SCENARIO_A_SMURFING_INSIDER_HELP
ACC-A-DORMANT-006,ACCOUNT,SUSPICIOUS,SCENARIO_A_SMURFING_INSIDER_HELP
EXT-A-006-1,ACCOUNT,SUSPICIOUS,SCENARIO_A_SMURFING_INSIDER_HELP
EXT-A-006-2,ACCOUNT,SUSPICIOUS,SCENARIO_A_SMURFING_INSIDER_HELP
EXT-A-006-3,ACCOUNT,SUSPICIOUS,SCENARIO_A_SMURFING_INSIDER_HELP
EXT-A-006-4,ACCOUNT,SUSPICIOUS,SCENARIO_A_SMURFING_INSIDER_HELP
ACC-A-DORMANT-007,ACCOUNT,SUSPICIOUS,SCENARIO_A_SMURFING_INSIDER_HELP
EXT-A-007-1,ACCOUNT,SUSPICIOUS,SCENARIO_A_SMURFING_INSIDER_HELP
EXT-A-007-2,ACCOUNT,SUSPICIOUS,SCENARIO_A_SMURFING_INSIDER_HELP
EXT-A-007-3,ACCOUNT,SUSPICIOUS,SCENARIO_A_SMURFING_INSIDER_HELP
EXT-A-007-4,ACCOUNT,SUSPICIOUS,SCENARIO_A_SMURFING_INSIDER_HELP
ACC-A-DORMANT-008,ACCOUNT,SUSPICIOUS,SCENARIO_A_SMURFING_INSIDER_HELP
EXT-A-008-1,ACCOUNT,SUSPICIOUS,SCENARIO_A_SMURFING_INSIDER_HELP
EXT-A-008-2,ACCOUNT,SUSPICIOUS,SCENARIO_A_SMURFING_INSIDER_HELP
EXT-A-008-3,ACCOUNT,SUSPICIOUS,SCENARIO_A_SMURFING_INSIDER_HELP
EXT-A-008-4,ACCOUNT,SUSPICIOUS,SCENARIO_A_SMURFING_INSIDER_HELP
ACC-A-DORMANT-009,ACCOUNT,SUSPICIOUS,SCENARIO_A_SMURFING_INSIDER_HELP
EXT-A-009-1,ACCOUNT,SUSPICIOUS,SCENARIO_A_SMURFING_INSIDER_HELP
EXT-A-009-2,ACCOUNT,SUSPICIOUS,SCENARIO_A_SMURFING_INSIDER_HELP
EXT-A-009-3,ACCOUNT,SUSPICIOUS,SCENARIO_A_SMURFING_INSIDER_HELP
EXT-A-009-4,ACCOUNT,SUSPICIOUS,SCENARIO_A_SMURFING_INSIDER_HELP
ACC-A-DORMANT-010,ACCOUNT,SUSPICIOUS,SCENARIO_A_SMURFING_INSIDER_HELP
EXT-A-010-1,ACCOUNT,SUSPICIOUS,SCENARIO_A_SMURFING_INSIDER_HELP
EXT-A-010-2,ACCOUNT,SUSPICIOUS,SCENARIO_A_SMURFING_INSIDER_HELP
EXT-A-010-3,ACCOUNT,SUSPICIOUS,SCENARIO_A_SMURFING_INSIDER_HELP
EXT-A-010-4,ACCOUNT,SUSPICIOUS,SCENARIO_A_SMURFING_INSIDER_HELP
ACC-A-DORMANT-011,ACCOUNT,SUSPICIOUS,SCENARIO_A_SMURFING_INSIDER_HELP
EXT-A-011-1,ACCOUNT,SUSPICIOUS,SCENARIO_A_SMURFING_INSIDER_HELP
EXT-A-011-2,ACCOUNT,SUSPICIOUS,SCENARIO_A_SMURFING_INSIDER_HELP
EXT-A-011-3,ACCOUNT,SUSPICIOUS,SCENARIO_A_SMURFING_INSIDER_HELP
EXT-A-011-4,ACCOUNT,SUSPICIOUS,SCENARIO_A_SMURFING_INSIDER_HELP
ACC-A-DORMANT-012,ACCOUNT,SUSPICIOUS,SCENARIO_A_SMURFING_INSIDER_HELP
EXT-A-012-1,ACCOUNT,SUSPICIOUS,SCENARIO_A_SMURFING_INSIDER_HELP
EXT-A-012-2,ACCOUNT,SUSPICIOUS,SCENARIO_A_SMURFING_INSIDER_HELP
EXT-A-012-3,ACCOUNT,SUSPICIOUS,SCENARIO_A_SMURFING_INSIDER_HELP
EXT-A-012-4,ACCOUNT,SUSPICIOUS,SCENARIO_A_SMURFING_INSIDER_HELP
ACC-A-DORMANT-013,ACCOUNT,SUSPICIOUS,SCENARIO_A_SMURFING_INSIDER_HELP
EXT-A-013-1,ACCOUNT,SUSPICIOUS,SCENARIO_A_SMURFING_INSIDER_HELP
EXT-A-013-2,ACCOUNT,SUSPICIOUS,SCENARIO_A_SMURFING_INSIDER_HELP
EXT-A-013-3,ACCOUNT,SUSPICIOUS,SCENARIO_A_SMURFING_INSIDER_HELP
EXT-A-013-4,ACCOUNT,SUSPICIOUS,SCENARIO_A_SMURFING_INSIDER_HELP
ACC-A-DORMANT-014,ACCOUNT,SUSPICIOUS,SCENARIO_A_SMURFING_INSIDER_HELP
EXT-A-014-1,ACCOUNT,SUSPICIOUS,SCENARIO_A_SMURFING_INSIDER_HELP
EXT-A-014-2,ACCOUNT,SUSPICIOUS,SCENARIO_A_SMURFING_INSIDER_HELP
EXT-A-014-3,ACCOUNT,SUSPICIOUS,SCENARIO_A_SMURFING_INSIDER_HELP
EXT-A-014-4,ACCOUNT,SUSPICIOUS,SCENARIO_A_SMURFING_INSIDER_HELP
ACC-A-DORMANT-015,ACCOUNT,SUSPICIOUS,SCENARIO_A_SMURFING_INSIDER_HELP
EXT-A-015-1,ACCOUNT,SUSPICIOUS,SCENARIO_A_SMURFING_INSIDER_HELP
EXT-A-015-2,ACCOUNT,SUSPICIOUS,SCENARIO_A_SMURFING_INSIDER_HELP
EXT-A-015-3,ACCOUNT,SUSPICIOUS,SCENARIO_A_SMURFING_INSIDER_HELP
EXT-A-015-4,ACCOUNT,SUSPICIOUS,SCENARIO_A_SMURFING_INSIDER_HELP
ACC-A-DORMANT-016,ACCOUNT,SUSPICIOUS,SCENARIO_A_SMURFING_INSIDER_HELP
EXT-A-016-1,ACCOUNT,SUSPICIOUS,SCENARIO_A_SMURFING_INSIDER_HELP
EXT-A-016-2,ACCOUNT,SUSPICIOUS,SCENARIO_A_SMURFING_INSIDER_HELP
EXT-A-016-3,ACCOUNT,SUSPICIOUS,SCENARIO_A_SMURFING_INSIDER_HELP
EXT-A-016-4,ACCOUNT,SUSPICIOUS,SCENARIO_A_SMURFING_INSIDER_HELP
ACC-A-DORMANT-017,ACCOUNT,SUSPICIOUS,SCENARIO_A_SMURFING_INSIDER_HELP
EXT-A-017-1,ACCOUNT,SUSPICIOUS,SCENARIO_A_SMURFING_INSIDER_HELP
EXT-A-017-2,ACCOUNT,SUSPICIOUS,SCENARIO_A_SMURFING_INSIDER_HELP
EXT-A-017-3,ACCOUNT,SUSPICIOUS,SCENARIO_A_SMURFING_INSIDER_HELP
EXT-A-017-4,ACCOUNT,SUSPICIOUS,SCENARIO_A_SMURFING_INSIDER_HELP
ACC-A-DORMANT-018,ACCOUNT,SUSPICIOUS,SCENARIO_A_SMURFING_INSIDER_HELP
EXT-A-018-1,ACCOUNT,SUSPICIOUS,SCENARIO_A_SMURFING_INSIDER_HELP
EXT-A-018-2,ACCOUNT,SUSPICIOUS,SCENARIO_A_SMURFING_INSIDER_HELP
EXT-A-018-3,ACCOUNT,SUSPICIOUS,SCENARIO_A_SMURFING_INSIDER_HELP
EXT-A-018-4,ACCOUNT,SUSPICIOUS,SCENARIO_A_SMURFING_INSIDER_HELP
ACC-A-DORMANT-019,ACCOUNT,SUSPICIOUS,SCENARIO_A_SMURFING_INSIDER_HELP
EXT-A-019-1,ACCOUNT,SUSPICIOUS,SCENARIO_A_SMURFING_INSIDER_HELP
EXT-A-019-2,ACCOUNT,SUSPICIOUS,SCENARIO_A_SMURFING_INSIDER_HELP
EXT-A-019-3,ACCOUNT,SUSPICIOUS,SCENARIO_A_SMURFING_INSIDER_HELP
EXT-A-019-4,ACCOUNT,SUSPICIOUS,SCENARIO_A_SMURFING_INSIDER_HELP
ACC-A-DORMANT-020,ACCOUNT,SUSPICIOUS,SCENARIO_A_SMURFING_INSIDER_HELP
EXT-A-020-1,ACCOUNT,SUSPICIOUS,SCENARIO_A_SMURFING_INSIDER_HELP
EXT-A-020-2,ACCOUNT,SUSPICIOUS,SCENARIO_A_SMURFING_INSIDER_HELP
EXT-A-020-3,ACCOUNT,SUSPICIOUS,SCENARIO_A_SMURFING_INSIDER_HELP
EXT-A-020-4,ACCOUNT,SUSPICIOUS,SCENARIO_A_SMURFING_INSIDER_HELP
ACC-A-DORMANT-021,ACCOUNT,SUSPICIOUS,SCENARIO_A_SMURFING_INSIDER_HELP
EXT-A-021-1,ACCOUNT,SUSPICIOUS,SCENARIO_A_SMURFING_INSIDER_HELP
EXT-A-021-2,ACCOUNT,SUSPICIOUS,SCENARIO_A_SMURFING_INSIDER_HELP
EXT-A-021-3,ACCOUNT,SUSPICIOUS,SCENARIO_A_SMURFING_INSIDER_HELP
EXT-A-021-4,ACCOUNT,SUSPICIOUS,SCENARIO_A_SMURFING_INSIDER_HELP
ACC-A-DORMANT-022,ACCOUNT,SUSPICIOUS,SCENARIO_A_SMURFING_INSIDER_HELP
EXT-A-022-1,ACCOUNT,SUSPICIOUS,SCENARIO_A_SMURFING_INSIDER_HELP
EXT-A-022-2,ACCOUNT,SUSPICIOUS,SCENARIO_A_SMURFING_INSIDER_HELP
EXT-A-022-3,ACCOUNT,SUSPICIOUS,SCENARIO_A_SMURFING_INSIDER_HELP
EXT-A-022-4,ACCOUNT,SUSPICIOUS,SCENARIO_A_SMURFING_INSIDER_HELP
ACC-A-DORMANT-023,ACCOUNT,SUSPICIOUS,SCENARIO_A_SMURFING_INSIDER_HELP
EXT-A-023-1,ACCOUNT,SUSPICIOUS,SCENARIO_A_SMURFING_INSIDER_HELP
EXT-A-023-2,ACCOUNT,SUSPICIOUS,SCENARIO_A_SMURFING_INSIDER_HELP
EXT-A-023-3,ACCOUNT,SUSPICIOUS,SCENARIO_A_SMURFING_INSIDER_HELP
EXT-A-023-4,ACCOUNT,SUSPICIOUS,SCENARIO_A_SMURFING_INSIDER_HELP
ACC-A-DORMANT-024,ACCOUNT,SUSPICIOUS,SCENARIO_A_SMURFING_INSIDER_HELP
EXT-A-024-1,ACCOUNT,SUSPICIOUS,SCENARIO_A_SMURFING_INSIDER_HELP
EXT-A-024-2,ACCOUNT,SUSPICIOUS,SCENARIO_A_SMURFING_INSIDER_HELP
EXT-A-024-3,ACCOUNT,SUSPICIOUS,SCENARIO_A_SMURFING_INSIDER_HELP
EXT-A-024-4,ACCOUNT,SUSPICIOUS,SCENARIO_A_SMURFING_INSIDER_HELP
ACC-A-DORMANT-025,ACCOUNT,SUSPICIOUS,SCENARIO_A_SMURFING_INSIDER_HELP
EXT-A-025-1,ACCOUNT,SUSPICIOUS,SCENARIO_A_SMURFING_INSIDER_HELP
EXT-A-025-2,ACCOUNT,SUSPICIOUS,SCENARIO_A_SMURFING_INSIDER_HELP
EXT-A-025-3,ACCOUNT,SUSPICIOUS,SCENARIO_A_SMURFING_INSIDER_HELP
EXT-A-025-4,ACCOUNT,SUSPICIOUS,SCENARIO_A_SMURFING_INSIDER_HELP
ACC-A-DORMANT-026,ACCOUNT,SUSPICIOUS,SCENARIO_A_SMURFING_INSIDER_HELP
EXT-A-026-1,ACCOUNT,SUSPICIOUS,SCENARIO_A_SMURFING_INSIDER_HELP
EXT-A-026-2,ACCOUNT,SUSPICIOUS,SCENARIO_A_SMURFING_INSIDER_HELP
EXT-A-026-3,ACCOUNT,SUSPICIOUS,SCENARIO_A_SMURFING_INSIDER_HELP
EXT-A-026-4,ACCOUNT,SUSPICIOUS,SCENARIO_A_SMURFING_INSIDER_HELP
ACC-A-DORMANT-027,ACCOUNT,SUSPICIOUS,SCENARIO_A_SMURFING_INSIDER_HELP
EXT-A-027-1,ACCOUNT,SUSPICIOUS,SCENARIO_A_SMURFING_INSIDER_HELP
EXT-A-027-2,ACCOUNT,SUSPICIOUS,SCENARIO_A_SMURFING_INSIDER_HELP
EXT-A-027-3,ACCOUNT,SUSPICIOUS,SCENARIO_A_SMURFING_INSIDER_HELP
EXT-A-027-4,ACCOUNT,SUSPICIOUS,SCENARIO_A_SMURFING_INSIDER_HELP
ACC-A-DORMANT-028,ACCOUNT,SUSPICIOUS,SCENARIO_A_SMURFING_INSIDER_HELP
EXT-A-028-1,ACCOUNT,SUSPICIOUS,SCENARIO_A_SMURFING_INSIDER_HELP
EXT-A-028-2,ACCOUNT,SUSPICIOUS,SCENARIO_A_SMURFING_INSIDER_HELP
EXT-A-028-3,ACCOUNT,SUSPICIOUS,SCENARIO_A_SMURFING_INSIDER_HELP
EXT-A-028-4,ACCOUNT,SUSPICIOUS,SCENARIO_A_SMURFING_INSIDER_HELP
ACC-A-DORMANT-029,ACCOUNT,SUSPICIOUS,SCENARIO_A_SMURFING_INSIDER_HELP
EXT-A-029-1,ACCOUNT,SUSPICIOUS,SCENARIO_A_SMURFING_INSIDER_HELP
EXT-A-029-2,ACCOUNT,SUSPICIOUS,SCENARIO_A_SMURFING_INSIDER_HELP
EXT-A-029-3,ACCOUNT,SUSPICIOUS,SCENARIO_A_SMURFING_INSIDER_HELP
EXT-A-029-4,ACCOUNT,SUSPICIOUS,SCENARIO_A_SMURFING_INSIDER_HELP
ACC-A-DORMANT-030,ACCOUNT,SUSPICIOUS,SCENARIO_A_SMURFING_INSIDER_HELP
EXT-A-030-1,ACCOUNT,SUSPICIOUS,SCENARIO_A_SMURFING_INSIDER_HELP
EXT-A-030-2,ACCOUNT,SUSPICIOUS,SCENARIO_A_SMURFING_INSIDER_HELP
EXT-A-030-3,ACCOUNT,SUSPICIOUS,SCENARIO_A_SMURFING_INSIDER_HELP
EXT-A-030-4,ACCOUNT,SUSPICIOUS,SCENARIO_A_SMURFING_INSIDER_HELP
ACC-A-DORMANT-031,ACCOUNT,SUSPICIOUS,SCENARIO_A_SMURFING_INSIDER_HELP
EXT-A-031-1,ACCOUNT,SUSPICIOUS,SCENARIO_A_SMURFING_INSIDER_HELP
EXT-A-031-2,ACCOUNT,SUSPICIOUS,SCENARIO_A_SMURFING_INSIDER_HELP
EXT-A-031-3,ACCOUNT,SUSPICIOUS,SCENARIO_A_SMURFING_INSIDER_HELP
EXT-A-031-4,ACCOUNT,SUSPICIOUS,SCENARIO_A_SMURFING_INSIDER_HELP
ACC-A-DORMANT-032,ACCOUNT,SUSPICIOUS,SCENARIO_A_SMURFING_INSIDER_HELP
EXT-A-032-1,ACCOUNT,SUSPICIOUS,SCENARIO_A_SMURFING_INSIDER_HELP
EXT-A-032-2,ACCOUNT,SUSPICIOUS,SCENARIO_A_SMURFING_INSIDER_HELP
EXT-A-032-3,ACCOUNT,SUSPICIOUS,SCENARIO_A_SMURFING_INSIDER_HELP
EXT-A-032-4,ACCOUNT,SUSPICIOUS,SCENARIO_A_SMURFING_INSIDER_HELP
ACC-A-DORMANT-033,ACCOUNT,SUSPICIOUS,SCENARIO_A_SMURFING_INSIDER_HELP
EXT-A-033-1,ACCOUNT,SUSPICIOUS,SCENARIO_A_SMURFING_INSIDER_HELP
EXT-A-033-2,ACCOUNT,SUSPICIOUS,SCENARIO_A_SMURFING_INSIDER_HELP
EXT-A-033-3,ACCOUNT,SUSPICIOUS,SCENARIO_A_SMURFING_INSIDER_HELP
EXT-A-033-4,ACCOUNT,SUSPICIOUS,SCENARIO_A_SMURFING_INSIDER_HELP
ACC-A-DORMANT-034,ACCOUNT,SUSPICIOUS,SCENARIO_A_SMURFING_INSIDER_HELP
EXT-A-034-1,ACCOUNT,SUSPICIOUS,SCENARIO_A_SMURFING_INSIDER_HELP
EXT-A-034-2,ACCOUNT,SUSPICIOUS,SCENARIO_A_SMURFING_INSIDER_HELP
EXT-A-034-3,ACCOUNT,SUSPICIOUS,SCENARIO_A_SMURFING_INSIDER_HELP
EXT-A-034-4,ACCOUNT,SUSPICIOUS,SCENARIO_A_SMURFING_INSIDER_HELP
ACC-A-DORMANT-035,ACCOUNT,SUSPICIOUS,SCENARIO_A_SMURFING_INSIDER_HELP
EXT-A-035-1,ACCOUNT,SUSPICIOUS,SCENARIO_A_SMURFING_INSIDER_HELP
EXT-A-035-2,ACCOUNT,SUSPICIOUS,SCENARIO_A_SMURFING_INSIDER_HELP
EXT-A-035-3,ACCOUNT,SUSPICIOUS,SCENARIO_A_SMURFING_INSIDER_HELP
EXT-A-035-4,ACCOUNT,SUSPICIOUS,SCENARIO_A_SMURFING_INSIDER_HELP
ACC-A-DORMANT-036,ACCOUNT,SUSPICIOUS,SCENARIO_A_SMURFING_INSIDER_HELP
EXT-A-036-1,ACCOUNT,SUSPICIOUS,SCENARIO_A_SMURFING_INSIDER_HELP
EXT-A-036-2,ACCOUNT,SUSPICIOUS,SCENARIO_A_SMURFING_INSIDER_HELP
EXT-A-036-3,ACCOUNT,SUSPICIOUS,SCENARIO_A_SMURFING_INSIDER_HELP
EXT-A-036-4,ACCOUNT,SUSPICIOUS,SCENARIO_A_SMURFING_INSIDER_HELP
ACC-A-DORMANT-037,ACCOUNT,SUSPICIOUS,SCENARIO_A_SMURFING_INSIDER_HELP
EXT-A-037-1,ACCOUNT,SUSPICIOUS,SCENARIO_A_SMURFING_INSIDER_HELP
EXT-A-037-2,ACCOUNT,SUSPICIOUS,SCENARIO_A_SMURFING_INSIDER_HELP
EXT-A-037-3,ACCOUNT,SUSPICIOUS,SCENARIO_A_SMURFING_INSIDER_HELP
EXT-A-037-4,ACCOUNT,SUSPICIOUS,SCENARIO_A_SMURFING_INSIDER_HELP
ACC-A-DORMANT-038,ACCOUNT,SUSPICIOUS,SCENARIO_A_SMURFING_INSIDER_HELP
EXT-A-038-1,ACCOUNT,SUSPICIOUS,SCENARIO_A_SMURFING_INSIDER_HELP
EXT-A-038-2,ACCOUNT,SUSPICIOUS,SCENARIO_A_SMURFING_INSIDER_HELP
EXT-A-038-3,ACCOUNT,SUSPICIOUS,SCENARIO_A_SMURFING_INSIDER_HELP
EXT-A-038-4,ACCOUNT,SUSPICIOUS,SCENARIO_A_SMURFING_INSIDER_HELP
ACC-A-DORMANT-039,ACCOUNT,SUSPICIOUS,SCENARIO_A_SMURFING_INSIDER_HELP
EXT-A-039-1,ACCOUNT,SUSPICIOUS,SCENARIO_A_SMURFING_INSIDER_HELP
EXT-A-039-2,ACCOUNT,SUSPICIOUS,SCENARIO_A_SMURFING_INSIDER_HELP
EXT-A-039-3,ACCOUNT,SUSPICIOUS,SCENARIO_A_SMURFING_INSIDER_HELP
EXT-A-039-4,ACCOUNT,SUSPICIOUS,SCENARIO_A_SMURFING_INSIDER_HELP
ACC-A-DORMANT-040,ACCOUNT,SUSPICIOUS,SCENARIO_A_SMURFING_INSIDER_HELP
EXT-A-040-1,ACCOUNT,SUSPICIOUS,SCENARIO_A_SMURFING_INSIDER_HELP
EXT-A-040-2,ACCOUNT,SUSPICIOUS,SCENARIO_A_SMURFING_INSIDER_HELP
EXT-A-040-3,ACCOUNT,SUSPICIOUS,SCENARIO_A_SMURFING_INSIDER_HELP
EXT-A-040-4,ACCOUNT,SUSPICIOUS,SCENARIO_A_SMURFING_INSIDER_HELP
ACC-A-DORMANT-041,ACCOUNT,SUSPICIOUS,SCENARIO_A_SMURFING_INSIDER_HELP
EXT-A-041-1,ACCOUNT,SUSPICIOUS,SCENARIO_A_SMURFING_INSIDER_HELP
EXT-A-041-2,ACCOUNT,SUSPICIOUS,SCENARIO_A_SMURFING_INSIDER_HELP
EXT-A-041-3,ACCOUNT,SUSPICIOUS,SCENARIO_A_SMURFING_INSIDER_HELP
EXT-A-041-4,ACCOUNT,SUSPICIOUS,SCENARIO_A_SMURFING_INSIDER_HELP
ACC-A-DORMANT-042,ACCOUNT,SUSPICIOUS,SCENARIO_A_SMURFING_INSIDER_HELP
EXT-A-042-1,ACCOUNT,SUSPICIOUS,SCENARIO_A_SMURFING_INSIDER_HELP
EXT-A-042-2,ACCOUNT,SUSPICIOUS,SCENARIO_A_SMURFING_INSIDER_HELP
EXT-A-042-3,ACCOUNT,SUSPICIOUS,SCENARIO_A_SMURFING_INSIDER_HELP
EXT-A-042-4,ACCOUNT,SUSPICIOUS,SCENARIO_A_SMURFING_INSIDER_HELP
ACC-A-DORMANT-043,ACCOUNT,SUSPICIOUS,SCENARIO_A_SMURFING_INSIDER_HELP
EXT-A-043-1,ACCOUNT,SUSPICIOUS,SCENARIO_A_SMURFING_INSIDER_HELP
EXT-A-043-2,ACCOUNT,SUSPICIOUS,SCENARIO_A_SMURFING_INSIDER_HELP
EXT-A-043-3,ACCOUNT,SUSPICIOUS,SCENARIO_A_SMURFING_INSIDER_HELP
EXT-A-043-4,ACCOUNT,SUSPICIOUS,SCENARIO_A_SMURFING_INSIDER_HELP
ACC-A-DORMANT-044,ACCOUNT,SUSPICIOUS,SCENARIO_A_SMURFING_INSIDER_HELP
EXT-A-044-1,ACCOUNT,SUSPICIOUS,SCENARIO_A_SMURFING_INSIDER_HELP
EXT-A-044-2,ACCOUNT,SUSPICIOUS,SCENARIO_A_SMURFING_INSIDER_HELP
EXT-A-044-3,ACCOUNT,SUSPICIOUS,SCENARIO_A_SMURFING_INSIDER_HELP
EXT-A-044-4,ACCOUNT,SUSPICIOUS,SCENARIO_A_SMURFING_INSIDER_HELP
ACC-A-DORMANT-045,ACCOUNT,SUSPICIOUS,SCENARIO_A_SMURFING_INSIDER_HELP
EXT-A-045-1,ACCOUNT,SUSPICIOUS,SCENARIO_A_SMURFING_INSIDER_HELP
EXT-A-045-2,ACCOUNT,SUSPICIOUS,SCENARIO_A_SMURFING_INSIDER_HELP
EXT-A-045-3,ACCOUNT,SUSPICIOUS,SCENARIO_A_SMURFING_INSIDER_HELP
EXT-A-045-4,ACCOUNT,SUSPICIOUS,SCENARIO_A_SMURFING_INSIDER_HELP
ACC-A-DORMANT-046,ACCOUNT,SUSPICIOUS,SCENARIO_A_SMURFING_INSIDER_HELP
EXT-A-046-1,ACCOUNT,SUSPICIOUS,SCENARIO_A_SMURFING_INSIDER_HELP
EXT-A-046-2,ACCOUNT,SUSPICIOUS,SCENARIO_A_SMURFING_INSIDER_HELP
EXT-A-046-3,ACCOUNT,SUSPICIOUS,SCENARIO_A_SMURFING_INSIDER_HELP
EXT-A-046-4,ACCOUNT,SUSPICIOUS,SCENARIO_A_SMURFING_INSIDER_HELP
ACC-A-DORMANT-047,ACCOUNT,SUSPICIOUS,SCENARIO_A_SMURFING_INSIDER_HELP
EXT-A-047-1,ACCOUNT,SUSPICIOUS,SCENARIO_A_SMURFING_INSIDER_HELP
EXT-A-047-2,ACCOUNT,SUSPICIOUS,SCENARIO_A_SMURFING_INSIDER_HELP
EXT-A-047-3,ACCOUNT,SUSPICIOUS,SCENARIO_A_SMURFING_INSIDER_HELP
EXT-A-047-4,ACCOUNT,SUSPICIOUS,SCENARIO_A_SMURFING_INSIDER_HELP
ACC-A-DORMANT-048,ACCOUNT,SUSPICIOUS,SCENARIO_A_SMURFING_INSIDER_HELP
EXT-A-048-1,ACCOUNT,SUSPICIOUS,SCENARIO_A_SMURFING_INSIDER_HELP
EXT-A-048-2,ACCOUNT,SUSPICIOUS,SCENARIO_A_SMURFING_INSIDER_HELP
EXT-A-048-3,ACCOUNT,SUSPICIOUS,SCENARIO_A_SMURFING_INSIDER_HELP
EXT-A-048-4,ACCOUNT,SUSPICIOUS,SCENARIO_A_SMURFING_INSIDER_HELP
ACC-A-DORMANT-049,ACCOUNT,SUSPICIOUS,SCENARIO_A_SMURFING_INSIDER_HELP
EXT-A-049-1,ACCOUNT,SUSPICIOUS,SCENARIO_A_SMURFING_INSIDER_HELP
EXT-A-049-2,ACCOUNT,SUSPICIOUS,SCENARIO_A_SMURFING_INSIDER_HELP
EXT-A-049-3,ACCOUNT,SUSPICIOUS,SCENARIO_A_SMURFING_INSIDER_HELP
EXT-A-049-4,ACCOUNT,SUSPICIOUS,SCENARIO_A_SMURFING_INSIDER_HELP
ACC-A-DORMANT-050,ACCOUNT,SUSPICIOUS,SCENARIO_A_SMURFING_INSIDER_HELP
EXT-A-050-1,ACCOUNT,SUSPICIOUS,SCENARIO_A_SMURFING_INSIDER_HELP
EXT-A-050-2,ACCOUNT,SUSPICIOUS,SCENARIO_A_SMURFING_INSIDER_HELP
EXT-A-050-3,ACCOUNT,SUSPICIOUS,SCENARIO_A_SMURFING_INSIDER_HELP
EXT-A-050-4,ACCOUNT,SUSPICIOUS,SCENARIO_A_SMURFING_INSIDER_HELP
ACC-A-DORMANT-051,ACCOUNT,SUSPICIOUS,SCENARIO_A_SMURFING_INSIDER_HELP
EXT-A-051-1,ACCOUNT,SUSPICIOUS,SCENARIO_A_SMURFING_INSIDER_HELP
EXT-A-051-2,ACCOUNT,SUSPICIOUS,SCENARIO_A_SMURFING_INSIDER_HELP
EXT-A-051-3,ACCOUNT,SUSPICIOUS,SCENARIO_A_SMURFING_INSIDER_HELP
EXT-A-051-4,ACCOUNT,SUSPICIOUS,SCENARIO_A_SMURFING_INSIDER_HELP
ACC-A-DORMANT-052,ACCOUNT,SUSPICIOUS,SCENARIO_A_SMURFING_INSIDER_HELP
EXT-A-052-1,ACCOUNT,SUSPICIOUS,SCENARIO_A_SMURFING_INSIDER_HELP
EXT-A-052-2,ACCOUNT,SUSPICIOUS,SCENARIO_A_SMURFING_INSIDER_HELP
EXT-A-052-3,ACCOUNT,SUSPICIOUS,SCENARIO_A_SMURFING_INSIDER_HELP
EXT-A-052-4,ACCOUNT,SUSPICIOUS,SCENARIO_A_SMURFING_INSIDER_HELP
ACC-A-DORMANT-053,ACCOUNT,SUSPICIOUS,SCENARIO_A_SMURFING_INSIDER_HELP
EXT-A-053-1,ACCOUNT,SUSPICIOUS,SCENARIO_A_SMURFING_INSIDER_HELP
EXT-A-053-2,ACCOUNT,SUSPICIOUS,SCENARIO_A_SMURFING_INSIDER_HELP
EXT-A-053-3,ACCOUNT,SUSPICIOUS,SCENARIO_A_SMURFING_INSIDER_HELP
EXT-A-053-4,ACCOUNT,SUSPICIOUS,SCENARIO_A_SMURFING_INSIDER_HELP
ACC-A-DORMANT-054,ACCOUNT,SUSPICIOUS,SCENARIO_A_SMURFING_INSIDER_HELP
EXT-A-054-1,ACCOUNT,SUSPICIOUS,SCENARIO_A_SMURFING_INSIDER_HELP
EXT-A-054-2,ACCOUNT,SUSPICIOUS,SCENARIO_A_SMURFING_INSIDER_HELP
EXT-A-054-3,ACCOUNT,SUSPICIOUS,SCENARIO_A_SMURFING_INSIDER_HELP
EXT-A-054-4,ACCOUNT,SUSPICIOUS,SCENARIO_A_SMURFING_INSIDER_HELP
ACC-A-DORMANT-055,ACCOUNT,SUSPICIOUS,SCENARIO_A_SMURFING_INSIDER_HELP
EXT-A-055-1,ACCOUNT,SUSPICIOUS,SCENARIO_A_SMURFING_INSIDER_HELP
EXT-A-055-2,ACCOUNT,SUSPICIOUS,SCENARIO_A_SMURFING_INSIDER_HELP
EXT-A-055-3,ACCOUNT,SUSPICIOUS,SCENARIO_A_SMURFING_INSIDER_HELP
EXT-A-055-4,ACCOUNT,SUSPICIOUS,SCENARIO_A_SMURFING_INSIDER_HELP
ACC-A-DORMANT-056,ACCOUNT,SUSPICIOUS,SCENARIO_A_SMURFING_INSIDER_HELP
EXT-A-056-1,ACCOUNT,SUSPICIOUS,SCENARIO_A_SMURFING_INSIDER_HELP
EXT-A-056-2,ACCOUNT,SUSPICIOUS,SCENARIO_A_SMURFING_INSIDER_HELP
EXT-A-056-3,ACCOUNT,SUSPICIOUS,SCENARIO_A_SMURFING_INSIDER_HELP
EXT-A-056-4,ACCOUNT,SUSPICIOUS,SCENARIO_A_SMURFING_INSIDER_HELP
ACC-A-DORMANT-057,ACCOUNT,SUSPICIOUS,SCENARIO_A_SMURFING_INSIDER_HELP
EXT-A-057-1,ACCOUNT,SUSPICIOUS,SCENARIO_A_SMURFING_INSIDER_HELP
EXT-A-057-2,ACCOUNT,SUSPICIOUS,SCENARIO_A_SMURFING_INSIDER_HELP
EXT-A-057-3,ACCOUNT,SUSPICIOUS,SCENARIO_A_SMURFING_INSIDER_HELP
EXT-A-057-4,ACCOUNT,SUSPICIOUS,SCENARIO_A_SMURFING_INSIDER_HELP
ACC-A-DORMANT-058,ACCOUNT,SUSPICIOUS,SCENARIO_A_SMURFING_INSIDER_HELP
EXT-A-058-1,ACCOUNT,SUSPICIOUS,SCENARIO_A_SMURFING_INSIDER_HELP
EXT-A-058-2,ACCOUNT,SUSPICIOUS,SCENARIO_A_SMURFING_INSIDER_HELP
EXT-A-058-3,ACCOUNT,SUSPICIOUS,SCENARIO_A_SMURFING_INSIDER_HELP
EXT-A-058-4,ACCOUNT,SUSPICIOUS,SCENARIO_A_SMURFING_INSIDER_HELP
ACC-A-DORMANT-059,ACCOUNT,SUSPICIOUS,SCENARIO_A_SMURFING_INSIDER_HELP
EXT-A-059-1,ACCOUNT,SUSPICIOUS,SCENARIO_A_SMURFING_INSIDER_HELP
EXT-A-059-2,ACCOUNT,SUSPICIOUS,SCENARIO_A_SMURFING_INSIDER_HELP
EXT-A-059-3,ACCOUNT,SUSPICIOUS,SCENARIO_A_SMURFING_INSIDER_HELP
EXT-A-059-4,ACCOUNT,SUSPICIOUS,SCENARIO_A_SMURFING_INSIDER_HELP
ACC-A-DORMANT-060,ACCOUNT,SUSPICIOUS,SCENARIO_A_SMURFING_INSIDER_HELP
EXT-A-060-1,ACCOUNT,SUSPICIOUS,SCENARIO_A_SMURFING_INSIDER_HELP
EXT-A-060-2,ACCOUNT,SUSPICIOUS,SCENARIO_A_SMURFING_INSIDER_HELP
EXT-A-060-3,ACCOUNT,SUSPICIOUS,SCENARIO_A_SMURFING_INSIDER_HELP
EXT-A-060-4,ACCOUNT,SUSPICIOUS,SCENARIO_A_SMURFING_INSIDER_HELP
ACC-A-DORMANT-061,ACCOUNT,SUSPICIOUS,SCENARIO_A_SMURFING_INSIDER_HELP
EXT-A-061-1,ACCOUNT,SUSPICIOUS,SCENARIO_A_SMURFING_INSIDER_HELP
EXT-A-061-2,ACCOUNT,SUSPICIOUS,SCENARIO_A_SMURFING_INSIDER_HELP
EXT-A-061-3,ACCOUNT,SUSPICIOUS,SCENARIO_A_SMURFING_INSIDER_HELP
EXT-A-061-4,ACCOUNT,SUSPICIOUS,SCENARIO_A_SMURFING_INSIDER_HELP
ACC-A-DORMANT-062,ACCOUNT,SUSPICIOUS,SCENARIO_A_SMURFING_INSIDER_HELP
EXT-A-062-1,ACCOUNT,SUSPICIOUS,SCENARIO_A_SMURFING_INSIDER_HELP
EXT-A-062-2,ACCOUNT,SUSPICIOUS,SCENARIO_A_SMURFING_INSIDER_HELP
EXT-A-062-3,ACCOUNT,SUSPICIOUS,SCENARIO_A_SMURFING_INSIDER_HELP
EXT-A-062-4,ACCOUNT,SUSPICIOUS,SCENARIO_A_SMURFING_INSIDER_HELP
ACC-A-DORMANT-063,ACCOUNT,SUSPICIOUS,SCENARIO_A_SMURFING_INSIDER_HELP
EXT-A-063-1,ACCOUNT,SUSPICIOUS,SCENARIO_A_SMURFING_INSIDER_HELP
EXT-A-063-2,ACCOUNT,SUSPICIOUS,SCENARIO_A_SMURFING_INSIDER_HELP
EXT-A-063-3,ACCOUNT,SUSPICIOUS,SCENARIO_A_SMURFING_INSIDER_HELP
EXT-A-063-4,ACCOUNT,SUSPICIOUS,SCENARIO_A_SMURFING_INSIDER_HELP
ACC-A-DORMANT-064,ACCOUNT,SUSPICIOUS,SCENARIO_A_SMURFING_INSIDER_HELP
EXT-A-064-1,ACCOUNT,SUSPICIOUS,SCENARIO_A_SMURFING_INSIDER_HELP
EXT-A-064-2,ACCOUNT,SUSPICIOUS,SCENARIO_A_SMURFING_INSIDER_HELP
EXT-A-064-3,ACCOUNT,SUSPICIOUS,SCENARIO_A_SMURFING_INSIDER_HELP
EXT-A-064-4,ACCOUNT,SUSPICIOUS,SCENARIO_A_SMURFING_INSIDER_HELP
ACC-A-DORMANT-065,ACCOUNT,SUSPICIOUS,SCENARIO_A_SMURFING_INSIDER_HELP
EXT-A-065-1,ACCOUNT,SUSPICIOUS,SCENARIO_A_SMURFING_INSIDER_HELP
EXT-A-065-2,ACCOUNT,SUSPICIOUS,SCENARIO_A_SMURFING_INSIDER_HELP
EXT-A-065-3,ACCOUNT,SUSPICIOUS,SCENARIO_A_SMURFING_INSIDER_HELP
EXT-A-065-4,ACCOUNT,SUSPICIOUS,SCENARIO_A_SMURFING_INSIDER_HELP
ACC-A-DORMANT-066,ACCOUNT,SUSPICIOUS,SCENARIO_A_SMURFING_INSIDER_HELP
EXT-A-066-1,ACCOUNT,SUSPICIOUS,SCENARIO_A_SMURFING_INSIDER_HELP
EXT-A-066-2,ACCOUNT,SUSPICIOUS,SCENARIO_A_SMURFING_INSIDER_HELP
EXT-A-066-3,ACCOUNT,SUSPICIOUS,SCENARIO_A_SMURFING_INSIDER_HELP
EXT-A-066-4,ACCOUNT,SUSPICIOUS,SCENARIO_A_SMURFING_INSIDER_HELP
ACC-A-DORMANT-067,ACCOUNT,SUSPICIOUS,SCENARIO_A_SMURFING_INSIDER_HELP
EXT-A-067-1,ACCOUNT,SUSPICIOUS,SCENARIO_A_SMURFING_INSIDER_HELP
EXT-A-067-2,ACCOUNT,SUSPICIOUS,SCENARIO_A_SMURFING_INSIDER_HELP
EXT-A-067-3,ACCOUNT,SUSPICIOUS,SCENARIO_A_SMURFING_INSIDER_HELP
EXT-A-067-4,ACCOUNT,SUSPICIOUS,SCENARIO_A_SMURFING_INSIDER_HELP
ACC-A-DORMANT-068,ACCOUNT,SUSPICIOUS,SCENARIO_A_SMURFING_INSIDER_HELP
EXT-A-068-1,ACCOUNT,SUSPICIOUS,SCENARIO_A_SMURFING_INSIDER_HELP
EXT-A-068-2,ACCOUNT,SUSPICIOUS,SCENARIO_A_SMURFING_INSIDER_HELP
EXT-A-068-3,ACCOUNT,SUSPICIOUS,SCENARIO_A_SMURFING_INSIDER_HELP
EXT-A-068-4,ACCOUNT,SUSPICIOUS,SCENARIO_A_SMURFING_INSIDER_HELP
ACC-A-DORMANT-069,ACCOUNT,SUSPICIOUS,SCENARIO_A_SMURFING_INSIDER_HELP
EXT-A-069-1,ACCOUNT,SUSPICIOUS,SCENARIO_A_SMURFING_INSIDER_HELP
EXT-A-069-2,ACCOUNT,SUSPICIOUS,SCENARIO_A_SMURFING_INSIDER_HELP
EXT-A-069-3,ACCOUNT,SUSPICIOUS,SCENARIO_A_SMURFING_INSIDER_HELP
EXT-A-069-4,ACCOUNT,SUSPICIOUS,SCENARIO_A_SMURFING_INSIDER_HELP
ACC-A-DORMANT-070,ACCOUNT,SUSPICIOUS,SCENARIO_A_SMURFING_INSIDER_HELP
EXT-A-070-1,ACCOUNT,SUSPICIOUS,SCENARIO_A_SMURFING_INSIDER_HELP
EXT-A-070-2,ACCOUNT,SUSPICIOUS,SCENARIO_A_SMURFING_INSIDER_HELP
EXT-A-070-3,ACCOUNT,SUSPICIOUS,SCENARIO_A_SMURFING_INSIDER_HELP
EXT-A-070-4,ACCOUNT,SUSPICIOUS,SCENARIO_A_SMURFING_INSIDER_HELP
ACC-A-DORMANT-071,ACCOUNT,SUSPICIOUS,SCENARIO_A_SMURFING_INSIDER_HELP
EXT-A-071-1,ACCOUNT,SUSPICIOUS,SCENARIO_A_SMURFING_INSIDER_HELP
EXT-A-071-2,ACCOUNT,SUSPICIOUS,SCENARIO_A_SMURFING_INSIDER_HELP
EXT-A-071-3,ACCOUNT,SUSPICIOUS,SCENARIO_A_SMURFING_INSIDER_HELP
EXT-A-071-4,ACCOUNT,SUSPICIOUS,SCENARIO_A_SMURFING_INSIDER_HELP
ACC-A-DORMANT-072,ACCOUNT,SUSPICIOUS,SCENARIO_A_SMURFING_INSIDER_HELP
EXT-A-072-1,ACCOUNT,SUSPICIOUS,SCENARIO_A_SMURFING_INSIDER_HELP
EXT-A-072-2,ACCOUNT,SUSPICIOUS,SCENARIO_A_SMURFING_INSIDER_HELP
EXT-A-072-3,ACCOUNT,SUSPICIOUS,SCENARIO_A_SMURFING_INSIDER_HELP
EXT-A-072-4,ACCOUNT,SUSPICIOUS,SCENARIO_A_SMURFING_INSIDER_HELP
ACC-B-02-A,ACCOUNT,SUSPICIOUS,SCENARIO_B_CIRCULAR_MONEY_FLOW
ACC-B-02-B,ACCOUNT,SUSPICIOUS,SCENARIO_B_CIRCULAR_MONEY_FLOW
ACC-B-02-C,ACCOUNT,SUSPICIOUS,SCENARIO_B_CIRCULAR_MONEY_FLOW
ACC-B-03-A,ACCOUNT,SUSPICIOUS,SCENARIO_B_CIRCULAR_MONEY_FLOW
ACC-B-03-B,ACCOUNT,SUSPICIOUS,SCENARIO_B_CIRCULAR_MONEY_FLOW
ACC-B-03-C,ACCOUNT,SUSPICIOUS,SCENARIO_B_CIRCULAR_MONEY_FLOW
ACC-B-04-A,ACCOUNT,SUSPICIOUS,SCENARIO_B_CIRCULAR_MONEY_FLOW
ACC-B-04-B,ACCOUNT,SUSPICIOUS,SCENARIO_B_CIRCULAR_MONEY_FLOW
ACC-B-04-C,ACCOUNT,SUSPICIOUS,SCENARIO_B_CIRCULAR_MONEY_FLOW
ACC-N-0392,ACCOUNT,BENIGN,BACKGROUND_BENIGN
ACC-N-0393,ACCOUNT,BENIGN,BACKGROUND_BENIGN
ACC-N-0394,ACCOUNT,BENIGN,BACKGROUND_BENIGN
ACC-N-0395,ACCOUNT,BENIGN,BACKGROUND_BENIGN
ACC-N-0396,ACCOUNT,BENIGN,BACKGROUND_BENIGN
ACC-N-0397,ACCOUNT,BENIGN,BACKGROUND_BENIGN
ACC-N-0398,ACCOUNT,BENIGN,BACKGROUND_BENIGN
ACC-N-0399,ACCOUNT,BENIGN,BACKGROUND_BENIGN
ACC-N-0400,ACCOUNT,BENIGN,BACKGROUND_BENIGN
ACC-N-0401,ACCOUNT,BENIGN,BACKGROUND_BENIGN
ACC-N-0402,ACCOUNT,BENIGN,BACKGROUND_BENIGN
ACC-N-0403,ACCOUNT,BENIGN,BACKGROUND_BENIGN
ACC-N-0404,ACCOUNT,BENIGN,BACKGROUND_BENIGN
ACC-N-0405,ACCOUNT,BENIGN,BACKGROUND_BENIGN
ACC-N-0406,ACCOUNT,BENIGN,BACKGROUND_BENIGN
ACC-N-0407,ACCOUNT,BENIGN,BACKGROUND_BENIGN
ACC-N-0408,ACCOUNT,BENIGN,BACKGROUND_BENIGN
ACC-N-0409,ACCOUNT,BENIGN,BACKGROUND_BENIGN
ACC-N-0410,ACCOUNT,BENIGN,BACKGROUND_BENIGN
ACC-N-0411,ACCOUNT,BENIGN,BACKGROUND_BENIGN
ACC-N-0412,ACCOUNT,BENIGN,BACKGROUND_BENIGN
ACC-N-0413,ACCOUNT,BENIGN,BACKGROUND_BENIGN
ACC-N-0414,ACCOUNT,BENIGN,BACKGROUND_BENIGN
ACC-N-0415,ACCOUNT,BENIGN,BACKGROUND_BENIGN
ACC-N-0416,ACCOUNT,BENIGN,BACKGROUND_BENIGN
ACC-N-0417,ACCOUNT,BENIGN,BACKGROUND_BENIGN
ACC-N-0418,ACCOUNT,BENIGN,BACKGROUND_BENIGN
ACC-N-0419,ACCOUNT,BENIGN,BACKGROUND_BENIGN
ACC-N-0420,ACCOUNT,BENIGN,BACKGROUND_BENIGN
ACC-N-0421,ACCOUNT,BENIGN,BACKGROUND_BENIGN
ACC-N-0422,ACCOUNT,BENIGN,BACKGROUND_BENIGN
ACC-N-0423,ACCOUNT,BENIGN,BACKGROUND_BENIGN
ACC-N-0424,ACCOUNT,BENIGN,BACKGROUND_BENIGN
ACC-N-0425,ACCOUNT,BENIGN,BACKGROUND_BENIGN
ACC-N-0426,ACCOUNT,BENIGN,BACKGROUND_BENIGN
ACC-N-0427,ACCOUNT,BENIGN,BACKGROUND_BENIGN
ACC-N-0428,ACCOUNT,BENIGN,BACKGROUND_BENIGN
ACC-N-0429,ACCOUNT,BENIGN,BACKGROUND_BENIGN
ACC-N-0430,ACCOUNT,BENIGN,BACKGROUND_BENIGN
ACC-N-0431,ACCOUNT,BENIGN,BACKGROUND_BENIGN
ACC-N-0432,ACCOUNT,BENIGN,BACKGROUND_BENIGN
ACC-N-0433,ACCOUNT,BENIGN,BACKGROUND_BENIGN
ACC-N-0434,ACCOUNT,BENIGN,BACKGROUND_BENIGN
ACC-N-0435,ACCOUNT,BENIGN,BACKGROUND_BENIGN
ACC-N-0436,ACCOUNT,BENIGN,BACKGROUND_BENIGN
ACC-N-0437,ACCOUNT,BENIGN,BACKGROUND_BENIGN
ACC-N-0438,ACCOUNT,BENIGN,BACKGROUND_BENIGN
ACC-N-0439,ACCOUNT,BENIGN,BACKGROUND_BENIGN
ACC-N-0440,ACCOUNT,BENIGN,BACKGROUND_BENIGN
ACC-N-0441,ACCOUNT,BENIGN,BACKGROUND_BENIGN
ACC-N-0442,ACCOUNT,BENIGN,BACKGROUND_BENIGN
ACC-N-0443,ACCOUNT,BENIGN,BACKGROUND_BENIGN
ACC-N-0444,ACCOUNT,BENIGN,BACKGROUND_BENIGN
ACC-N-0445,ACCOUNT,BENIGN,BACKGROUND_BENIGN
ACC-N-0446,ACCOUNT,BENIGN,BACKGROUND_BENIGN
ACC-N-0447,ACCOUNT,BENIGN,BACKGROUND_BENIGN
ACC-N-0448,ACCOUNT,BENIGN,BACKGROUND_BENIGN
ACC-N-0449,ACCOUNT,BENIGN,BACKGROUND_BENIGN
ACC-N-0450,ACCOUNT,BENIGN,BACKGROUND_BENIGN
ACC-N-0451,ACCOUNT,BENIGN,BACKGROUND_BENIGN
ACC-N-0452,ACCOUNT,BENIGN,BACKGROUND_BENIGN
ACC-N-0453,ACCOUNT,BENIGN,BACKGROUND_BENIGN
ACC-N-0454,ACCOUNT,BENIGN,BACKGROUND_BENIGN
ACC-N-0455,ACCOUNT,BENIGN,BACKGROUND_BENIGN
ACC-N-0456,ACCOUNT,BENIGN,BACKGROUND_BENIGN
ACC-N-0457,ACCOUNT,BENIGN,BACKGROUND_BENIGN
ACC-N-0458,ACCOUNT,BENIGN,BACKGROUND_BENIGN
ACC-N-0459,ACCOUNT,BENIGN,BACKGROUND_BENIGN
ACC-N-0460,ACCOUNT,BENIGN,BACKGROUND_BENIGN
ACC-N-0461,ACCOUNT,BENIGN,BACKGROUND_BENIGN
ACC-N-0462,ACCOUNT,BENIGN,BACKGROUND_BENIGN
ACC-N-0463,ACCOUNT,BENIGN,BACKGROUND_BENIGN
ACC-N-0464,ACCOUNT,BENIGN,BACKGROUND_BENIGN
ACC-N-0465,ACCOUNT,BENIGN,BACKGROUND_BENIGN
ACC-N-0466,ACCOUNT,BENIGN,BACKGROUND_BENIGN
ACC-N-0467,ACCOUNT,BENIGN,BACKGROUND_BENIGN
ACC-N-0468,ACCOUNT,BENIGN,BACKGROUND_BENIGN
ACC-N-0469,ACCOUNT,BENIGN,BACKGROUND_BENIGN
ACC-N-0470,ACCOUNT,BENIGN,BACKGROUND_BENIGN
ACC-N-0471,ACCOUNT,BENIGN,BACKGROUND_BENIGN
ACC-N-0472,ACCOUNT,BENIGN,BACKGROUND_BENIGN
ACC-N-0473,ACCOUNT,BENIGN,BACKGROUND_BENIGN
ACC-N-0474,ACCOUNT,BENIGN,BACKGROUND_BENIGN
ACC-N-0475,ACCOUNT,BENIGN,BACKGROUND_BENIGN
ACC-N-0476,ACCOUNT,BENIGN,BACKGROUND_BENIGN
ACC-N-0477,ACCOUNT,BENIGN,BACKGROUND_BENIGN
ACC-N-0478,ACCOUNT,BENIGN,BACKGROUND_BENIGN
ACC-N-0479,ACCOUNT,BENIGN,BACKGROUND_BENIGN
ACC-N-0480,ACCOUNT,BENIGN,BACKGROUND_BENIGN
ACC-N-0481,ACCOUNT,BENIGN,BACKGROUND_BENIGN
ACC-N-0482,ACCOUNT,BENIGN,BACKGROUND_BENIGN
ACC-N-0483,ACCOUNT,BENIGN,BACKGROUND_BENIGN
ACC-N-0484,ACCOUNT,BENIGN,BACKGROUND_BENIGN
ACC-N-0485,ACCOUNT,BENIGN,BACKGROUND_BENIGN
ACC-N-0486,ACCOUNT,BENIGN,BACKGROUND_BENIGN
ACC-N-0487,ACCOUNT,BENIGN,BACKGROUND_BENIGN
ACC-N-0488,ACCOUNT,BENIGN,BACKGROUND_BENIGN
ACC-N-0489,ACCOUNT,BENIGN,BACKGROUND_BENIGN
ACC-N-0490,ACCOUNT,BENIGN,BACKGROUND_BENIGN
ACC-N-0491,ACCOUNT,BENIGN,BACKGROUND_BENIGN
ACC-N-0492,ACCOUNT,BENIGN,BACKGROUND_BENIGN
ACC-N-0493,ACCOUNT,BENIGN,BACKGROUND_BENIGN
ACC-N-0494,ACCOUNT,BENIGN,BACKGROUND_BENIGN
ACC-N-0495,ACCOUNT,BENIGN,BACKGROUND_BENIGN
ACC-N-0496,ACCOUNT,BENIGN,BACKGROUND_BENIGN
ACC-N-0497,ACCOUNT,BENIGN,BACKGROUND_BENIGN
ACC-N-0498,ACCOUNT,BENIGN,BACKGROUND_BENIGN
ACC-N-0499,ACCOUNT,BENIGN,BACKGROUND_BENIGN
ACC-N-0500,ACCOUNT,BENIGN,BACKGROUND_BENIGN
ACC-N-0501,ACCOUNT,BENIGN,BACKGROUND_BENIGN
ACC-N-0502,ACCOUNT,BENIGN,BACKGROUND_BENIGN
ACC-N-0503,ACCOUNT,BENIGN,BACKGROUND_BENIGN
ACC-N-0504,ACCOUNT,BENIGN,BACKGROUND_BENIGN
ACC-N-0505,ACCOUNT,BENIGN,BACKGROUND_BENIGN
ACC-N-0506,ACCOUNT,BENIGN,BACKGROUND_BENIGN
ACC-N-0507,ACCOUNT,BENIGN,BACKGROUND_BENIGN
ACC-N-0508,ACCOUNT,BENIGN,BACKGROUND_BENIGN
ACC-N-0509,ACCOUNT,BENIGN,BACKGROUND_BENIGN
ACC-N-0510,ACCOUNT,BENIGN,BACKGROUND_BENIGN
ACC-N-0511,ACCOUNT,BENIGN,BACKGROUND_BENIGN
ACC-N-0512,ACCOUNT,BENIGN,BACKGROUND_BENIGN
ACC-N-0513,ACCOUNT,BENIGN,BACKGROUND_BENIGN
ACC-N-0514,ACCOUNT,BENIGN,BACKGROUND_BENIGN
ACC-N-0515,ACCOUNT,BENIGN,BACKGROUND_BENIGN
ACC-N-0516,ACCOUNT,BENIGN,BACKGROUND_BENIGN
ACC-N-0517,ACCOUNT,BENIGN,BACKGROUND_BENIGN
ACC-N-0518,ACCOUNT,BENIGN,BACKGROUND_BENIGN
ACC-N-0519,ACCOUNT,BENIGN,BACKGROUND_BENIGN
ACC-N-0520,ACCOUNT,BENIGN,BACKGROUND_BENIGN
ACC-N-0521,ACCOUNT,BENIGN,BACKGROUND_BENIGN
ACC-N-0522,ACCOUNT,BENIGN,BACKGROUND_BENIGN
ACC-N-0523,ACCOUNT,BENIGN,BACKGROUND_BENIGN
ACC-N-0524,ACCOUNT,BENIGN,BACKGROUND_BENIGN
ACC-N-0525,ACCOUNT,BENIGN,BACKGROUND_BENIGN
ACC-N-0526,ACCOUNT,BENIGN,BACKGROUND_BENIGN
ACC-N-0527,ACCOUNT,BENIGN,BACKGROUND_BENIGN
ACC-N-0528,ACCOUNT,BENIGN,BACKGROUND_BENIGN
ACC-N-0529,ACCOUNT,BENIGN,BACKGROUND_BENIGN
ACC-N-0530,ACCOUNT,BENIGN,BACKGROUND_BENIGN
ACC-N-0531,ACCOUNT,BENIGN,BACKGROUND_BENIGN
ACC-N-0532,ACCOUNT,BENIGN,BACKGROUND_BENIGN
ACC-N-0533,ACCOUNT,BENIGN,BACKGROUND_BENIGN
ACC-N-0534,ACCOUNT,BENIGN,BACKGROUND_BENIGN
ACC-N-0535,ACCOUNT,BENIGN,BACKGROUND_BENIGN
ACC-N-0536,ACCOUNT,BENIGN,BACKGROUND_BENIGN
ACC-N-0537,ACCOUNT,BENIGN,BACKGROUND_BENIGN
ACC-N-0538,ACCOUNT,BENIGN,BACKGROUND_BENIGN
ACC-N-0539,ACCOUNT,BENIGN,BACKGROUND_BENIGN
ACC-N-0540,ACCOUNT,BENIGN,BACKGROUND_BENIGN
ACC-N-0541,ACCOUNT,BENIGN,BACKGROUND_BENIGN
ACC-N-0542,ACCOUNT,BENIGN,BACKGROUND_BENIGN
ACC-N-0543,ACCOUNT,BENIGN,BACKGROUND_BENIGN
ACC-N-0544,ACCOUNT,BENIGN,BACKGROUND_BENIGN
ACC-N-0545,ACCOUNT,BENIGN,BACKGROUND_BENIGN
ACC-N-0546,ACCOUNT,BENIGN,BACKGROUND_BENIGN
ACC-N-0547,ACCOUNT,BENIGN,BACKGROUND_BENIGN
ACC-N-0548,ACCOUNT,BENIGN,BACKGROUND_BENIGN
ACC-N-0549,ACCOUNT,BENIGN,BACKGROUND_BENIGN
ACC-N-0550,ACCOUNT,BENIGN,BACKGROUND_BENIGN
ACC-N-0551,ACCOUNT,BENIGN,BACKGROUND_BENIGN
ACC-N-0552,ACCOUNT,BENIGN,BACKGROUND_BENIGN
ACC-N-0553,ACCOUNT,BENIGN,BACKGROUND_BENIGN
ACC-N-0554,ACCOUNT,BENIGN,BACKGROUND_BENIGN
ACC-N-0555,ACCOUNT,BENIGN,BACKGROUND_BENIGN
ACC-N-0556,ACCOUNT,BENIGN,BACKGROUND_BENIGN
ACC-N-0557,ACCOUNT,BENIGN,BACKGROUND_BENIGN
ACC-N-0558,ACCOUNT,BENIGN,BACKGROUND_BENIGN
ACC-N-0559,ACCOUNT,BENIGN,BACKGROUND_BENIGN
ACC-N-0560,ACCOUNT,BENIGN,BACKGROUND_BENIGN
ACC-N-0561,ACCOUNT,BENIGN,BACKGROUND_BENIGN
ACC-N-0562,ACCOUNT,BENIGN,BACKGROUND_BENIGN
ACC-N-0563,ACCOUNT,BENIGN,BACKGROUND_BENIGN
ACC-N-0564,ACCOUNT,BENIGN,BACKGROUND_BENIGN
ACC-N-0565,ACCOUNT,BENIGN,BACKGROUND_BENIGN
ACC-N-0566,ACCOUNT,BENIGN,BACKGROUND_BENIGN
ACC-N-0567,ACCOUNT,BENIGN,BACKGROUND_BENIGN
ACC-N-0568,ACCOUNT,BENIGN,BACKGROUND_BENIGN
ACC-N-0569,ACCOUNT,BENIGN,BACKGROUND_BENIGN
ACC-N-0570,ACCOUNT,BENIGN,BACKGROUND_BENIGN
ACC-N-0571,ACCOUNT,BENIGN,BACKGROUND_BENIGN
ACC-N-0572,ACCOUNT,BENIGN,BACKGROUND_BENIGN
ACC-N-0573,ACCOUNT,BENIGN,BACKGROUND_BENIGN
ACC-N-0574,ACCOUNT,BENIGN,BACKGROUND_BENIGN
ACC-N-0575,ACCOUNT,BENIGN,BACKGROUND_BENIGN
ACC-N-0576,ACCOUNT,BENIGN,BACKGROUND_BENIGN
ACC-N-0577,ACCOUNT,BENIGN,BACKGROUND_BENIGN
ACC-N-0578,ACCOUNT,BENIGN,BACKGROUND_BENIGN
ACC-N-0579,ACCOUNT,BENIGN,BACKGROUND_BENIGN
ACC-N-0580,ACCOUNT,BENIGN,BACKGROUND_BENIGN
ACC-N-0581,ACCOUNT,BENIGN,BACKGROUND_BENIGN
ACC-N-0582,ACCOUNT,BENIGN,BACKGROUND_BENIGN
ACC-N-0583,ACCOUNT,BENIGN,BACKGROUND_BENIGN
ACC-N-0584,ACCOUNT,BENIGN,BACKGROUND_BENIGN
ACC-N-0585,ACCOUNT,BENIGN,BACKGROUND_BENIGN
ACC-N-0586,ACCOUNT,BENIGN,BACKGROUND_BENIGN
ACC-N-0587,ACCOUNT,BENIGN,BACKGROUND_BENIGN
ACC-N-0588,ACCOUNT,BENIGN,BACKGROUND_BENIGN
ACC-N-0589,ACCOUNT,BENIGN,BACKGROUND_BENIGN
ACC-N-0590,ACCOUNT,BENIGN,BACKGROUND_BENIGN
ACC-N-0591,ACCOUNT,BENIGN,BACKGROUND_BENIGN
ACC-N-0592,ACCOUNT,BENIGN,BACKGROUND_BENIGN
ACC-N-0593,ACCOUNT,BENIGN,BACKGROUND_BENIGN
ACC-N-0594,ACCOUNT,BENIGN,BACKGROUND_BENIGN
ACC-N-0595,ACCOUNT,BENIGN,BACKGROUND_BENIGN
ACC-N-0596,ACCOUNT,BENIGN,BACKGROUND_BENIGN
ACC-N-0597,ACCOUNT,BENIGN,BACKGROUND_BENIGN
ACC-N-0598,ACCOUNT,BENIGN,BACKGROUND_BENIGN
ACC-N-0599,ACCOUNT,BENIGN,BACKGROUND_BENIGN
ACC-N-0600,ACCOUNT,BENIGN,BACKGROUND_BENIGN
ACC-N-0601,ACCOUNT,BENIGN,BACKGROUND_BENIGN
ACC-N-0602,ACCOUNT,BENIGN,BACKGROUND_BENIGN
ACC-N-0603,ACCOUNT,BENIGN,BACKGROUND_BENIGN
ACC-N-0604,ACCOUNT,BENIGN,BACKGROUND_BENIGN
ACC-N-0605,ACCOUNT,BENIGN,BACKGROUND_BENIGN
ACC-N-0606,ACCOUNT,BENIGN,BACKGROUND_BENIGN
ACC-N-0607,ACCOUNT,BENIGN,BACKGROUND_BENIGN
ACC-N-0608,ACCOUNT,BENIGN,BACKGROUND_BENIGN
ACC-N-0609,ACCOUNT,BENIGN,BACKGROUND_BENIGN
ACC-N-0610,ACCOUNT,BENIGN,BACKGROUND_BENIGN
ACC-N-0611,ACCOUNT,BENIGN,BACKGROUND_BENIGN
ACC-N-0612,ACCOUNT,BENIGN,BACKGROUND_BENIGN
ACC-N-0613,ACCOUNT,BENIGN,BACKGROUND_BENIGN
ACC-N-0614,ACCOUNT,BENIGN,BACKGROUND_BENIGN
ACC-N-0615,ACCOUNT,BENIGN,BACKGROUND_BENIGN
ACC-N-0616,ACCOUNT,BENIGN,BACKGROUND_BENIGN
ACC-N-0617,ACCOUNT,BENIGN,BACKGROUND_BENIGN
ACC-N-0618,ACCOUNT,BENIGN,BACKGROUND_BENIGN
ACC-N-0619,ACCOUNT,BENIGN,BACKGROUND_BENIGN
ACC-N-0620,ACCOUNT,BENIGN,BACKGROUND_BENIGN
ACC-N-0621,ACCOUNT,BENIGN,BACKGROUND_BENIGN
ACC-N-0622,ACCOUNT,BENIGN,BACKGROUND_BENIGN
ACC-N-0623,ACCOUNT,BENIGN,BACKGROUND_BENIGN
ACC-N-0624,ACCOUNT,BENIGN,BACKGROUND_BENIGN
ACC-N-0625,ACCOUNT,BENIGN,BACKGROUND_BENIGN
ACC-N-0626,ACCOUNT,BENIGN,BACKGROUND_BENIGN
ACC-N-0627,ACCOUNT,BENIGN,BACKGROUND_BENIGN
ACC-N-0628,ACCOUNT,BENIGN,BACKGROUND_BENIGN
ACC-N-0629,ACCOUNT,BENIGN,BACKGROUND_BENIGN
ACC-N-0630,ACCOUNT,BENIGN,BACKGROUND_BENIGN
ACC-N-0631,ACCOUNT,BENIGN,BACKGROUND_BENIGN
ACC-N-0632,ACCOUNT,BENIGN,BACKGROUND_BENIGN
ACC-N-0633,ACCOUNT,BENIGN,BACKGROUND_BENIGN
ACC-N-0634,ACCOUNT,BENIGN,BACKGROUND_BENIGN
ACC-N-0635,ACCOUNT,BENIGN,BACKGROUND_BENIGN
ACC-N-0636,ACCOUNT,BENIGN,BACKGROUND_BENIGN
ACC-N-0637,ACCOUNT,BENIGN,BACKGROUND_BENIGN
ACC-N-0638,ACCOUNT,BENIGN,BACKGROUND_BENIGN
ACC-N-0639,ACCOUNT,BENIGN,BACKGROUND_BENIGN
ACC-N-0640,ACCOUNT,BENIGN,BACKGROUND_BENIGN
ACC-N-0641,ACCOUNT,BENIGN,BACKGROUND_BENIGN
ACC-N-0642,ACCOUNT,BENIGN,BACKGROUND_BENIGN
ACC-N-0643,ACCOUNT,BENIGN,BACKGROUND_BENIGN
ACC-N-0644,ACCOUNT,BENIGN,BACKGROUND_BENIGN
ACC-N-0645,ACCOUNT,BENIGN,BACKGROUND_BENIGN
ACC-N-0646,ACCOUNT,BENIGN,BACKGROUND_BENIGN
ACC-N-0647,ACCOUNT,BENIGN,BACKGROUND_BENIGN
ACC-N-0648,ACCOUNT,BENIGN,BACKGROUND_BENIGN
ACC-N-0649,ACCOUNT,BENIGN,BACKGROUND_BENIGN
ACC-N-0650,ACCOUNT,BENIGN,BACKGROUND_BENIGN
ACC-N-0651,ACCOUNT,BENIGN,BACKGROUND_BENIGN
ACC-N-0652,ACCOUNT,BENIGN,BACKGROUND_BENIGN
ACC-N-0653,ACCOUNT,BENIGN,BACKGROUND_BENIGN
ACC-N-0654,ACCOUNT,BENIGN,BACKGROUND_BENIGN
ACC-N-0655,ACCOUNT,BENIGN,BACKGROUND_BENIGN
ACC-N-0656,ACCOUNT,BENIGN,BACKGROUND_BENIGN
ACC-N-0657,ACCOUNT,BENIGN,BACKGROUND_BENIGN
ACC-N-0658,ACCOUNT,BENIGN,BACKGROUND_BENIGN
ACC-N-0659,ACCOUNT,BENIGN,BACKGROUND_BENIGN
ACC-N-0660,ACCOUNT,BENIGN,BACKGROUND_BENIGN
ACC-N-0661,ACCOUNT,BENIGN,BACKGROUND_BENIGN
ACC-N-0662,ACCOUNT,BENIGN,BACKGROUND_BENIGN
ACC-N-0663,ACCOUNT,BENIGN,BACKGROUND_BENIGN
ACC-N-0664,ACCOUNT,BENIGN,BACKGROUND_BENIGN
ACC-N-0665,ACCOUNT,BENIGN,BACKGROUND_BENIGN
ACC-N-0666,ACCOUNT,BENIGN,BACKGROUND_BENIGN
ACC-N-0667,ACCOUNT,BENIGN,BACKGROUND_BENIGN
ACC-N-0668,ACCOUNT,BENIGN,BACKGROUND_BENIGN
ACC-N-0669,ACCOUNT,BENIGN,BACKGROUND_BENIGN
ACC-N-0670,ACCOUNT,BENIGN,BACKGROUND_BENIGN
ACC-N-0671,ACCOUNT,BENIGN,BACKGROUND_BENIGN
ACC-N-0672,ACCOUNT,BENIGN,BACKGROUND_BENIGN
ACC-N-0673,ACCOUNT,BENIGN,BACKGROUND_BENIGN
ACC-N-0674,ACCOUNT,BENIGN,BACKGROUND_BENIGN
ACC-N-0675,ACCOUNT,BENIGN,BACKGROUND_BENIGN
ACC-N-0676,ACCOUNT,BENIGN,BACKGROUND_BENIGN
ACC-N-0677,ACCOUNT,BENIGN,BACKGROUND_BENIGN
ACC-N-0678,ACCOUNT,BENIGN,BACKGROUND_BENIGN
ACC-N-0679,ACCOUNT,BENIGN,BACKGROUND_BENIGN
ACC-N-0680,ACCOUNT,BENIGN,BACKGROUND_BENIGN
ACC-N-0681,ACCOUNT,BENIGN,BACKGROUND_BENIGN
ACC-N-0682,ACCOUNT,BENIGN,BACKGROUND_BENIGN
ACC-N-0683,ACCOUNT,BENIGN,BACKGROUND_BENIGN
ACC-N-0684,ACCOUNT,BENIGN,BACKGROUND_BENIGN
ACC-N-0685,ACCOUNT,BENIGN,BACKGROUND_BENIGN
ACC-N-0686,ACCOUNT,BENIGN,BACKGROUND_BENIGN
ACC-N-0687,ACCOUNT,BENIGN,BACKGROUND_BENIGN
ACC-N-0688,ACCOUNT,BENIGN,BACKGROUND_BENIGN
ACC-N-0689,ACCOUNT,BENIGN,BACKGROUND_BENIGN
ACC-N-0690,ACCOUNT,BENIGN,BACKGROUND_BENIGN
ACC-N-0691,ACCOUNT,BENIGN,BACKGROUND_BENIGN
ACC-N-0692,ACCOUNT,BENIGN,BACKGROUND_BENIGN
ACC-N-0693,ACCOUNT,BENIGN,BACKGROUND_BENIGN
ACC-N-0694,ACCOUNT,BENIGN,BACKGROUND_BENIGN
ACC-N-0695,ACCOUNT,BENIGN,BACKGROUND_BENIGN
ACC-N-0696,ACCOUNT,BENIGN,BACKGROUND_BENIGN
ACC-N-0697,ACCOUNT,BENIGN,BACKGROUND_BENIGN
ACC-N-0698,ACCOUNT,BENIGN,BACKGROUND_BENIGN
ACC-N-0699,ACCOUNT,BENIGN,BACKGROUND_BENIGN
ACC-N-0700,ACCOUNT,BENIGN,BACKGROUND_BENIGN
ACC-N-0701,ACCOUNT,BENIGN,BACKGROUND_BENIGN
ACC-N-0702,ACCOUNT,BENIGN,BACKGROUND_BENIGN
ACC-N-0703,ACCOUNT,BENIGN,BACKGROUND_BENIGN
ACC-N-0704,ACCOUNT,BENIGN,BACKGROUND_BENIGN
ACC-N-0705,ACCOUNT,BENIGN,BACKGROUND_BENIGN
ACC-N-0706,ACCOUNT,BENIGN,BACKGROUND_BENIGN
ACC-N-0707,ACCOUNT,BENIGN,BACKGROUND_BENIGN
ACC-N-0708,ACCOUNT,BENIGN,BACKGROUND_BENIGN
ACC-N-0709,ACCOUNT,BENIGN,BACKGROUND_BENIGN
ACC-N-0710,ACCOUNT,BENIGN,BACKGROUND_BENIGN
ACC-N-0711,ACCOUNT,BENIGN,BACKGROUND_BENIGN
ACC-N-0712,ACCOUNT,BENIGN,BACKGROUND_BENIGN
ACC-N-0713,ACCOUNT,BENIGN,BACKGROUND_BENIGN
ACC-N-0714,ACCOUNT,BENIGN,BACKGROUND_BENIGN
ACC-N-0715,ACCOUNT,BENIGN,BACKGROUND_BENIGN
ACC-N-0716,ACCOUNT,BENIGN,BACKGROUND_BENIGN
ACC-N-0717,ACCOUNT,BENIGN,BACKGROUND_BENIGN
ACC-N-0718,ACCOUNT,BENIGN,BACKGROUND_BENIGN
ACC-N-0719,ACCOUNT,BENIGN,BACKGROUND_BENIGN
ACC-N-0720,ACCOUNT,BENIGN,BACKGROUND_BENIGN
ACC-N-0721,ACCOUNT,BENIGN,BACKGROUND_BENIGN
ACC-N-0722,ACCOUNT,BENIGN,BACKGROUND_BENIGN
ACC-N-0723,ACCOUNT,BENIGN,BACKGROUND_BENIGN
ACC-N-0724,ACCOUNT,BENIGN,BACKGROUND_BENIGN
ACC-N-0725,ACCOUNT,BENIGN,BACKGROUND_BENIGN
ACC-N-0726,ACCOUNT,BENIGN,BACKGROUND_BENIGN
ACC-N-0727,ACCOUNT,BENIGN,BACKGROUND_BENIGN
ACC-N-0728,ACCOUNT,BENIGN,BACKGROUND_BENIGN
ACC-N-0729,ACCOUNT,BENIGN,BACKGROUND_BENIGN
ACC-N-0730,ACCOUNT,BENIGN,BACKGROUND_BENIGN
ACC-N-0731,ACCOUNT,BENIGN,BACKGROUND_BENIGN
ACC-N-0732,ACCOUNT,BENIGN,BACKGROUND_BENIGN
ACC-N-0733,ACCOUNT,BENIGN,BACKGROUND_BENIGN
ACC-N-0734,ACCOUNT,BENIGN,BACKGROUND_BENIGN
ACC-N-0735,ACCOUNT,BENIGN,BACKGROUND_BENIGN
ACC-N-0736,ACCOUNT,BENIGN,BACKGROUND_BENIGN
ACC-N-0737,ACCOUNT,BENIGN,BACKGROUND_BENIGN
ACC-N-0738,ACCOUNT,BENIGN,BACKGROUND_BENIGN
ACC-N-0739,ACCOUNT,BENIGN,BACKGROUND_BENIGN
ACC-N-0740,ACCOUNT,BENIGN,BACKGROUND_BENIGN
ACC-N-0741,ACCOUNT,BENIGN,BACKGROUND_BENIGN
ACC-N-0742,ACCOUNT,BENIGN,BACKGROUND_BENIGN
ACC-N-0743,ACCOUNT,BENIGN,BACKGROUND_BENIGN
ACC-N-0744,ACCOUNT,BENIGN,BACKGROUND_BENIGN
ACC-N-0745,ACCOUNT,BENIGN,BACKGROUND_BENIGN
ACC-N-0746,ACCOUNT,BENIGN,BACKGROUND_BENIGN
ACC-N-0747,ACCOUNT,BENIGN,BACKGROUND_BENIGN
ACC-N-0748,ACCOUNT,BENIGN,BACKGROUND_BENIGN
ACC-N-0749,ACCOUNT,BENIGN,BACKGROUND_BENIGN
ACC-N-0750,ACCOUNT,BENIGN,BACKGROUND_BENIGN
ACC-N-0751,ACCOUNT,BENIGN,BACKGROUND_BENIGN
ACC-N-0752,ACCOUNT,BENIGN,BACKGROUND_BENIGN
ACC-N-0753,ACCOUNT,BENIGN,BACKGROUND_BENIGN
ACC-N-0754,ACCOUNT,BENIGN,BACKGROUND_BENIGN
ACC-N-0755,ACCOUNT,BENIGN,BACKGROUND_BENIGN
ACC-N-0756,ACCOUNT,BENIGN,BACKGROUND_BENIGN
ACC-N-0757,ACCOUNT,BENIGN,BACKGROUND_BENIGN
ACC-N-0758,ACCOUNT,BENIGN,BACKGROUND_BENIGN
ACC-N-0759,ACCOUNT,BENIGN,BACKGROUND_BENIGN
ACC-N-0760,ACCOUNT,BENIGN,BACKGROUND_BENIGN
ACC-N-0761,ACCOUNT,BENIGN,BACKGROUND_BENIGN
ACC-N-0762,ACCOUNT,BENIGN,BACKGROUND_BENIGN
ACC-N-0763,ACCOUNT,BENIGN,BACKGROUND_BENIGN
ACC-N-0764,ACCOUNT,BENIGN,BACKGROUND_BENIGN
ACC-N-0765,ACCOUNT,BENIGN,BACKGROUND_BENIGN
ACC-N-0766,ACCOUNT,BENIGN,BACKGROUND_BENIGN
ACC-N-0767,ACCOUNT,BENIGN,BACKGROUND_BENIGN
ACC-N-0768,ACCOUNT,BENIGN,BACKGROUND_BENIGN
ACC-N-0769,ACCOUNT,BENIGN,BACKGROUND_BENIGN
ACC-N-0770,ACCOUNT,BENIGN,BACKGROUND_BENIGN
ACC-N-0771,ACCOUNT,BENIGN,BACKGROUND_BENIGN
ACC-N-0772,ACCOUNT,BENIGN,BACKGROUND_BENIGN
ACC-N-0773,ACCOUNT,BENIGN,BACKGROUND_BENIGN
ACC-N-0774,ACCOUNT,BENIGN,BACKGROUND_BENIGN
ACC-N-0775,ACCOUNT,BENIGN,BACKGROUND_BENIGN
ACC-N-0776,ACCOUNT,BENIGN,BACKGROUND_BENIGN
ACC-N-0777,ACCOUNT,BENIGN,BACKGROUND_BENIGN
ACC-N-0778,ACCOUNT,BENIGN,BACKGROUND_BENIGN
ACC-N-0779,ACCOUNT,BENIGN,BACKGROUND_BENIGN
ACC-N-0780,ACCOUNT,BENIGN,BACKGROUND_BENIGN
ACC-N-0781,ACCOUNT,BENIGN,BACKGROUND_BENIGN
ACC-N-0782,ACCOUNT,BENIGN,BACKGROUND_BENIGN
ACC-N-0783,ACCOUNT,BENIGN,BACKGROUND_BENIGN
ACC-N-0784,ACCOUNT,BENIGN,BACKGROUND_BENIGN
ACC-N-0785,ACCOUNT,BENIGN,BACKGROUND_BENIGN
ACC-N-0786,ACCOUNT,BENIGN,BACKGROUND_BENIGN
ACC-N-0787,ACCOUNT,BENIGN,BACKGROUND_BENIGN
ACC-N-0788,ACCOUNT,BENIGN,BACKGROUND_BENIGN
ACC-N-0789,ACCOUNT,BENIGN,BACKGROUND_BENIGN
ACC-N-0790,ACCOUNT,BENIGN,BACKGROUND_BENIGN
ACC-N-0791,ACCOUNT,BENIGN,BACKGROUND_BENIGN
ACC-N-0792,ACCOUNT,BENIGN,BACKGROUND_BENIGN
ACC-N-0793,ACCOUNT,BENIGN,BACKGROUND_BENIGN
ACC-N-0794,ACCOUNT,BENIGN,BACKGROUND_BENIGN
ACC-N-0795,ACCOUNT,BENIGN,BACKGROUND_BENIGN
ACC-N-0796,ACCOUNT,BENIGN,BACKGROUND_BENIGN
ACC-N-0797,ACCOUNT,BENIGN,BACKGROUND_BENIGN
ACC-N-0798,ACCOUNT,BENIGN,BACKGROUND_BENIGN
ACC-N-0799,ACCOUNT,BENIGN,BACKGROUND_BENIGN
ACC-N-0800,ACCOUNT,BENIGN,BACKGROUND_BENIGN
ACC-N-0801,ACCOUNT,BENIGN,BACKGROUND_BENIGN
ACC-N-0802,ACCOUNT,BENIGN,BACKGROUND_BENIGN
ACC-N-0803,ACCOUNT,BENIGN,BACKGROUND_BENIGN
ACC-N-0804,ACCOUNT,BENIGN,BACKGROUND_BENIGN
ACC-N-0805,ACCOUNT,BENIGN,BACKGROUND_BENIGN
ACC-N-0806,ACCOUNT,BENIGN,BACKGROUND_BENIGN
ACC-N-0807,ACCOUNT,BENIGN,BACKGROUND_BENIGN
ACC-N-0808,ACCOUNT,BENIGN,BACKGROUND_BENIGN
ACC-N-0809,ACCOUNT,BENIGN,BACKGROUND_BENIGN
ACC-N-0810,ACCOUNT,BENIGN,BACKGROUND_BENIGN
ACC-N-0811,ACCOUNT,BENIGN,BACKGROUND_BENIGN
ACC-N-0812,ACCOUNT,BENIGN,BACKGROUND_BENIGN
ACC-N-0813,ACCOUNT,BENIGN,BACKGROUND_BENIGN
ACC-N-0814,ACCOUNT,BENIGN,BACKGROUND_BENIGN
ACC-N-0815,ACCOUNT,BENIGN,BACKGROUND_BENIGN
ACC-N-0816,ACCOUNT,BENIGN,BACKGROUND_BENIGN
ACC-N-0817,ACCOUNT,BENIGN,BACKGROUND_BENIGN
ACC-N-0818,ACCOUNT,BENIGN,BACKGROUND_BENIGN
ACC-N-0819,ACCOUNT,BENIGN,BACKGROUND_BENIGN
ACC-N-0820,ACCOUNT,BENIGN,BACKGROUND_BENIGN
ACC-N-0821,ACCOUNT,BENIGN,BACKGROUND_BENIGN
ACC-N-0822,ACCOUNT,BENIGN,BACKGROUND_BENIGN
ACC-N-0823,ACCOUNT,BENIGN,BACKGROUND_BENIGN
ACC-N-0824,ACCOUNT,BENIGN,BACKGROUND_BENIGN
ACC-N-0825,ACCOUNT,BENIGN,BACKGROUND_BENIGN
ACC-N-0826,ACCOUNT,BENIGN,BACKGROUND_BENIGN
ACC-N-0827,ACCOUNT,BENIGN,BACKGROUND_BENIGN
ACC-N-0828,ACCOUNT,BENIGN,BACKGROUND_BENIGN
ACC-N-0829,ACCOUNT,BENIGN,BACKGROUND_BENIGN
ACC-N-0830,ACCOUNT,BENIGN,BACKGROUND_BENIGN
ACC-N-0831,ACCOUNT,BENIGN,BACKGROUND_BENIGN
ACC-N-0832,ACCOUNT,BENIGN,BACKGROUND_BENIGN
ACC-N-0833,ACCOUNT,BENIGN,BACKGROUND_BENIGN
ACC-N-0834,ACCOUNT,BENIGN,BACKGROUND_BENIGN
ACC-N-0835,ACCOUNT,BENIGN,BACKGROUND_BENIGN
ACC-N-0836,ACCOUNT,BENIGN,BACKGROUND_BENIGN
ACC-N-0837,ACCOUNT,BENIGN,BACKGROUND_BENIGN
ACC-N-0838,ACCOUNT,BENIGN,BACKGROUND_BENIGN
ACC-N-0839,ACCOUNT,BENIGN,BACKGROUND_BENIGN
ACC-N-0840,ACCOUNT,BENIGN,BACKGROUND_BENIGN
ACC-N-0841,ACCOUNT,BENIGN,BACKGROUND_BENIGN
ACC-N-0842,ACCOUNT,BENIGN,BACKGROUND_BENIGN
ACC-N-0843,ACCOUNT,BENIGN,BACKGROUND_BENIGN
ACC-N-0844,ACCOUNT,BENIGN,BACKGROUND_BENIGN
ACC-N-0845,ACCOUNT,BENIGN,BACKGROUND_BENIGN
ACC-N-0846,ACCOUNT,BENIGN,BACKGROUND_BENIGN
ACC-N-0847,ACCOUNT,BENIGN,BACKGROUND_BENIGN
ACC-N-0848,ACCOUNT,BENIGN,BACKGROUND_BENIGN
ACC-N-0849,ACCOUNT,BENIGN,BACKGROUND_BENIGN
ACC-N-0850,ACCOUNT,BENIGN,BACKGROUND_BENIGN
ACC-N-0851,ACCOUNT,BENIGN,BACKGROUND_BENIGN
ACC-N-0852,ACCOUNT,BENIGN,BACKGROUND_BENIGN
ACC-N-0853,ACCOUNT,BENIGN,BACKGROUND_BENIGN
ACC-N-0854,ACCOUNT,BENIGN,BACKGROUND_BENIGN
ACC-N-0855,ACCOUNT,BENIGN,BACKGROUND_BENIGN
ACC-N-0856,ACCOUNT,BENIGN,BACKGROUND_BENIGN
ACC-N-0857,ACCOUNT,BENIGN,BACKGROUND_BENIGN
ACC-N-0858,ACCOUNT,BENIGN,BACKGROUND_BENIGN
ACC-N-0859,ACCOUNT,BENIGN,BACKGROUND_BENIGN
ACC-N-0860,ACCOUNT,BENIGN,BACKGROUND_BENIGN
ACC-N-0861,ACCOUNT,BENIGN,BACKGROUND_BENIGN
ACC-N-0862,ACCOUNT,BENIGN,BACKGROUND_BENIGN
ACC-N-0863,ACCOUNT,BENIGN,BACKGROUND_BENIGN
ACC-N-0864,ACCOUNT,BENIGN,BACKGROUND_BENIGN
ACC-N-0865,ACCOUNT,BENIGN,BACKGROUND_BENIGN
ACC-N-0866,ACCOUNT,BENIGN,BACKGROUND_BENIGN
ACC-N-0867,ACCOUNT,BENIGN,BACKGROUND_BENIGN
ACC-N-0868,ACCOUNT,BENIGN,BACKGROUND_BENIGN
ACC-N-0869,ACCOUNT,BENIGN,BACKGROUND_BENIGN
ACC-N-0870,ACCOUNT,BENIGN,BACKGROUND_BENIGN
ACC-N-0871,ACCOUNT,BENIGN,BACKGROUND_BENIGN
ACC-N-0872,ACCOUNT,BENIGN,BACKGROUND_BENIGN
ACC-N-0873,ACCOUNT,BENIGN,BACKGROUND_BENIGN
ACC-N-0874,ACCOUNT,BENIGN,BACKGROUND_BENIGN
ACC-N-0875,ACCOUNT,BENIGN,BACKGROUND_BENIGN
ACC-N-0876,ACCOUNT,BENIGN,BACKGROUND_BENIGN
ACC-N-0877,ACCOUNT,BENIGN,BACKGROUND_BENIGN
ACC-N-0878,ACCOUNT,BENIGN,BACKGROUND_BENIGN
ACC-N-0879,ACCOUNT,BENIGN,BACKGROUND_BENIGN
ACC-N-0880,ACCOUNT,BENIGN,BACKGROUND_BENIGN
ACC-N-0881,ACCOUNT,BENIGN,BACKGROUND_BENIGN
ACC-N-0882,ACCOUNT,BENIGN,BACKGROUND_BENIGN
ACC-N-0883,ACCOUNT,BENIGN,BACKGROUND_BENIGN
ACC-N-0884,ACCOUNT,BENIGN,BACKGROUND_BENIGN
ACC-N-0885,ACCOUNT,BENIGN,BACKGROUND_BENIGN
ACC-N-0886,ACCOUNT,BENIGN,BACKGROUND_BENIGN
ACC-N-0887,ACCOUNT,BENIGN,BACKGROUND_BENIGN
ACC-N-0888,ACCOUNT,BENIGN,BACKGROUND_BENIGN
ACC-N-0889,ACCOUNT,BENIGN,BACKGROUND_BENIGN
ACC-N-0890,ACCOUNT,BENIGN,BACKGROUND_BENIGN
ACC-N-0891,ACCOUNT,BENIGN,BACKGROUND_BENIGN
ACC-N-0892,ACCOUNT,BENIGN,BACKGROUND_BENIGN
ACC-N-0893,ACCOUNT,BENIGN,BACKGROUND_BENIGN
ACC-N-0894,ACCOUNT,BENIGN,BACKGROUND_BENIGN
ACC-N-0895,ACCOUNT,BENIGN,BACKGROUND_BENIGN
ACC-N-0896,ACCOUNT,BENIGN,BACKGROUND_BENIGN
ACC-N-0897,ACCOUNT,BENIGN,BACKGROUND_BENIGN
ACC-N-0898,ACCOUNT,BENIGN,BACKGROUND_BENIGN
ACC-N-0899,ACCOUNT,BENIGN,BACKGROUND_BENIGN
ACC-N-0900,ACCOUNT,BENIGN,BACKGROUND_BENIGN
ACC-N-0901,ACCOUNT,BENIGN,BACKGROUND_BENIGN
ACC-N-0902,ACCOUNT,BENIGN,BACKGROUND_BENIGN
ACC-N-0903,ACCOUNT,BENIGN,BACKGROUND_BENIGN
ACC-N-0904,ACCOUNT,BENIGN,BACKGROUND_BENIGN
ACC-N-0905,ACCOUNT,BENIGN,BACKGROUND_BENIGN
ACC-N-0906,ACCOUNT,BENIGN,BACKGROUND_BENIGN
ACC-N-0907,ACCOUNT,BENIGN,BACKGROUND_BENIGN
ACC-N-0908,ACCOUNT,BENIGN,BACKGROUND_BENIGN
ACC-N-0909,ACCOUNT,BENIGN,BACKGROUND_BENIGN
ACC-N-0910,ACCOUNT,BENIGN,BACKGROUND_BENIGN
ACC-N-0911,ACCOUNT,BENIGN,BACKGROUND_BENIGN
ACC-N-0912,ACCOUNT,BENIGN,BACKGROUND_BENIGN
ACC-N-0913,ACCOUNT,BENIGN,BACKGROUND_BENIGN
ACC-N-0914,ACCOUNT,BENIGN,BACKGROUND_BENIGN
ACC-N-0915,ACCOUNT,BENIGN,BACKGROUND_BENIGN
ACC-N-0916,ACCOUNT,BENIGN,BACKGROUND_BENIGN
ACC-N-0917,ACCOUNT,BENIGN,BACKGROUND_BENIGN
ACC-N-0918,ACCOUNT,BENIGN,BACKGROUND_BENIGN
ACC-N-0919,ACCOUNT,BENIGN,BACKGROUND_BENIGN
ACC-N-0920,ACCOUNT,BENIGN,BACKGROUND_BENIGN
ACC-N-0921,ACCOUNT,BENIGN,BACKGROUND_BENIGN
ACC-N-0922,ACCOUNT,BENIGN,BACKGROUND_BENIGN
ACC-N-0923,ACCOUNT,BENIGN,BACKGROUND_BENIGN
ACC-N-0924,ACCOUNT,BENIGN,BACKGROUND_BENIGN
ACC-N-0925,ACCOUNT,BENIGN,BACKGROUND_BENIGN
ACC-N-0926,ACCOUNT,BENIGN,BACKGROUND_BENIGN
ACC-N-0927,ACCOUNT,BENIGN,BACKGROUND_BENIGN
ACC-N-0928,ACCOUNT,BENIGN,BACKGROUND_BENIGN
ACC-N-0929,ACCOUNT,BENIGN,BACKGROUND_BENIGN
ACC-N-0930,ACCOUNT,BENIGN,BACKGROUND_BENIGN
ACC-N-0931,ACCOUNT,BENIGN,BACKGROUND_BENIGN
ACC-N-0932,ACCOUNT,BENIGN,BACKGROUND_BENIGN
ACC-N-0933,ACCOUNT,BENIGN,BACKGROUND_BENIGN
ACC-N-0934,ACCOUNT,BENIGN,BACKGROUND_BENIGN
ACC-N-0935,ACCOUNT,BENIGN,BACKGROUND_BENIGN
ACC-N-0936,ACCOUNT,BENIGN,BACKGROUND_BENIGN
ACC-N-0937,ACCOUNT,BENIGN,BACKGROUND_BENIGN
ACC-N-0938,ACCOUNT,BENIGN,BACKGROUND_BENIGN
ACC-N-0939,ACCOUNT,BENIGN,BACKGROUND_BENIGN
ACC-N-0940,ACCOUNT,BENIGN,BACKGROUND_BENIGN
ACC-N-0941,ACCOUNT,BENIGN,BACKGROUND_BENIGN
ACC-N-0942,ACCOUNT,BENIGN,BACKGROUND_BENIGN
ACC-N-0943,ACCOUNT,BENIGN,BACKGROUND_BENIGN
ACC-N-0944,ACCOUNT,BENIGN,BACKGROUND_BENIGN
ACC-N-0945,ACCOUNT,BENIGN,BACKGROUND_BENIGN
ACC-N-0946,ACCOUNT,BENIGN,BACKGROUND_BENIGN
ACC-N-0947,ACCOUNT,BENIGN,BACKGROUND_BENIGN
ACC-N-0948,ACCOUNT,BENIGN,BACKGROUND_BENIGN
ACC-N-0949,ACCOUNT,BENIGN,BACKGROUND_BENIGN
ACC-N-0950,ACCOUNT,BENIGN,BACKGROUND_BENIGN
ACC-N-0951,ACCOUNT,BENIGN,BACKGROUND_BENIGN
ACC-N-0952,ACCOUNT,BENIGN,BACKGROUND_BENIGN
ACC-N-0953,ACCOUNT,BENIGN,BACKGROUND_BENIGN
ACC-N-0954,ACCOUNT,BENIGN,BACKGROUND_BENIGN
ACC-N-0955,ACCOUNT,BENIGN,BACKGROUND_BENIGN
ACC-N-0956,ACCOUNT,BENIGN,BACKGROUND_BENIGN
ACC-N-0957,ACCOUNT,BENIGN,BACKGROUND_BENIGN
ACC-N-0958,ACCOUNT,BENIGN,BACKGROUND_BENIGN
ACC-N-0959,ACCOUNT,BENIGN,BACKGROUND_BENIGN
ACC-N-0960,ACCOUNT,BENIGN,BACKGROUND_BENIGN
ACC-N-0961,ACCOUNT,BENIGN,BACKGROUND_BENIGN
ACC-N-0962,ACCOUNT,BENIGN,BACKGROUND_BENIGN
ACC-N-0963,ACCOUNT,BENIGN,BACKGROUND_BENIGN
ACC-N-0964,ACCOUNT,BENIGN,BACKGROUND_BENIGN
ACC-N-0965,ACCOUNT,BENIGN,BACKGROUND_BENIGN
ACC-N-0966,ACCOUNT,BENIGN,BACKGROUND_BENIGN
ACC-N-0967,ACCOUNT,BENIGN,BACKGROUND_BENIGN
ACC-N-0968,ACCOUNT,BENIGN,BACKGROUND_BENIGN
ACC-N-0969,ACCOUNT,BENIGN,BACKGROUND_BENIGN
ACC-N-0970,ACCOUNT,BENIGN,BACKGROUND_BENIGN
ACC-N-0971,ACCOUNT,BENIGN,BACKGROUND_BENIGN
ACC-N-0972,ACCOUNT,BENIGN,BACKGROUND_BENIGN
ACC-N-0973,ACCOUNT,BENIGN,BACKGROUND_BENIGN
ACC-N-0974,ACCOUNT,BENIGN,BACKGROUND_BENIGN
ACC-N-0975,ACCOUNT,BENIGN,BACKGROUND_BENIGN
ACC-N-0976,ACCOUNT,BENIGN,BACKGROUND_BENIGN
ACC-N-0977,ACCOUNT,BENIGN,BACKGROUND_BENIGN
ACC-N-0978,ACCOUNT,BENIGN,BACKGROUND_BENIGN
ACC-N-0979,ACCOUNT,BENIGN,BACKGROUND_BENIGN
ACC-N-0980,ACCOUNT,BENIGN,BACKGROUND_BENIGN
ACC-N-0981,ACCOUNT,BENIGN,BACKGROUND_BENIGN
ACC-N-0982,ACCOUNT,BENIGN,BACKGROUND_BENIGN
ACC-N-0983,ACCOUNT,BENIGN,BACKGROUND_BENIGN
ACC-N-0984,ACCOUNT,BENIGN,BACKGROUND_BENIGN
ACC-N-0985,ACCOUNT,BENIGN,BACKGROUND_BENIGN
ACC-N-0986,ACCOUNT,BENIGN,BACKGROUND_BENIGN
ACC-N-0987,ACCOUNT,BENIGN,BACKGROUND_BENIGN
ACC-N-0988,ACCOUNT,BENIGN,BACKGROUND_BENIGN
ACC-N-0989,ACCOUNT,BENIGN,BACKGROUND_BENIGN
ACC-N-0990,ACCOUNT,BENIGN,BACKGROUND_BENIGN
ACC-N-0991,ACCOUNT,BENIGN,BACKGROUND_BENIGN
ACC-N-0992,ACCOUNT,BENIGN,BACKGROUND_BENIGN
ACC-N-0993,ACCOUNT,BENIGN,BACKGROUND_BENIGN
ACC-N-0994,ACCOUNT,BENIGN,BACKGROUND_BENIGN
ACC-N-0995,ACCOUNT,BENIGN,BACKGROUND_BENIGN
ACC-N-0996,ACCOUNT,BENIGN,BACKGROUND_BENIGN
ACC-N-0997,ACCOUNT,BENIGN,BACKGROUND_BENIGN
ACC-N-0998,ACCOUNT,BENIGN,BACKGROUND_BENIGN
ACC-N-0999,ACCOUNT,BENIGN,BACKGROUND_BENIGN
ACC-N-1000,ACCOUNT,BENIGN,BACKGROUND_BENIGN
TX-A-001,TRANSACTION,SUSPICIOUS,SCENARIO_A_SMURFING_INSIDER_HELP
TX-A-002,TRANSACTION,SUSPICIOUS,SCENARIO_A_SMURFING_INSIDER_HELP
TX-A-003,TRANSACTION,SUSPICIOUS,SCENARIO_A_SMURFING_INSIDER_HELP
TX-A-004,TRANSACTION,SUSPICIOUS,SCENARIO_A_SMURFING_INSIDER_HELP
TX-B-001,TRANSACTION,SUSPICIOUS,SCENARIO_B_CIRCULAR_MONEY_FLOW
TX-B-002,TRANSACTION,SUSPICIOUS,SCENARIO_B_CIRCULAR_MONEY_FLOW
TX-B-003,TRANSACTION,SUSPICIOUS,SCENARIO_B_CIRCULAR_MONEY_FLOW
TX-C-PAY-001,TRANSACTION,BENIGN,SCENARIO_C_LEGITIMATE_HIGH_VOLUME_BASELINE
TX-C-PAY-002,TRANSACTION,BENIGN,SCENARIO_C_LEGITIMATE_HIGH_VOLUME_BASELINE
TX-C-PAY-003,TRANSACTION,BENIGN,SCENARIO_C_LEGITIMATE_HIGH_VOLUME_BASELINE
TX-C-PAY-004,TRANSACTION,BENIGN,SCENARIO_C_LEGITIMATE_HIGH_VOLUME_BASELINE
TX-C-PAY-005,TRANSACTION,BENIGN,SCENARIO_C_LEGITIMATE_HIGH_VOLUME_BASELINE
TX-C-PAY-006,TRANSACTION,BENIGN,SCENARIO_C_LEGITIMATE_HIGH_VOLUME_BASELINE
TX-C-PAY-007,TRANSACTION,BENIGN,SCENARIO_C_LEGITIMATE_HIGH_VOLUME_BASELINE
TX-C-PAY-008,TRANSACTION,BENIGN,SCENARIO_C_LEGITIMATE_HIGH_VOLUME_BASELINE
TX-C-PAY-009,TRANSACTION,BENIGN,SCENARIO_C_LEGITIMATE_HIGH_VOLUME_BASELINE
TX-C-PAY-010,TRANSACTION,BENIGN,SCENARIO_C_LEGITIMATE_HIGH_VOLUME_BASELINE
TX-C-PAY-011,TRANSACTION,BENIGN,SCENARIO_C_LEGITIMATE_HIGH_VOLUME_BASELINE
TX-C-PAY-012,TRANSACTION,BENIGN,SCENARIO_C_LEGITIMATE_HIGH_VOLUME_BASELINE
TX-C-HNW-001,TRANSACTION,BENIGN,SCENARIO_C_LEGITIMATE_HIGH_VOLUME_BASELINE
TX-C-HNW-002,TRANSACTION,BENIGN,SCENARIO_C_LEGITIMATE_HIGH_VOLUME_BASELINE
TX-C-HNW-003,TRANSACTION,BENIGN,SCENARIO_C_LEGITIMATE_HIGH_VOLUME_BASELINE
TX-C-HNW-004,TRANSACTION,BENIGN,SCENARIO_C_LEGITIMATE_HIGH_VOLUME_BASELINE
TX-C-HNW-005,TRANSACTION,BENIGN,SCENARIO_C_LEGITIMATE_HIGH_VOLUME_BASELINE
TX-C-HNW-006,TRANSACTION,BENIGN,SCENARIO_C_LEGITIMATE_HIGH_VOLUME_BASELINE
TX-A-002-1,TRANSACTION,SUSPICIOUS,SCENARIO_A_SMURFING_INSIDER_HELP
TX-A-002-2,TRANSACTION,SUSPICIOUS,SCENARIO_A_SMURFING_INSIDER_HELP
TX-A-002-3,TRANSACTION,SUSPICIOUS,SCENARIO_A_SMURFING_INSIDER_HELP
TX-A-002-4,TRANSACTION,SUSPICIOUS,SCENARIO_A_SMURFING_INSIDER_HELP
TX-A-003-1,TRANSACTION,SUSPICIOUS,SCENARIO_A_SMURFING_INSIDER_HELP
TX-A-003-2,TRANSACTION,SUSPICIOUS,SCENARIO_A_SMURFING_INSIDER_HELP
TX-A-003-3,TRANSACTION,SUSPICIOUS,SCENARIO_A_SMURFING_INSIDER_HELP
TX-A-003-4,TRANSACTION,SUSPICIOUS,SCENARIO_A_SMURFING_INSIDER_HELP
TX-A-004-1,TRANSACTION,SUSPICIOUS,SCENARIO_A_SMURFING_INSIDER_HELP
TX-A-004-2,TRANSACTION,SUSPICIOUS,SCENARIO_A_SMURFING_INSIDER_HELP
TX-A-004-3,TRANSACTION,SUSPICIOUS,SCENARIO_A_SMURFING_INSIDER_HELP
TX-A-004-4,TRANSACTION,SUSPICIOUS,SCENARIO_A_SMURFING_INSIDER_HELP
TX-A-005-1,TRANSACTION,SUSPICIOUS,SCENARIO_A_SMURFING_INSIDER_HELP
TX-A-005-2,TRANSACTION,SUSPICIOUS,SCENARIO_A_SMURFING_INSIDER_HELP
TX-A-005-3,TRANSACTION,SUSPICIOUS,SCENARIO_A_SMURFING_INSIDER_HELP
TX-A-005-4,TRANSACTION,SUSPICIOUS,SCENARIO_A_SMURFING_INSIDER_HELP
TX-A-006-1,TRANSACTION,SUSPICIOUS,SCENARIO_A_SMURFING_INSIDER_HELP
TX-A-006-2,TRANSACTION,SUSPICIOUS,SCENARIO_A_SMURFING_INSIDER_HELP
TX-A-006-3,TRANSACTION,SUSPICIOUS,SCENARIO_A_SMURFING_INSIDER_HELP
TX-A-006-4,TRANSACTION,SUSPICIOUS,SCENARIO_A_SMURFING_INSIDER_HELP
TX-A-007-1,TRANSACTION,SUSPICIOUS,SCENARIO_A_SMURFING_INSIDER_HELP
TX-A-007-2,TRANSACTION,SUSPICIOUS,SCENARIO_A_SMURFING_INSIDER_HELP
TX-A-007-3,TRANSACTION,SUSPICIOUS,SCENARIO_A_SMURFING_INSIDER_HELP
TX-A-007-4,TRANSACTION,SUSPICIOUS,SCENARIO_A_SMURFING_INSIDER_HELP
TX-A-008-1,TRANSACTION,SUSPICIOUS,SCENARIO_A_SMURFING_INSIDER_HELP
TX-A-008-2,TRANSACTION,SUSPICIOUS,SCENARIO_A_SMURFING_INSIDER_HELP
TX-A-008-3,TRANSACTION,SUSPICIOUS,SCENARIO_A_SMURFING_INSIDER_HELP
TX-A-008-4,TRANSACTION,SUSPICIOUS,SCENARIO_A_SMURFING_INSIDER_HELP
TX-A-009-1,TRANSACTION,SUSPICIOUS,SCENARIO_A_SMURFING_INSIDER_HELP
TX-A-009-2,TRANSACTION,SUSPICIOUS,SCENARIO_A_SMURFING_INSIDER_HELP
TX-A-009-3,TRANSACTION,SUSPICIOUS,SCENARIO_A_SMURFING_INSIDER_HELP
TX-A-009-4,TRANSACTION,SUSPICIOUS,SCENARIO_A_SMURFING_INSIDER_HELP
TX-A-010-1,TRANSACTION,SUSPICIOUS,SCENARIO_A_SMURFING_INSIDER_HELP
TX-A-010-2,TRANSACTION,SUSPICIOUS,SCENARIO_A_SMURFING_INSIDER_HELP
TX-A-010-3,TRANSACTION,SUSPICIOUS,SCENARIO_A_SMURFING_INSIDER_HELP
TX-A-010-4,TRANSACTION,SUSPICIOUS,SCENARIO_A_SMURFING_INSIDER_HELP
TX-A-011-1,TRANSACTION,SUSPICIOUS,SCENARIO_A_SMURFING_INSIDER_HELP
TX-A-011-2,TRANSACTION,SUSPICIOUS,SCENARIO_A_SMURFING_INSIDER_HELP
TX-A-011-3,TRANSACTION,SUSPICIOUS,SCENARIO_A_SMURFING_INSIDER_HELP
TX-A-011-4,TRANSACTION,SUSPICIOUS,SCENARIO_A_SMURFING_INSIDER_HELP
TX-A-012-1,TRANSACTION,SUSPICIOUS,SCENARIO_A_SMURFING_INSIDER_HELP
TX-A-012-2,TRANSACTION,SUSPICIOUS,SCENARIO_A_SMURFING_INSIDER_HELP
TX-A-012-3,TRANSACTION,SUSPICIOUS,SCENARIO_A_SMURFING_INSIDER_HELP
TX-A-012-4,TRANSACTION,SUSPICIOUS,SCENARIO_A_SMURFING_INSIDER_HELP
TX-A-013-1,TRANSACTION,SUSPICIOUS,SCENARIO_A_SMURFING_INSIDER_HELP
TX-A-013-2,TRANSACTION,SUSPICIOUS,SCENARIO_A_SMURFING_INSIDER_HELP
TX-A-013-3,TRANSACTION,SUSPICIOUS,SCENARIO_A_SMURFING_INSIDER_HELP
TX-A-013-4,TRANSACTION,SUSPICIOUS,SCENARIO_A_SMURFING_INSIDER_HELP
TX-A-014-1,TRANSACTION,SUSPICIOUS,SCENARIO_A_SMURFING_INSIDER_HELP
TX-A-014-2,TRANSACTION,SUSPICIOUS,SCENARIO_A_SMURFING_INSIDER_HELP
TX-A-014-3,TRANSACTION,SUSPICIOUS,SCENARIO_A_SMURFING_INSIDER_HELP
TX-A-014-4,TRANSACTION,SUSPICIOUS,SCENARIO_A_SMURFING_INSIDER_HELP
TX-A-015-1,TRANSACTION,SUSPICIOUS,SCENARIO_A_SMURFING_INSIDER_HELP
TX-A-015-2,TRANSACTION,SUSPICIOUS,SCENARIO_A_SMURFING_INSIDER_HELP
TX-A-015-3,TRANSACTION,SUSPICIOUS,SCENARIO_A_SMURFING_INSIDER_HELP
TX-A-015-4,TRANSACTION,SUSPICIOUS,SCENARIO_A_SMURFING_INSIDER_HELP
TX-A-016-1,TRANSACTION,SUSPICIOUS,SCENARIO_A_SMURFING_INSIDER_HELP
TX-A-016-2,TRANSACTION,SUSPICIOUS,SCENARIO_A_SMURFING_INSIDER_HELP
TX-A-016-3,TRANSACTION,SUSPICIOUS,SCENARIO_A_SMURFING_INSIDER_HELP
TX-A-016-4,TRANSACTION,SUSPICIOUS,SCENARIO_A_SMURFING_INSIDER_HELP
TX-A-017-1,TRANSACTION,SUSPICIOUS,SCENARIO_A_SMURFING_INSIDER_HELP
TX-A-017-2,TRANSACTION,SUSPICIOUS,SCENARIO_A_SMURFING_INSIDER_HELP
TX-A-017-3,TRANSACTION,SUSPICIOUS,SCENARIO_A_SMURFING_INSIDER_HELP
TX-A-017-4,TRANSACTION,SUSPICIOUS,SCENARIO_A_SMURFING_INSIDER_HELP
TX-A-018-1,TRANSACTION,SUSPICIOUS,SCENARIO_A_SMURFING_INSIDER_HELP
TX-A-018-2,TRANSACTION,SUSPICIOUS,SCENARIO_A_SMURFING_INSIDER_HELP
TX-A-018-3,TRANSACTION,SUSPICIOUS,SCENARIO_A_SMURFING_INSIDER_HELP
TX-A-018-4,TRANSACTION,SUSPICIOUS,SCENARIO_A_SMURFING_INSIDER_HELP
TX-A-019-1,TRANSACTION,SUSPICIOUS,SCENARIO_A_SMURFING_INSIDER_HELP
TX-A-019-2,TRANSACTION,SUSPICIOUS,SCENARIO_A_SMURFING_INSIDER_HELP
TX-A-019-3,TRANSACTION,SUSPICIOUS,SCENARIO_A_SMURFING_INSIDER_HELP
TX-A-019-4,TRANSACTION,SUSPICIOUS,SCENARIO_A_SMURFING_INSIDER_HELP
TX-A-020-1,TRANSACTION,SUSPICIOUS,SCENARIO_A_SMURFING_INSIDER_HELP
TX-A-020-2,TRANSACTION,SUSPICIOUS,SCENARIO_A_SMURFING_INSIDER_HELP
TX-A-020-3,TRANSACTION,SUSPICIOUS,SCENARIO_A_SMURFING_INSIDER_HELP
TX-A-020-4,TRANSACTION,SUSPICIOUS,SCENARIO_A_SMURFING_INSIDER_HELP
TX-A-021-1,TRANSACTION,SUSPICIOUS,SCENARIO_A_SMURFING_INSIDER_HELP
TX-A-021-2,TRANSACTION,SUSPICIOUS,SCENARIO_A_SMURFING_INSIDER_HELP
TX-A-021-3,TRANSACTION,SUSPICIOUS,SCENARIO_A_SMURFING_INSIDER_HELP
TX-A-021-4,TRANSACTION,SUSPICIOUS,SCENARIO_A_SMURFING_INSIDER_HELP
TX-A-022-1,TRANSACTION,SUSPICIOUS,SCENARIO_A_SMURFING_INSIDER_HELP
TX-A-022-2,TRANSACTION,SUSPICIOUS,SCENARIO_A_SMURFING_INSIDER_HELP
TX-A-022-3,TRANSACTION,SUSPICIOUS,SCENARIO_A_SMURFING_INSIDER_HELP
TX-A-022-4,TRANSACTION,SUSPICIOUS,SCENARIO_A_SMURFING_INSIDER_HELP
TX-A-023-1,TRANSACTION,SUSPICIOUS,SCENARIO_A_SMURFING_INSIDER_HELP
TX-A-023-2,TRANSACTION,SUSPICIOUS,SCENARIO_A_SMURFING_INSIDER_HELP
TX-A-023-3,TRANSACTION,SUSPICIOUS,SCENARIO_A_SMURFING_INSIDER_HELP
TX-A-023-4,TRANSACTION,SUSPICIOUS,SCENARIO_A_SMURFING_INSIDER_HELP
TX-A-024-1,TRANSACTION,SUSPICIOUS,SCENARIO_A_SMURFING_INSIDER_HELP
TX-A-024-2,TRANSACTION,SUSPICIOUS,SCENARIO_A_SMURFING_INSIDER_HELP
TX-A-024-3,TRANSACTION,SUSPICIOUS,SCENARIO_A_SMURFING_INSIDER_HELP
TX-A-024-4,TRANSACTION,SUSPICIOUS,SCENARIO_A_SMURFING_INSIDER_HELP
TX-A-025-1,TRANSACTION,SUSPICIOUS,SCENARIO_A_SMURFING_INSIDER_HELP
TX-A-025-2,TRANSACTION,SUSPICIOUS,SCENARIO_A_SMURFING_INSIDER_HELP
TX-A-025-3,TRANSACTION,SUSPICIOUS,SCENARIO_A_SMURFING_INSIDER_HELP
TX-A-025-4,TRANSACTION,SUSPICIOUS,SCENARIO_A_SMURFING_INSIDER_HELP
TX-A-026-1,TRANSACTION,SUSPICIOUS,SCENARIO_A_SMURFING_INSIDER_HELP
TX-A-026-2,TRANSACTION,SUSPICIOUS,SCENARIO_A_SMURFING_INSIDER_HELP
TX-A-026-3,TRANSACTION,SUSPICIOUS,SCENARIO_A_SMURFING_INSIDER_HELP
TX-A-026-4,TRANSACTION,SUSPICIOUS,SCENARIO_A_SMURFING_INSIDER_HELP
TX-A-027-1,TRANSACTION,SUSPICIOUS,SCENARIO_A_SMURFING_INSIDER_HELP
TX-A-027-2,TRANSACTION,SUSPICIOUS,SCENARIO_A_SMURFING_INSIDER_HELP
TX-A-027-3,TRANSACTION,SUSPICIOUS,SCENARIO_A_SMURFING_INSIDER_HELP
TX-A-027-4,TRANSACTION,SUSPICIOUS,SCENARIO_A_SMURFING_INSIDER_HELP
TX-A-028-1,TRANSACTION,SUSPICIOUS,SCENARIO_A_SMURFING_INSIDER_HELP
TX-A-028-2,TRANSACTION,SUSPICIOUS,SCENARIO_A_SMURFING_INSIDER_HELP
TX-A-028-3,TRANSACTION,SUSPICIOUS,SCENARIO_A_SMURFING_INSIDER_HELP
TX-A-028-4,TRANSACTION,SUSPICIOUS,SCENARIO_A_SMURFING_INSIDER_HELP
TX-A-029-1,TRANSACTION,SUSPICIOUS,SCENARIO_A_SMURFING_INSIDER_HELP
TX-A-029-2,TRANSACTION,SUSPICIOUS,SCENARIO_A_SMURFING_INSIDER_HELP
TX-A-029-3,TRANSACTION,SUSPICIOUS,SCENARIO_A_SMURFING_INSIDER_HELP
TX-A-029-4,TRANSACTION,SUSPICIOUS,SCENARIO_A_SMURFING_INSIDER_HELP
TX-A-030-1,TRANSACTION,SUSPICIOUS,SCENARIO_A_SMURFING_INSIDER_HELP
TX-A-030-2,TRANSACTION,SUSPICIOUS,SCENARIO_A_SMURFING_INSIDER_HELP
TX-A-030-3,TRANSACTION,SUSPICIOUS,SCENARIO_A_SMURFING_INSIDER_HELP
TX-A-030-4,TRANSACTION,SUSPICIOUS,SCENARIO_A_SMURFING_INSIDER_HELP
TX-A-031-1,TRANSACTION,SUSPICIOUS,SCENARIO_A_SMURFING_INSIDER_HELP
TX-A-031-2,TRANSACTION,SUSPICIOUS,SCENARIO_A_SMURFING_INSIDER_HELP
TX-A-031-3,TRANSACTION,SUSPICIOUS,SCENARIO_A_SMURFING_INSIDER_HELP
TX-A-031-4,TRANSACTION,SUSPICIOUS,SCENARIO_A_SMURFING_INSIDER_HELP
TX-A-032-1,TRANSACTION,SUSPICIOUS,SCENARIO_A_SMURFING_INSIDER_HELP
TX-A-032-2,TRANSACTION,SUSPICIOUS,SCENARIO_A_SMURFING_INSIDER_HELP
TX-A-032-3,TRANSACTION,SUSPICIOUS,SCENARIO_A_SMURFING_INSIDER_HELP
TX-A-032-4,TRANSACTION,SUSPICIOUS,SCENARIO_A_SMURFING_INSIDER_HELP
TX-A-033-1,TRANSACTION,SUSPICIOUS,SCENARIO_A_SMURFING_INSIDER_HELP
TX-A-033-2,TRANSACTION,SUSPICIOUS,SCENARIO_A_SMURFING_INSIDER_HELP
TX-A-033-3,TRANSACTION,SUSPICIOUS,SCENARIO_A_SMURFING_INSIDER_HELP
TX-A-033-4,TRANSACTION,SUSPICIOUS,SCENARIO_A_SMURFING_INSIDER_HELP
TX-A-034-1,TRANSACTION,SUSPICIOUS,SCENARIO_A_SMURFING_INSIDER_HELP
TX-A-034-2,TRANSACTION,SUSPICIOUS,SCENARIO_A_SMURFING_INSIDER_HELP
TX-A-034-3,TRANSACTION,SUSPICIOUS,SCENARIO_A_SMURFING_INSIDER_HELP
TX-A-034-4,TRANSACTION,SUSPICIOUS,SCENARIO_A_SMURFING_INSIDER_HELP
TX-A-035-1,TRANSACTION,SUSPICIOUS,SCENARIO_A_SMURFING_INSIDER_HELP
TX-A-035-2,TRANSACTION,SUSPICIOUS,SCENARIO_A_SMURFING_INSIDER_HELP
TX-A-035-3,TRANSACTION,SUSPICIOUS,SCENARIO_A_SMURFING_INSIDER_HELP
TX-A-035-4,TRANSACTION,SUSPICIOUS,SCENARIO_A_SMURFING_INSIDER_HELP
TX-A-036-1,TRANSACTION,SUSPICIOUS,SCENARIO_A_SMURFING_INSIDER_HELP
TX-A-036-2,TRANSACTION,SUSPICIOUS,SCENARIO_A_SMURFING_INSIDER_HELP
TX-A-036-3,TRANSACTION,SUSPICIOUS,SCENARIO_A_SMURFING_INSIDER_HELP
TX-A-036-4,TRANSACTION,SUSPICIOUS,SCENARIO_A_SMURFING_INSIDER_HELP
TX-A-037-1,TRANSACTION,SUSPICIOUS,SCENARIO_A_SMURFING_INSIDER_HELP
TX-A-037-2,TRANSACTION,SUSPICIOUS,SCENARIO_A_SMURFING_INSIDER_HELP
TX-A-037-3,TRANSACTION,SUSPICIOUS,SCENARIO_A_SMURFING_INSIDER_HELP
TX-A-037-4,TRANSACTION,SUSPICIOUS,SCENARIO_A_SMURFING_INSIDER_HELP
TX-A-038-1,TRANSACTION,SUSPICIOUS,SCENARIO_A_SMURFING_INSIDER_HELP
TX-A-038-2,TRANSACTION,SUSPICIOUS,SCENARIO_A_SMURFING_INSIDER_HELP
TX-A-038-3,TRANSACTION,SUSPICIOUS,SCENARIO_A_SMURFING_INSIDER_HELP
TX-A-038-4,TRANSACTION,SUSPICIOUS,SCENARIO_A_SMURFING_INSIDER_HELP
TX-A-039-1,TRANSACTION,SUSPICIOUS,SCENARIO_A_SMURFING_INSIDER_HELP
TX-A-039-2,TRANSACTION,SUSPICIOUS,SCENARIO_A_SMURFING_INSIDER_HELP
TX-A-039-3,TRANSACTION,SUSPICIOUS,SCENARIO_A_SMURFING_INSIDER_HELP
TX-A-039-4,TRANSACTION,SUSPICIOUS,SCENARIO_A_SMURFING_INSIDER_HELP
TX-A-040-1,TRANSACTION,SUSPICIOUS,SCENARIO_A_SMURFING_INSIDER_HELP
TX-A-040-2,TRANSACTION,SUSPICIOUS,SCENARIO_A_SMURFING_INSIDER_HELP
TX-A-040-3,TRANSACTION,SUSPICIOUS,SCENARIO_A_SMURFING_INSIDER_HELP
TX-A-040-4,TRANSACTION,SUSPICIOUS,SCENARIO_A_SMURFING_INSIDER_HELP
TX-A-041-1,TRANSACTION,SUSPICIOUS,SCENARIO_A_SMURFING_INSIDER_HELP
TX-A-041-2,TRANSACTION,SUSPICIOUS,SCENARIO_A_SMURFING_INSIDER_HELP
TX-A-041-3,TRANSACTION,SUSPICIOUS,SCENARIO_A_SMURFING_INSIDER_HELP
TX-A-041-4,TRANSACTION,SUSPICIOUS,SCENARIO_A_SMURFING_INSIDER_HELP
TX-A-042-1,TRANSACTION,SUSPICIOUS,SCENARIO_A_SMURFING_INSIDER_HELP
TX-A-042-2,TRANSACTION,SUSPICIOUS,SCENARIO_A_SMURFING_INSIDER_HELP
TX-A-042-3,TRANSACTION,SUSPICIOUS,SCENARIO_A_SMURFING_INSIDER_HELP
TX-A-042-4,TRANSACTION,SUSPICIOUS,SCENARIO_A_SMURFING_INSIDER_HELP
TX-A-043-1,TRANSACTION,SUSPICIOUS,SCENARIO_A_SMURFING_INSIDER_HELP
TX-A-043-2,TRANSACTION,SUSPICIOUS,SCENARIO_A_SMURFING_INSIDER_HELP
TX-A-043-3,TRANSACTION,SUSPICIOUS,SCENARIO_A_SMURFING_INSIDER_HELP
TX-A-043-4,TRANSACTION,SUSPICIOUS,SCENARIO_A_SMURFING_INSIDER_HELP
TX-A-044-1,TRANSACTION,SUSPICIOUS,SCENARIO_A_SMURFING_INSIDER_HELP
TX-A-044-2,TRANSACTION,SUSPICIOUS,SCENARIO_A_SMURFING_INSIDER_HELP
TX-A-044-3,TRANSACTION,SUSPICIOUS,SCENARIO_A_SMURFING_INSIDER_HELP
TX-A-044-4,TRANSACTION,SUSPICIOUS,SCENARIO_A_SMURFING_INSIDER_HELP
TX-A-045-1,TRANSACTION,SUSPICIOUS,SCENARIO_A_SMURFING_INSIDER_HELP
TX-A-045-2,TRANSACTION,SUSPICIOUS,SCENARIO_A_SMURFING_INSIDER_HELP
TX-A-045-3,TRANSACTION,SUSPICIOUS,SCENARIO_A_SMURFING_INSIDER_HELP
TX-A-045-4,TRANSACTION,SUSPICIOUS,SCENARIO_A_SMURFING_INSIDER_HELP
TX-A-046-1,TRANSACTION,SUSPICIOUS,SCENARIO_A_SMURFING_INSIDER_HELP
TX-A-046-2,TRANSACTION,SUSPICIOUS,SCENARIO_A_SMURFING_INSIDER_HELP
TX-A-046-3,TRANSACTION,SUSPICIOUS,SCENARIO_A_SMURFING_INSIDER_HELP
TX-A-046-4,TRANSACTION,SUSPICIOUS,SCENARIO_A_SMURFING_INSIDER_HELP
TX-A-047-1,TRANSACTION,SUSPICIOUS,SCENARIO_A_SMURFING_INSIDER_HELP
TX-A-047-2,TRANSACTION,SUSPICIOUS,SCENARIO_A_SMURFING_INSIDER_HELP
TX-A-047-3,TRANSACTION,SUSPICIOUS,SCENARIO_A_SMURFING_INSIDER_HELP
TX-A-047-4,TRANSACTION,SUSPICIOUS,SCENARIO_A_SMURFING_INSIDER_HELP
TX-A-048-1,TRANSACTION,SUSPICIOUS,SCENARIO_A_SMURFING_INSIDER_HELP
TX-A-048-2,TRANSACTION,SUSPICIOUS,SCENARIO_A_SMURFING_INSIDER_HELP
TX-A-048-3,TRANSACTION,SUSPICIOUS,SCENARIO_A_SMURFING_INSIDER_HELP
TX-A-048-4,TRANSACTION,SUSPICIOUS,SCENARIO_A_SMURFING_INSIDER_HELP
TX-A-049-1,TRANSACTION,SUSPICIOUS,SCENARIO_A_SMURFING_INSIDER_HELP
TX-A-049-2,TRANSACTION,SUSPICIOUS,SCENARIO_A_SMURFING_INSIDER_HELP
TX-A-049-3,TRANSACTION,SUSPICIOUS,SCENARIO_A_SMURFING_INSIDER_HELP
TX-A-049-4,TRANSACTION,SUSPICIOUS,SCENARIO_A_SMURFING_INSIDER_HELP
TX-A-050-1,TRANSACTION,SUSPICIOUS,SCENARIO_A_SMURFING_INSIDER_HELP
TX-A-050-2,TRANSACTION,SUSPICIOUS,SCENARIO_A_SMURFING_INSIDER_HELP
TX-A-050-3,TRANSACTION,SUSPICIOUS,SCENARIO_A_SMURFING_INSIDER_HELP
TX-A-050-4,TRANSACTION,SUSPICIOUS,SCENARIO_A_SMURFING_INSIDER_HELP
TX-A-051-1,TRANSACTION,SUSPICIOUS,SCENARIO_A_SMURFING_INSIDER_HELP
TX-A-051-2,TRANSACTION,SUSPICIOUS,SCENARIO_A_SMURFING_INSIDER_HELP
TX-A-051-3,TRANSACTION,SUSPICIOUS,SCENARIO_A_SMURFING_INSIDER_HELP
TX-A-051-4,TRANSACTION,SUSPICIOUS,SCENARIO_A_SMURFING_INSIDER_HELP
TX-A-052-1,TRANSACTION,SUSPICIOUS,SCENARIO_A_SMURFING_INSIDER_HELP
TX-A-052-2,TRANSACTION,SUSPICIOUS,SCENARIO_A_SMURFING_INSIDER_HELP
TX-A-052-3,TRANSACTION,SUSPICIOUS,SCENARIO_A_SMURFING_INSIDER_HELP
TX-A-052-4,TRANSACTION,SUSPICIOUS,SCENARIO_A_SMURFING_INSIDER_HELP
TX-A-053-1,TRANSACTION,SUSPICIOUS,SCENARIO_A_SMURFING_INSIDER_HELP
TX-A-053-2,TRANSACTION,SUSPICIOUS,SCENARIO_A_SMURFING_INSIDER_HELP
TX-A-053-3,TRANSACTION,SUSPICIOUS,SCENARIO_A_SMURFING_INSIDER_HELP
TX-A-053-4,TRANSACTION,SUSPICIOUS,SCENARIO_A_SMURFING_INSIDER_HELP
TX-A-054-1,TRANSACTION,SUSPICIOUS,SCENARIO_A_SMURFING_INSIDER_HELP
TX-A-054-2,TRANSACTION,SUSPICIOUS,SCENARIO_A_SMURFING_INSIDER_HELP
TX-A-054-3,TRANSACTION,SUSPICIOUS,SCENARIO_A_SMURFING_INSIDER_HELP
TX-A-054-4,TRANSACTION,SUSPICIOUS,SCENARIO_A_SMURFING_INSIDER_HELP
TX-A-055-1,TRANSACTION,SUSPICIOUS,SCENARIO_A_SMURFING_INSIDER_HELP
TX-A-055-2,TRANSACTION,SUSPICIOUS,SCENARIO_A_SMURFING_INSIDER_HELP
TX-A-055-3,TRANSACTION,SUSPICIOUS,SCENARIO_A_SMURFING_INSIDER_HELP
TX-A-055-4,TRANSACTION,SUSPICIOUS,SCENARIO_A_SMURFING_INSIDER_HELP
TX-A-056-1,TRANSACTION,SUSPICIOUS,SCENARIO_A_SMURFING_INSIDER_HELP
TX-A-056-2,TRANSACTION,SUSPICIOUS,SCENARIO_A_SMURFING_INSIDER_HELP
TX-A-056-3,TRANSACTION,SUSPICIOUS,SCENARIO_A_SMURFING_INSIDER_HELP
TX-A-056-4,TRANSACTION,SUSPICIOUS,SCENARIO_A_SMURFING_INSIDER_HELP
TX-A-057-1,TRANSACTION,SUSPICIOUS,SCENARIO_A_SMURFING_INSIDER_HELP
TX-A-057-2,TRANSACTION,SUSPICIOUS,SCENARIO_A_SMURFING_INSIDER_HELP
TX-A-057-3,TRANSACTION,SUSPICIOUS,SCENARIO_A_SMURFING_INSIDER_HELP
TX-A-057-4,TRANSACTION,SUSPICIOUS,SCENARIO_A_SMURFING_INSIDER_HELP
TX-A-058-1,TRANSACTION,SUSPICIOUS,SCENARIO_A_SMURFING_INSIDER_HELP
TX-A-058-2,TRANSACTION,SUSPICIOUS,SCENARIO_A_SMURFING_INSIDER_HELP
TX-A-058-3,TRANSACTION,SUSPICIOUS,SCENARIO_A_SMURFING_INSIDER_HELP
TX-A-058-4,TRANSACTION,SUSPICIOUS,SCENARIO_A_SMURFING_INSIDER_HELP
TX-A-059-1,TRANSACTION,SUSPICIOUS,SCENARIO_A_SMURFING_INSIDER_HELP
TX-A-059-2,TRANSACTION,SUSPICIOUS,SCENARIO_A_SMURFING_INSIDER_HELP
TX-A-059-3,TRANSACTION,SUSPICIOUS,SCENARIO_A_SMURFING_INSIDER_HELP
TX-A-059-4,TRANSACTION,SUSPICIOUS,SCENARIO_A_SMURFING_INSIDER_HELP
TX-A-060-1,TRANSACTION,SUSPICIOUS,SCENARIO_A_SMURFING_INSIDER_HELP
TX-A-060-2,TRANSACTION,SUSPICIOUS,SCENARIO_A_SMURFING_INSIDER_HELP
TX-A-060-3,TRANSACTION,SUSPICIOUS,SCENARIO_A_SMURFING_INSIDER_HELP
TX-A-060-4,TRANSACTION,SUSPICIOUS,SCENARIO_A_SMURFING_INSIDER_HELP
TX-A-061-1,TRANSACTION,SUSPICIOUS,SCENARIO_A_SMURFING_INSIDER_HELP
TX-A-061-2,TRANSACTION,SUSPICIOUS,SCENARIO_A_SMURFING_INSIDER_HELP
TX-A-061-3,TRANSACTION,SUSPICIOUS,SCENARIO_A_SMURFING_INSIDER_HELP
TX-A-061-4,TRANSACTION,SUSPICIOUS,SCENARIO_A_SMURFING_INSIDER_HELP
TX-A-062-1,TRANSACTION,SUSPICIOUS,SCENARIO_A_SMURFING_INSIDER_HELP
TX-A-062-2,TRANSACTION,SUSPICIOUS,SCENARIO_A_SMURFING_INSIDER_HELP
TX-A-062-3,TRANSACTION,SUSPICIOUS,SCENARIO_A_SMURFING_INSIDER_HELP
TX-A-062-4,TRANSACTION,SUSPICIOUS,SCENARIO_A_SMURFING_INSIDER_HELP
TX-A-063-1,TRANSACTION,SUSPICIOUS,SCENARIO_A_SMURFING_INSIDER_HELP
TX-A-063-2,TRANSACTION,SUSPICIOUS,SCENARIO_A_SMURFING_INSIDER_HELP
TX-A-063-3,TRANSACTION,SUSPICIOUS,SCENARIO_A_SMURFING_INSIDER_HELP
TX-A-063-4,TRANSACTION,SUSPICIOUS,SCENARIO_A_SMURFING_INSIDER_HELP
TX-A-064-1,TRANSACTION,SUSPICIOUS,SCENARIO_A_SMURFING_INSIDER_HELP
TX-A-064-2,TRANSACTION,SUSPICIOUS,SCENARIO_A_SMURFING_INSIDER_HELP
TX-A-064-3,TRANSACTION,SUSPICIOUS,SCENARIO_A_SMURFING_INSIDER_HELP
TX-A-064-4,TRANSACTION,SUSPICIOUS,SCENARIO_A_SMURFING_INSIDER_HELP
TX-A-065-1,TRANSACTION,SUSPICIOUS,SCENARIO_A_SMURFING_INSIDER_HELP
TX-A-065-2,TRANSACTION,SUSPICIOUS,SCENARIO_A_SMURFING_INSIDER_HELP
TX-A-065-3,TRANSACTION,SUSPICIOUS,SCENARIO_A_SMURFING_INSIDER_HELP
TX-A-065-4,TRANSACTION,SUSPICIOUS,SCENARIO_A_SMURFING_INSIDER_HELP
TX-A-066-1,TRANSACTION,SUSPICIOUS,SCENARIO_A_SMURFING_INSIDER_HELP
TX-A-066-2,TRANSACTION,SUSPICIOUS,SCENARIO_A_SMURFING_INSIDER_HELP
TX-A-066-3,TRANSACTION,SUSPICIOUS,SCENARIO_A_SMURFING_INSIDER_HELP
TX-A-066-4,TRANSACTION,SUSPICIOUS,SCENARIO_A_SMURFING_INSIDER_HELP
TX-A-067-1,TRANSACTION,SUSPICIOUS,SCENARIO_A_SMURFING_INSIDER_HELP
TX-A-067-2,TRANSACTION,SUSPICIOUS,SCENARIO_A_SMURFING_INSIDER_HELP
TX-A-067-3,TRANSACTION,SUSPICIOUS,SCENARIO_A_SMURFING_INSIDER_HELP
TX-A-067-4,TRANSACTION,SUSPICIOUS,SCENARIO_A_SMURFING_INSIDER_HELP
TX-A-068-1,TRANSACTION,SUSPICIOUS,SCENARIO_A_SMURFING_INSIDER_HELP
TX-A-068-2,TRANSACTION,SUSPICIOUS,SCENARIO_A_SMURFING_INSIDER_HELP
TX-A-068-3,TRANSACTION,SUSPICIOUS,SCENARIO_A_SMURFING_INSIDER_HELP
TX-A-068-4,TRANSACTION,SUSPICIOUS,SCENARIO_A_SMURFING_INSIDER_HELP
TX-A-069-1,TRANSACTION,SUSPICIOUS,SCENARIO_A_SMURFING_INSIDER_HELP
TX-A-069-2,TRANSACTION,SUSPICIOUS,SCENARIO_A_SMURFING_INSIDER_HELP
TX-A-069-3,TRANSACTION,SUSPICIOUS,SCENARIO_A_SMURFING_INSIDER_HELP
TX-A-069-4,TRANSACTION,SUSPICIOUS,SCENARIO_A_SMURFING_INSIDER_HELP
TX-A-070-1,TRANSACTION,SUSPICIOUS,SCENARIO_A_SMURFING_INSIDER_HELP
TX-A-070-2,TRANSACTION,SUSPICIOUS,SCENARIO_A_SMURFING_INSIDER_HELP
TX-A-070-3,TRANSACTION,SUSPICIOUS,SCENARIO_A_SMURFING_INSIDER_HELP
TX-A-070-4,TRANSACTION,SUSPICIOUS,SCENARIO_A_SMURFING_INSIDER_HELP
TX-A-071-1,TRANSACTION,SUSPICIOUS,SCENARIO_A_SMURFING_INSIDER_HELP
TX-A-071-2,TRANSACTION,SUSPICIOUS,SCENARIO_A_SMURFING_INSIDER_HELP
TX-A-071-3,TRANSACTION,SUSPICIOUS,SCENARIO_A_SMURFING_INSIDER_HELP
TX-A-071-4,TRANSACTION,SUSPICIOUS,SCENARIO_A_SMURFING_INSIDER_HELP
TX-A-072-1,TRANSACTION,SUSPICIOUS,SCENARIO_A_SMURFING_INSIDER_HELP
TX-A-072-2,TRANSACTION,SUSPICIOUS,SCENARIO_A_SMURFING_INSIDER_HELP
TX-A-072-3,TRANSACTION,SUSPICIOUS,SCENARIO_A_SMURFING_INSIDER_HELP
TX-A-072-4,TRANSACTION,SUSPICIOUS,SCENARIO_A_SMURFING_INSIDER_HELP
TX-B-02-1,TRANSACTION,SUSPICIOUS,SCENARIO_B_CIRCULAR_MONEY_FLOW
TX-B-02-2,TRANSACTION,SUSPICIOUS,SCENARIO_B_CIRCULAR_MONEY_FLOW
TX-B-02-3,TRANSACTION,SUSPICIOUS,SCENARIO_B_CIRCULAR_MONEY_FLOW
TX-B-03-1,TRANSACTION,SUSPICIOUS,SCENARIO_B_CIRCULAR_MONEY_FLOW
TX-B-03-2,TRANSACTION,SUSPICIOUS,SCENARIO_B_CIRCULAR_MONEY_FLOW
TX-B-03-3,TRANSACTION,SUSPICIOUS,SCENARIO_B_CIRCULAR_MONEY_FLOW
TX-B-04-1,TRANSACTION,SUSPICIOUS,SCENARIO_B_CIRCULAR_MONEY_FLOW
TX-B-04-2,TRANSACTION,SUSPICIOUS,SCENARIO_B_CIRCULAR_MONEY_FLOW
TX-B-04-3,TRANSACTION,SUSPICIOUS,SCENARIO_B_CIRCULAR_MONEY_FLOW
TX-N-00001,TRANSACTION,BENIGN,BACKGROUND_BENIGN
TX-N-00002,TRANSACTION,BENIGN,BACKGROUND_BENIGN
TX-N-00003,TRANSACTION,BENIGN,BACKGROUND_BENIGN
TX-N-00004,TRANSACTION,BENIGN,BACKGROUND_BENIGN
TX-N-00005,TRANSACTION,BENIGN,BACKGROUND_BENIGN
TX-N-00006,TRANSACTION,BENIGN,BACKGROUND_BENIGN
TX-N-00007,TRANSACTION,BENIGN,BACKGROUND_BENIGN
TX-N-00008,TRANSACTION,BENIGN,BACKGROUND_BENIGN
TX-N-00009,TRANSACTION,BENIGN,BACKGROUND_BENIGN
TX-N-00010,TRANSACTION,BENIGN,BACKGROUND_BENIGN
TX-N-00011,TRANSACTION,BENIGN,BACKGROUND_BENIGN
TX-N-00012,TRANSACTION,BENIGN,BACKGROUND_BENIGN
TX-N-00013,TRANSACTION,BENIGN,BACKGROUND_BENIGN
TX-N-00014,TRANSACTION,BENIGN,BACKGROUND_BENIGN
TX-N-00015,TRANSACTION,BENIGN,BACKGROUND_BENIGN
TX-N-00016,TRANSACTION,BENIGN,BACKGROUND_BENIGN
TX-N-00017,TRANSACTION,BENIGN,BACKGROUND_BENIGN
TX-N-00018,TRANSACTION,BENIGN,BACKGROUND_BENIGN
TX-N-00019,TRANSACTION,BENIGN,BACKGROUND_BENIGN
TX-N-00020,TRANSACTION,BENIGN,BACKGROUND_BENIGN
TX-N-00021,TRANSACTION,BENIGN,BACKGROUND_BENIGN
TX-N-00022,TRANSACTION,BENIGN,BACKGROUND_BENIGN
TX-N-00023,TRANSACTION,BENIGN,BACKGROUND_BENIGN
TX-N-00024,TRANSACTION,BENIGN,BACKGROUND_BENIGN
TX-N-00025,TRANSACTION,BENIGN,BACKGROUND_BENIGN
TX-N-00026,TRANSACTION,BENIGN,BACKGROUND_BENIGN
TX-N-00027,TRANSACTION,BENIGN,BACKGROUND_BENIGN
TX-N-00028,TRANSACTION,BENIGN,BACKGROUND_BENIGN
TX-N-00029,TRANSACTION,BENIGN,BACKGROUND_BENIGN
TX-N-00030,TRANSACTION,BENIGN,BACKGROUND_BENIGN
TX-N-00031,TRANSACTION,BENIGN,BACKGROUND_BENIGN
TX-N-00032,TRANSACTION,BENIGN,BACKGROUND_BENIGN
TX-N-00033,TRANSACTION,BENIGN,BACKGROUND_BENIGN
TX-N-00034,TRANSACTION,BENIGN,BACKGROUND_BENIGN
TX-N-00035,TRANSACTION,BENIGN,BACKGROUND_BENIGN
TX-N-00036,TRANSACTION,BENIGN,BACKGROUND_BENIGN
TX-N-00037,TRANSACTION,BENIGN,BACKGROUND_BENIGN
TX-N-00038,TRANSACTION,BENIGN,BACKGROUND_BENIGN
TX-N-00039,TRANSACTION,BENIGN,BACKGROUND_BENIGN
TX-N-00040,TRANSACTION,BENIGN,BACKGROUND_BENIGN
TX-N-00041,TRANSACTION,BENIGN,BACKGROUND_BENIGN
TX-N-00042,TRANSACTION,BENIGN,BACKGROUND_BENIGN
TX-N-00043,TRANSACTION,BENIGN,BACKGROUND_BENIGN
TX-N-00044,TRANSACTION,BENIGN,BACKGROUND_BENIGN
TX-N-00045,TRANSACTION,BENIGN,BACKGROUND_BENIGN
TX-N-00046,TRANSACTION,BENIGN,BACKGROUND_BENIGN
TX-N-00047,TRANSACTION,BENIGN,BACKGROUND_BENIGN
TX-N-00048,TRANSACTION,BENIGN,BACKGROUND_BENIGN
TX-N-00049,TRANSACTION,BENIGN,BACKGROUND_BENIGN
TX-N-00050,TRANSACTION,BENIGN,BACKGROUND_BENIGN
TX-N-00051,TRANSACTION,BENIGN,BACKGROUND_BENIGN
TX-N-00052,TRANSACTION,BENIGN,BACKGROUND_BENIGN
TX-N-00053,TRANSACTION,BENIGN,BACKGROUND_BENIGN
TX-N-00054,TRANSACTION,BENIGN,BACKGROUND_BENIGN
TX-N-00055,TRANSACTION,BENIGN,BACKGROUND_BENIGN
TX-N-00056,TRANSACTION,BENIGN,BACKGROUND_BENIGN
TX-N-00057,TRANSACTION,BENIGN,BACKGROUND_BENIGN
TX-N-00058,TRANSACTION,BENIGN,BACKGROUND_BENIGN
TX-N-00059,TRANSACTION,BENIGN,BACKGROUND_BENIGN
TX-N-00060,TRANSACTION,BENIGN,BACKGROUND_BENIGN
TX-N-00061,TRANSACTION,BENIGN,BACKGROUND_BENIGN
TX-N-00062,TRANSACTION,BENIGN,BACKGROUND_BENIGN
TX-N-00063,TRANSACTION,BENIGN,BACKGROUND_BENIGN
TX-N-00064,TRANSACTION,BENIGN,BACKGROUND_BENIGN
TX-N-00065,TRANSACTION,BENIGN,BACKGROUND_BENIGN
TX-N-00066,TRANSACTION,BENIGN,BACKGROUND_BENIGN
TX-N-00067,TRANSACTION,BENIGN,BACKGROUND_BENIGN
TX-N-00068,TRANSACTION,BENIGN,BACKGROUND_BENIGN
TX-N-00069,TRANSACTION,BENIGN,BACKGROUND_BENIGN
TX-N-00070,TRANSACTION,BENIGN,BACKGROUND_BENIGN
TX-N-00071,TRANSACTION,BENIGN,BACKGROUND_BENIGN
TX-N-00072,TRANSACTION,BENIGN,BACKGROUND_BENIGN
TX-N-00073,TRANSACTION,BENIGN,BACKGROUND_BENIGN
TX-N-00074,TRANSACTION,BENIGN,BACKGROUND_BENIGN
TX-N-00075,TRANSACTION,BENIGN,BACKGROUND_BENIGN
TX-N-00076,TRANSACTION,BENIGN,BACKGROUND_BENIGN
TX-N-00077,TRANSACTION,BENIGN,BACKGROUND_BENIGN
TX-N-00078,TRANSACTION,BENIGN,BACKGROUND_BENIGN
TX-N-00079,TRANSACTION,BENIGN,BACKGROUND_BENIGN
TX-N-00080,TRANSACTION,BENIGN,BACKGROUND_BENIGN
TX-N-00081,TRANSACTION,BENIGN,BACKGROUND_BENIGN
TX-N-00082,TRANSACTION,BENIGN,BACKGROUND_BENIGN
TX-N-00083,TRANSACTION,BENIGN,BACKGROUND_BENIGN
TX-N-00084,TRANSACTION,BENIGN,BACKGROUND_BENIGN
TX-N-00085,TRANSACTION,BENIGN,BACKGROUND_BENIGN
TX-N-00086,TRANSACTION,BENIGN,BACKGROUND_BENIGN
TX-N-00087,TRANSACTION,BENIGN,BACKGROUND_BENIGN
TX-N-00088,TRANSACTION,BENIGN,BACKGROUND_BENIGN
TX-N-00089,TRANSACTION,BENIGN,BACKGROUND_BENIGN
TX-N-00090,TRANSACTION,BENIGN,BACKGROUND_BENIGN
TX-N-00091,TRANSACTION,BENIGN,BACKGROUND_BENIGN
TX-N-00092,TRANSACTION,BENIGN,BACKGROUND_BENIGN
TX-N-00093,TRANSACTION,BENIGN,BACKGROUND_BENIGN
TX-N-00094,TRANSACTION,BENIGN,BACKGROUND_BENIGN
TX-N-00095,TRANSACTION,BENIGN,BACKGROUND_BENIGN
TX-N-00096,TRANSACTION,BENIGN,BACKGROUND_BENIGN
TX-N-00097,TRANSACTION,BENIGN,BACKGROUND_BENIGN
TX-N-00098,TRANSACTION,BENIGN,BACKGROUND_BENIGN
TX-N-00099,TRANSACTION,BENIGN,BACKGROUND_BENIGN
TX-N-00100,TRANSACTION,BENIGN,BACKGROUND_BENIGN
TX-N-00101,TRANSACTION,BENIGN,BACKGROUND_BENIGN
TX-N-00102,TRANSACTION,BENIGN,BACKGROUND_BENIGN
TX-N-00103,TRANSACTION,BENIGN,BACKGROUND_BENIGN
TX-N-00104,TRANSACTION,BENIGN,BACKGROUND_BENIGN
TX-N-00105,TRANSACTION,BENIGN,BACKGROUND_BENIGN
TX-N-00106,TRANSACTION,BENIGN,BACKGROUND_BENIGN
TX-N-00107,TRANSACTION,BENIGN,BACKGROUND_BENIGN
TX-N-00108,TRANSACTION,BENIGN,BACKGROUND_BENIGN
TX-N-00109,TRANSACTION,BENIGN,BACKGROUND_BENIGN
TX-N-00110,TRANSACTION,BENIGN,BACKGROUND_BENIGN
TX-N-00111,TRANSACTION,BENIGN,BACKGROUND_BENIGN
TX-N-00112,TRANSACTION,BENIGN,BACKGROUND_BENIGN
TX-N-00113,TRANSACTION,BENIGN,BACKGROUND_BENIGN
TX-N-00114,TRANSACTION,BENIGN,BACKGROUND_BENIGN
TX-N-00115,TRANSACTION,BENIGN,BACKGROUND_BENIGN
TX-N-00116,TRANSACTION,BENIGN,BACKGROUND_BENIGN
TX-N-00117,TRANSACTION,BENIGN,BACKGROUND_BENIGN
TX-N-00118,TRANSACTION,BENIGN,BACKGROUND_BENIGN
TX-N-00119,TRANSACTION,BENIGN,BACKGROUND_BENIGN
TX-N-00120,TRANSACTION,BENIGN,BACKGROUND_BENIGN
TX-N-00121,TRANSACTION,BENIGN,BACKGROUND_BENIGN
TX-N-00122,TRANSACTION,BENIGN,BACKGROUND_BENIGN
TX-N-00123,TRANSACTION,BENIGN,BACKGROUND_BENIGN
TX-N-00124,TRANSACTION,BENIGN,BACKGROUND_BENIGN
TX-N-00125,TRANSACTION,BENIGN,BACKGROUND_BENIGN
TX-N-00126,TRANSACTION,BENIGN,BACKGROUND_BENIGN
TX-N-00127,TRANSACTION,BENIGN,BACKGROUND_BENIGN
TX-N-00128,TRANSACTION,BENIGN,BACKGROUND_BENIGN
TX-N-00129,TRANSACTION,BENIGN,BACKGROUND_BENIGN
TX-N-00130,TRANSACTION,BENIGN,BACKGROUND_BENIGN
TX-N-00131,TRANSACTION,BENIGN,BACKGROUND_BENIGN
TX-N-00132,TRANSACTION,BENIGN,BACKGROUND_BENIGN
TX-N-00133,TRANSACTION,BENIGN,BACKGROUND_BENIGN
TX-N-00134,TRANSACTION,BENIGN,BACKGROUND_BENIGN
TX-N-00135,TRANSACTION,BENIGN,BACKGROUND_BENIGN
TX-N-00136,TRANSACTION,BENIGN,BACKGROUND_BENIGN
TX-N-00137,TRANSACTION,BENIGN,BACKGROUND_BENIGN
TX-N-00138,TRANSACTION,BENIGN,BACKGROUND_BENIGN
TX-N-00139,TRANSACTION,BENIGN,BACKGROUND_BENIGN
TX-N-00140,TRANSACTION,BENIGN,BACKGROUND_BENIGN
TX-N-00141,TRANSACTION,BENIGN,BACKGROUND_BENIGN
TX-N-00142,TRANSACTION,BENIGN,BACKGROUND_BENIGN
TX-N-00143,TRANSACTION,BENIGN,BACKGROUND_BENIGN
TX-N-00144,TRANSACTION,BENIGN,BACKGROUND_BENIGN
TX-N-00145,TRANSACTION,BENIGN,BACKGROUND_BENIGN
TX-N-00146,TRANSACTION,BENIGN,BACKGROUND_BENIGN
TX-N-00147,TRANSACTION,BENIGN,BACKGROUND_BENIGN
TX-N-00148,TRANSACTION,BENIGN,BACKGROUND_BENIGN
TX-N-00149,TRANSACTION,BENIGN,BACKGROUND_BENIGN
TX-N-00150,TRANSACTION,BENIGN,BACKGROUND_BENIGN
TX-N-00151,TRANSACTION,BENIGN,BACKGROUND_BENIGN
TX-N-00152,TRANSACTION,BENIGN,BACKGROUND_BENIGN
TX-N-00153,TRANSACTION,BENIGN,BACKGROUND_BENIGN
TX-N-00154,TRANSACTION,BENIGN,BACKGROUND_BENIGN
TX-N-00155,TRANSACTION,BENIGN,BACKGROUND_BENIGN
TX-N-00156,TRANSACTION,BENIGN,BACKGROUND_BENIGN
TX-N-00157,TRANSACTION,BENIGN,BACKGROUND_BENIGN
TX-N-00158,TRANSACTION,BENIGN,BACKGROUND_BENIGN
TX-N-00159,TRANSACTION,BENIGN,BACKGROUND_BENIGN
TX-N-00160,TRANSACTION,BENIGN,BACKGROUND_BENIGN
TX-N-00161,TRANSACTION,BENIGN,BACKGROUND_BENIGN
TX-N-00162,TRANSACTION,BENIGN,BACKGROUND_BENIGN
TX-N-00163,TRANSACTION,BENIGN,BACKGROUND_BENIGN
TX-N-00164,TRANSACTION,BENIGN,BACKGROUND_BENIGN
TX-N-00165,TRANSACTION,BENIGN,BACKGROUND_BENIGN
TX-N-00166,TRANSACTION,BENIGN,BACKGROUND_BENIGN
TX-N-00167,TRANSACTION,BENIGN,BACKGROUND_BENIGN
TX-N-00168,TRANSACTION,BENIGN,BACKGROUND_BENIGN
TX-N-00169,TRANSACTION,BENIGN,BACKGROUND_BENIGN
TX-N-00170,TRANSACTION,BENIGN,BACKGROUND_BENIGN
TX-N-00171,TRANSACTION,BENIGN,BACKGROUND_BENIGN
TX-N-00172,TRANSACTION,BENIGN,BACKGROUND_BENIGN
TX-N-00173,TRANSACTION,BENIGN,BACKGROUND_BENIGN
TX-N-00174,TRANSACTION,BENIGN,BACKGROUND_BENIGN
TX-N-00175,TRANSACTION,BENIGN,BACKGROUND_BENIGN
TX-N-00176,TRANSACTION,BENIGN,BACKGROUND_BENIGN
TX-N-00177,TRANSACTION,BENIGN,BACKGROUND_BENIGN
TX-N-00178,TRANSACTION,BENIGN,BACKGROUND_BENIGN
TX-N-00179,TRANSACTION,BENIGN,BACKGROUND_BENIGN
TX-N-00180,TRANSACTION,BENIGN,BACKGROUND_BENIGN
TX-N-00181,TRANSACTION,BENIGN,BACKGROUND_BENIGN
TX-N-00182,TRANSACTION,BENIGN,BACKGROUND_BENIGN
TX-N-00183,TRANSACTION,BENIGN,BACKGROUND_BENIGN
TX-N-00184,TRANSACTION,BENIGN,BACKGROUND_BENIGN
TX-N-00185,TRANSACTION,BENIGN,BACKGROUND_BENIGN
TX-N-00186,TRANSACTION,BENIGN,BACKGROUND_BENIGN
TX-N-00187,TRANSACTION,BENIGN,BACKGROUND_BENIGN
TX-N-00188,TRANSACTION,BENIGN,BACKGROUND_BENIGN
TX-N-00189,TRANSACTION,BENIGN,BACKGROUND_BENIGN
TX-N-00190,TRANSACTION,BENIGN,BACKGROUND_BENIGN
TX-N-00191,TRANSACTION,BENIGN,BACKGROUND_BENIGN
TX-N-00192,TRANSACTION,BENIGN,BACKGROUND_BENIGN
TX-N-00193,TRANSACTION,BENIGN,BACKGROUND_BENIGN
TX-N-00194,TRANSACTION,BENIGN,BACKGROUND_BENIGN
TX-N-00195,TRANSACTION,BENIGN,BACKGROUND_BENIGN
TX-N-00196,TRANSACTION,BENIGN,BACKGROUND_BENIGN
TX-N-00197,TRANSACTION,BENIGN,BACKGROUND_BENIGN
TX-N-00198,TRANSACTION,BENIGN,BACKGROUND_BENIGN
TX-N-00199,TRANSACTION,BENIGN,BACKGROUND_BENIGN
TX-N-00200,TRANSACTION,BENIGN,BACKGROUND_BENIGN
TX-N-00201,TRANSACTION,BENIGN,BACKGROUND_BENIGN
TX-N-00202,TRANSACTION,BENIGN,BACKGROUND_BENIGN
TX-N-00203,TRANSACTION,BENIGN,BACKGROUND_BENIGN
TX-N-00204,TRANSACTION,BENIGN,BACKGROUND_BENIGN
TX-N-00205,TRANSACTION,BENIGN,BACKGROUND_BENIGN
TX-N-00206,TRANSACTION,BENIGN,BACKGROUND_BENIGN
TX-N-00207,TRANSACTION,BENIGN,BACKGROUND_BENIGN
TX-N-00208,TRANSACTION,BENIGN,BACKGROUND_BENIGN
TX-N-00209,TRANSACTION,BENIGN,BACKGROUND_BENIGN
TX-N-00210,TRANSACTION,BENIGN,BACKGROUND_BENIGN
TX-N-00211,TRANSACTION,BENIGN,BACKGROUND_BENIGN
TX-N-00212,TRANSACTION,BENIGN,BACKGROUND_BENIGN
TX-N-00213,TRANSACTION,BENIGN,BACKGROUND_BENIGN
TX-N-00214,TRANSACTION,BENIGN,BACKGROUND_BENIGN
TX-N-00215,TRANSACTION,BENIGN,BACKGROUND_BENIGN
TX-N-00216,TRANSACTION,BENIGN,BACKGROUND_BENIGN
TX-N-00217,TRANSACTION,BENIGN,BACKGROUND_BENIGN
TX-N-00218,TRANSACTION,BENIGN,BACKGROUND_BENIGN
TX-N-00219,TRANSACTION,BENIGN,BACKGROUND_BENIGN
TX-N-00220,TRANSACTION,BENIGN,BACKGROUND_BENIGN
TX-N-00221,TRANSACTION,BENIGN,BACKGROUND_BENIGN
TX-N-00222,TRANSACTION,BENIGN,BACKGROUND_BENIGN
TX-N-00223,TRANSACTION,BENIGN,BACKGROUND_BENIGN
TX-N-00224,TRANSACTION,BENIGN,BACKGROUND_BENIGN
TX-N-00225,TRANSACTION,BENIGN,BACKGROUND_BENIGN
TX-N-00226,TRANSACTION,BENIGN,BACKGROUND_BENIGN
TX-N-00227,TRANSACTION,BENIGN,BACKGROUND_BENIGN
TX-N-00228,TRANSACTION,BENIGN,BACKGROUND_BENIGN
TX-N-00229,TRANSACTION,BENIGN,BACKGROUND_BENIGN
TX-N-00230,TRANSACTION,BENIGN,BACKGROUND_BENIGN
TX-N-00231,TRANSACTION,BENIGN,BACKGROUND_BENIGN
TX-N-00232,TRANSACTION,BENIGN,BACKGROUND_BENIGN
TX-N-00233,TRANSACTION,BENIGN,BACKGROUND_BENIGN
TX-N-00234,TRANSACTION,BENIGN,BACKGROUND_BENIGN
TX-N-00235,TRANSACTION,BENIGN,BACKGROUND_BENIGN
TX-N-00236,TRANSACTION,BENIGN,BACKGROUND_BENIGN
TX-N-00237,TRANSACTION,BENIGN,BACKGROUND_BENIGN
TX-N-00238,TRANSACTION,BENIGN,BACKGROUND_BENIGN
TX-N-00239,TRANSACTION,BENIGN,BACKGROUND_BENIGN
TX-N-00240,TRANSACTION,BENIGN,BACKGROUND_BENIGN
TX-N-00241,TRANSACTION,BENIGN,BACKGROUND_BENIGN
TX-N-00242,TRANSACTION,BENIGN,BACKGROUND_BENIGN
TX-N-00243,TRANSACTION,BENIGN,BACKGROUND_BENIGN
TX-N-00244,TRANSACTION,BENIGN,BACKGROUND_BENIGN
TX-N-00245,TRANSACTION,BENIGN,BACKGROUND_BENIGN
TX-N-00246,TRANSACTION,BENIGN,BACKGROUND_BENIGN
TX-N-00247,TRANSACTION,BENIGN,BACKGROUND_BENIGN
TX-N-00248,TRANSACTION,BENIGN,BACKGROUND_BENIGN
TX-N-00249,TRANSACTION,BENIGN,BACKGROUND_BENIGN
TX-N-00250,TRANSACTION,BENIGN,BACKGROUND_BENIGN
TX-N-00251,TRANSACTION,BENIGN,BACKGROUND_BENIGN
TX-N-00252,TRANSACTION,BENIGN,BACKGROUND_BENIGN
TX-N-00253,TRANSACTION,BENIGN,BACKGROUND_BENIGN
TX-N-00254,TRANSACTION,BENIGN,BACKGROUND_BENIGN
TX-N-00255,TRANSACTION,BENIGN,BACKGROUND_BENIGN
TX-N-00256,TRANSACTION,BENIGN,BACKGROUND_BENIGN
TX-N-00257,TRANSACTION,BENIGN,BACKGROUND_BENIGN
TX-N-00258,TRANSACTION,BENIGN,BACKGROUND_BENIGN
TX-N-00259,TRANSACTION,BENIGN,BACKGROUND_BENIGN
TX-N-00260,TRANSACTION,BENIGN,BACKGROUND_BENIGN
TX-N-00261,TRANSACTION,BENIGN,BACKGROUND_BENIGN
TX-N-00262,TRANSACTION,BENIGN,BACKGROUND_BENIGN
TX-N-00263,TRANSACTION,BENIGN,BACKGROUND_BENIGN
TX-N-00264,TRANSACTION,BENIGN,BACKGROUND_BENIGN
TX-N-00265,TRANSACTION,BENIGN,BACKGROUND_BENIGN
TX-N-00266,TRANSACTION,BENIGN,BACKGROUND_BENIGN
TX-N-00267,TRANSACTION,BENIGN,BACKGROUND_BENIGN
TX-N-00268,TRANSACTION,BENIGN,BACKGROUND_BENIGN
TX-N-00269,TRANSACTION,BENIGN,BACKGROUND_BENIGN
TX-N-00270,TRANSACTION,BENIGN,BACKGROUND_BENIGN
TX-N-00271,TRANSACTION,BENIGN,BACKGROUND_BENIGN
TX-N-00272,TRANSACTION,BENIGN,BACKGROUND_BENIGN
TX-N-00273,TRANSACTION,BENIGN,BACKGROUND_BENIGN
TX-N-00274,TRANSACTION,BENIGN,BACKGROUND_BENIGN
TX-N-00275,TRANSACTION,BENIGN,BACKGROUND_BENIGN
TX-N-00276,TRANSACTION,BENIGN,BACKGROUND_BENIGN
TX-N-00277,TRANSACTION,BENIGN,BACKGROUND_BENIGN
TX-N-00278,TRANSACTION,BENIGN,BACKGROUND_BENIGN
TX-N-00279,TRANSACTION,BENIGN,BACKGROUND_BENIGN
TX-N-00280,TRANSACTION,BENIGN,BACKGROUND_BENIGN
TX-N-00281,TRANSACTION,BENIGN,BACKGROUND_BENIGN
TX-N-00282,TRANSACTION,BENIGN,BACKGROUND_BENIGN
TX-N-00283,TRANSACTION,BENIGN,BACKGROUND_BENIGN
TX-N-00284,TRANSACTION,BENIGN,BACKGROUND_BENIGN
TX-N-00285,TRANSACTION,BENIGN,BACKGROUND_BENIGN
TX-N-00286,TRANSACTION,BENIGN,BACKGROUND_BENIGN
TX-N-00287,TRANSACTION,BENIGN,BACKGROUND_BENIGN
TX-N-00288,TRANSACTION,BENIGN,BACKGROUND_BENIGN
TX-N-00289,TRANSACTION,BENIGN,BACKGROUND_BENIGN
TX-N-00290,TRANSACTION,BENIGN,BACKGROUND_BENIGN
TX-N-00291,TRANSACTION,BENIGN,BACKGROUND_BENIGN
TX-N-00292,TRANSACTION,BENIGN,BACKGROUND_BENIGN
TX-N-00293,TRANSACTION,BENIGN,BACKGROUND_BENIGN
TX-N-00294,TRANSACTION,BENIGN,BACKGROUND_BENIGN
TX-N-00295,TRANSACTION,BENIGN,BACKGROUND_BENIGN
TX-N-00296,TRANSACTION,BENIGN,BACKGROUND_BENIGN
TX-N-00297,TRANSACTION,BENIGN,BACKGROUND_BENIGN
TX-N-00298,TRANSACTION,BENIGN,BACKGROUND_BENIGN
TX-N-00299,TRANSACTION,BENIGN,BACKGROUND_BENIGN
TX-N-00300,TRANSACTION,BENIGN,BACKGROUND_BENIGN
TX-N-00301,TRANSACTION,BENIGN,BACKGROUND_BENIGN
TX-N-00302,TRANSACTION,BENIGN,BACKGROUND_BENIGN
TX-N-00303,TRANSACTION,BENIGN,BACKGROUND_BENIGN
TX-N-00304,TRANSACTION,BENIGN,BACKGROUND_BENIGN
TX-N-00305,TRANSACTION,BENIGN,BACKGROUND_BENIGN
TX-N-00306,TRANSACTION,BENIGN,BACKGROUND_BENIGN
TX-N-00307,TRANSACTION,BENIGN,BACKGROUND_BENIGN
TX-N-00308,TRANSACTION,BENIGN,BACKGROUND_BENIGN
TX-N-00309,TRANSACTION,BENIGN,BACKGROUND_BENIGN
TX-N-00310,TRANSACTION,BENIGN,BACKGROUND_BENIGN
TX-N-00311,TRANSACTION,BENIGN,BACKGROUND_BENIGN
TX-N-00312,TRANSACTION,BENIGN,BACKGROUND_BENIGN
TX-N-00313,TRANSACTION,BENIGN,BACKGROUND_BENIGN
TX-N-00314,TRANSACTION,BENIGN,BACKGROUND_BENIGN
TX-N-00315,TRANSACTION,BENIGN,BACKGROUND_BENIGN
TX-N-00316,TRANSACTION,BENIGN,BACKGROUND_BENIGN
TX-N-00317,TRANSACTION,BENIGN,BACKGROUND_BENIGN
TX-N-00318,TRANSACTION,BENIGN,BACKGROUND_BENIGN
TX-N-00319,TRANSACTION,BENIGN,BACKGROUND_BENIGN
TX-N-00320,TRANSACTION,BENIGN,BACKGROUND_BENIGN
TX-N-00321,TRANSACTION,BENIGN,BACKGROUND_BENIGN
TX-N-00322,TRANSACTION,BENIGN,BACKGROUND_BENIGN
TX-N-00323,TRANSACTION,BENIGN,BACKGROUND_BENIGN
TX-N-00324,TRANSACTION,BENIGN,BACKGROUND_BENIGN
TX-N-00325,TRANSACTION,BENIGN,BACKGROUND_BENIGN
TX-N-00326,TRANSACTION,BENIGN,BACKGROUND_BENIGN
TX-N-00327,TRANSACTION,BENIGN,BACKGROUND_BENIGN
TX-N-00328,TRANSACTION,BENIGN,BACKGROUND_BENIGN
TX-N-00329,TRANSACTION,BENIGN,BACKGROUND_BENIGN
TX-N-00330,TRANSACTION,BENIGN,BACKGROUND_BENIGN
TX-N-00331,TRANSACTION,BENIGN,BACKGROUND_BENIGN
TX-N-00332,TRANSACTION,BENIGN,BACKGROUND_BENIGN
TX-N-00333,TRANSACTION,BENIGN,BACKGROUND_BENIGN
TX-N-00334,TRANSACTION,BENIGN,BACKGROUND_BENIGN
TX-N-00335,TRANSACTION,BENIGN,BACKGROUND_BENIGN
TX-N-00336,TRANSACTION,BENIGN,BACKGROUND_BENIGN
TX-N-00337,TRANSACTION,BENIGN,BACKGROUND_BENIGN
TX-N-00338,TRANSACTION,BENIGN,BACKGROUND_BENIGN
TX-N-00339,TRANSACTION,BENIGN,BACKGROUND_BENIGN
TX-N-00340,TRANSACTION,BENIGN,BACKGROUND_BENIGN
TX-N-00341,TRANSACTION,BENIGN,BACKGROUND_BENIGN
TX-N-00342,TRANSACTION,BENIGN,BACKGROUND_BENIGN
TX-N-00343,TRANSACTION,BENIGN,BACKGROUND_BENIGN
TX-N-00344,TRANSACTION,BENIGN,BACKGROUND_BENIGN
TX-N-00345,TRANSACTION,BENIGN,BACKGROUND_BENIGN
TX-N-00346,TRANSACTION,BENIGN,BACKGROUND_BENIGN
TX-N-00347,TRANSACTION,BENIGN,BACKGROUND_BENIGN
TX-N-00348,TRANSACTION,BENIGN,BACKGROUND_BENIGN
TX-N-00349,TRANSACTION,BENIGN,BACKGROUND_BENIGN
TX-N-00350,TRANSACTION,BENIGN,BACKGROUND_BENIGN
TX-N-00351,TRANSACTION,BENIGN,BACKGROUND_BENIGN
TX-N-00352,TRANSACTION,BENIGN,BACKGROUND_BENIGN
TX-N-00353,TRANSACTION,BENIGN,BACKGROUND_BENIGN
TX-N-00354,TRANSACTION,BENIGN,BACKGROUND_BENIGN
TX-N-00355,TRANSACTION,BENIGN,BACKGROUND_BENIGN
TX-N-00356,TRANSACTION,BENIGN,BACKGROUND_BENIGN
TX-N-00357,TRANSACTION,BENIGN,BACKGROUND_BENIGN
TX-N-00358,TRANSACTION,BENIGN,BACKGROUND_BENIGN
TX-N-00359,TRANSACTION,BENIGN,BACKGROUND_BENIGN
TX-N-00360,TRANSACTION,BENIGN,BACKGROUND_BENIGN
TX-N-00361,TRANSACTION,BENIGN,BACKGROUND_BENIGN
TX-N-00362,TRANSACTION,BENIGN,BACKGROUND_BENIGN
TX-N-00363,TRANSACTION,BENIGN,BACKGROUND_BENIGN
TX-N-00364,TRANSACTION,BENIGN,BACKGROUND_BENIGN
TX-N-00365,TRANSACTION,BENIGN,BACKGROUND_BENIGN
TX-N-00366,TRANSACTION,BENIGN,BACKGROUND_BENIGN
TX-N-00367,TRANSACTION,BENIGN,BACKGROUND_BENIGN
TX-N-00368,TRANSACTION,BENIGN,BACKGROUND_BENIGN
TX-N-00369,TRANSACTION,BENIGN,BACKGROUND_BENIGN
TX-N-00370,TRANSACTION,BENIGN,BACKGROUND_BENIGN
TX-N-00371,TRANSACTION,BENIGN,BACKGROUND_BENIGN
TX-N-00372,TRANSACTION,BENIGN,BACKGROUND_BENIGN
TX-N-00373,TRANSACTION,BENIGN,BACKGROUND_BENIGN
TX-N-00374,TRANSACTION,BENIGN,BACKGROUND_BENIGN
TX-N-00375,TRANSACTION,BENIGN,BACKGROUND_BENIGN
TX-N-00376,TRANSACTION,BENIGN,BACKGROUND_BENIGN
TX-N-00377,TRANSACTION,BENIGN,BACKGROUND_BENIGN
TX-N-00378,TRANSACTION,BENIGN,BACKGROUND_BENIGN
TX-N-00379,TRANSACTION,BENIGN,BACKGROUND_BENIGN
TX-N-00380,TRANSACTION,BENIGN,BACKGROUND_BENIGN
TX-N-00381,TRANSACTION,BENIGN,BACKGROUND_BENIGN
TX-N-00382,TRANSACTION,BENIGN,BACKGROUND_BENIGN
TX-N-00383,TRANSACTION,BENIGN,BACKGROUND_BENIGN
TX-N-00384,TRANSACTION,BENIGN,BACKGROUND_BENIGN
TX-N-00385,TRANSACTION,BENIGN,BACKGROUND_BENIGN
TX-N-00386,TRANSACTION,BENIGN,BACKGROUND_BENIGN
TX-N-00387,TRANSACTION,BENIGN,BACKGROUND_BENIGN
TX-N-00388,TRANSACTION,BENIGN,BACKGROUND_BENIGN
TX-N-00389,TRANSACTION,BENIGN,BACKGROUND_BENIGN
TX-N-00390,TRANSACTION,BENIGN,BACKGROUND_BENIGN
TX-N-00391,TRANSACTION,BENIGN,BACKGROUND_BENIGN
TX-N-00392,TRANSACTION,BENIGN,BACKGROUND_BENIGN
TX-N-00393,TRANSACTION,BENIGN,BACKGROUND_BENIGN
TX-N-00394,TRANSACTION,BENIGN,BACKGROUND_BENIGN
TX-N-00395,TRANSACTION,BENIGN,BACKGROUND_BENIGN
TX-N-00396,TRANSACTION,BENIGN,BACKGROUND_BENIGN
TX-N-00397,TRANSACTION,BENIGN,BACKGROUND_BENIGN
TX-N-00398,TRANSACTION,BENIGN,BACKGROUND_BENIGN
TX-N-00399,TRANSACTION,BENIGN,BACKGROUND_BENIGN
TX-N-00400,TRANSACTION,BENIGN,BACKGROUND_BENIGN
TX-N-00401,TRANSACTION,BENIGN,BACKGROUND_BENIGN
TX-N-00402,TRANSACTION,BENIGN,BACKGROUND_BENIGN
TX-N-00403,TRANSACTION,BENIGN,BACKGROUND_BENIGN
TX-N-00404,TRANSACTION,BENIGN,BACKGROUND_BENIGN
TX-N-00405,TRANSACTION,BENIGN,BACKGROUND_BENIGN
TX-N-00406,TRANSACTION,BENIGN,BACKGROUND_BENIGN
TX-N-00407,TRANSACTION,BENIGN,BACKGROUND_BENIGN
TX-N-00408,TRANSACTION,BENIGN,BACKGROUND_BENIGN
TX-N-00409,TRANSACTION,BENIGN,BACKGROUND_BENIGN
TX-N-00410,TRANSACTION,BENIGN,BACKGROUND_BENIGN
TX-N-00411,TRANSACTION,BENIGN,BACKGROUND_BENIGN
TX-N-00412,TRANSACTION,BENIGN,BACKGROUND_BENIGN
TX-N-00413,TRANSACTION,BENIGN,BACKGROUND_BENIGN
TX-N-00414,TRANSACTION,BENIGN,BACKGROUND_BENIGN
TX-N-00415,TRANSACTION,BENIGN,BACKGROUND_BENIGN
TX-N-00416,TRANSACTION,BENIGN,BACKGROUND_BENIGN
TX-N-00417,TRANSACTION,BENIGN,BACKGROUND_BENIGN
TX-N-00418,TRANSACTION,BENIGN,BACKGROUND_BENIGN
TX-N-00419,TRANSACTION,BENIGN,BACKGROUND_BENIGN
TX-N-00420,TRANSACTION,BENIGN,BACKGROUND_BENIGN
TX-N-00421,TRANSACTION,BENIGN,BACKGROUND_BENIGN
TX-N-00422,TRANSACTION,BENIGN,BACKGROUND_BENIGN
TX-N-00423,TRANSACTION,BENIGN,BACKGROUND_BENIGN
TX-N-00424,TRANSACTION,BENIGN,BACKGROUND_BENIGN
TX-N-00425,TRANSACTION,BENIGN,BACKGROUND_BENIGN
TX-N-00426,TRANSACTION,BENIGN,BACKGROUND_BENIGN
TX-N-00427,TRANSACTION,BENIGN,BACKGROUND_BENIGN
TX-N-00428,TRANSACTION,BENIGN,BACKGROUND_BENIGN
TX-N-00429,TRANSACTION,BENIGN,BACKGROUND_BENIGN
TX-N-00430,TRANSACTION,BENIGN,BACKGROUND_BENIGN
TX-N-00431,TRANSACTION,BENIGN,BACKGROUND_BENIGN
TX-N-00432,TRANSACTION,BENIGN,BACKGROUND_BENIGN
TX-N-00433,TRANSACTION,BENIGN,BACKGROUND_BENIGN
TX-N-00434,TRANSACTION,BENIGN,BACKGROUND_BENIGN
TX-N-00435,TRANSACTION,BENIGN,BACKGROUND_BENIGN
TX-N-00436,TRANSACTION,BENIGN,BACKGROUND_BENIGN
TX-N-00437,TRANSACTION,BENIGN,BACKGROUND_BENIGN
TX-N-00438,TRANSACTION,BENIGN,BACKGROUND_BENIGN
TX-N-00439,TRANSACTION,BENIGN,BACKGROUND_BENIGN
TX-N-00440,TRANSACTION,BENIGN,BACKGROUND_BENIGN
TX-N-00441,TRANSACTION,BENIGN,BACKGROUND_BENIGN
TX-N-00442,TRANSACTION,BENIGN,BACKGROUND_BENIGN
TX-N-00443,TRANSACTION,BENIGN,BACKGROUND_BENIGN
TX-N-00444,TRANSACTION,BENIGN,BACKGROUND_BENIGN
TX-N-00445,TRANSACTION,BENIGN,BACKGROUND_BENIGN
TX-N-00446,TRANSACTION,BENIGN,BACKGROUND_BENIGN
TX-N-00447,TRANSACTION,BENIGN,BACKGROUND_BENIGN
TX-N-00448,TRANSACTION,BENIGN,BACKGROUND_BENIGN
TX-N-00449,TRANSACTION,BENIGN,BACKGROUND_BENIGN
TX-N-00450,TRANSACTION,BENIGN,BACKGROUND_BENIGN
TX-N-00451,TRANSACTION,BENIGN,BACKGROUND_BENIGN
TX-N-00452,TRANSACTION,BENIGN,BACKGROUND_BENIGN
TX-N-00453,TRANSACTION,BENIGN,BACKGROUND_BENIGN
TX-N-00454,TRANSACTION,BENIGN,BACKGROUND_BENIGN
TX-N-00455,TRANSACTION,BENIGN,BACKGROUND_BENIGN
TX-N-00456,TRANSACTION,BENIGN,BACKGROUND_BENIGN
TX-N-00457,TRANSACTION,BENIGN,BACKGROUND_BENIGN
TX-N-00458,TRANSACTION,BENIGN,BACKGROUND_BENIGN
TX-N-00459,TRANSACTION,BENIGN,BACKGROUND_BENIGN
TX-N-00460,TRANSACTION,BENIGN,BACKGROUND_BENIGN
TX-N-00461,TRANSACTION,BENIGN,BACKGROUND_BENIGN
TX-N-00462,TRANSACTION,BENIGN,BACKGROUND_BENIGN
TX-N-00463,TRANSACTION,BENIGN,BACKGROUND_BENIGN
TX-N-00464,TRANSACTION,BENIGN,BACKGROUND_BENIGN
TX-N-00465,TRANSACTION,BENIGN,BACKGROUND_BENIGN
TX-N-00466,TRANSACTION,BENIGN,BACKGROUND_BENIGN
TX-N-00467,TRANSACTION,BENIGN,BACKGROUND_BENIGN
TX-N-00468,TRANSACTION,BENIGN,BACKGROUND_BENIGN
TX-N-00469,TRANSACTION,BENIGN,BACKGROUND_BENIGN
TX-N-00470,TRANSACTION,BENIGN,BACKGROUND_BENIGN
TX-N-00471,TRANSACTION,BENIGN,BACKGROUND_BENIGN
TX-N-00472,TRANSACTION,BENIGN,BACKGROUND_BENIGN
TX-N-00473,TRANSACTION,BENIGN,BACKGROUND_BENIGN
TX-N-00474,TRANSACTION,BENIGN,BACKGROUND_BENIGN
TX-N-00475,TRANSACTION,BENIGN,BACKGROUND_BENIGN
TX-N-00476,TRANSACTION,BENIGN,BACKGROUND_BENIGN
TX-N-00477,TRANSACTION,BENIGN,BACKGROUND_BENIGN
TX-N-00478,TRANSACTION,BENIGN,BACKGROUND_BENIGN
TX-N-00479,TRANSACTION,BENIGN,BACKGROUND_BENIGN
TX-N-00480,TRANSACTION,BENIGN,BACKGROUND_BENIGN
TX-N-00481,TRANSACTION,BENIGN,BACKGROUND_BENIGN
TX-N-00482,TRANSACTION,BENIGN,BACKGROUND_BENIGN
TX-N-00483,TRANSACTION,BENIGN,BACKGROUND_BENIGN
TX-N-00484,TRANSACTION,BENIGN,BACKGROUND_BENIGN
TX-N-00485,TRANSACTION,BENIGN,BACKGROUND_BENIGN
TX-N-00486,TRANSACTION,BENIGN,BACKGROUND_BENIGN
TX-N-00487,TRANSACTION,BENIGN,BACKGROUND_BENIGN
TX-N-00488,TRANSACTION,BENIGN,BACKGROUND_BENIGN
TX-N-00489,TRANSACTION,BENIGN,BACKGROUND_BENIGN
TX-N-00490,TRANSACTION,BENIGN,BACKGROUND_BENIGN
TX-N-00491,TRANSACTION,BENIGN,BACKGROUND_BENIGN
TX-N-00492,TRANSACTION,BENIGN,BACKGROUND_BENIGN
TX-N-00493,TRANSACTION,BENIGN,BACKGROUND_BENIGN
TX-N-00494,TRANSACTION,BENIGN,BACKGROUND_BENIGN
TX-N-00495,TRANSACTION,BENIGN,BACKGROUND_BENIGN
TX-N-00496,TRANSACTION,BENIGN,BACKGROUND_BENIGN
TX-N-00497,TRANSACTION,BENIGN,BACKGROUND_BENIGN
TX-N-00498,TRANSACTION,BENIGN,BACKGROUND_BENIGN
TX-N-00499,TRANSACTION,BENIGN,BACKGROUND_BENIGN
TX-N-00500,TRANSACTION,BENIGN,BACKGROUND_BENIGN
TX-N-00501,TRANSACTION,BENIGN,BACKGROUND_BENIGN
TX-N-00502,TRANSACTION,BENIGN,BACKGROUND_BENIGN
TX-N-00503,TRANSACTION,BENIGN,BACKGROUND_BENIGN
TX-N-00504,TRANSACTION,BENIGN,BACKGROUND_BENIGN
TX-N-00505,TRANSACTION,BENIGN,BACKGROUND_BENIGN
TX-N-00506,TRANSACTION,BENIGN,BACKGROUND_BENIGN
TX-N-00507,TRANSACTION,BENIGN,BACKGROUND_BENIGN
TX-N-00508,TRANSACTION,BENIGN,BACKGROUND_BENIGN
TX-N-00509,TRANSACTION,BENIGN,BACKGROUND_BENIGN
TX-N-00510,TRANSACTION,BENIGN,BACKGROUND_BENIGN
TX-N-00511,TRANSACTION,BENIGN,BACKGROUND_BENIGN
TX-N-00512,TRANSACTION,BENIGN,BACKGROUND_BENIGN
TX-N-00513,TRANSACTION,BENIGN,BACKGROUND_BENIGN
TX-N-00514,TRANSACTION,BENIGN,BACKGROUND_BENIGN
TX-N-00515,TRANSACTION,BENIGN,BACKGROUND_BENIGN
TX-N-00516,TRANSACTION,BENIGN,BACKGROUND_BENIGN
TX-N-00517,TRANSACTION,BENIGN,BACKGROUND_BENIGN
TX-N-00518,TRANSACTION,BENIGN,BACKGROUND_BENIGN
TX-N-00519,TRANSACTION,BENIGN,BACKGROUND_BENIGN
TX-N-00520,TRANSACTION,BENIGN,BACKGROUND_BENIGN
TX-N-00521,TRANSACTION,BENIGN,BACKGROUND_BENIGN
TX-N-00522,TRANSACTION,BENIGN,BACKGROUND_BENIGN
TX-N-00523,TRANSACTION,BENIGN,BACKGROUND_BENIGN
TX-N-00524,TRANSACTION,BENIGN,BACKGROUND_BENIGN
TX-N-00525,TRANSACTION,BENIGN,BACKGROUND_BENIGN
TX-N-00526,TRANSACTION,BENIGN,BACKGROUND_BENIGN
TX-N-00527,TRANSACTION,BENIGN,BACKGROUND_BENIGN
TX-N-00528,TRANSACTION,BENIGN,BACKGROUND_BENIGN
TX-N-00529,TRANSACTION,BENIGN,BACKGROUND_BENIGN
TX-N-00530,TRANSACTION,BENIGN,BACKGROUND_BENIGN
TX-N-00531,TRANSACTION,BENIGN,BACKGROUND_BENIGN
TX-N-00532,TRANSACTION,BENIGN,BACKGROUND_BENIGN
TX-N-00533,TRANSACTION,BENIGN,BACKGROUND_BENIGN
TX-N-00534,TRANSACTION,BENIGN,BACKGROUND_BENIGN
TX-N-00535,TRANSACTION,BENIGN,BACKGROUND_BENIGN
TX-N-00536,TRANSACTION,BENIGN,BACKGROUND_BENIGN
TX-N-00537,TRANSACTION,BENIGN,BACKGROUND_BENIGN
TX-N-00538,TRANSACTION,BENIGN,BACKGROUND_BENIGN
TX-N-00539,TRANSACTION,BENIGN,BACKGROUND_BENIGN
TX-N-00540,TRANSACTION,BENIGN,BACKGROUND_BENIGN
TX-N-00541,TRANSACTION,BENIGN,BACKGROUND_BENIGN
TX-N-00542,TRANSACTION,BENIGN,BACKGROUND_BENIGN
TX-N-00543,TRANSACTION,BENIGN,BACKGROUND_BENIGN
TX-N-00544,TRANSACTION,BENIGN,BACKGROUND_BENIGN
TX-N-00545,TRANSACTION,BENIGN,BACKGROUND_BENIGN
TX-N-00546,TRANSACTION,BENIGN,BACKGROUND_BENIGN
TX-N-00547,TRANSACTION,BENIGN,BACKGROUND_BENIGN
TX-N-00548,TRANSACTION,BENIGN,BACKGROUND_BENIGN
TX-N-00549,TRANSACTION,BENIGN,BACKGROUND_BENIGN
TX-N-00550,TRANSACTION,BENIGN,BACKGROUND_BENIGN
TX-N-00551,TRANSACTION,BENIGN,BACKGROUND_BENIGN
TX-N-00552,TRANSACTION,BENIGN,BACKGROUND_BENIGN
TX-N-00553,TRANSACTION,BENIGN,BACKGROUND_BENIGN
TX-N-00554,TRANSACTION,BENIGN,BACKGROUND_BENIGN
TX-N-00555,TRANSACTION,BENIGN,BACKGROUND_BENIGN
TX-N-00556,TRANSACTION,BENIGN,BACKGROUND_BENIGN
TX-N-00557,TRANSACTION,BENIGN,BACKGROUND_BENIGN
TX-N-00558,TRANSACTION,BENIGN,BACKGROUND_BENIGN
TX-N-00559,TRANSACTION,BENIGN,BACKGROUND_BENIGN
TX-N-00560,TRANSACTION,BENIGN,BACKGROUND_BENIGN
TX-N-00561,TRANSACTION,BENIGN,BACKGROUND_BENIGN
TX-N-00562,TRANSACTION,BENIGN,BACKGROUND_BENIGN
TX-N-00563,TRANSACTION,BENIGN,BACKGROUND_BENIGN
TX-N-00564,TRANSACTION,BENIGN,BACKGROUND_BENIGN
TX-N-00565,TRANSACTION,BENIGN,BACKGROUND_BENIGN
TX-N-00566,TRANSACTION,BENIGN,BACKGROUND_BENIGN
TX-N-00567,TRANSACTION,BENIGN,BACKGROUND_BENIGN
TX-N-00568,TRANSACTION,BENIGN,BACKGROUND_BENIGN
TX-N-00569,TRANSACTION,BENIGN,BACKGROUND_BENIGN
TX-N-00570,TRANSACTION,BENIGN,BACKGROUND_BENIGN
TX-N-00571,TRANSACTION,BENIGN,BACKGROUND_BENIGN
TX-N-00572,TRANSACTION,BENIGN,BACKGROUND_BENIGN
TX-N-00573,TRANSACTION,BENIGN,BACKGROUND_BENIGN
TX-N-00574,TRANSACTION,BENIGN,BACKGROUND_BENIGN
TX-N-00575,TRANSACTION,BENIGN,BACKGROUND_BENIGN
TX-N-00576,TRANSACTION,BENIGN,BACKGROUND_BENIGN
TX-N-00577,TRANSACTION,BENIGN,BACKGROUND_BENIGN
TX-N-00578,TRANSACTION,BENIGN,BACKGROUND_BENIGN
TX-N-00579,TRANSACTION,BENIGN,BACKGROUND_BENIGN
TX-N-00580,TRANSACTION,BENIGN,BACKGROUND_BENIGN
TX-N-00581,TRANSACTION,BENIGN,BACKGROUND_BENIGN
TX-N-00582,TRANSACTION,BENIGN,BACKGROUND_BENIGN
TX-N-00583,TRANSACTION,BENIGN,BACKGROUND_BENIGN
TX-N-00584,TRANSACTION,BENIGN,BACKGROUND_BENIGN
TX-N-00585,TRANSACTION,BENIGN,BACKGROUND_BENIGN
TX-N-00586,TRANSACTION,BENIGN,BACKGROUND_BENIGN
TX-N-00587,TRANSACTION,BENIGN,BACKGROUND_BENIGN
TX-N-00588,TRANSACTION,BENIGN,BACKGROUND_BENIGN
TX-N-00589,TRANSACTION,BENIGN,BACKGROUND_BENIGN
TX-N-00590,TRANSACTION,BENIGN,BACKGROUND_BENIGN
TX-N-00591,TRANSACTION,BENIGN,BACKGROUND_BENIGN
TX-N-00592,TRANSACTION,BENIGN,BACKGROUND_BENIGN
TX-N-00593,TRANSACTION,BENIGN,BACKGROUND_BENIGN
TX-N-00594,TRANSACTION,BENIGN,BACKGROUND_BENIGN
TX-N-00595,TRANSACTION,BENIGN,BACKGROUND_BENIGN
TX-N-00596,TRANSACTION,BENIGN,BACKGROUND_BENIGN
TX-N-00597,TRANSACTION,BENIGN,BACKGROUND_BENIGN
TX-N-00598,TRANSACTION,BENIGN,BACKGROUND_BENIGN
TX-N-00599,TRANSACTION,BENIGN,BACKGROUND_BENIGN
TX-N-00600,TRANSACTION,BENIGN,BACKGROUND_BENIGN
TX-N-00601,TRANSACTION,BENIGN,BACKGROUND_BENIGN
TX-N-00602,TRANSACTION,BENIGN,BACKGROUND_BENIGN
TX-N-00603,TRANSACTION,BENIGN,BACKGROUND_BENIGN
TX-N-00604,TRANSACTION,BENIGN,BACKGROUND_BENIGN
TX-N-00605,TRANSACTION,BENIGN,BACKGROUND_BENIGN
TX-N-00606,TRANSACTION,BENIGN,BACKGROUND_BENIGN
TX-N-00607,TRANSACTION,BENIGN,BACKGROUND_BENIGN
TX-N-00608,TRANSACTION,BENIGN,BACKGROUND_BENIGN
TX-N-00609,TRANSACTION,BENIGN,BACKGROUND_BENIGN
TX-N-00610,TRANSACTION,BENIGN,BACKGROUND_BENIGN
TX-N-00611,TRANSACTION,BENIGN,BACKGROUND_BENIGN
TX-N-00612,TRANSACTION,BENIGN,BACKGROUND_BENIGN
TX-N-00613,TRANSACTION,BENIGN,BACKGROUND_BENIGN
TX-N-00614,TRANSACTION,BENIGN,BACKGROUND_BENIGN
TX-N-00615,TRANSACTION,BENIGN,BACKGROUND_BENIGN
TX-N-00616,TRANSACTION,BENIGN,BACKGROUND_BENIGN
TX-N-00617,TRANSACTION,BENIGN,BACKGROUND_BENIGN
TX-N-00618,TRANSACTION,BENIGN,BACKGROUND_BENIGN
TX-N-00619,TRANSACTION,BENIGN,BACKGROUND_BENIGN
TX-N-00620,TRANSACTION,BENIGN,BACKGROUND_BENIGN
TX-N-00621,TRANSACTION,BENIGN,BACKGROUND_BENIGN
TX-N-00622,TRANSACTION,BENIGN,BACKGROUND_BENIGN
TX-N-00623,TRANSACTION,BENIGN,BACKGROUND_BENIGN
TX-N-00624,TRANSACTION,BENIGN,BACKGROUND_BENIGN
TX-N-00625,TRANSACTION,BENIGN,BACKGROUND_BENIGN
TX-N-00626,TRANSACTION,BENIGN,BACKGROUND_BENIGN
TX-N-00627,TRANSACTION,BENIGN,BACKGROUND_BENIGN
TX-N-00628,TRANSACTION,BENIGN,BACKGROUND_BENIGN
TX-N-00629,TRANSACTION,BENIGN,BACKGROUND_BENIGN
TX-N-00630,TRANSACTION,BENIGN,BACKGROUND_BENIGN
TX-N-00631,TRANSACTION,BENIGN,BACKGROUND_BENIGN
TX-N-00632,TRANSACTION,BENIGN,BACKGROUND_BENIGN
TX-N-00633,TRANSACTION,BENIGN,BACKGROUND_BENIGN
TX-N-00634,TRANSACTION,BENIGN,BACKGROUND_BENIGN
TX-N-00635,TRANSACTION,BENIGN,BACKGROUND_BENIGN
TX-N-00636,TRANSACTION,BENIGN,BACKGROUND_BENIGN
TX-N-00637,TRANSACTION,BENIGN,BACKGROUND_BENIGN
TX-N-00638,TRANSACTION,BENIGN,BACKGROUND_BENIGN
TX-N-00639,TRANSACTION,BENIGN,BACKGROUND_BENIGN
TX-N-00640,TRANSACTION,BENIGN,BACKGROUND_BENIGN
TX-N-00641,TRANSACTION,BENIGN,BACKGROUND_BENIGN
TX-N-00642,TRANSACTION,BENIGN,BACKGROUND_BENIGN
TX-N-00643,TRANSACTION,BENIGN,BACKGROUND_BENIGN
TX-N-00644,TRANSACTION,BENIGN,BACKGROUND_BENIGN
TX-N-00645,TRANSACTION,BENIGN,BACKGROUND_BENIGN
TX-N-00646,TRANSACTION,BENIGN,BACKGROUND_BENIGN
TX-N-00647,TRANSACTION,BENIGN,BACKGROUND_BENIGN
TX-N-00648,TRANSACTION,BENIGN,BACKGROUND_BENIGN
TX-N-00649,TRANSACTION,BENIGN,BACKGROUND_BENIGN
TX-N-00650,TRANSACTION,BENIGN,BACKGROUND_BENIGN
TX-N-00651,TRANSACTION,BENIGN,BACKGROUND_BENIGN
TX-N-00652,TRANSACTION,BENIGN,BACKGROUND_BENIGN
TX-N-00653,TRANSACTION,BENIGN,BACKGROUND_BENIGN
TX-N-00654,TRANSACTION,BENIGN,BACKGROUND_BENIGN
TX-N-00655,TRANSACTION,BENIGN,BACKGROUND_BENIGN
TX-N-00656,TRANSACTION,BENIGN,BACKGROUND_BENIGN
TX-N-00657,TRANSACTION,BENIGN,BACKGROUND_BENIGN
TX-N-00658,TRANSACTION,BENIGN,BACKGROUND_BENIGN
TX-N-00659,TRANSACTION,BENIGN,BACKGROUND_BENIGN
TX-N-00660,TRANSACTION,BENIGN,BACKGROUND_BENIGN
TX-N-00661,TRANSACTION,BENIGN,BACKGROUND_BENIGN
TX-N-00662,TRANSACTION,BENIGN,BACKGROUND_BENIGN
TX-N-00663,TRANSACTION,BENIGN,BACKGROUND_BENIGN
TX-N-00664,TRANSACTION,BENIGN,BACKGROUND_BENIGN
TX-N-00665,TRANSACTION,BENIGN,BACKGROUND_BENIGN
TX-N-00666,TRANSACTION,BENIGN,BACKGROUND_BENIGN
TX-N-00667,TRANSACTION,BENIGN,BACKGROUND_BENIGN
TX-N-00668,TRANSACTION,BENIGN,BACKGROUND_BENIGN
TX-N-00669,TRANSACTION,BENIGN,BACKGROUND_BENIGN
TX-N-00670,TRANSACTION,BENIGN,BACKGROUND_BENIGN
TX-N-00671,TRANSACTION,BENIGN,BACKGROUND_BENIGN
TX-N-00672,TRANSACTION,BENIGN,BACKGROUND_BENIGN
TX-N-00673,TRANSACTION,BENIGN,BACKGROUND_BENIGN
TX-N-00674,TRANSACTION,BENIGN,BACKGROUND_BENIGN
TX-N-00675,TRANSACTION,BENIGN,BACKGROUND_BENIGN
TX-N-00676,TRANSACTION,BENIGN,BACKGROUND_BENIGN
TX-N-00677,TRANSACTION,BENIGN,BACKGROUND_BENIGN
TX-N-00678,TRANSACTION,BENIGN,BACKGROUND_BENIGN
TX-N-00679,TRANSACTION,BENIGN,BACKGROUND_BENIGN
TX-N-00680,TRANSACTION,BENIGN,BACKGROUND_BENIGN
TX-N-00681,TRANSACTION,BENIGN,BACKGROUND_BENIGN
TX-N-00682,TRANSACTION,BENIGN,BACKGROUND_BENIGN
TX-N-00683,TRANSACTION,BENIGN,BACKGROUND_BENIGN
TX-N-00684,TRANSACTION,BENIGN,BACKGROUND_BENIGN
TX-N-00685,TRANSACTION,BENIGN,BACKGROUND_BENIGN
TX-N-00686,TRANSACTION,BENIGN,BACKGROUND_BENIGN
TX-N-00687,TRANSACTION,BENIGN,BACKGROUND_BENIGN
TX-N-00688,TRANSACTION,BENIGN,BACKGROUND_BENIGN
TX-N-00689,TRANSACTION,BENIGN,BACKGROUND_BENIGN
TX-N-00690,TRANSACTION,BENIGN,BACKGROUND_BENIGN
TX-N-00691,TRANSACTION,BENIGN,BACKGROUND_BENIGN
TX-N-00692,TRANSACTION,BENIGN,BACKGROUND_BENIGN
TX-N-00693,TRANSACTION,BENIGN,BACKGROUND_BENIGN
TX-N-00694,TRANSACTION,BENIGN,BACKGROUND_BENIGN
TX-N-00695,TRANSACTION,BENIGN,BACKGROUND_BENIGN
TX-N-00696,TRANSACTION,BENIGN,BACKGROUND_BENIGN
TX-N-00697,TRANSACTION,BENIGN,BACKGROUND_BENIGN
TX-N-00698,TRANSACTION,BENIGN,BACKGROUND_BENIGN
TX-N-00699,TRANSACTION,BENIGN,BACKGROUND_BENIGN
TX-N-00700,TRANSACTION,BENIGN,BACKGROUND_BENIGN
TX-N-00701,TRANSACTION,BENIGN,BACKGROUND_BENIGN
TX-N-00702,TRANSACTION,BENIGN,BACKGROUND_BENIGN
TX-N-00703,TRANSACTION,BENIGN,BACKGROUND_BENIGN
TX-N-00704,TRANSACTION,BENIGN,BACKGROUND_BENIGN
TX-N-00705,TRANSACTION,BENIGN,BACKGROUND_BENIGN
TX-N-00706,TRANSACTION,BENIGN,BACKGROUND_BENIGN
TX-N-00707,TRANSACTION,BENIGN,BACKGROUND_BENIGN
TX-N-00708,TRANSACTION,BENIGN,BACKGROUND_BENIGN
TX-N-00709,TRANSACTION,BENIGN,BACKGROUND_BENIGN
TX-N-00710,TRANSACTION,BENIGN,BACKGROUND_BENIGN
TX-N-00711,TRANSACTION,BENIGN,BACKGROUND_BENIGN
TX-N-00712,TRANSACTION,BENIGN,BACKGROUND_BENIGN
TX-N-00713,TRANSACTION,BENIGN,BACKGROUND_BENIGN
TX-N-00714,TRANSACTION,BENIGN,BACKGROUND_BENIGN
TX-N-00715,TRANSACTION,BENIGN,BACKGROUND_BENIGN
TX-N-00716,TRANSACTION,BENIGN,BACKGROUND_BENIGN
TX-N-00717,TRANSACTION,BENIGN,BACKGROUND_BENIGN
TX-N-00718,TRANSACTION,BENIGN,BACKGROUND_BENIGN
TX-N-00719,TRANSACTION,BENIGN,BACKGROUND_BENIGN
TX-N-00720,TRANSACTION,BENIGN,BACKGROUND_BENIGN
TX-N-00721,TRANSACTION,BENIGN,BACKGROUND_BENIGN
TX-N-00722,TRANSACTION,BENIGN,BACKGROUND_BENIGN
TX-N-00723,TRANSACTION,BENIGN,BACKGROUND_BENIGN
TX-N-00724,TRANSACTION,BENIGN,BACKGROUND_BENIGN
TX-N-00725,TRANSACTION,BENIGN,BACKGROUND_BENIGN
TX-N-00726,TRANSACTION,BENIGN,BACKGROUND_BENIGN
TX-N-00727,TRANSACTION,BENIGN,BACKGROUND_BENIGN
TX-N-00728,TRANSACTION,BENIGN,BACKGROUND_BENIGN
TX-N-00729,TRANSACTION,BENIGN,BACKGROUND_BENIGN
TX-N-00730,TRANSACTION,BENIGN,BACKGROUND_BENIGN
TX-N-00731,TRANSACTION,BENIGN,BACKGROUND_BENIGN
TX-N-00732,TRANSACTION,BENIGN,BACKGROUND_BENIGN
TX-N-00733,TRANSACTION,BENIGN,BACKGROUND_BENIGN
TX-N-00734,TRANSACTION,BENIGN,BACKGROUND_BENIGN
TX-N-00735,TRANSACTION,BENIGN,BACKGROUND_BENIGN
TX-N-00736,TRANSACTION,BENIGN,BACKGROUND_BENIGN
TX-N-00737,TRANSACTION,BENIGN,BACKGROUND_BENIGN
TX-N-00738,TRANSACTION,BENIGN,BACKGROUND_BENIGN
TX-N-00739,TRANSACTION,BENIGN,BACKGROUND_BENIGN
TX-N-00740,TRANSACTION,BENIGN,BACKGROUND_BENIGN
TX-N-00741,TRANSACTION,BENIGN,BACKGROUND_BENIGN
TX-N-00742,TRANSACTION,BENIGN,BACKGROUND_BENIGN
TX-N-00743,TRANSACTION,BENIGN,BACKGROUND_BENIGN
TX-N-00744,TRANSACTION,BENIGN,BACKGROUND_BENIGN
TX-N-00745,TRANSACTION,BENIGN,BACKGROUND_BENIGN
TX-N-00746,TRANSACTION,BENIGN,BACKGROUND_BENIGN
TX-N-00747,TRANSACTION,BENIGN,BACKGROUND_BENIGN
TX-N-00748,TRANSACTION,BENIGN,BACKGROUND_BENIGN
TX-N-00749,TRANSACTION,BENIGN,BACKGROUND_BENIGN
TX-N-00750,TRANSACTION,BENIGN,BACKGROUND_BENIGN
TX-N-00751,TRANSACTION,BENIGN,BACKGROUND_BENIGN
TX-N-00752,TRANSACTION,BENIGN,BACKGROUND_BENIGN
TX-N-00753,TRANSACTION,BENIGN,BACKGROUND_BENIGN
TX-N-00754,TRANSACTION,BENIGN,BACKGROUND_BENIGN
TX-N-00755,TRANSACTION,BENIGN,BACKGROUND_BENIGN
TX-N-00756,TRANSACTION,BENIGN,BACKGROUND_BENIGN
TX-N-00757,TRANSACTION,BENIGN,BACKGROUND_BENIGN
TX-N-00758,TRANSACTION,BENIGN,BACKGROUND_BENIGN
TX-N-00759,TRANSACTION,BENIGN,BACKGROUND_BENIGN
TX-N-00760,TRANSACTION,BENIGN,BACKGROUND_BENIGN
TX-N-00761,TRANSACTION,BENIGN,BACKGROUND_BENIGN
TX-N-00762,TRANSACTION,BENIGN,BACKGROUND_BENIGN
TX-N-00763,TRANSACTION,BENIGN,BACKGROUND_BENIGN
TX-N-00764,TRANSACTION,BENIGN,BACKGROUND_BENIGN
TX-N-00765,TRANSACTION,BENIGN,BACKGROUND_BENIGN
TX-N-00766,TRANSACTION,BENIGN,BACKGROUND_BENIGN
TX-N-00767,TRANSACTION,BENIGN,BACKGROUND_BENIGN
TX-N-00768,TRANSACTION,BENIGN,BACKGROUND_BENIGN
TX-N-00769,TRANSACTION,BENIGN,BACKGROUND_BENIGN
TX-N-00770,TRANSACTION,BENIGN,BACKGROUND_BENIGN
TX-N-00771,TRANSACTION,BENIGN,BACKGROUND_BENIGN
TX-N-00772,TRANSACTION,BENIGN,BACKGROUND_BENIGN
TX-N-00773,TRANSACTION,BENIGN,BACKGROUND_BENIGN
TX-N-00774,TRANSACTION,BENIGN,BACKGROUND_BENIGN
TX-N-00775,TRANSACTION,BENIGN,BACKGROUND_BENIGN
TX-N-00776,TRANSACTION,BENIGN,BACKGROUND_BENIGN
TX-N-00777,TRANSACTION,BENIGN,BACKGROUND_BENIGN
TX-N-00778,TRANSACTION,BENIGN,BACKGROUND_BENIGN
TX-N-00779,TRANSACTION,BENIGN,BACKGROUND_BENIGN
TX-N-00780,TRANSACTION,BENIGN,BACKGROUND_BENIGN
TX-N-00781,TRANSACTION,BENIGN,BACKGROUND_BENIGN
TX-N-00782,TRANSACTION,BENIGN,BACKGROUND_BENIGN
TX-N-00783,TRANSACTION,BENIGN,BACKGROUND_BENIGN
TX-N-00784,TRANSACTION,BENIGN,BACKGROUND_BENIGN
TX-N-00785,TRANSACTION,BENIGN,BACKGROUND_BENIGN
TX-N-00786,TRANSACTION,BENIGN,BACKGROUND_BENIGN
TX-N-00787,TRANSACTION,BENIGN,BACKGROUND_BENIGN
TX-N-00788,TRANSACTION,BENIGN,BACKGROUND_BENIGN
TX-N-00789,TRANSACTION,BENIGN,BACKGROUND_BENIGN
TX-N-00790,TRANSACTION,BENIGN,BACKGROUND_BENIGN
TX-N-00791,TRANSACTION,BENIGN,BACKGROUND_BENIGN
TX-N-00792,TRANSACTION,BENIGN,BACKGROUND_BENIGN
TX-N-00793,TRANSACTION,BENIGN,BACKGROUND_BENIGN
TX-N-00794,TRANSACTION,BENIGN,BACKGROUND_BENIGN
TX-N-00795,TRANSACTION,BENIGN,BACKGROUND_BENIGN
TX-N-00796,TRANSACTION,BENIGN,BACKGROUND_BENIGN
TX-N-00797,TRANSACTION,BENIGN,BACKGROUND_BENIGN
TX-N-00798,TRANSACTION,BENIGN,BACKGROUND_BENIGN
TX-N-00799,TRANSACTION,BENIGN,BACKGROUND_BENIGN
TX-N-00800,TRANSACTION,BENIGN,BACKGROUND_BENIGN
TX-N-00801,TRANSACTION,BENIGN,BACKGROUND_BENIGN
TX-N-00802,TRANSACTION,BENIGN,BACKGROUND_BENIGN
TX-N-00803,TRANSACTION,BENIGN,BACKGROUND_BENIGN
TX-N-00804,TRANSACTION,BENIGN,BACKGROUND_BENIGN
TX-N-00805,TRANSACTION,BENIGN,BACKGROUND_BENIGN
TX-N-00806,TRANSACTION,BENIGN,BACKGROUND_BENIGN
TX-N-00807,TRANSACTION,BENIGN,BACKGROUND_BENIGN
TX-N-00808,TRANSACTION,BENIGN,BACKGROUND_BENIGN
TX-N-00809,TRANSACTION,BENIGN,BACKGROUND_BENIGN
TX-N-00810,TRANSACTION,BENIGN,BACKGROUND_BENIGN
TX-N-00811,TRANSACTION,BENIGN,BACKGROUND_BENIGN
TX-N-00812,TRANSACTION,BENIGN,BACKGROUND_BENIGN
TX-N-00813,TRANSACTION,BENIGN,BACKGROUND_BENIGN
TX-N-00814,TRANSACTION,BENIGN,BACKGROUND_BENIGN
TX-N-00815,TRANSACTION,BENIGN,BACKGROUND_BENIGN
TX-N-00816,TRANSACTION,BENIGN,BACKGROUND_BENIGN
TX-N-00817,TRANSACTION,BENIGN,BACKGROUND_BENIGN
TX-N-00818,TRANSACTION,BENIGN,BACKGROUND_BENIGN
TX-N-00819,TRANSACTION,BENIGN,BACKGROUND_BENIGN
TX-N-00820,TRANSACTION,BENIGN,BACKGROUND_BENIGN
TX-N-00821,TRANSACTION,BENIGN,BACKGROUND_BENIGN
TX-N-00822,TRANSACTION,BENIGN,BACKGROUND_BENIGN
TX-N-00823,TRANSACTION,BENIGN,BACKGROUND_BENIGN
TX-N-00824,TRANSACTION,BENIGN,BACKGROUND_BENIGN
TX-N-00825,TRANSACTION,BENIGN,BACKGROUND_BENIGN
TX-N-00826,TRANSACTION,BENIGN,BACKGROUND_BENIGN
TX-N-00827,TRANSACTION,BENIGN,BACKGROUND_BENIGN
TX-N-00828,TRANSACTION,BENIGN,BACKGROUND_BENIGN
TX-N-00829,TRANSACTION,BENIGN,BACKGROUND_BENIGN
TX-N-00830,TRANSACTION,BENIGN,BACKGROUND_BENIGN
TX-N-00831,TRANSACTION,BENIGN,BACKGROUND_BENIGN
TX-N-00832,TRANSACTION,BENIGN,BACKGROUND_BENIGN
TX-N-00833,TRANSACTION,BENIGN,BACKGROUND_BENIGN
TX-N-00834,TRANSACTION,BENIGN,BACKGROUND_BENIGN
TX-N-00835,TRANSACTION,BENIGN,BACKGROUND_BENIGN
TX-N-00836,TRANSACTION,BENIGN,BACKGROUND_BENIGN
TX-N-00837,TRANSACTION,BENIGN,BACKGROUND_BENIGN
TX-N-00838,TRANSACTION,BENIGN,BACKGROUND_BENIGN
TX-N-00839,TRANSACTION,BENIGN,BACKGROUND_BENIGN
TX-N-00840,TRANSACTION,BENIGN,BACKGROUND_BENIGN
TX-N-00841,TRANSACTION,BENIGN,BACKGROUND_BENIGN
TX-N-00842,TRANSACTION,BENIGN,BACKGROUND_BENIGN
TX-N-00843,TRANSACTION,BENIGN,BACKGROUND_BENIGN
TX-N-00844,TRANSACTION,BENIGN,BACKGROUND_BENIGN
TX-N-00845,TRANSACTION,BENIGN,BACKGROUND_BENIGN
TX-N-00846,TRANSACTION,BENIGN,BACKGROUND_BENIGN
TX-N-00847,TRANSACTION,BENIGN,BACKGROUND_BENIGN
TX-N-00848,TRANSACTION,BENIGN,BACKGROUND_BENIGN
TX-N-00849,TRANSACTION,BENIGN,BACKGROUND_BENIGN
TX-N-00850,TRANSACTION,BENIGN,BACKGROUND_BENIGN
TX-N-00851,TRANSACTION,BENIGN,BACKGROUND_BENIGN
TX-N-00852,TRANSACTION,BENIGN,BACKGROUND_BENIGN
TX-N-00853,TRANSACTION,BENIGN,BACKGROUND_BENIGN
TX-N-00854,TRANSACTION,BENIGN,BACKGROUND_BENIGN
TX-N-00855,TRANSACTION,BENIGN,BACKGROUND_BENIGN
TX-N-00856,TRANSACTION,BENIGN,BACKGROUND_BENIGN
TX-N-00857,TRANSACTION,BENIGN,BACKGROUND_BENIGN
TX-N-00858,TRANSACTION,BENIGN,BACKGROUND_BENIGN
TX-N-00859,TRANSACTION,BENIGN,BACKGROUND_BENIGN
TX-N-00860,TRANSACTION,BENIGN,BACKGROUND_BENIGN
TX-N-00861,TRANSACTION,BENIGN,BACKGROUND_BENIGN
TX-N-00862,TRANSACTION,BENIGN,BACKGROUND_BENIGN
TX-N-00863,TRANSACTION,BENIGN,BACKGROUND_BENIGN
TX-N-00864,TRANSACTION,BENIGN,BACKGROUND_BENIGN
TX-N-00865,TRANSACTION,BENIGN,BACKGROUND_BENIGN
TX-N-00866,TRANSACTION,BENIGN,BACKGROUND_BENIGN
TX-N-00867,TRANSACTION,BENIGN,BACKGROUND_BENIGN
TX-N-00868,TRANSACTION,BENIGN,BACKGROUND_BENIGN
TX-N-00869,TRANSACTION,BENIGN,BACKGROUND_BENIGN
TX-N-00870,TRANSACTION,BENIGN,BACKGROUND_BENIGN
TX-N-00871,TRANSACTION,BENIGN,BACKGROUND_BENIGN
TX-N-00872,TRANSACTION,BENIGN,BACKGROUND_BENIGN
TX-N-00873,TRANSACTION,BENIGN,BACKGROUND_BENIGN
TX-N-00874,TRANSACTION,BENIGN,BACKGROUND_BENIGN
TX-N-00875,TRANSACTION,BENIGN,BACKGROUND_BENIGN
TX-N-00876,TRANSACTION,BENIGN,BACKGROUND_BENIGN
TX-N-00877,TRANSACTION,BENIGN,BACKGROUND_BENIGN
TX-N-00878,TRANSACTION,BENIGN,BACKGROUND_BENIGN
TX-N-00879,TRANSACTION,BENIGN,BACKGROUND_BENIGN
TX-N-00880,TRANSACTION,BENIGN,BACKGROUND_BENIGN
TX-N-00881,TRANSACTION,BENIGN,BACKGROUND_BENIGN
TX-N-00882,TRANSACTION,BENIGN,BACKGROUND_BENIGN
TX-N-00883,TRANSACTION,BENIGN,BACKGROUND_BENIGN
TX-N-00884,TRANSACTION,BENIGN,BACKGROUND_BENIGN
TX-N-00885,TRANSACTION,BENIGN,BACKGROUND_BENIGN
TX-N-00886,TRANSACTION,BENIGN,BACKGROUND_BENIGN
TX-N-00887,TRANSACTION,BENIGN,BACKGROUND_BENIGN
TX-N-00888,TRANSACTION,BENIGN,BACKGROUND_BENIGN
TX-N-00889,TRANSACTION,BENIGN,BACKGROUND_BENIGN
TX-N-00890,TRANSACTION,BENIGN,BACKGROUND_BENIGN
TX-N-00891,TRANSACTION,BENIGN,BACKGROUND_BENIGN
TX-N-00892,TRANSACTION,BENIGN,BACKGROUND_BENIGN
TX-N-00893,TRANSACTION,BENIGN,BACKGROUND_BENIGN
TX-N-00894,TRANSACTION,BENIGN,BACKGROUND_BENIGN
TX-N-00895,TRANSACTION,BENIGN,BACKGROUND_BENIGN
TX-N-00896,TRANSACTION,BENIGN,BACKGROUND_BENIGN
TX-N-00897,TRANSACTION,BENIGN,BACKGROUND_BENIGN
TX-N-00898,TRANSACTION,BENIGN,BACKGROUND_BENIGN
TX-N-00899,TRANSACTION,BENIGN,BACKGROUND_BENIGN
TX-N-00900,TRANSACTION,BENIGN,BACKGROUND_BENIGN
TX-N-00901,TRANSACTION,BENIGN,BACKGROUND_BENIGN
TX-N-00902,TRANSACTION,BENIGN,BACKGROUND_BENIGN
TX-N-00903,TRANSACTION,BENIGN,BACKGROUND_BENIGN
TX-N-00904,TRANSACTION,BENIGN,BACKGROUND_BENIGN
TX-N-00905,TRANSACTION,BENIGN,BACKGROUND_BENIGN
TX-N-00906,TRANSACTION,BENIGN,BACKGROUND_BENIGN
TX-N-00907,TRANSACTION,BENIGN,BACKGROUND_BENIGN
TX-N-00908,TRANSACTION,BENIGN,BACKGROUND_BENIGN
TX-N-00909,TRANSACTION,BENIGN,BACKGROUND_BENIGN
TX-N-00910,TRANSACTION,BENIGN,BACKGROUND_BENIGN
TX-N-00911,TRANSACTION,BENIGN,BACKGROUND_BENIGN
TX-N-00912,TRANSACTION,BENIGN,BACKGROUND_BENIGN
TX-N-00913,TRANSACTION,BENIGN,BACKGROUND_BENIGN
TX-N-00914,TRANSACTION,BENIGN,BACKGROUND_BENIGN
TX-N-00915,TRANSACTION,BENIGN,BACKGROUND_BENIGN
TX-N-00916,TRANSACTION,BENIGN,BACKGROUND_BENIGN
TX-N-00917,TRANSACTION,BENIGN,BACKGROUND_BENIGN
TX-N-00918,TRANSACTION,BENIGN,BACKGROUND_BENIGN
TX-N-00919,TRANSACTION,BENIGN,BACKGROUND_BENIGN
TX-N-00920,TRANSACTION,BENIGN,BACKGROUND_BENIGN
TX-N-00921,TRANSACTION,BENIGN,BACKGROUND_BENIGN
TX-N-00922,TRANSACTION,BENIGN,BACKGROUND_BENIGN
TX-N-00923,TRANSACTION,BENIGN,BACKGROUND_BENIGN
TX-N-00924,TRANSACTION,BENIGN,BACKGROUND_BENIGN
TX-N-00925,TRANSACTION,BENIGN,BACKGROUND_BENIGN
TX-N-00926,TRANSACTION,BENIGN,BACKGROUND_BENIGN
TX-N-00927,TRANSACTION,BENIGN,BACKGROUND_BENIGN
TX-N-00928,TRANSACTION,BENIGN,BACKGROUND_BENIGN
TX-N-00929,TRANSACTION,BENIGN,BACKGROUND_BENIGN
TX-N-00930,TRANSACTION,BENIGN,BACKGROUND_BENIGN
TX-N-00931,TRANSACTION,BENIGN,BACKGROUND_BENIGN
TX-N-00932,TRANSACTION,BENIGN,BACKGROUND_BENIGN
TX-N-00933,TRANSACTION,BENIGN,BACKGROUND_BENIGN
TX-N-00934,TRANSACTION,BENIGN,BACKGROUND_BENIGN
TX-N-00935,TRANSACTION,BENIGN,BACKGROUND_BENIGN
TX-N-00936,TRANSACTION,BENIGN,BACKGROUND_BENIGN
TX-N-00937,TRANSACTION,BENIGN,BACKGROUND_BENIGN
TX-N-00938,TRANSACTION,BENIGN,BACKGROUND_BENIGN
TX-N-00939,TRANSACTION,BENIGN,BACKGROUND_BENIGN
TX-N-00940,TRANSACTION,BENIGN,BACKGROUND_BENIGN
TX-N-00941,TRANSACTION,BENIGN,BACKGROUND_BENIGN
TX-N-00942,TRANSACTION,BENIGN,BACKGROUND_BENIGN
TX-N-00943,TRANSACTION,BENIGN,BACKGROUND_BENIGN
TX-N-00944,TRANSACTION,BENIGN,BACKGROUND_BENIGN
TX-N-00945,TRANSACTION,BENIGN,BACKGROUND_BENIGN
TX-N-00946,TRANSACTION,BENIGN,BACKGROUND_BENIGN
TX-N-00947,TRANSACTION,BENIGN,BACKGROUND_BENIGN
TX-N-00948,TRANSACTION,BENIGN,BACKGROUND_BENIGN
TX-N-00949,TRANSACTION,BENIGN,BACKGROUND_BENIGN
TX-N-00950,TRANSACTION,BENIGN,BACKGROUND_BENIGN
TX-N-00951,TRANSACTION,BENIGN,BACKGROUND_BENIGN
TX-N-00952,TRANSACTION,BENIGN,BACKGROUND_BENIGN
TX-N-00953,TRANSACTION,BENIGN,BACKGROUND_BENIGN
TX-N-00954,TRANSACTION,BENIGN,BACKGROUND_BENIGN
TX-N-00955,TRANSACTION,BENIGN,BACKGROUND_BENIGN
TX-N-00956,TRANSACTION,BENIGN,BACKGROUND_BENIGN
TX-N-00957,TRANSACTION,BENIGN,BACKGROUND_BENIGN
TX-N-00958,TRANSACTION,BENIGN,BACKGROUND_BENIGN
TX-N-00959,TRANSACTION,BENIGN,BACKGROUND_BENIGN
TX-N-00960,TRANSACTION,BENIGN,BACKGROUND_BENIGN
TX-N-00961,TRANSACTION,BENIGN,BACKGROUND_BENIGN
TX-N-00962,TRANSACTION,BENIGN,BACKGROUND_BENIGN
TX-N-00963,TRANSACTION,BENIGN,BACKGROUND_BENIGN
TX-N-00964,TRANSACTION,BENIGN,BACKGROUND_BENIGN
TX-N-00965,TRANSACTION,BENIGN,BACKGROUND_BENIGN
TX-N-00966,TRANSACTION,BENIGN,BACKGROUND_BENIGN
TX-N-00967,TRANSACTION,BENIGN,BACKGROUND_BENIGN
TX-N-00968,TRANSACTION,BENIGN,BACKGROUND_BENIGN
TX-N-00969,TRANSACTION,BENIGN,BACKGROUND_BENIGN
TX-N-00970,TRANSACTION,BENIGN,BACKGROUND_BENIGN
TX-N-00971,TRANSACTION,BENIGN,BACKGROUND_BENIGN
TX-N-00972,TRANSACTION,BENIGN,BACKGROUND_BENIGN
TX-N-00973,TRANSACTION,BENIGN,BACKGROUND_BENIGN
TX-N-00974,TRANSACTION,BENIGN,BACKGROUND_BENIGN
TX-N-00975,TRANSACTION,BENIGN,BACKGROUND_BENIGN
TX-N-00976,TRANSACTION,BENIGN,BACKGROUND_BENIGN
TX-N-00977,TRANSACTION,BENIGN,BACKGROUND_BENIGN
TX-N-00978,TRANSACTION,BENIGN,BACKGROUND_BENIGN
TX-N-00979,TRANSACTION,BENIGN,BACKGROUND_BENIGN
TX-N-00980,TRANSACTION,BENIGN,BACKGROUND_BENIGN
TX-N-00981,TRANSACTION,BENIGN,BACKGROUND_BENIGN
TX-N-00982,TRANSACTION,BENIGN,BACKGROUND_BENIGN
TX-N-00983,TRANSACTION,BENIGN,BACKGROUND_BENIGN
TX-N-00984,TRANSACTION,BENIGN,BACKGROUND_BENIGN
TX-N-00985,TRANSACTION,BENIGN,BACKGROUND_BENIGN
TX-N-00986,TRANSACTION,BENIGN,BACKGROUND_BENIGN
TX-N-00987,TRANSACTION,BENIGN,BACKGROUND_BENIGN
TX-N-00988,TRANSACTION,BENIGN,BACKGROUND_BENIGN
TX-N-00989,TRANSACTION,BENIGN,BACKGROUND_BENIGN
TX-N-00990,TRANSACTION,BENIGN,BACKGROUND_BENIGN
TX-N-00991,TRANSACTION,BENIGN,BACKGROUND_BENIGN
TX-N-00992,TRANSACTION,BENIGN,BACKGROUND_BENIGN
TX-N-00993,TRANSACTION,BENIGN,BACKGROUND_BENIGN
TX-N-00994,TRANSACTION,BENIGN,BACKGROUND_BENIGN
TX-N-00995,TRANSACTION,BENIGN,BACKGROUND_BENIGN
TX-N-00996,TRANSACTION,BENIGN,BACKGROUND_BENIGN
TX-N-00997,TRANSACTION,BENIGN,BACKGROUND_BENIGN
TX-N-00998,TRANSACTION,BENIGN,BACKGROUND_BENIGN
TX-N-00999,TRANSACTION,BENIGN,BACKGROUND_BENIGN
TX-N-01000,TRANSACTION,BENIGN,BACKGROUND_BENIGN
TX-N-01001,TRANSACTION,BENIGN,BACKGROUND_BENIGN
TX-N-01002,TRANSACTION,BENIGN,BACKGROUND_BENIGN
TX-N-01003,TRANSACTION,BENIGN,BACKGROUND_BENIGN
TX-N-01004,TRANSACTION,BENIGN,BACKGROUND_BENIGN
TX-N-01005,TRANSACTION,BENIGN,BACKGROUND_BENIGN
TX-N-01006,TRANSACTION,BENIGN,BACKGROUND_BENIGN
TX-N-01007,TRANSACTION,BENIGN,BACKGROUND_BENIGN
TX-N-01008,TRANSACTION,BENIGN,BACKGROUND_BENIGN
TX-N-01009,TRANSACTION,BENIGN,BACKGROUND_BENIGN
TX-N-01010,TRANSACTION,BENIGN,BACKGROUND_BENIGN
TX-N-01011,TRANSACTION,BENIGN,BACKGROUND_BENIGN
TX-N-01012,TRANSACTION,BENIGN,BACKGROUND_BENIGN
TX-N-01013,TRANSACTION,BENIGN,BACKGROUND_BENIGN
TX-N-01014,TRANSACTION,BENIGN,BACKGROUND_BENIGN
TX-N-01015,TRANSACTION,BENIGN,BACKGROUND_BENIGN
TX-N-01016,TRANSACTION,BENIGN,BACKGROUND_BENIGN
TX-N-01017,TRANSACTION,BENIGN,BACKGROUND_BENIGN
TX-N-01018,TRANSACTION,BENIGN,BACKGROUND_BENIGN
TX-N-01019,TRANSACTION,BENIGN,BACKGROUND_BENIGN
TX-N-01020,TRANSACTION,BENIGN,BACKGROUND_BENIGN
TX-N-01021,TRANSACTION,BENIGN,BACKGROUND_BENIGN
TX-N-01022,TRANSACTION,BENIGN,BACKGROUND_BENIGN
TX-N-01023,TRANSACTION,BENIGN,BACKGROUND_BENIGN
TX-N-01024,TRANSACTION,BENIGN,BACKGROUND_BENIGN
TX-N-01025,TRANSACTION,BENIGN,BACKGROUND_BENIGN
TX-N-01026,TRANSACTION,BENIGN,BACKGROUND_BENIGN
TX-N-01027,TRANSACTION,BENIGN,BACKGROUND_BENIGN
TX-N-01028,TRANSACTION,BENIGN,BACKGROUND_BENIGN
TX-N-01029,TRANSACTION,BENIGN,BACKGROUND_BENIGN
TX-N-01030,TRANSACTION,BENIGN,BACKGROUND_BENIGN
TX-N-01031,TRANSACTION,BENIGN,BACKGROUND_BENIGN
TX-N-01032,TRANSACTION,BENIGN,BACKGROUND_BENIGN
TX-N-01033,TRANSACTION,BENIGN,BACKGROUND_BENIGN
TX-N-01034,TRANSACTION,BENIGN,BACKGROUND_BENIGN
TX-N-01035,TRANSACTION,BENIGN,BACKGROUND_BENIGN
TX-N-01036,TRANSACTION,BENIGN,BACKGROUND_BENIGN
TX-N-01037,TRANSACTION,BENIGN,BACKGROUND_BENIGN
TX-N-01038,TRANSACTION,BENIGN,BACKGROUND_BENIGN
TX-N-01039,TRANSACTION,BENIGN,BACKGROUND_BENIGN
TX-N-01040,TRANSACTION,BENIGN,BACKGROUND_BENIGN
TX-N-01041,TRANSACTION,BENIGN,BACKGROUND_BENIGN
TX-N-01042,TRANSACTION,BENIGN,BACKGROUND_BENIGN
TX-N-01043,TRANSACTION,BENIGN,BACKGROUND_BENIGN
TX-N-01044,TRANSACTION,BENIGN,BACKGROUND_BENIGN
TX-N-01045,TRANSACTION,BENIGN,BACKGROUND_BENIGN
TX-N-01046,TRANSACTION,BENIGN,BACKGROUND_BENIGN
TX-N-01047,TRANSACTION,BENIGN,BACKGROUND_BENIGN
TX-N-01048,TRANSACTION,BENIGN,BACKGROUND_BENIGN
TX-N-01049,TRANSACTION,BENIGN,BACKGROUND_BENIGN
TX-N-01050,TRANSACTION,BENIGN,BACKGROUND_BENIGN
TX-N-01051,TRANSACTION,BENIGN,BACKGROUND_BENIGN
TX-N-01052,TRANSACTION,BENIGN,BACKGROUND_BENIGN
TX-N-01053,TRANSACTION,BENIGN,BACKGROUND_BENIGN
TX-N-01054,TRANSACTION,BENIGN,BACKGROUND_BENIGN
TX-N-01055,TRANSACTION,BENIGN,BACKGROUND_BENIGN
TX-N-01056,TRANSACTION,BENIGN,BACKGROUND_BENIGN
TX-N-01057,TRANSACTION,BENIGN,BACKGROUND_BENIGN
TX-N-01058,TRANSACTION,BENIGN,BACKGROUND_BENIGN
TX-N-01059,TRANSACTION,BENIGN,BACKGROUND_BENIGN
TX-N-01060,TRANSACTION,BENIGN,BACKGROUND_BENIGN
TX-N-01061,TRANSACTION,BENIGN,BACKGROUND_BENIGN
TX-N-01062,TRANSACTION,BENIGN,BACKGROUND_BENIGN
TX-N-01063,TRANSACTION,BENIGN,BACKGROUND_BENIGN
TX-N-01064,TRANSACTION,BENIGN,BACKGROUND_BENIGN
TX-N-01065,TRANSACTION,BENIGN,BACKGROUND_BENIGN
TX-N-01066,TRANSACTION,BENIGN,BACKGROUND_BENIGN
TX-N-01067,TRANSACTION,BENIGN,BACKGROUND_BENIGN
TX-N-01068,TRANSACTION,BENIGN,BACKGROUND_BENIGN
TX-N-01069,TRANSACTION,BENIGN,BACKGROUND_BENIGN
TX-N-01070,TRANSACTION,BENIGN,BACKGROUND_BENIGN
TX-N-01071,TRANSACTION,BENIGN,BACKGROUND_BENIGN
TX-N-01072,TRANSACTION,BENIGN,BACKGROUND_BENIGN
TX-N-01073,TRANSACTION,BENIGN,BACKGROUND_BENIGN
TX-N-01074,TRANSACTION,BENIGN,BACKGROUND_BENIGN
TX-N-01075,TRANSACTION,BENIGN,BACKGROUND_BENIGN
TX-N-01076,TRANSACTION,BENIGN,BACKGROUND_BENIGN
TX-N-01077,TRANSACTION,BENIGN,BACKGROUND_BENIGN
TX-N-01078,TRANSACTION,BENIGN,BACKGROUND_BENIGN
TX-N-01079,TRANSACTION,BENIGN,BACKGROUND_BENIGN
TX-N-01080,TRANSACTION,BENIGN,BACKGROUND_BENIGN
TX-N-01081,TRANSACTION,BENIGN,BACKGROUND_BENIGN
TX-N-01082,TRANSACTION,BENIGN,BACKGROUND_BENIGN
TX-N-01083,TRANSACTION,BENIGN,BACKGROUND_BENIGN
TX-N-01084,TRANSACTION,BENIGN,BACKGROUND_BENIGN
TX-N-01085,TRANSACTION,BENIGN,BACKGROUND_BENIGN
TX-N-01086,TRANSACTION,BENIGN,BACKGROUND_BENIGN
TX-N-01087,TRANSACTION,BENIGN,BACKGROUND_BENIGN
TX-N-01088,TRANSACTION,BENIGN,BACKGROUND_BENIGN
TX-N-01089,TRANSACTION,BENIGN,BACKGROUND_BENIGN
TX-N-01090,TRANSACTION,BENIGN,BACKGROUND_BENIGN
TX-N-01091,TRANSACTION,BENIGN,BACKGROUND_BENIGN
TX-N-01092,TRANSACTION,BENIGN,BACKGROUND_BENIGN
TX-N-01093,TRANSACTION,BENIGN,BACKGROUND_BENIGN
TX-N-01094,TRANSACTION,BENIGN,BACKGROUND_BENIGN
TX-N-01095,TRANSACTION,BENIGN,BACKGROUND_BENIGN
TX-N-01096,TRANSACTION,BENIGN,BACKGROUND_BENIGN
TX-N-01097,TRANSACTION,BENIGN,BACKGROUND_BENIGN
TX-N-01098,TRANSACTION,BENIGN,BACKGROUND_BENIGN
TX-N-01099,TRANSACTION,BENIGN,BACKGROUND_BENIGN
TX-N-01100,TRANSACTION,BENIGN,BACKGROUND_BENIGN
TX-N-01101,TRANSACTION,BENIGN,BACKGROUND_BENIGN
TX-N-01102,TRANSACTION,BENIGN,BACKGROUND_BENIGN
TX-N-01103,TRANSACTION,BENIGN,BACKGROUND_BENIGN
TX-N-01104,TRANSACTION,BENIGN,BACKGROUND_BENIGN
TX-N-01105,TRANSACTION,BENIGN,BACKGROUND_BENIGN
TX-N-01106,TRANSACTION,BENIGN,BACKGROUND_BENIGN
TX-N-01107,TRANSACTION,BENIGN,BACKGROUND_BENIGN
TX-N-01108,TRANSACTION,BENIGN,BACKGROUND_BENIGN
TX-N-01109,TRANSACTION,BENIGN,BACKGROUND_BENIGN
TX-N-01110,TRANSACTION,BENIGN,BACKGROUND_BENIGN
TX-N-01111,TRANSACTION,BENIGN,BACKGROUND_BENIGN
TX-N-01112,TRANSACTION,BENIGN,BACKGROUND_BENIGN
TX-N-01113,TRANSACTION,BENIGN,BACKGROUND_BENIGN
TX-N-01114,TRANSACTION,BENIGN,BACKGROUND_BENIGN
TX-N-01115,TRANSACTION,BENIGN,BACKGROUND_BENIGN
TX-N-01116,TRANSACTION,BENIGN,BACKGROUND_BENIGN
TX-N-01117,TRANSACTION,BENIGN,BACKGROUND_BENIGN
TX-N-01118,TRANSACTION,BENIGN,BACKGROUND_BENIGN
TX-N-01119,TRANSACTION,BENIGN,BACKGROUND_BENIGN
TX-N-01120,TRANSACTION,BENIGN,BACKGROUND_BENIGN
TX-N-01121,TRANSACTION,BENIGN,BACKGROUND_BENIGN
TX-N-01122,TRANSACTION,BENIGN,BACKGROUND_BENIGN
TX-N-01123,TRANSACTION,BENIGN,BACKGROUND_BENIGN
TX-N-01124,TRANSACTION,BENIGN,BACKGROUND_BENIGN
TX-N-01125,TRANSACTION,BENIGN,BACKGROUND_BENIGN
TX-N-01126,TRANSACTION,BENIGN,BACKGROUND_BENIGN
TX-N-01127,TRANSACTION,BENIGN,BACKGROUND_BENIGN
TX-N-01128,TRANSACTION,BENIGN,BACKGROUND_BENIGN
TX-N-01129,TRANSACTION,BENIGN,BACKGROUND_BENIGN
TX-N-01130,TRANSACTION,BENIGN,BACKGROUND_BENIGN
TX-N-01131,TRANSACTION,BENIGN,BACKGROUND_BENIGN
TX-N-01132,TRANSACTION,BENIGN,BACKGROUND_BENIGN
TX-N-01133,TRANSACTION,BENIGN,BACKGROUND_BENIGN
TX-N-01134,TRANSACTION,BENIGN,BACKGROUND_BENIGN
TX-N-01135,TRANSACTION,BENIGN,BACKGROUND_BENIGN
TX-N-01136,TRANSACTION,BENIGN,BACKGROUND_BENIGN
TX-N-01137,TRANSACTION,BENIGN,BACKGROUND_BENIGN
TX-N-01138,TRANSACTION,BENIGN,BACKGROUND_BENIGN
TX-N-01139,TRANSACTION,BENIGN,BACKGROUND_BENIGN
TX-N-01140,TRANSACTION,BENIGN,BACKGROUND_BENIGN
TX-N-01141,TRANSACTION,BENIGN,BACKGROUND_BENIGN
TX-N-01142,TRANSACTION,BENIGN,BACKGROUND_BENIGN
TX-N-01143,TRANSACTION,BENIGN,BACKGROUND_BENIGN
TX-N-01144,TRANSACTION,BENIGN,BACKGROUND_BENIGN
TX-N-01145,TRANSACTION,BENIGN,BACKGROUND_BENIGN
TX-N-01146,TRANSACTION,BENIGN,BACKGROUND_BENIGN
TX-N-01147,TRANSACTION,BENIGN,BACKGROUND_BENIGN
TX-N-01148,TRANSACTION,BENIGN,BACKGROUND_BENIGN
TX-N-01149,TRANSACTION,BENIGN,BACKGROUND_BENIGN
TX-N-01150,TRANSACTION,BENIGN,BACKGROUND_BENIGN
TX-N-01151,TRANSACTION,BENIGN,BACKGROUND_BENIGN
TX-N-01152,TRANSACTION,BENIGN,BACKGROUND_BENIGN
TX-N-01153,TRANSACTION,BENIGN,BACKGROUND_BENIGN
TX-N-01154,TRANSACTION,BENIGN,BACKGROUND_BENIGN
TX-N-01155,TRANSACTION,BENIGN,BACKGROUND_BENIGN
TX-N-01156,TRANSACTION,BENIGN,BACKGROUND_BENIGN
TX-N-01157,TRANSACTION,BENIGN,BACKGROUND_BENIGN
TX-N-01158,TRANSACTION,BENIGN,BACKGROUND_BENIGN
TX-N-01159,TRANSACTION,BENIGN,BACKGROUND_BENIGN
TX-N-01160,TRANSACTION,BENIGN,BACKGROUND_BENIGN
TX-N-01161,TRANSACTION,BENIGN,BACKGROUND_BENIGN
TX-N-01162,TRANSACTION,BENIGN,BACKGROUND_BENIGN
TX-N-01163,TRANSACTION,BENIGN,BACKGROUND_BENIGN
TX-N-01164,TRANSACTION,BENIGN,BACKGROUND_BENIGN
TX-N-01165,TRANSACTION,BENIGN,BACKGROUND_BENIGN
TX-N-01166,TRANSACTION,BENIGN,BACKGROUND_BENIGN
TX-N-01167,TRANSACTION,BENIGN,BACKGROUND_BENIGN
TX-N-01168,TRANSACTION,BENIGN,BACKGROUND_BENIGN
TX-N-01169,TRANSACTION,BENIGN,BACKGROUND_BENIGN
TX-N-01170,TRANSACTION,BENIGN,BACKGROUND_BENIGN
TX-N-01171,TRANSACTION,BENIGN,BACKGROUND_BENIGN
TX-N-01172,TRANSACTION,BENIGN,BACKGROUND_BENIGN
TX-N-01173,TRANSACTION,BENIGN,BACKGROUND_BENIGN
TX-N-01174,TRANSACTION,BENIGN,BACKGROUND_BENIGN
TX-N-01175,TRANSACTION,BENIGN,BACKGROUND_BENIGN
TX-N-01176,TRANSACTION,BENIGN,BACKGROUND_BENIGN
TX-N-01177,TRANSACTION,BENIGN,BACKGROUND_BENIGN
TX-N-01178,TRANSACTION,BENIGN,BACKGROUND_BENIGN
TX-N-01179,TRANSACTION,BENIGN,BACKGROUND_BENIGN
TX-N-01180,TRANSACTION,BENIGN,BACKGROUND_BENIGN
TX-N-01181,TRANSACTION,BENIGN,BACKGROUND_BENIGN
TX-N-01182,TRANSACTION,BENIGN,BACKGROUND_BENIGN
TX-N-01183,TRANSACTION,BENIGN,BACKGROUND_BENIGN
TX-N-01184,TRANSACTION,BENIGN,BACKGROUND_BENIGN
TX-N-01185,TRANSACTION,BENIGN,BACKGROUND_BENIGN
TX-N-01186,TRANSACTION,BENIGN,BACKGROUND_BENIGN
TX-N-01187,TRANSACTION,BENIGN,BACKGROUND_BENIGN
TX-N-01188,TRANSACTION,BENIGN,BACKGROUND_BENIGN
TX-N-01189,TRANSACTION,BENIGN,BACKGROUND_BENIGN
TX-N-01190,TRANSACTION,BENIGN,BACKGROUND_BENIGN
TX-N-01191,TRANSACTION,BENIGN,BACKGROUND_BENIGN
TX-N-01192,TRANSACTION,BENIGN,BACKGROUND_BENIGN
TX-N-01193,TRANSACTION,BENIGN,BACKGROUND_BENIGN
TX-N-01194,TRANSACTION,BENIGN,BACKGROUND_BENIGN
TX-N-01195,TRANSACTION,BENIGN,BACKGROUND_BENIGN
TX-N-01196,TRANSACTION,BENIGN,BACKGROUND_BENIGN
TX-N-01197,TRANSACTION,BENIGN,BACKGROUND_BENIGN
TX-N-01198,TRANSACTION,BENIGN,BACKGROUND_BENIGN
TX-N-01199,TRANSACTION,BENIGN,BACKGROUND_BENIGN
TX-N-01200,TRANSACTION,BENIGN,BACKGROUND_BENIGN
TX-N-01201,TRANSACTION,BENIGN,BACKGROUND_BENIGN
TX-N-01202,TRANSACTION,BENIGN,BACKGROUND_BENIGN
TX-N-01203,TRANSACTION,BENIGN,BACKGROUND_BENIGN
TX-N-01204,TRANSACTION,BENIGN,BACKGROUND_BENIGN
TX-N-01205,TRANSACTION,BENIGN,BACKGROUND_BENIGN
TX-N-01206,TRANSACTION,BENIGN,BACKGROUND_BENIGN
TX-N-01207,TRANSACTION,BENIGN,BACKGROUND_BENIGN
TX-N-01208,TRANSACTION,BENIGN,BACKGROUND_BENIGN
TX-N-01209,TRANSACTION,BENIGN,BACKGROUND_BENIGN
TX-N-01210,TRANSACTION,BENIGN,BACKGROUND_BENIGN
TX-N-01211,TRANSACTION,BENIGN,BACKGROUND_BENIGN
TX-N-01212,TRANSACTION,BENIGN,BACKGROUND_BENIGN
TX-N-01213,TRANSACTION,BENIGN,BACKGROUND_BENIGN
TX-N-01214,TRANSACTION,BENIGN,BACKGROUND_BENIGN
TX-N-01215,TRANSACTION,BENIGN,BACKGROUND_BENIGN
TX-N-01216,TRANSACTION,BENIGN,BACKGROUND_BENIGN
TX-N-01217,TRANSACTION,BENIGN,BACKGROUND_BENIGN
TX-N-01218,TRANSACTION,BENIGN,BACKGROUND_BENIGN
TX-N-01219,TRANSACTION,BENIGN,BACKGROUND_BENIGN
TX-N-01220,TRANSACTION,BENIGN,BACKGROUND_BENIGN
TX-N-01221,TRANSACTION,BENIGN,BACKGROUND_BENIGN
TX-N-01222,TRANSACTION,BENIGN,BACKGROUND_BENIGN
TX-N-01223,TRANSACTION,BENIGN,BACKGROUND_BENIGN
TX-N-01224,TRANSACTION,BENIGN,BACKGROUND_BENIGN
TX-N-01225,TRANSACTION,BENIGN,BACKGROUND_BENIGN
TX-N-01226,TRANSACTION,BENIGN,BACKGROUND_BENIGN
TX-N-01227,TRANSACTION,BENIGN,BACKGROUND_BENIGN
TX-N-01228,TRANSACTION,BENIGN,BACKGROUND_BENIGN
TX-N-01229,TRANSACTION,BENIGN,BACKGROUND_BENIGN
TX-N-01230,TRANSACTION,BENIGN,BACKGROUND_BENIGN
TX-N-01231,TRANSACTION,BENIGN,BACKGROUND_BENIGN
TX-N-01232,TRANSACTION,BENIGN,BACKGROUND_BENIGN
TX-N-01233,TRANSACTION,BENIGN,BACKGROUND_BENIGN
TX-N-01234,TRANSACTION,BENIGN,BACKGROUND_BENIGN
TX-N-01235,TRANSACTION,BENIGN,BACKGROUND_BENIGN
TX-N-01236,TRANSACTION,BENIGN,BACKGROUND_BENIGN
TX-N-01237,TRANSACTION,BENIGN,BACKGROUND_BENIGN
TX-N-01238,TRANSACTION,BENIGN,BACKGROUND_BENIGN
TX-N-01239,TRANSACTION,BENIGN,BACKGROUND_BENIGN
TX-N-01240,TRANSACTION,BENIGN,BACKGROUND_BENIGN
TX-N-01241,TRANSACTION,BENIGN,BACKGROUND_BENIGN
TX-N-01242,TRANSACTION,BENIGN,BACKGROUND_BENIGN
TX-N-01243,TRANSACTION,BENIGN,BACKGROUND_BENIGN
TX-N-01244,TRANSACTION,BENIGN,BACKGROUND_BENIGN
TX-N-01245,TRANSACTION,BENIGN,BACKGROUND_BENIGN
TX-N-01246,TRANSACTION,BENIGN,BACKGROUND_BENIGN
TX-N-01247,TRANSACTION,BENIGN,BACKGROUND_BENIGN
TX-N-01248,TRANSACTION,BENIGN,BACKGROUND_BENIGN
TX-N-01249,TRANSACTION,BENIGN,BACKGROUND_BENIGN
TX-N-01250,TRANSACTION,BENIGN,BACKGROUND_BENIGN
TX-N-01251,TRANSACTION,BENIGN,BACKGROUND_BENIGN
TX-N-01252,TRANSACTION,BENIGN,BACKGROUND_BENIGN
TX-N-01253,TRANSACTION,BENIGN,BACKGROUND_BENIGN
TX-N-01254,TRANSACTION,BENIGN,BACKGROUND_BENIGN
TX-N-01255,TRANSACTION,BENIGN,BACKGROUND_BENIGN
TX-N-01256,TRANSACTION,BENIGN,BACKGROUND_BENIGN
TX-N-01257,TRANSACTION,BENIGN,BACKGROUND_BENIGN
TX-N-01258,TRANSACTION,BENIGN,BACKGROUND_BENIGN
TX-N-01259,TRANSACTION,BENIGN,BACKGROUND_BENIGN
TX-N-01260,TRANSACTION,BENIGN,BACKGROUND_BENIGN
TX-N-01261,TRANSACTION,BENIGN,BACKGROUND_BENIGN
TX-N-01262,TRANSACTION,BENIGN,BACKGROUND_BENIGN
TX-N-01263,TRANSACTION,BENIGN,BACKGROUND_BENIGN
TX-N-01264,TRANSACTION,BENIGN,BACKGROUND_BENIGN
TX-N-01265,TRANSACTION,BENIGN,BACKGROUND_BENIGN
TX-N-01266,TRANSACTION,BENIGN,BACKGROUND_BENIGN
TX-N-01267,TRANSACTION,BENIGN,BACKGROUND_BENIGN
TX-N-01268,TRANSACTION,BENIGN,BACKGROUND_BENIGN
TX-N-01269,TRANSACTION,BENIGN,BACKGROUND_BENIGN
TX-N-01270,TRANSACTION,BENIGN,BACKGROUND_BENIGN
TX-N-01271,TRANSACTION,BENIGN,BACKGROUND_BENIGN
TX-N-01272,TRANSACTION,BENIGN,BACKGROUND_BENIGN
TX-N-01273,TRANSACTION,BENIGN,BACKGROUND_BENIGN
TX-N-01274,TRANSACTION,BENIGN,BACKGROUND_BENIGN
TX-N-01275,TRANSACTION,BENIGN,BACKGROUND_BENIGN
TX-N-01276,TRANSACTION,BENIGN,BACKGROUND_BENIGN
TX-N-01277,TRANSACTION,BENIGN,BACKGROUND_BENIGN
TX-N-01278,TRANSACTION,BENIGN,BACKGROUND_BENIGN
TX-N-01279,TRANSACTION,BENIGN,BACKGROUND_BENIGN
TX-N-01280,TRANSACTION,BENIGN,BACKGROUND_BENIGN
TX-N-01281,TRANSACTION,BENIGN,BACKGROUND_BENIGN
TX-N-01282,TRANSACTION,BENIGN,BACKGROUND_BENIGN
TX-N-01283,TRANSACTION,BENIGN,BACKGROUND_BENIGN
TX-N-01284,TRANSACTION,BENIGN,BACKGROUND_BENIGN
TX-N-01285,TRANSACTION,BENIGN,BACKGROUND_BENIGN
TX-N-01286,TRANSACTION,BENIGN,BACKGROUND_BENIGN
TX-N-01287,TRANSACTION,BENIGN,BACKGROUND_BENIGN
TX-N-01288,TRANSACTION,BENIGN,BACKGROUND_BENIGN
TX-N-01289,TRANSACTION,BENIGN,BACKGROUND_BENIGN
TX-N-01290,TRANSACTION,BENIGN,BACKGROUND_BENIGN
TX-N-01291,TRANSACTION,BENIGN,BACKGROUND_BENIGN
TX-N-01292,TRANSACTION,BENIGN,BACKGROUND_BENIGN
TX-N-01293,TRANSACTION,BENIGN,BACKGROUND_BENIGN
TX-N-01294,TRANSACTION,BENIGN,BACKGROUND_BENIGN
TX-N-01295,TRANSACTION,BENIGN,BACKGROUND_BENIGN
TX-N-01296,TRANSACTION,BENIGN,BACKGROUND_BENIGN
TX-N-01297,TRANSACTION,BENIGN,BACKGROUND_BENIGN
TX-N-01298,TRANSACTION,BENIGN,BACKGROUND_BENIGN
TX-N-01299,TRANSACTION,BENIGN,BACKGROUND_BENIGN
TX-N-01300,TRANSACTION,BENIGN,BACKGROUND_BENIGN
TX-N-01301,TRANSACTION,BENIGN,BACKGROUND_BENIGN
TX-N-01302,TRANSACTION,BENIGN,BACKGROUND_BENIGN
TX-N-01303,TRANSACTION,BENIGN,BACKGROUND_BENIGN
TX-N-01304,TRANSACTION,BENIGN,BACKGROUND_BENIGN
TX-N-01305,TRANSACTION,BENIGN,BACKGROUND_BENIGN
TX-N-01306,TRANSACTION,BENIGN,BACKGROUND_BENIGN
TX-N-01307,TRANSACTION,BENIGN,BACKGROUND_BENIGN
TX-N-01308,TRANSACTION,BENIGN,BACKGROUND_BENIGN
TX-N-01309,TRANSACTION,BENIGN,BACKGROUND_BENIGN
TX-N-01310,TRANSACTION,BENIGN,BACKGROUND_BENIGN
TX-N-01311,TRANSACTION,BENIGN,BACKGROUND_BENIGN
TX-N-01312,TRANSACTION,BENIGN,BACKGROUND_BENIGN
TX-N-01313,TRANSACTION,BENIGN,BACKGROUND_BENIGN
TX-N-01314,TRANSACTION,BENIGN,BACKGROUND_BENIGN
TX-N-01315,TRANSACTION,BENIGN,BACKGROUND_BENIGN
TX-N-01316,TRANSACTION,BENIGN,BACKGROUND_BENIGN
TX-N-01317,TRANSACTION,BENIGN,BACKGROUND_BENIGN
TX-N-01318,TRANSACTION,BENIGN,BACKGROUND_BENIGN
TX-N-01319,TRANSACTION,BENIGN,BACKGROUND_BENIGN
TX-N-01320,TRANSACTION,BENIGN,BACKGROUND_BENIGN
TX-N-01321,TRANSACTION,BENIGN,BACKGROUND_BENIGN
TX-N-01322,TRANSACTION,BENIGN,BACKGROUND_BENIGN
TX-N-01323,TRANSACTION,BENIGN,BACKGROUND_BENIGN
TX-N-01324,TRANSACTION,BENIGN,BACKGROUND_BENIGN
TX-N-01325,TRANSACTION,BENIGN,BACKGROUND_BENIGN
TX-N-01326,TRANSACTION,BENIGN,BACKGROUND_BENIGN
TX-N-01327,TRANSACTION,BENIGN,BACKGROUND_BENIGN
TX-N-01328,TRANSACTION,BENIGN,BACKGROUND_BENIGN
TX-N-01329,TRANSACTION,BENIGN,BACKGROUND_BENIGN
TX-N-01330,TRANSACTION,BENIGN,BACKGROUND_BENIGN
TX-N-01331,TRANSACTION,BENIGN,BACKGROUND_BENIGN
TX-N-01332,TRANSACTION,BENIGN,BACKGROUND_BENIGN
TX-N-01333,TRANSACTION,BENIGN,BACKGROUND_BENIGN
TX-N-01334,TRANSACTION,BENIGN,BACKGROUND_BENIGN
TX-N-01335,TRANSACTION,BENIGN,BACKGROUND_BENIGN
TX-N-01336,TRANSACTION,BENIGN,BACKGROUND_BENIGN
TX-N-01337,TRANSACTION,BENIGN,BACKGROUND_BENIGN
TX-N-01338,TRANSACTION,BENIGN,BACKGROUND_BENIGN
TX-N-01339,TRANSACTION,BENIGN,BACKGROUND_BENIGN
TX-N-01340,TRANSACTION,BENIGN,BACKGROUND_BENIGN
TX-N-01341,TRANSACTION,BENIGN,BACKGROUND_BENIGN
TX-N-01342,TRANSACTION,BENIGN,BACKGROUND_BENIGN
TX-N-01343,TRANSACTION,BENIGN,BACKGROUND_BENIGN
TX-N-01344,TRANSACTION,BENIGN,BACKGROUND_BENIGN
TX-N-01345,TRANSACTION,BENIGN,BACKGROUND_BENIGN
TX-N-01346,TRANSACTION,BENIGN,BACKGROUND_BENIGN
TX-N-01347,TRANSACTION,BENIGN,BACKGROUND_BENIGN
TX-N-01348,TRANSACTION,BENIGN,BACKGROUND_BENIGN
TX-N-01349,TRANSACTION,BENIGN,BACKGROUND_BENIGN
TX-N-01350,TRANSACTION,BENIGN,BACKGROUND_BENIGN
TX-N-01351,TRANSACTION,BENIGN,BACKGROUND_BENIGN
TX-N-01352,TRANSACTION,BENIGN,BACKGROUND_BENIGN
TX-N-01353,TRANSACTION,BENIGN,BACKGROUND_BENIGN
TX-N-01354,TRANSACTION,BENIGN,BACKGROUND_BENIGN
TX-N-01355,TRANSACTION,BENIGN,BACKGROUND_BENIGN
TX-N-01356,TRANSACTION,BENIGN,BACKGROUND_BENIGN
TX-N-01357,TRANSACTION,BENIGN,BACKGROUND_BENIGN
TX-N-01358,TRANSACTION,BENIGN,BACKGROUND_BENIGN
TX-N-01359,TRANSACTION,BENIGN,BACKGROUND_BENIGN
TX-N-01360,TRANSACTION,BENIGN,BACKGROUND_BENIGN
TX-N-01361,TRANSACTION,BENIGN,BACKGROUND_BENIGN
TX-N-01362,TRANSACTION,BENIGN,BACKGROUND_BENIGN
TX-N-01363,TRANSACTION,BENIGN,BACKGROUND_BENIGN
TX-N-01364,TRANSACTION,BENIGN,BACKGROUND_BENIGN
TX-N-01365,TRANSACTION,BENIGN,BACKGROUND_BENIGN
TX-N-01366,TRANSACTION,BENIGN,BACKGROUND_BENIGN
TX-N-01367,TRANSACTION,BENIGN,BACKGROUND_BENIGN
TX-N-01368,TRANSACTION,BENIGN,BACKGROUND_BENIGN
TX-N-01369,TRANSACTION,BENIGN,BACKGROUND_BENIGN
TX-N-01370,TRANSACTION,BENIGN,BACKGROUND_BENIGN
TX-N-01371,TRANSACTION,BENIGN,BACKGROUND_BENIGN
TX-N-01372,TRANSACTION,BENIGN,BACKGROUND_BENIGN
TX-N-01373,TRANSACTION,BENIGN,BACKGROUND_BENIGN
TX-N-01374,TRANSACTION,BENIGN,BACKGROUND_BENIGN
TX-N-01375,TRANSACTION,BENIGN,BACKGROUND_BENIGN
TX-N-01376,TRANSACTION,BENIGN,BACKGROUND_BENIGN
TX-N-01377,TRANSACTION,BENIGN,BACKGROUND_BENIGN
TX-N-01378,TRANSACTION,BENIGN,BACKGROUND_BENIGN
TX-N-01379,TRANSACTION,BENIGN,BACKGROUND_BENIGN
TX-N-01380,TRANSACTION,BENIGN,BACKGROUND_BENIGN
TX-N-01381,TRANSACTION,BENIGN,BACKGROUND_BENIGN
TX-N-01382,TRANSACTION,BENIGN,BACKGROUND_BENIGN
TX-N-01383,TRANSACTION,BENIGN,BACKGROUND_BENIGN
TX-N-01384,TRANSACTION,BENIGN,BACKGROUND_BENIGN
TX-N-01385,TRANSACTION,BENIGN,BACKGROUND_BENIGN
TX-N-01386,TRANSACTION,BENIGN,BACKGROUND_BENIGN
TX-N-01387,TRANSACTION,BENIGN,BACKGROUND_BENIGN
TX-N-01388,TRANSACTION,BENIGN,BACKGROUND_BENIGN
TX-N-01389,TRANSACTION,BENIGN,BACKGROUND_BENIGN
TX-N-01390,TRANSACTION,BENIGN,BACKGROUND_BENIGN
TX-N-01391,TRANSACTION,BENIGN,BACKGROUND_BENIGN
TX-N-01392,TRANSACTION,BENIGN,BACKGROUND_BENIGN
TX-N-01393,TRANSACTION,BENIGN,BACKGROUND_BENIGN
TX-N-01394,TRANSACTION,BENIGN,BACKGROUND_BENIGN
TX-N-01395,TRANSACTION,BENIGN,BACKGROUND_BENIGN
TX-N-01396,TRANSACTION,BENIGN,BACKGROUND_BENIGN
TX-N-01397,TRANSACTION,BENIGN,BACKGROUND_BENIGN
TX-N-01398,TRANSACTION,BENIGN,BACKGROUND_BENIGN
TX-N-01399,TRANSACTION,BENIGN,BACKGROUND_BENIGN
TX-N-01400,TRANSACTION,BENIGN,BACKGROUND_BENIGN
TX-N-01401,TRANSACTION,BENIGN,BACKGROUND_BENIGN
TX-N-01402,TRANSACTION,BENIGN,BACKGROUND_BENIGN
TX-N-01403,TRANSACTION,BENIGN,BACKGROUND_BENIGN
TX-N-01404,TRANSACTION,BENIGN,BACKGROUND_BENIGN
TX-N-01405,TRANSACTION,BENIGN,BACKGROUND_BENIGN
TX-N-01406,TRANSACTION,BENIGN,BACKGROUND_BENIGN
TX-N-01407,TRANSACTION,BENIGN,BACKGROUND_BENIGN
TX-N-01408,TRANSACTION,BENIGN,BACKGROUND_BENIGN
TX-N-01409,TRANSACTION,BENIGN,BACKGROUND_BENIGN
TX-N-01410,TRANSACTION,BENIGN,BACKGROUND_BENIGN
TX-N-01411,TRANSACTION,BENIGN,BACKGROUND_BENIGN
TX-N-01412,TRANSACTION,BENIGN,BACKGROUND_BENIGN
TX-N-01413,TRANSACTION,BENIGN,BACKGROUND_BENIGN
TX-N-01414,TRANSACTION,BENIGN,BACKGROUND_BENIGN
TX-N-01415,TRANSACTION,BENIGN,BACKGROUND_BENIGN
TX-N-01416,TRANSACTION,BENIGN,BACKGROUND_BENIGN
TX-N-01417,TRANSACTION,BENIGN,BACKGROUND_BENIGN
TX-N-01418,TRANSACTION,BENIGN,BACKGROUND_BENIGN
TX-N-01419,TRANSACTION,BENIGN,BACKGROUND_BENIGN
TX-N-01420,TRANSACTION,BENIGN,BACKGROUND_BENIGN
TX-N-01421,TRANSACTION,BENIGN,BACKGROUND_BENIGN
TX-N-01422,TRANSACTION,BENIGN,BACKGROUND_BENIGN
TX-N-01423,TRANSACTION,BENIGN,BACKGROUND_BENIGN
TX-N-01424,TRANSACTION,BENIGN,BACKGROUND_BENIGN
TX-N-01425,TRANSACTION,BENIGN,BACKGROUND_BENIGN
TX-N-01426,TRANSACTION,BENIGN,BACKGROUND_BENIGN
TX-N-01427,TRANSACTION,BENIGN,BACKGROUND_BENIGN
TX-N-01428,TRANSACTION,BENIGN,BACKGROUND_BENIGN
TX-N-01429,TRANSACTION,BENIGN,BACKGROUND_BENIGN
TX-N-01430,TRANSACTION,BENIGN,BACKGROUND_BENIGN
TX-N-01431,TRANSACTION,BENIGN,BACKGROUND_BENIGN
TX-N-01432,TRANSACTION,BENIGN,BACKGROUND_BENIGN
TX-N-01433,TRANSACTION,BENIGN,BACKGROUND_BENIGN
TX-N-01434,TRANSACTION,BENIGN,BACKGROUND_BENIGN
TX-N-01435,TRANSACTION,BENIGN,BACKGROUND_BENIGN
TX-N-01436,TRANSACTION,BENIGN,BACKGROUND_BENIGN
TX-N-01437,TRANSACTION,BENIGN,BACKGROUND_BENIGN
TX-N-01438,TRANSACTION,BENIGN,BACKGROUND_BENIGN
TX-N-01439,TRANSACTION,BENIGN,BACKGROUND_BENIGN
TX-N-01440,TRANSACTION,BENIGN,BACKGROUND_BENIGN
TX-N-01441,TRANSACTION,BENIGN,BACKGROUND_BENIGN
TX-N-01442,TRANSACTION,BENIGN,BACKGROUND_BENIGN
TX-N-01443,TRANSACTION,BENIGN,BACKGROUND_BENIGN
TX-N-01444,TRANSACTION,BENIGN,BACKGROUND_BENIGN
TX-N-01445,TRANSACTION,BENIGN,BACKGROUND_BENIGN
TX-N-01446,TRANSACTION,BENIGN,BACKGROUND_BENIGN
TX-N-01447,TRANSACTION,BENIGN,BACKGROUND_BENIGN
TX-N-01448,TRANSACTION,BENIGN,BACKGROUND_BENIGN
TX-N-01449,TRANSACTION,BENIGN,BACKGROUND_BENIGN
TX-N-01450,TRANSACTION,BENIGN,BACKGROUND_BENIGN
TX-N-01451,TRANSACTION,BENIGN,BACKGROUND_BENIGN
TX-N-01452,TRANSACTION,BENIGN,BACKGROUND_BENIGN
TX-N-01453,TRANSACTION,BENIGN,BACKGROUND_BENIGN
TX-N-01454,TRANSACTION,BENIGN,BACKGROUND_BENIGN
TX-N-01455,TRANSACTION,BENIGN,BACKGROUND_BENIGN
TX-N-01456,TRANSACTION,BENIGN,BACKGROUND_BENIGN
TX-N-01457,TRANSACTION,BENIGN,BACKGROUND_BENIGN
TX-N-01458,TRANSACTION,BENIGN,BACKGROUND_BENIGN
TX-N-01459,TRANSACTION,BENIGN,BACKGROUND_BENIGN
TX-N-01460,TRANSACTION,BENIGN,BACKGROUND_BENIGN
TX-N-01461,TRANSACTION,BENIGN,BACKGROUND_BENIGN
TX-N-01462,TRANSACTION,BENIGN,BACKGROUND_BENIGN
TX-N-01463,TRANSACTION,BENIGN,BACKGROUND_BENIGN
TX-N-01464,TRANSACTION,BENIGN,BACKGROUND_BENIGN
TX-N-01465,TRANSACTION,BENIGN,BACKGROUND_BENIGN
TX-N-01466,TRANSACTION,BENIGN,BACKGROUND_BENIGN
TX-N-01467,TRANSACTION,BENIGN,BACKGROUND_BENIGN
TX-N-01468,TRANSACTION,BENIGN,BACKGROUND_BENIGN
TX-N-01469,TRANSACTION,BENIGN,BACKGROUND_BENIGN
TX-N-01470,TRANSACTION,BENIGN,BACKGROUND_BENIGN
TX-N-01471,TRANSACTION,BENIGN,BACKGROUND_BENIGN
TX-N-01472,TRANSACTION,BENIGN,BACKGROUND_BENIGN
TX-N-01473,TRANSACTION,BENIGN,BACKGROUND_BENIGN
TX-N-01474,TRANSACTION,BENIGN,BACKGROUND_BENIGN
TX-N-01475,TRANSACTION,BENIGN,BACKGROUND_BENIGN
TX-N-01476,TRANSACTION,BENIGN,BACKGROUND_BENIGN
TX-N-01477,TRANSACTION,BENIGN,BACKGROUND_BENIGN
TX-N-01478,TRANSACTION,BENIGN,BACKGROUND_BENIGN
TX-N-01479,TRANSACTION,BENIGN,BACKGROUND_BENIGN
TX-N-01480,TRANSACTION,BENIGN,BACKGROUND_BENIGN
TX-N-01481,TRANSACTION,BENIGN,BACKGROUND_BENIGN
TX-N-01482,TRANSACTION,BENIGN,BACKGROUND_BENIGN
TX-N-01483,TRANSACTION,BENIGN,BACKGROUND_BENIGN
TX-N-01484,TRANSACTION,BENIGN,BACKGROUND_BENIGN
TX-N-01485,TRANSACTION,BENIGN,BACKGROUND_BENIGN
TX-N-01486,TRANSACTION,BENIGN,BACKGROUND_BENIGN
TX-N-01487,TRANSACTION,BENIGN,BACKGROUND_BENIGN
TX-N-01488,TRANSACTION,BENIGN,BACKGROUND_BENIGN
TX-N-01489,TRANSACTION,BENIGN,BACKGROUND_BENIGN
TX-N-01490,TRANSACTION,BENIGN,BACKGROUND_BENIGN
TX-N-01491,TRANSACTION,BENIGN,BACKGROUND_BENIGN
TX-N-01492,TRANSACTION,BENIGN,BACKGROUND_BENIGN
TX-N-01493,TRANSACTION,BENIGN,BACKGROUND_BENIGN
TX-N-01494,TRANSACTION,BENIGN,BACKGROUND_BENIGN
TX-N-01495,TRANSACTION,BENIGN,BACKGROUND_BENIGN
TX-N-01496,TRANSACTION,BENIGN,BACKGROUND_BENIGN
TX-N-01497,TRANSACTION,BENIGN,BACKGROUND_BENIGN
TX-N-01498,TRANSACTION,BENIGN,BACKGROUND_BENIGN
TX-N-01499,TRANSACTION,BENIGN,BACKGROUND_BENIGN
TX-N-01500,TRANSACTION,BENIGN,BACKGROUND_BENIGN
TX-N-01501,TRANSACTION,BENIGN,BACKGROUND_BENIGN
TX-N-01502,TRANSACTION,BENIGN,BACKGROUND_BENIGN
TX-N-01503,TRANSACTION,BENIGN,BACKGROUND_BENIGN
TX-N-01504,TRANSACTION,BENIGN,BACKGROUND_BENIGN
TX-N-01505,TRANSACTION,BENIGN,BACKGROUND_BENIGN
TX-N-01506,TRANSACTION,BENIGN,BACKGROUND_BENIGN
TX-N-01507,TRANSACTION,BENIGN,BACKGROUND_BENIGN
TX-N-01508,TRANSACTION,BENIGN,BACKGROUND_BENIGN
TX-N-01509,TRANSACTION,BENIGN,BACKGROUND_BENIGN
TX-N-01510,TRANSACTION,BENIGN,BACKGROUND_BENIGN
TX-N-01511,TRANSACTION,BENIGN,BACKGROUND_BENIGN
TX-N-01512,TRANSACTION,BENIGN,BACKGROUND_BENIGN
TX-N-01513,TRANSACTION,BENIGN,BACKGROUND_BENIGN
TX-N-01514,TRANSACTION,BENIGN,BACKGROUND_BENIGN
TX-N-01515,TRANSACTION,BENIGN,BACKGROUND_BENIGN
TX-N-01516,TRANSACTION,BENIGN,BACKGROUND_BENIGN
TX-N-01517,TRANSACTION,BENIGN,BACKGROUND_BENIGN
TX-N-01518,TRANSACTION,BENIGN,BACKGROUND_BENIGN
TX-N-01519,TRANSACTION,BENIGN,BACKGROUND_BENIGN
TX-N-01520,TRANSACTION,BENIGN,BACKGROUND_BENIGN
TX-N-01521,TRANSACTION,BENIGN,BACKGROUND_BENIGN
TX-N-01522,TRANSACTION,BENIGN,BACKGROUND_BENIGN
TX-N-01523,TRANSACTION,BENIGN,BACKGROUND_BENIGN
TX-N-01524,TRANSACTION,BENIGN,BACKGROUND_BENIGN
TX-N-01525,TRANSACTION,BENIGN,BACKGROUND_BENIGN
TX-N-01526,TRANSACTION,BENIGN,BACKGROUND_BENIGN
TX-N-01527,TRANSACTION,BENIGN,BACKGROUND_BENIGN
TX-N-01528,TRANSACTION,BENIGN,BACKGROUND_BENIGN
TX-N-01529,TRANSACTION,BENIGN,BACKGROUND_BENIGN
TX-N-01530,TRANSACTION,BENIGN,BACKGROUND_BENIGN
TX-N-01531,TRANSACTION,BENIGN,BACKGROUND_BENIGN
TX-N-01532,TRANSACTION,BENIGN,BACKGROUND_BENIGN
TX-N-01533,TRANSACTION,BENIGN,BACKGROUND_BENIGN
TX-N-01534,TRANSACTION,BENIGN,BACKGROUND_BENIGN
TX-N-01535,TRANSACTION,BENIGN,BACKGROUND_BENIGN
TX-N-01536,TRANSACTION,BENIGN,BACKGROUND_BENIGN
TX-N-01537,TRANSACTION,BENIGN,BACKGROUND_BENIGN
TX-N-01538,TRANSACTION,BENIGN,BACKGROUND_BENIGN
TX-N-01539,TRANSACTION,BENIGN,BACKGROUND_BENIGN
TX-N-01540,TRANSACTION,BENIGN,BACKGROUND_BENIGN
TX-N-01541,TRANSACTION,BENIGN,BACKGROUND_BENIGN
TX-N-01542,TRANSACTION,BENIGN,BACKGROUND_BENIGN
TX-N-01543,TRANSACTION,BENIGN,BACKGROUND_BENIGN
TX-N-01544,TRANSACTION,BENIGN,BACKGROUND_BENIGN
TX-N-01545,TRANSACTION,BENIGN,BACKGROUND_BENIGN
TX-N-01546,TRANSACTION,BENIGN,BACKGROUND_BENIGN
TX-N-01547,TRANSACTION,BENIGN,BACKGROUND_BENIGN
TX-N-01548,TRANSACTION,BENIGN,BACKGROUND_BENIGN
TX-N-01549,TRANSACTION,BENIGN,BACKGROUND_BENIGN
TX-N-01550,TRANSACTION,BENIGN,BACKGROUND_BENIGN
TX-N-01551,TRANSACTION,BENIGN,BACKGROUND_BENIGN
TX-N-01552,TRANSACTION,BENIGN,BACKGROUND_BENIGN
TX-N-01553,TRANSACTION,BENIGN,BACKGROUND_BENIGN
TX-N-01554,TRANSACTION,BENIGN,BACKGROUND_BENIGN
TX-N-01555,TRANSACTION,BENIGN,BACKGROUND_BENIGN
TX-N-01556,TRANSACTION,BENIGN,BACKGROUND_BENIGN
TX-N-01557,TRANSACTION,BENIGN,BACKGROUND_BENIGN
TX-N-01558,TRANSACTION,BENIGN,BACKGROUND_BENIGN
TX-N-01559,TRANSACTION,BENIGN,BACKGROUND_BENIGN
TX-N-01560,TRANSACTION,BENIGN,BACKGROUND_BENIGN
TX-N-01561,TRANSACTION,BENIGN,BACKGROUND_BENIGN
TX-N-01562,TRANSACTION,BENIGN,BACKGROUND_BENIGN
TX-N-01563,TRANSACTION,BENIGN,BACKGROUND_BENIGN
TX-N-01564,TRANSACTION,BENIGN,BACKGROUND_BENIGN
TX-N-01565,TRANSACTION,BENIGN,BACKGROUND_BENIGN
TX-N-01566,TRANSACTION,BENIGN,BACKGROUND_BENIGN
TX-N-01567,TRANSACTION,BENIGN,BACKGROUND_BENIGN
TX-N-01568,TRANSACTION,BENIGN,BACKGROUND_BENIGN
TX-N-01569,TRANSACTION,BENIGN,BACKGROUND_BENIGN
TX-N-01570,TRANSACTION,BENIGN,BACKGROUND_BENIGN
TX-N-01571,TRANSACTION,BENIGN,BACKGROUND_BENIGN
TX-N-01572,TRANSACTION,BENIGN,BACKGROUND_BENIGN
TX-N-01573,TRANSACTION,BENIGN,BACKGROUND_BENIGN
TX-N-01574,TRANSACTION,BENIGN,BACKGROUND_BENIGN
TX-N-01575,TRANSACTION,BENIGN,BACKGROUND_BENIGN
TX-N-01576,TRANSACTION,BENIGN,BACKGROUND_BENIGN
TX-N-01577,TRANSACTION,BENIGN,BACKGROUND_BENIGN
TX-N-01578,TRANSACTION,BENIGN,BACKGROUND_BENIGN
TX-N-01579,TRANSACTION,BENIGN,BACKGROUND_BENIGN
TX-N-01580,TRANSACTION,BENIGN,BACKGROUND_BENIGN
TX-N-01581,TRANSACTION,BENIGN,BACKGROUND_BENIGN
TX-N-01582,TRANSACTION,BENIGN,BACKGROUND_BENIGN
TX-N-01583,TRANSACTION,BENIGN,BACKGROUND_BENIGN
TX-N-01584,TRANSACTION,BENIGN,BACKGROUND_BENIGN
TX-N-01585,TRANSACTION,BENIGN,BACKGROUND_BENIGN
TX-N-01586,TRANSACTION,BENIGN,BACKGROUND_BENIGN
TX-N-01587,TRANSACTION,BENIGN,BACKGROUND_BENIGN
TX-N-01588,TRANSACTION,BENIGN,BACKGROUND_BENIGN
TX-N-01589,TRANSACTION,BENIGN,BACKGROUND_BENIGN
TX-N-01590,TRANSACTION,BENIGN,BACKGROUND_BENIGN
TX-N-01591,TRANSACTION,BENIGN,BACKGROUND_BENIGN
TX-N-01592,TRANSACTION,BENIGN,BACKGROUND_BENIGN
TX-N-01593,TRANSACTION,BENIGN,BACKGROUND_BENIGN
TX-N-01594,TRANSACTION,BENIGN,BACKGROUND_BENIGN
TX-N-01595,TRANSACTION,BENIGN,BACKGROUND_BENIGN
TX-N-01596,TRANSACTION,BENIGN,BACKGROUND_BENIGN
TX-N-01597,TRANSACTION,BENIGN,BACKGROUND_BENIGN
TX-N-01598,TRANSACTION,BENIGN,BACKGROUND_BENIGN
TX-N-01599,TRANSACTION,BENIGN,BACKGROUND_BENIGN
TX-N-01600,TRANSACTION,BENIGN,BACKGROUND_BENIGN
TX-N-01601,TRANSACTION,BENIGN,BACKGROUND_BENIGN
TX-N-01602,TRANSACTION,BENIGN,BACKGROUND_BENIGN
TX-N-01603,TRANSACTION,BENIGN,BACKGROUND_BENIGN
TX-N-01604,TRANSACTION,BENIGN,BACKGROUND_BENIGN
TX-N-01605,TRANSACTION,BENIGN,BACKGROUND_BENIGN
TX-N-01606,TRANSACTION,BENIGN,BACKGROUND_BENIGN
TX-N-01607,TRANSACTION,BENIGN,BACKGROUND_BENIGN
TX-N-01608,TRANSACTION,BENIGN,BACKGROUND_BENIGN
TX-N-01609,TRANSACTION,BENIGN,BACKGROUND_BENIGN
TX-N-01610,TRANSACTION,BENIGN,BACKGROUND_BENIGN
TX-N-01611,TRANSACTION,BENIGN,BACKGROUND_BENIGN
TX-N-01612,TRANSACTION,BENIGN,BACKGROUND_BENIGN
TX-N-01613,TRANSACTION,BENIGN,BACKGROUND_BENIGN
TX-N-01614,TRANSACTION,BENIGN,BACKGROUND_BENIGN
TX-N-01615,TRANSACTION,BENIGN,BACKGROUND_BENIGN
TX-N-01616,TRANSACTION,BENIGN,BACKGROUND_BENIGN
TX-N-01617,TRANSACTION,BENIGN,BACKGROUND_BENIGN
TX-N-01618,TRANSACTION,BENIGN,BACKGROUND_BENIGN
TX-N-01619,TRANSACTION,BENIGN,BACKGROUND_BENIGN
TX-N-01620,TRANSACTION,BENIGN,BACKGROUND_BENIGN
TX-N-01621,TRANSACTION,BENIGN,BACKGROUND_BENIGN
TX-N-01622,TRANSACTION,BENIGN,BACKGROUND_BENIGN
TX-N-01623,TRANSACTION,BENIGN,BACKGROUND_BENIGN
TX-N-01624,TRANSACTION,BENIGN,BACKGROUND_BENIGN
TX-N-01625,TRANSACTION,BENIGN,BACKGROUND_BENIGN
TX-N-01626,TRANSACTION,BENIGN,BACKGROUND_BENIGN
TX-N-01627,TRANSACTION,BENIGN,BACKGROUND_BENIGN
TX-N-01628,TRANSACTION,BENIGN,BACKGROUND_BENIGN
TX-N-01629,TRANSACTION,BENIGN,BACKGROUND_BENIGN
TX-N-01630,TRANSACTION,BENIGN,BACKGROUND_BENIGN
TX-N-01631,TRANSACTION,BENIGN,BACKGROUND_BENIGN
TX-N-01632,TRANSACTION,BENIGN,BACKGROUND_BENIGN
TX-N-01633,TRANSACTION,BENIGN,BACKGROUND_BENIGN
TX-N-01634,TRANSACTION,BENIGN,BACKGROUND_BENIGN
TX-N-01635,TRANSACTION,BENIGN,BACKGROUND_BENIGN
TX-N-01636,TRANSACTION,BENIGN,BACKGROUND_BENIGN
TX-N-01637,TRANSACTION,BENIGN,BACKGROUND_BENIGN
TX-N-01638,TRANSACTION,BENIGN,BACKGROUND_BENIGN
TX-N-01639,TRANSACTION,BENIGN,BACKGROUND_BENIGN
TX-N-01640,TRANSACTION,BENIGN,BACKGROUND_BENIGN
TX-N-01641,TRANSACTION,BENIGN,BACKGROUND_BENIGN
TX-N-01642,TRANSACTION,BENIGN,BACKGROUND_BENIGN
TX-N-01643,TRANSACTION,BENIGN,BACKGROUND_BENIGN
TX-N-01644,TRANSACTION,BENIGN,BACKGROUND_BENIGN
TX-N-01645,TRANSACTION,BENIGN,BACKGROUND_BENIGN
TX-N-01646,TRANSACTION,BENIGN,BACKGROUND_BENIGN
TX-N-01647,TRANSACTION,BENIGN,BACKGROUND_BENIGN
TX-N-01648,TRANSACTION,BENIGN,BACKGROUND_BENIGN
TX-N-01649,TRANSACTION,BENIGN,BACKGROUND_BENIGN
TX-N-01650,TRANSACTION,BENIGN,BACKGROUND_BENIGN
TX-N-01651,TRANSACTION,BENIGN,BACKGROUND_BENIGN
TX-N-01652,TRANSACTION,BENIGN,BACKGROUND_BENIGN
TX-N-01653,TRANSACTION,BENIGN,BACKGROUND_BENIGN
TX-N-01654,TRANSACTION,BENIGN,BACKGROUND_BENIGN
TX-N-01655,TRANSACTION,BENIGN,BACKGROUND_BENIGN
TX-N-01656,TRANSACTION,BENIGN,BACKGROUND_BENIGN
TX-N-01657,TRANSACTION,BENIGN,BACKGROUND_BENIGN
TX-N-01658,TRANSACTION,BENIGN,BACKGROUND_BENIGN
TX-N-01659,TRANSACTION,BENIGN,BACKGROUND_BENIGN
TX-N-01660,TRANSACTION,BENIGN,BACKGROUND_BENIGN
TX-N-01661,TRANSACTION,BENIGN,BACKGROUND_BENIGN
TX-N-01662,TRANSACTION,BENIGN,BACKGROUND_BENIGN
TX-N-01663,TRANSACTION,BENIGN,BACKGROUND_BENIGN
TX-N-01664,TRANSACTION,BENIGN,BACKGROUND_BENIGN
TX-N-01665,TRANSACTION,BENIGN,BACKGROUND_BENIGN
TX-N-01666,TRANSACTION,BENIGN,BACKGROUND_BENIGN
TX-N-01667,TRANSACTION,BENIGN,BACKGROUND_BENIGN
TX-N-01668,TRANSACTION,BENIGN,BACKGROUND_BENIGN
TX-N-01669,TRANSACTION,BENIGN,BACKGROUND_BENIGN
TX-N-01670,TRANSACTION,BENIGN,BACKGROUND_BENIGN
TX-N-01671,TRANSACTION,BENIGN,BACKGROUND_BENIGN
TX-N-01672,TRANSACTION,BENIGN,BACKGROUND_BENIGN
TX-N-01673,TRANSACTION,BENIGN,BACKGROUND_BENIGN
TX-N-01674,TRANSACTION,BENIGN,BACKGROUND_BENIGN
TX-N-01675,TRANSACTION,BENIGN,BACKGROUND_BENIGN
TX-N-01676,TRANSACTION,BENIGN,BACKGROUND_BENIGN
TX-N-01677,TRANSACTION,BENIGN,BACKGROUND_BENIGN
TX-N-01678,TRANSACTION,BENIGN,BACKGROUND_BENIGN
TX-N-01679,TRANSACTION,BENIGN,BACKGROUND_BENIGN
TX-N-01680,TRANSACTION,BENIGN,BACKGROUND_BENIGN
TX-N-01681,TRANSACTION,BENIGN,BACKGROUND_BENIGN
TX-N-01682,TRANSACTION,BENIGN,BACKGROUND_BENIGN
TX-N-01683,TRANSACTION,BENIGN,BACKGROUND_BENIGN
TX-N-01684,TRANSACTION,BENIGN,BACKGROUND_BENIGN
TX-N-01685,TRANSACTION,BENIGN,BACKGROUND_BENIGN
TX-N-01686,TRANSACTION,BENIGN,BACKGROUND_BENIGN
TX-N-01687,TRANSACTION,BENIGN,BACKGROUND_BENIGN
TX-N-01688,TRANSACTION,BENIGN,BACKGROUND_BENIGN
TX-N-01689,TRANSACTION,BENIGN,BACKGROUND_BENIGN
TX-N-01690,TRANSACTION,BENIGN,BACKGROUND_BENIGN
TX-N-01691,TRANSACTION,BENIGN,BACKGROUND_BENIGN
TX-N-01692,TRANSACTION,BENIGN,BACKGROUND_BENIGN
TX-N-01693,TRANSACTION,BENIGN,BACKGROUND_BENIGN
TX-N-01694,TRANSACTION,BENIGN,BACKGROUND_BENIGN
TX-N-01695,TRANSACTION,BENIGN,BACKGROUND_BENIGN
TX-N-01696,TRANSACTION,BENIGN,BACKGROUND_BENIGN
TX-N-01697,TRANSACTION,BENIGN,BACKGROUND_BENIGN
TX-N-01698,TRANSACTION,BENIGN,BACKGROUND_BENIGN
TX-N-01699,TRANSACTION,BENIGN,BACKGROUND_BENIGN
TX-N-01700,TRANSACTION,BENIGN,BACKGROUND_BENIGN
TX-N-01701,TRANSACTION,BENIGN,BACKGROUND_BENIGN
TX-N-01702,TRANSACTION,BENIGN,BACKGROUND_BENIGN
TX-N-01703,TRANSACTION,BENIGN,BACKGROUND_BENIGN
TX-N-01704,TRANSACTION,BENIGN,BACKGROUND_BENIGN
TX-N-01705,TRANSACTION,BENIGN,BACKGROUND_BENIGN
TX-N-01706,TRANSACTION,BENIGN,BACKGROUND_BENIGN
TX-N-01707,TRANSACTION,BENIGN,BACKGROUND_BENIGN
TX-N-01708,TRANSACTION,BENIGN,BACKGROUND_BENIGN
TX-N-01709,TRANSACTION,BENIGN,BACKGROUND_BENIGN
TX-N-01710,TRANSACTION,BENIGN,BACKGROUND_BENIGN
TX-N-01711,TRANSACTION,BENIGN,BACKGROUND_BENIGN
TX-N-01712,TRANSACTION,BENIGN,BACKGROUND_BENIGN
TX-N-01713,TRANSACTION,BENIGN,BACKGROUND_BENIGN
TX-N-01714,TRANSACTION,BENIGN,BACKGROUND_BENIGN
TX-N-01715,TRANSACTION,BENIGN,BACKGROUND_BENIGN
TX-N-01716,TRANSACTION,BENIGN,BACKGROUND_BENIGN
TX-N-01717,TRANSACTION,BENIGN,BACKGROUND_BENIGN
TX-N-01718,TRANSACTION,BENIGN,BACKGROUND_BENIGN
TX-N-01719,TRANSACTION,BENIGN,BACKGROUND_BENIGN
TX-N-01720,TRANSACTION,BENIGN,BACKGROUND_BENIGN
TX-N-01721,TRANSACTION,BENIGN,BACKGROUND_BENIGN
TX-N-01722,TRANSACTION,BENIGN,BACKGROUND_BENIGN
TX-N-01723,TRANSACTION,BENIGN,BACKGROUND_BENIGN
TX-N-01724,TRANSACTION,BENIGN,BACKGROUND_BENIGN
TX-N-01725,TRANSACTION,BENIGN,BACKGROUND_BENIGN
TX-N-01726,TRANSACTION,BENIGN,BACKGROUND_BENIGN
TX-N-01727,TRANSACTION,BENIGN,BACKGROUND_BENIGN
TX-N-01728,TRANSACTION,BENIGN,BACKGROUND_BENIGN
TX-N-01729,TRANSACTION,BENIGN,BACKGROUND_BENIGN
TX-N-01730,TRANSACTION,BENIGN,BACKGROUND_BENIGN
TX-N-01731,TRANSACTION,BENIGN,BACKGROUND_BENIGN
TX-N-01732,TRANSACTION,BENIGN,BACKGROUND_BENIGN
TX-N-01733,TRANSACTION,BENIGN,BACKGROUND_BENIGN
TX-N-01734,TRANSACTION,BENIGN,BACKGROUND_BENIGN
TX-N-01735,TRANSACTION,BENIGN,BACKGROUND_BENIGN
TX-N-01736,TRANSACTION,BENIGN,BACKGROUND_BENIGN
TX-N-01737,TRANSACTION,BENIGN,BACKGROUND_BENIGN
TX-N-01738,TRANSACTION,BENIGN,BACKGROUND_BENIGN
TX-N-01739,TRANSACTION,BENIGN,BACKGROUND_BENIGN
TX-N-01740,TRANSACTION,BENIGN,BACKGROUND_BENIGN
TX-N-01741,TRANSACTION,BENIGN,BACKGROUND_BENIGN
TX-N-01742,TRANSACTION,BENIGN,BACKGROUND_BENIGN
TX-N-01743,TRANSACTION,BENIGN,BACKGROUND_BENIGN
TX-N-01744,TRANSACTION,BENIGN,BACKGROUND_BENIGN
TX-N-01745,TRANSACTION,BENIGN,BACKGROUND_BENIGN
TX-N-01746,TRANSACTION,BENIGN,BACKGROUND_BENIGN
TX-N-01747,TRANSACTION,BENIGN,BACKGROUND_BENIGN
TX-N-01748,TRANSACTION,BENIGN,BACKGROUND_BENIGN
TX-N-01749,TRANSACTION,BENIGN,BACKGROUND_BENIGN
TX-N-01750,TRANSACTION,BENIGN,BACKGROUND_BENIGN
TX-N-01751,TRANSACTION,BENIGN,BACKGROUND_BENIGN
TX-N-01752,TRANSACTION,BENIGN,BACKGROUND_BENIGN
TX-N-01753,TRANSACTION,BENIGN,BACKGROUND_BENIGN
TX-N-01754,TRANSACTION,BENIGN,BACKGROUND_BENIGN
TX-N-01755,TRANSACTION,BENIGN,BACKGROUND_BENIGN
TX-N-01756,TRANSACTION,BENIGN,BACKGROUND_BENIGN
TX-N-01757,TRANSACTION,BENIGN,BACKGROUND_BENIGN
TX-N-01758,TRANSACTION,BENIGN,BACKGROUND_BENIGN
TX-N-01759,TRANSACTION,BENIGN,BACKGROUND_BENIGN
TX-N-01760,TRANSACTION,BENIGN,BACKGROUND_BENIGN
TX-N-01761,TRANSACTION,BENIGN,BACKGROUND_BENIGN
TX-N-01762,TRANSACTION,BENIGN,BACKGROUND_BENIGN
TX-N-01763,TRANSACTION,BENIGN,BACKGROUND_BENIGN
TX-N-01764,TRANSACTION,BENIGN,BACKGROUND_BENIGN
TX-N-01765,TRANSACTION,BENIGN,BACKGROUND_BENIGN
TX-N-01766,TRANSACTION,BENIGN,BACKGROUND_BENIGN
TX-N-01767,TRANSACTION,BENIGN,BACKGROUND_BENIGN
TX-N-01768,TRANSACTION,BENIGN,BACKGROUND_BENIGN
TX-N-01769,TRANSACTION,BENIGN,BACKGROUND_BENIGN
TX-N-01770,TRANSACTION,BENIGN,BACKGROUND_BENIGN
TX-N-01771,TRANSACTION,BENIGN,BACKGROUND_BENIGN
TX-N-01772,TRANSACTION,BENIGN,BACKGROUND_BENIGN
TX-N-01773,TRANSACTION,BENIGN,BACKGROUND_BENIGN
TX-N-01774,TRANSACTION,BENIGN,BACKGROUND_BENIGN
TX-N-01775,TRANSACTION,BENIGN,BACKGROUND_BENIGN
TX-N-01776,TRANSACTION,BENIGN,BACKGROUND_BENIGN
TX-N-01777,TRANSACTION,BENIGN,BACKGROUND_BENIGN
TX-N-01778,TRANSACTION,BENIGN,BACKGROUND_BENIGN
TX-N-01779,TRANSACTION,BENIGN,BACKGROUND_BENIGN
TX-N-01780,TRANSACTION,BENIGN,BACKGROUND_BENIGN
TX-N-01781,TRANSACTION,BENIGN,BACKGROUND_BENIGN
TX-N-01782,TRANSACTION,BENIGN,BACKGROUND_BENIGN
TX-N-01783,TRANSACTION,BENIGN,BACKGROUND_BENIGN
TX-N-01784,TRANSACTION,BENIGN,BACKGROUND_BENIGN
TX-N-01785,TRANSACTION,BENIGN,BACKGROUND_BENIGN
TX-N-01786,TRANSACTION,BENIGN,BACKGROUND_BENIGN
TX-N-01787,TRANSACTION,BENIGN,BACKGROUND_BENIGN
TX-N-01788,TRANSACTION,BENIGN,BACKGROUND_BENIGN
TX-N-01789,TRANSACTION,BENIGN,BACKGROUND_BENIGN
TX-N-01790,TRANSACTION,BENIGN,BACKGROUND_BENIGN
TX-N-01791,TRANSACTION,BENIGN,BACKGROUND_BENIGN
TX-N-01792,TRANSACTION,BENIGN,BACKGROUND_BENIGN
TX-N-01793,TRANSACTION,BENIGN,BACKGROUND_BENIGN
TX-N-01794,TRANSACTION,BENIGN,BACKGROUND_BENIGN
TX-N-01795,TRANSACTION,BENIGN,BACKGROUND_BENIGN
TX-N-01796,TRANSACTION,BENIGN,BACKGROUND_BENIGN
TX-N-01797,TRANSACTION,BENIGN,BACKGROUND_BENIGN
TX-N-01798,TRANSACTION,BENIGN,BACKGROUND_BENIGN
TX-N-01799,TRANSACTION,BENIGN,BACKGROUND_BENIGN
TX-N-01800,TRANSACTION,BENIGN,BACKGROUND_BENIGN
TX-N-01801,TRANSACTION,BENIGN,BACKGROUND_BENIGN
TX-N-01802,TRANSACTION,BENIGN,BACKGROUND_BENIGN
TX-N-01803,TRANSACTION,BENIGN,BACKGROUND_BENIGN
TX-N-01804,TRANSACTION,BENIGN,BACKGROUND_BENIGN
TX-N-01805,TRANSACTION,BENIGN,BACKGROUND_BENIGN
TX-N-01806,TRANSACTION,BENIGN,BACKGROUND_BENIGN
TX-N-01807,TRANSACTION,BENIGN,BACKGROUND_BENIGN
TX-N-01808,TRANSACTION,BENIGN,BACKGROUND_BENIGN
TX-N-01809,TRANSACTION,BENIGN,BACKGROUND_BENIGN
TX-N-01810,TRANSACTION,BENIGN,BACKGROUND_BENIGN
TX-N-01811,TRANSACTION,BENIGN,BACKGROUND_BENIGN
TX-N-01812,TRANSACTION,BENIGN,BACKGROUND_BENIGN
TX-N-01813,TRANSACTION,BENIGN,BACKGROUND_BENIGN
TX-N-01814,TRANSACTION,BENIGN,BACKGROUND_BENIGN
TX-N-01815,TRANSACTION,BENIGN,BACKGROUND_BENIGN
TX-N-01816,TRANSACTION,BENIGN,BACKGROUND_BENIGN
TX-N-01817,TRANSACTION,BENIGN,BACKGROUND_BENIGN
TX-N-01818,TRANSACTION,BENIGN,BACKGROUND_BENIGN
TX-N-01819,TRANSACTION,BENIGN,BACKGROUND_BENIGN
TX-N-01820,TRANSACTION,BENIGN,BACKGROUND_BENIGN
TX-N-01821,TRANSACTION,BENIGN,BACKGROUND_BENIGN
TX-N-01822,TRANSACTION,BENIGN,BACKGROUND_BENIGN
TX-N-01823,TRANSACTION,BENIGN,BACKGROUND_BENIGN
TX-N-01824,TRANSACTION,BENIGN,BACKGROUND_BENIGN
TX-N-01825,TRANSACTION,BENIGN,BACKGROUND_BENIGN
TX-N-01826,TRANSACTION,BENIGN,BACKGROUND_BENIGN
TX-N-01827,TRANSACTION,BENIGN,BACKGROUND_BENIGN
TX-N-01828,TRANSACTION,BENIGN,BACKGROUND_BENIGN
TX-N-01829,TRANSACTION,BENIGN,BACKGROUND_BENIGN
TX-N-01830,TRANSACTION,BENIGN,BACKGROUND_BENIGN
TX-N-01831,TRANSACTION,BENIGN,BACKGROUND_BENIGN
TX-N-01832,TRANSACTION,BENIGN,BACKGROUND_BENIGN
TX-N-01833,TRANSACTION,BENIGN,BACKGROUND_BENIGN
TX-N-01834,TRANSACTION,BENIGN,BACKGROUND_BENIGN
TX-N-01835,TRANSACTION,BENIGN,BACKGROUND_BENIGN
TX-N-01836,TRANSACTION,BENIGN,BACKGROUND_BENIGN
TX-N-01837,TRANSACTION,BENIGN,BACKGROUND_BENIGN
TX-N-01838,TRANSACTION,BENIGN,BACKGROUND_BENIGN
TX-N-01839,TRANSACTION,BENIGN,BACKGROUND_BENIGN
TX-N-01840,TRANSACTION,BENIGN,BACKGROUND_BENIGN
TX-N-01841,TRANSACTION,BENIGN,BACKGROUND_BENIGN
TX-N-01842,TRANSACTION,BENIGN,BACKGROUND_BENIGN
TX-N-01843,TRANSACTION,BENIGN,BACKGROUND_BENIGN
TX-N-01844,TRANSACTION,BENIGN,BACKGROUND_BENIGN
TX-N-01845,TRANSACTION,BENIGN,BACKGROUND_BENIGN
TX-N-01846,TRANSACTION,BENIGN,BACKGROUND_BENIGN
TX-N-01847,TRANSACTION,BENIGN,BACKGROUND_BENIGN
TX-N-01848,TRANSACTION,BENIGN,BACKGROUND_BENIGN
TX-N-01849,TRANSACTION,BENIGN,BACKGROUND_BENIGN
TX-N-01850,TRANSACTION,BENIGN,BACKGROUND_BENIGN
TX-N-01851,TRANSACTION,BENIGN,BACKGROUND_BENIGN
TX-N-01852,TRANSACTION,BENIGN,BACKGROUND_BENIGN
TX-N-01853,TRANSACTION,BENIGN,BACKGROUND_BENIGN
TX-N-01854,TRANSACTION,BENIGN,BACKGROUND_BENIGN
TX-N-01855,TRANSACTION,BENIGN,BACKGROUND_BENIGN
TX-N-01856,TRANSACTION,BENIGN,BACKGROUND_BENIGN
TX-N-01857,TRANSACTION,BENIGN,BACKGROUND_BENIGN
TX-N-01858,TRANSACTION,BENIGN,BACKGROUND_BENIGN
TX-N-01859,TRANSACTION,BENIGN,BACKGROUND_BENIGN
TX-N-01860,TRANSACTION,BENIGN,BACKGROUND_BENIGN
TX-N-01861,TRANSACTION,BENIGN,BACKGROUND_BENIGN
TX-N-01862,TRANSACTION,BENIGN,BACKGROUND_BENIGN
TX-N-01863,TRANSACTION,BENIGN,BACKGROUND_BENIGN
TX-N-01864,TRANSACTION,BENIGN,BACKGROUND_BENIGN
TX-N-01865,TRANSACTION,BENIGN,BACKGROUND_BENIGN
TX-N-01866,TRANSACTION,BENIGN,BACKGROUND_BENIGN
TX-N-01867,TRANSACTION,BENIGN,BACKGROUND_BENIGN
TX-N-01868,TRANSACTION,BENIGN,BACKGROUND_BENIGN
TX-N-01869,TRANSACTION,BENIGN,BACKGROUND_BENIGN
TX-N-01870,TRANSACTION,BENIGN,BACKGROUND_BENIGN
TX-N-01871,TRANSACTION,BENIGN,BACKGROUND_BENIGN
TX-N-01872,TRANSACTION,BENIGN,BACKGROUND_BENIGN
TX-N-01873,TRANSACTION,BENIGN,BACKGROUND_BENIGN
TX-N-01874,TRANSACTION,BENIGN,BACKGROUND_BENIGN
TX-N-01875,TRANSACTION,BENIGN,BACKGROUND_BENIGN
TX-N-01876,TRANSACTION,BENIGN,BACKGROUND_BENIGN
TX-N-01877,TRANSACTION,BENIGN,BACKGROUND_BENIGN
TX-N-01878,TRANSACTION,BENIGN,BACKGROUND_BENIGN
TX-N-01879,TRANSACTION,BENIGN,BACKGROUND_BENIGN
TX-N-01880,TRANSACTION,BENIGN,BACKGROUND_BENIGN
TX-N-01881,TRANSACTION,BENIGN,BACKGROUND_BENIGN
TX-N-01882,TRANSACTION,BENIGN,BACKGROUND_BENIGN
TX-N-01883,TRANSACTION,BENIGN,BACKGROUND_BENIGN
TX-N-01884,TRANSACTION,BENIGN,BACKGROUND_BENIGN
TX-N-01885,TRANSACTION,BENIGN,BACKGROUND_BENIGN
TX-N-01886,TRANSACTION,BENIGN,BACKGROUND_BENIGN
TX-N-01887,TRANSACTION,BENIGN,BACKGROUND_BENIGN
TX-N-01888,TRANSACTION,BENIGN,BACKGROUND_BENIGN
TX-N-01889,TRANSACTION,BENIGN,BACKGROUND_BENIGN
TX-N-01890,TRANSACTION,BENIGN,BACKGROUND_BENIGN
TX-N-01891,TRANSACTION,BENIGN,BACKGROUND_BENIGN
TX-N-01892,TRANSACTION,BENIGN,BACKGROUND_BENIGN
TX-N-01893,TRANSACTION,BENIGN,BACKGROUND_BENIGN
TX-N-01894,TRANSACTION,BENIGN,BACKGROUND_BENIGN
TX-N-01895,TRANSACTION,BENIGN,BACKGROUND_BENIGN
TX-N-01896,TRANSACTION,BENIGN,BACKGROUND_BENIGN
TX-N-01897,TRANSACTION,BENIGN,BACKGROUND_BENIGN
TX-N-01898,TRANSACTION,BENIGN,BACKGROUND_BENIGN
TX-N-01899,TRANSACTION,BENIGN,BACKGROUND_BENIGN
TX-N-01900,TRANSACTION,BENIGN,BACKGROUND_BENIGN
TX-N-01901,TRANSACTION,BENIGN,BACKGROUND_BENIGN
TX-N-01902,TRANSACTION,BENIGN,BACKGROUND_BENIGN
TX-N-01903,TRANSACTION,BENIGN,BACKGROUND_BENIGN
TX-N-01904,TRANSACTION,BENIGN,BACKGROUND_BENIGN
TX-N-01905,TRANSACTION,BENIGN,BACKGROUND_BENIGN
TX-N-01906,TRANSACTION,BENIGN,BACKGROUND_BENIGN
TX-N-01907,TRANSACTION,BENIGN,BACKGROUND_BENIGN
TX-N-01908,TRANSACTION,BENIGN,BACKGROUND_BENIGN
TX-N-01909,TRANSACTION,BENIGN,BACKGROUND_BENIGN
TX-N-01910,TRANSACTION,BENIGN,BACKGROUND_BENIGN
TX-N-01911,TRANSACTION,BENIGN,BACKGROUND_BENIGN
TX-N-01912,TRANSACTION,BENIGN,BACKGROUND_BENIGN
TX-N-01913,TRANSACTION,BENIGN,BACKGROUND_BENIGN
TX-N-01914,TRANSACTION,BENIGN,BACKGROUND_BENIGN
TX-N-01915,TRANSACTION,BENIGN,BACKGROUND_BENIGN
TX-N-01916,TRANSACTION,BENIGN,BACKGROUND_BENIGN
TX-N-01917,TRANSACTION,BENIGN,BACKGROUND_BENIGN
TX-N-01918,TRANSACTION,BENIGN,BACKGROUND_BENIGN
TX-N-01919,TRANSACTION,BENIGN,BACKGROUND_BENIGN
TX-N-01920,TRANSACTION,BENIGN,BACKGROUND_BENIGN
TX-N-01921,TRANSACTION,BENIGN,BACKGROUND_BENIGN
TX-N-01922,TRANSACTION,BENIGN,BACKGROUND_BENIGN
TX-N-01923,TRANSACTION,BENIGN,BACKGROUND_BENIGN
TX-N-01924,TRANSACTION,BENIGN,BACKGROUND_BENIGN
TX-N-01925,TRANSACTION,BENIGN,BACKGROUND_BENIGN
TX-N-01926,TRANSACTION,BENIGN,BACKGROUND_BENIGN
TX-N-01927,TRANSACTION,BENIGN,BACKGROUND_BENIGN
TX-N-01928,TRANSACTION,BENIGN,BACKGROUND_BENIGN
TX-N-01929,TRANSACTION,BENIGN,BACKGROUND_BENIGN
TX-N-01930,TRANSACTION,BENIGN,BACKGROUND_BENIGN
TX-N-01931,TRANSACTION,BENIGN,BACKGROUND_BENIGN
TX-N-01932,TRANSACTION,BENIGN,BACKGROUND_BENIGN
TX-N-01933,TRANSACTION,BENIGN,BACKGROUND_BENIGN
TX-N-01934,TRANSACTION,BENIGN,BACKGROUND_BENIGN
TX-N-01935,TRANSACTION,BENIGN,BACKGROUND_BENIGN
TX-N-01936,TRANSACTION,BENIGN,BACKGROUND_BENIGN
TX-N-01937,TRANSACTION,BENIGN,BACKGROUND_BENIGN
TX-N-01938,TRANSACTION,BENIGN,BACKGROUND_BENIGN
TX-N-01939,TRANSACTION,BENIGN,BACKGROUND_BENIGN
TX-N-01940,TRANSACTION,BENIGN,BACKGROUND_BENIGN
TX-N-01941,TRANSACTION,BENIGN,BACKGROUND_BENIGN
TX-N-01942,TRANSACTION,BENIGN,BACKGROUND_BENIGN
TX-N-01943,TRANSACTION,BENIGN,BACKGROUND_BENIGN
TX-N-01944,TRANSACTION,BENIGN,BACKGROUND_BENIGN
TX-N-01945,TRANSACTION,BENIGN,BACKGROUND_BENIGN
TX-N-01946,TRANSACTION,BENIGN,BACKGROUND_BENIGN
TX-N-01947,TRANSACTION,BENIGN,BACKGROUND_BENIGN
TX-N-01948,TRANSACTION,BENIGN,BACKGROUND_BENIGN
TX-N-01949,TRANSACTION,BENIGN,BACKGROUND_BENIGN
TX-N-01950,TRANSACTION,BENIGN,BACKGROUND_BENIGN
TX-N-01951,TRANSACTION,BENIGN,BACKGROUND_BENIGN
TX-N-01952,TRANSACTION,BENIGN,BACKGROUND_BENIGN
TX-N-01953,TRANSACTION,BENIGN,BACKGROUND_BENIGN
TX-N-01954,TRANSACTION,BENIGN,BACKGROUND_BENIGN
TX-N-01955,TRANSACTION,BENIGN,BACKGROUND_BENIGN
TX-N-01956,TRANSACTION,BENIGN,BACKGROUND_BENIGN
TX-N-01957,TRANSACTION,BENIGN,BACKGROUND_BENIGN
TX-N-01958,TRANSACTION,BENIGN,BACKGROUND_BENIGN
TX-N-01959,TRANSACTION,BENIGN,BACKGROUND_BENIGN
TX-N-01960,TRANSACTION,BENIGN,BACKGROUND_BENIGN
TX-N-01961,TRANSACTION,BENIGN,BACKGROUND_BENIGN
TX-N-01962,TRANSACTION,BENIGN,BACKGROUND_BENIGN
TX-N-01963,TRANSACTION,BENIGN,BACKGROUND_BENIGN
TX-N-01964,TRANSACTION,BENIGN,BACKGROUND_BENIGN
TX-N-01965,TRANSACTION,BENIGN,BACKGROUND_BENIGN
TX-N-01966,TRANSACTION,BENIGN,BACKGROUND_BENIGN
TX-N-01967,TRANSACTION,BENIGN,BACKGROUND_BENIGN
TX-N-01968,TRANSACTION,BENIGN,BACKGROUND_BENIGN
TX-N-01969,TRANSACTION,BENIGN,BACKGROUND_BENIGN
TX-N-01970,TRANSACTION,BENIGN,BACKGROUND_BENIGN
TX-N-01971,TRANSACTION,BENIGN,BACKGROUND_BENIGN
TX-N-01972,TRANSACTION,BENIGN,BACKGROUND_BENIGN
TX-N-01973,TRANSACTION,BENIGN,BACKGROUND_BENIGN
TX-N-01974,TRANSACTION,BENIGN,BACKGROUND_BENIGN
TX-N-01975,TRANSACTION,BENIGN,BACKGROUND_BENIGN
TX-N-01976,TRANSACTION,BENIGN,BACKGROUND_BENIGN
TX-N-01977,TRANSACTION,BENIGN,BACKGROUND_BENIGN
TX-N-01978,TRANSACTION,BENIGN,BACKGROUND_BENIGN
TX-N-01979,TRANSACTION,BENIGN,BACKGROUND_BENIGN
TX-N-01980,TRANSACTION,BENIGN,BACKGROUND_BENIGN
TX-N-01981,TRANSACTION,BENIGN,BACKGROUND_BENIGN
TX-N-01982,TRANSACTION,BENIGN,BACKGROUND_BENIGN
TX-N-01983,TRANSACTION,BENIGN,BACKGROUND_BENIGN
TX-N-01984,TRANSACTION,BENIGN,BACKGROUND_BENIGN
TX-N-01985,TRANSACTION,BENIGN,BACKGROUND_BENIGN
TX-N-01986,TRANSACTION,BENIGN,BACKGROUND_BENIGN
TX-N-01987,TRANSACTION,BENIGN,BACKGROUND_BENIGN
TX-N-01988,TRANSACTION,BENIGN,BACKGROUND_BENIGN
TX-N-01989,TRANSACTION,BENIGN,BACKGROUND_BENIGN
TX-N-01990,TRANSACTION,BENIGN,BACKGROUND_BENIGN
TX-N-01991,TRANSACTION,BENIGN,BACKGROUND_BENIGN
TX-N-01992,TRANSACTION,BENIGN,BACKGROUND_BENIGN
TX-N-01993,TRANSACTION,BENIGN,BACKGROUND_BENIGN
TX-N-01994,TRANSACTION,BENIGN,BACKGROUND_BENIGN
TX-N-01995,TRANSACTION,BENIGN,BACKGROUND_BENIGN
TX-N-01996,TRANSACTION,BENIGN,BACKGROUND_BENIGN
TX-N-01997,TRANSACTION,BENIGN,BACKGROUND_BENIGN
TX-N-01998,TRANSACTION,BENIGN,BACKGROUND_BENIGN
TX-N-01999,TRANSACTION,BENIGN,BACKGROUND_BENIGN
TX-N-02000,TRANSACTION,BENIGN,BACKGROUND_BENIGN
TX-N-02001,TRANSACTION,BENIGN,BACKGROUND_BENIGN
TX-N-02002,TRANSACTION,BENIGN,BACKGROUND_BENIGN
TX-N-02003,TRANSACTION,BENIGN,BACKGROUND_BENIGN
TX-N-02004,TRANSACTION,BENIGN,BACKGROUND_BENIGN
TX-N-02005,TRANSACTION,BENIGN,BACKGROUND_BENIGN
TX-N-02006,TRANSACTION,BENIGN,BACKGROUND_BENIGN
TX-N-02007,TRANSACTION,BENIGN,BACKGROUND_BENIGN
TX-N-02008,TRANSACTION,BENIGN,BACKGROUND_BENIGN
TX-N-02009,TRANSACTION,BENIGN,BACKGROUND_BENIGN
TX-N-02010,TRANSACTION,BENIGN,BACKGROUND_BENIGN
TX-N-02011,TRANSACTION,BENIGN,BACKGROUND_BENIGN
TX-N-02012,TRANSACTION,BENIGN,BACKGROUND_BENIGN
TX-N-02013,TRANSACTION,BENIGN,BACKGROUND_BENIGN
TX-N-02014,TRANSACTION,BENIGN,BACKGROUND_BENIGN
TX-N-02015,TRANSACTION,BENIGN,BACKGROUND_BENIGN
TX-N-02016,TRANSACTION,BENIGN,BACKGROUND_BENIGN
TX-N-02017,TRANSACTION,BENIGN,BACKGROUND_BENIGN
TX-N-02018,TRANSACTION,BENIGN,BACKGROUND_BENIGN
TX-N-02019,TRANSACTION,BENIGN,BACKGROUND_BENIGN
TX-N-02020,TRANSACTION,BENIGN,BACKGROUND_BENIGN
TX-N-02021,TRANSACTION,BENIGN,BACKGROUND_BENIGN
TX-N-02022,TRANSACTION,BENIGN,BACKGROUND_BENIGN
TX-N-02023,TRANSACTION,BENIGN,BACKGROUND_BENIGN
TX-N-02024,TRANSACTION,BENIGN,BACKGROUND_BENIGN
TX-N-02025,TRANSACTION,BENIGN,BACKGROUND_BENIGN
TX-N-02026,TRANSACTION,BENIGN,BACKGROUND_BENIGN
TX-N-02027,TRANSACTION,BENIGN,BACKGROUND_BENIGN
TX-N-02028,TRANSACTION,BENIGN,BACKGROUND_BENIGN
TX-N-02029,TRANSACTION,BENIGN,BACKGROUND_BENIGN
TX-N-02030,TRANSACTION,BENIGN,BACKGROUND_BENIGN
TX-N-02031,TRANSACTION,BENIGN,BACKGROUND_BENIGN
TX-N-02032,TRANSACTION,BENIGN,BACKGROUND_BENIGN
TX-N-02033,TRANSACTION,BENIGN,BACKGROUND_BENIGN
TX-N-02034,TRANSACTION,BENIGN,BACKGROUND_BENIGN
TX-N-02035,TRANSACTION,BENIGN,BACKGROUND_BENIGN
TX-N-02036,TRANSACTION,BENIGN,BACKGROUND_BENIGN
TX-N-02037,TRANSACTION,BENIGN,BACKGROUND_BENIGN
TX-N-02038,TRANSACTION,BENIGN,BACKGROUND_BENIGN
TX-N-02039,TRANSACTION,BENIGN,BACKGROUND_BENIGN
TX-N-02040,TRANSACTION,BENIGN,BACKGROUND_BENIGN
TX-N-02041,TRANSACTION,BENIGN,BACKGROUND_BENIGN
TX-N-02042,TRANSACTION,BENIGN,BACKGROUND_BENIGN
TX-N-02043,TRANSACTION,BENIGN,BACKGROUND_BENIGN
TX-N-02044,TRANSACTION,BENIGN,BACKGROUND_BENIGN
TX-N-02045,TRANSACTION,BENIGN,BACKGROUND_BENIGN
TX-N-02046,TRANSACTION,BENIGN,BACKGROUND_BENIGN
TX-N-02047,TRANSACTION,BENIGN,BACKGROUND_BENIGN
TX-N-02048,TRANSACTION,BENIGN,BACKGROUND_BENIGN
TX-N-02049,TRANSACTION,BENIGN,BACKGROUND_BENIGN
TX-N-02050,TRANSACTION,BENIGN,BACKGROUND_BENIGN
TX-N-02051,TRANSACTION,BENIGN,BACKGROUND_BENIGN
TX-N-02052,TRANSACTION,BENIGN,BACKGROUND_BENIGN
TX-N-02053,TRANSACTION,BENIGN,BACKGROUND_BENIGN
TX-N-02054,TRANSACTION,BENIGN,BACKGROUND_BENIGN
TX-N-02055,TRANSACTION,BENIGN,BACKGROUND_BENIGN
TX-N-02056,TRANSACTION,BENIGN,BACKGROUND_BENIGN
TX-N-02057,TRANSACTION,BENIGN,BACKGROUND_BENIGN
TX-N-02058,TRANSACTION,BENIGN,BACKGROUND_BENIGN
TX-N-02059,TRANSACTION,BENIGN,BACKGROUND_BENIGN
TX-N-02060,TRANSACTION,BENIGN,BACKGROUND_BENIGN
TX-N-02061,TRANSACTION,BENIGN,BACKGROUND_BENIGN
TX-N-02062,TRANSACTION,BENIGN,BACKGROUND_BENIGN
TX-N-02063,TRANSACTION,BENIGN,BACKGROUND_BENIGN
TX-N-02064,TRANSACTION,BENIGN,BACKGROUND_BENIGN
TX-N-02065,TRANSACTION,BENIGN,BACKGROUND_BENIGN
TX-N-02066,TRANSACTION,BENIGN,BACKGROUND_BENIGN
TX-N-02067,TRANSACTION,BENIGN,BACKGROUND_BENIGN
TX-N-02068,TRANSACTION,BENIGN,BACKGROUND_BENIGN
TX-N-02069,TRANSACTION,BENIGN,BACKGROUND_BENIGN
TX-N-02070,TRANSACTION,BENIGN,BACKGROUND_BENIGN
TX-N-02071,TRANSACTION,BENIGN,BACKGROUND_BENIGN
TX-N-02072,TRANSACTION,BENIGN,BACKGROUND_BENIGN
TX-N-02073,TRANSACTION,BENIGN,BACKGROUND_BENIGN
TX-N-02074,TRANSACTION,BENIGN,BACKGROUND_BENIGN
TX-N-02075,TRANSACTION,BENIGN,BACKGROUND_BENIGN
TX-N-02076,TRANSACTION,BENIGN,BACKGROUND_BENIGN
TX-N-02077,TRANSACTION,BENIGN,BACKGROUND_BENIGN
TX-N-02078,TRANSACTION,BENIGN,BACKGROUND_BENIGN
TX-N-02079,TRANSACTION,BENIGN,BACKGROUND_BENIGN
TX-N-02080,TRANSACTION,BENIGN,BACKGROUND_BENIGN
TX-N-02081,TRANSACTION,BENIGN,BACKGROUND_BENIGN
TX-N-02082,TRANSACTION,BENIGN,BACKGROUND_BENIGN
TX-N-02083,TRANSACTION,BENIGN,BACKGROUND_BENIGN
TX-N-02084,TRANSACTION,BENIGN,BACKGROUND_BENIGN
TX-N-02085,TRANSACTION,BENIGN,BACKGROUND_BENIGN
TX-N-02086,TRANSACTION,BENIGN,BACKGROUND_BENIGN
TX-N-02087,TRANSACTION,BENIGN,BACKGROUND_BENIGN
TX-N-02088,TRANSACTION,BENIGN,BACKGROUND_BENIGN
TX-N-02089,TRANSACTION,BENIGN,BACKGROUND_BENIGN
TX-N-02090,TRANSACTION,BENIGN,BACKGROUND_BENIGN
TX-N-02091,TRANSACTION,BENIGN,BACKGROUND_BENIGN
TX-N-02092,TRANSACTION,BENIGN,BACKGROUND_BENIGN
TX-N-02093,TRANSACTION,BENIGN,BACKGROUND_BENIGN
TX-N-02094,TRANSACTION,BENIGN,BACKGROUND_BENIGN
TX-N-02095,TRANSACTION,BENIGN,BACKGROUND_BENIGN
TX-N-02096,TRANSACTION,BENIGN,BACKGROUND_BENIGN
TX-N-02097,TRANSACTION,BENIGN,BACKGROUND_BENIGN
TX-N-02098,TRANSACTION,BENIGN,BACKGROUND_BENIGN
TX-N-02099,TRANSACTION,BENIGN,BACKGROUND_BENIGN
TX-N-02100,TRANSACTION,BENIGN,BACKGROUND_BENIGN
TX-N-02101,TRANSACTION,BENIGN,BACKGROUND_BENIGN
TX-N-02102,TRANSACTION,BENIGN,BACKGROUND_BENIGN
TX-N-02103,TRANSACTION,BENIGN,BACKGROUND_BENIGN
TX-N-02104,TRANSACTION,BENIGN,BACKGROUND_BENIGN
TX-N-02105,TRANSACTION,BENIGN,BACKGROUND_BENIGN
TX-N-02106,TRANSACTION,BENIGN,BACKGROUND_BENIGN
TX-N-02107,TRANSACTION,BENIGN,BACKGROUND_BENIGN
TX-N-02108,TRANSACTION,BENIGN,BACKGROUND_BENIGN
TX-N-02109,TRANSACTION,BENIGN,BACKGROUND_BENIGN
TX-N-02110,TRANSACTION,BENIGN,BACKGROUND_BENIGN
TX-N-02111,TRANSACTION,BENIGN,BACKGROUND_BENIGN
TX-N-02112,TRANSACTION,BENIGN,BACKGROUND_BENIGN
TX-N-02113,TRANSACTION,BENIGN,BACKGROUND_BENIGN
TX-N-02114,TRANSACTION,BENIGN,BACKGROUND_BENIGN
TX-N-02115,TRANSACTION,BENIGN,BACKGROUND_BENIGN
TX-N-02116,TRANSACTION,BENIGN,BACKGROUND_BENIGN
TX-N-02117,TRANSACTION,BENIGN,BACKGROUND_BENIGN
TX-N-02118,TRANSACTION,BENIGN,BACKGROUND_BENIGN
TX-N-02119,TRANSACTION,BENIGN,BACKGROUND_BENIGN
TX-N-02120,TRANSACTION,BENIGN,BACKGROUND_BENIGN
TX-N-02121,TRANSACTION,BENIGN,BACKGROUND_BENIGN
TX-N-02122,TRANSACTION,BENIGN,BACKGROUND_BENIGN
TX-N-02123,TRANSACTION,BENIGN,BACKGROUND_BENIGN
TX-N-02124,TRANSACTION,BENIGN,BACKGROUND_BENIGN
TX-N-02125,TRANSACTION,BENIGN,BACKGROUND_BENIGN
TX-N-02126,TRANSACTION,BENIGN,BACKGROUND_BENIGN
TX-N-02127,TRANSACTION,BENIGN,BACKGROUND_BENIGN
TX-N-02128,TRANSACTION,BENIGN,BACKGROUND_BENIGN
TX-N-02129,TRANSACTION,BENIGN,BACKGROUND_BENIGN
TX-N-02130,TRANSACTION,BENIGN,BACKGROUND_BENIGN
TX-N-02131,TRANSACTION,BENIGN,BACKGROUND_BENIGN
TX-N-02132,TRANSACTION,BENIGN,BACKGROUND_BENIGN
TX-N-02133,TRANSACTION,BENIGN,BACKGROUND_BENIGN
TX-N-02134,TRANSACTION,BENIGN,BACKGROUND_BENIGN
TX-N-02135,TRANSACTION,BENIGN,BACKGROUND_BENIGN
TX-N-02136,TRANSACTION,BENIGN,BACKGROUND_BENIGN
TX-N-02137,TRANSACTION,BENIGN,BACKGROUND_BENIGN
TX-N-02138,TRANSACTION,BENIGN,BACKGROUND_BENIGN
TX-N-02139,TRANSACTION,BENIGN,BACKGROUND_BENIGN
TX-N-02140,TRANSACTION,BENIGN,BACKGROUND_BENIGN
TX-N-02141,TRANSACTION,BENIGN,BACKGROUND_BENIGN
TX-N-02142,TRANSACTION,BENIGN,BACKGROUND_BENIGN
TX-N-02143,TRANSACTION,BENIGN,BACKGROUND_BENIGN
TX-N-02144,TRANSACTION,BENIGN,BACKGROUND_BENIGN
TX-N-02145,TRANSACTION,BENIGN,BACKGROUND_BENIGN
TX-N-02146,TRANSACTION,BENIGN,BACKGROUND_BENIGN
TX-N-02147,TRANSACTION,BENIGN,BACKGROUND_BENIGN
TX-N-02148,TRANSACTION,BENIGN,BACKGROUND_BENIGN
TX-N-02149,TRANSACTION,BENIGN,BACKGROUND_BENIGN
TX-N-02150,TRANSACTION,BENIGN,BACKGROUND_BENIGN
TX-N-02151,TRANSACTION,BENIGN,BACKGROUND_BENIGN
TX-N-02152,TRANSACTION,BENIGN,BACKGROUND_BENIGN
TX-N-02153,TRANSACTION,BENIGN,BACKGROUND_BENIGN
TX-N-02154,TRANSACTION,BENIGN,BACKGROUND_BENIGN
TX-N-02155,TRANSACTION,BENIGN,BACKGROUND_BENIGN
TX-N-02156,TRANSACTION,BENIGN,BACKGROUND_BENIGN
TX-N-02157,TRANSACTION,BENIGN,BACKGROUND_BENIGN
TX-N-02158,TRANSACTION,BENIGN,BACKGROUND_BENIGN
TX-N-02159,TRANSACTION,BENIGN,BACKGROUND_BENIGN
TX-N-02160,TRANSACTION,BENIGN,BACKGROUND_BENIGN
TX-N-02161,TRANSACTION,BENIGN,BACKGROUND_BENIGN
TX-N-02162,TRANSACTION,BENIGN,BACKGROUND_BENIGN
TX-N-02163,TRANSACTION,BENIGN,BACKGROUND_BENIGN
TX-N-02164,TRANSACTION,BENIGN,BACKGROUND_BENIGN
TX-N-02165,TRANSACTION,BENIGN,BACKGROUND_BENIGN
TX-N-02166,TRANSACTION,BENIGN,BACKGROUND_BENIGN
TX-N-02167,TRANSACTION,BENIGN,BACKGROUND_BENIGN
TX-N-02168,TRANSACTION,BENIGN,BACKGROUND_BENIGN
TX-N-02169,TRANSACTION,BENIGN,BACKGROUND_BENIGN
TX-N-02170,TRANSACTION,BENIGN,BACKGROUND_BENIGN
TX-N-02171,TRANSACTION,BENIGN,BACKGROUND_BENIGN
TX-N-02172,TRANSACTION,BENIGN,BACKGROUND_BENIGN
TX-N-02173,TRANSACTION,BENIGN,BACKGROUND_BENIGN
TX-N-02174,TRANSACTION,BENIGN,BACKGROUND_BENIGN
TX-N-02175,TRANSACTION,BENIGN,BACKGROUND_BENIGN
TX-N-02176,TRANSACTION,BENIGN,BACKGROUND_BENIGN
TX-N-02177,TRANSACTION,BENIGN,BACKGROUND_BENIGN
TX-N-02178,TRANSACTION,BENIGN,BACKGROUND_BENIGN
TX-N-02179,TRANSACTION,BENIGN,BACKGROUND_BENIGN
TX-N-02180,TRANSACTION,BENIGN,BACKGROUND_BENIGN
TX-N-02181,TRANSACTION,BENIGN,BACKGROUND_BENIGN
TX-N-02182,TRANSACTION,BENIGN,BACKGROUND_BENIGN
TX-N-02183,TRANSACTION,BENIGN,BACKGROUND_BENIGN
TX-N-02184,TRANSACTION,BENIGN,BACKGROUND_BENIGN
TX-N-02185,TRANSACTION,BENIGN,BACKGROUND_BENIGN
TX-N-02186,TRANSACTION,BENIGN,BACKGROUND_BENIGN
TX-N-02187,TRANSACTION,BENIGN,BACKGROUND_BENIGN
TX-N-02188,TRANSACTION,BENIGN,BACKGROUND_BENIGN
TX-N-02189,TRANSACTION,BENIGN,BACKGROUND_BENIGN
TX-N-02190,TRANSACTION,BENIGN,BACKGROUND_BENIGN
TX-N-02191,TRANSACTION,BENIGN,BACKGROUND_BENIGN
TX-N-02192,TRANSACTION,BENIGN,BACKGROUND_BENIGN
TX-N-02193,TRANSACTION,BENIGN,BACKGROUND_BENIGN
TX-N-02194,TRANSACTION,BENIGN,BACKGROUND_BENIGN
TX-N-02195,TRANSACTION,BENIGN,BACKGROUND_BENIGN
TX-N-02196,TRANSACTION,BENIGN,BACKGROUND_BENIGN
TX-N-02197,TRANSACTION,BENIGN,BACKGROUND_BENIGN
TX-N-02198,TRANSACTION,BENIGN,BACKGROUND_BENIGN
TX-N-02199,TRANSACTION,BENIGN,BACKGROUND_BENIGN
TX-N-02200,TRANSACTION,BENIGN,BACKGROUND_BENIGN
TX-N-02201,TRANSACTION,BENIGN,BACKGROUND_BENIGN
TX-N-02202,TRANSACTION,BENIGN,BACKGROUND_BENIGN
TX-N-02203,TRANSACTION,BENIGN,BACKGROUND_BENIGN
TX-N-02204,TRANSACTION,BENIGN,BACKGROUND_BENIGN
TX-N-02205,TRANSACTION,BENIGN,BACKGROUND_BENIGN
TX-N-02206,TRANSACTION,BENIGN,BACKGROUND_BENIGN
TX-N-02207,TRANSACTION,BENIGN,BACKGROUND_BENIGN
TX-N-02208,TRANSACTION,BENIGN,BACKGROUND_BENIGN
TX-N-02209,TRANSACTION,BENIGN,BACKGROUND_BENIGN
TX-N-02210,TRANSACTION,BENIGN,BACKGROUND_BENIGN
TX-N-02211,TRANSACTION,BENIGN,BACKGROUND_BENIGN
TX-N-02212,TRANSACTION,BENIGN,BACKGROUND_BENIGN
TX-N-02213,TRANSACTION,BENIGN,BACKGROUND_BENIGN
TX-N-02214,TRANSACTION,BENIGN,BACKGROUND_BENIGN
TX-N-02215,TRANSACTION,BENIGN,BACKGROUND_BENIGN
TX-N-02216,TRANSACTION,BENIGN,BACKGROUND_BENIGN
TX-N-02217,TRANSACTION,BENIGN,BACKGROUND_BENIGN
TX-N-02218,TRANSACTION,BENIGN,BACKGROUND_BENIGN
TX-N-02219,TRANSACTION,BENIGN,BACKGROUND_BENIGN
TX-N-02220,TRANSACTION,BENIGN,BACKGROUND_BENIGN
TX-N-02221,TRANSACTION,BENIGN,BACKGROUND_BENIGN
TX-N-02222,TRANSACTION,BENIGN,BACKGROUND_BENIGN
TX-N-02223,TRANSACTION,BENIGN,BACKGROUND_BENIGN
TX-N-02224,TRANSACTION,BENIGN,BACKGROUND_BENIGN
TX-N-02225,TRANSACTION,BENIGN,BACKGROUND_BENIGN
TX-N-02226,TRANSACTION,BENIGN,BACKGROUND_BENIGN
TX-N-02227,TRANSACTION,BENIGN,BACKGROUND_BENIGN
TX-N-02228,TRANSACTION,BENIGN,BACKGROUND_BENIGN
TX-N-02229,TRANSACTION,BENIGN,BACKGROUND_BENIGN
TX-N-02230,TRANSACTION,BENIGN,BACKGROUND_BENIGN
TX-N-02231,TRANSACTION,BENIGN,BACKGROUND_BENIGN
TX-N-02232,TRANSACTION,BENIGN,BACKGROUND_BENIGN
TX-N-02233,TRANSACTION,BENIGN,BACKGROUND_BENIGN
TX-N-02234,TRANSACTION,BENIGN,BACKGROUND_BENIGN
TX-N-02235,TRANSACTION,BENIGN,BACKGROUND_BENIGN
TX-N-02236,TRANSACTION,BENIGN,BACKGROUND_BENIGN
TX-N-02237,TRANSACTION,BENIGN,BACKGROUND_BENIGN
TX-N-02238,TRANSACTION,BENIGN,BACKGROUND_BENIGN
TX-N-02239,TRANSACTION,BENIGN,BACKGROUND_BENIGN
TX-N-02240,TRANSACTION,BENIGN,BACKGROUND_BENIGN
TX-N-02241,TRANSACTION,BENIGN,BACKGROUND_BENIGN
TX-N-02242,TRANSACTION,BENIGN,BACKGROUND_BENIGN
TX-N-02243,TRANSACTION,BENIGN,BACKGROUND_BENIGN
TX-N-02244,TRANSACTION,BENIGN,BACKGROUND_BENIGN
TX-N-02245,TRANSACTION,BENIGN,BACKGROUND_BENIGN
TX-N-02246,TRANSACTION,BENIGN,BACKGROUND_BENIGN
TX-N-02247,TRANSACTION,BENIGN,BACKGROUND_BENIGN
TX-N-02248,TRANSACTION,BENIGN,BACKGROUND_BENIGN
TX-N-02249,TRANSACTION,BENIGN,BACKGROUND_BENIGN
TX-N-02250,TRANSACTION,BENIGN,BACKGROUND_BENIGN
TX-N-02251,TRANSACTION,BENIGN,BACKGROUND_BENIGN
TX-N-02252,TRANSACTION,BENIGN,BACKGROUND_BENIGN
TX-N-02253,TRANSACTION,BENIGN,BACKGROUND_BENIGN
TX-N-02254,TRANSACTION,BENIGN,BACKGROUND_BENIGN
TX-N-02255,TRANSACTION,BENIGN,BACKGROUND_BENIGN
TX-N-02256,TRANSACTION,BENIGN,BACKGROUND_BENIGN
TX-N-02257,TRANSACTION,BENIGN,BACKGROUND_BENIGN
TX-N-02258,TRANSACTION,BENIGN,BACKGROUND_BENIGN
TX-N-02259,TRANSACTION,BENIGN,BACKGROUND_BENIGN
TX-N-02260,TRANSACTION,BENIGN,BACKGROUND_BENIGN
TX-N-02261,TRANSACTION,BENIGN,BACKGROUND_BENIGN
TX-N-02262,TRANSACTION,BENIGN,BACKGROUND_BENIGN
TX-N-02263,TRANSACTION,BENIGN,BACKGROUND_BENIGN
TX-N-02264,TRANSACTION,BENIGN,BACKGROUND_BENIGN
TX-N-02265,TRANSACTION,BENIGN,BACKGROUND_BENIGN
TX-N-02266,TRANSACTION,BENIGN,BACKGROUND_BENIGN
TX-N-02267,TRANSACTION,BENIGN,BACKGROUND_BENIGN
TX-N-02268,TRANSACTION,BENIGN,BACKGROUND_BENIGN
TX-N-02269,TRANSACTION,BENIGN,BACKGROUND_BENIGN
TX-N-02270,TRANSACTION,BENIGN,BACKGROUND_BENIGN
TX-N-02271,TRANSACTION,BENIGN,BACKGROUND_BENIGN
TX-N-02272,TRANSACTION,BENIGN,BACKGROUND_BENIGN
TX-N-02273,TRANSACTION,BENIGN,BACKGROUND_BENIGN
TX-N-02274,TRANSACTION,BENIGN,BACKGROUND_BENIGN
TX-N-02275,TRANSACTION,BENIGN,BACKGROUND_BENIGN
TX-N-02276,TRANSACTION,BENIGN,BACKGROUND_BENIGN
TX-N-02277,TRANSACTION,BENIGN,BACKGROUND_BENIGN
TX-N-02278,TRANSACTION,BENIGN,BACKGROUND_BENIGN
TX-N-02279,TRANSACTION,BENIGN,BACKGROUND_BENIGN
TX-N-02280,TRANSACTION,BENIGN,BACKGROUND_BENIGN
TX-N-02281,TRANSACTION,BENIGN,BACKGROUND_BENIGN
TX-N-02282,TRANSACTION,BENIGN,BACKGROUND_BENIGN
TX-N-02283,TRANSACTION,BENIGN,BACKGROUND_BENIGN
TX-N-02284,TRANSACTION,BENIGN,BACKGROUND_BENIGN
TX-N-02285,TRANSACTION,BENIGN,BACKGROUND_BENIGN
TX-N-02286,TRANSACTION,BENIGN,BACKGROUND_BENIGN
TX-N-02287,TRANSACTION,BENIGN,BACKGROUND_BENIGN
TX-N-02288,TRANSACTION,BENIGN,BACKGROUND_BENIGN
TX-N-02289,TRANSACTION,BENIGN,BACKGROUND_BENIGN
TX-N-02290,TRANSACTION,BENIGN,BACKGROUND_BENIGN
TX-N-02291,TRANSACTION,BENIGN,BACKGROUND_BENIGN
TX-N-02292,TRANSACTION,BENIGN,BACKGROUND_BENIGN
TX-N-02293,TRANSACTION,BENIGN,BACKGROUND_BENIGN
TX-N-02294,TRANSACTION,BENIGN,BACKGROUND_BENIGN
TX-N-02295,TRANSACTION,BENIGN,BACKGROUND_BENIGN
TX-N-02296,TRANSACTION,BENIGN,BACKGROUND_BENIGN
TX-N-02297,TRANSACTION,BENIGN,BACKGROUND_BENIGN
TX-N-02298,TRANSACTION,BENIGN,BACKGROUND_BENIGN
TX-N-02299,TRANSACTION,BENIGN,BACKGROUND_BENIGN
TX-N-02300,TRANSACTION,BENIGN,BACKGROUND_BENIGN
TX-N-02301,TRANSACTION,BENIGN,BACKGROUND_BENIGN
TX-N-02302,TRANSACTION,BENIGN,BACKGROUND_BENIGN
TX-N-02303,TRANSACTION,BENIGN,BACKGROUND_BENIGN
TX-N-02304,TRANSACTION,BENIGN,BACKGROUND_BENIGN
TX-N-02305,TRANSACTION,BENIGN,BACKGROUND_BENIGN
TX-N-02306,TRANSACTION,BENIGN,BACKGROUND_BENIGN
TX-N-02307,TRANSACTION,BENIGN,BACKGROUND_BENIGN
TX-N-02308,TRANSACTION,BENIGN,BACKGROUND_BENIGN
TX-N-02309,TRANSACTION,BENIGN,BACKGROUND_BENIGN
TX-N-02310,TRANSACTION,BENIGN,BACKGROUND_BENIGN
TX-N-02311,TRANSACTION,BENIGN,BACKGROUND_BENIGN
TX-N-02312,TRANSACTION,BENIGN,BACKGROUND_BENIGN
TX-N-02313,TRANSACTION,BENIGN,BACKGROUND_BENIGN
TX-N-02314,TRANSACTION,BENIGN,BACKGROUND_BENIGN
TX-N-02315,TRANSACTION,BENIGN,BACKGROUND_BENIGN
TX-N-02316,TRANSACTION,BENIGN,BACKGROUND_BENIGN
TX-N-02317,TRANSACTION,BENIGN,BACKGROUND_BENIGN
TX-N-02318,TRANSACTION,BENIGN,BACKGROUND_BENIGN
TX-N-02319,TRANSACTION,BENIGN,BACKGROUND_BENIGN
TX-N-02320,TRANSACTION,BENIGN,BACKGROUND_BENIGN
TX-N-02321,TRANSACTION,BENIGN,BACKGROUND_BENIGN
TX-N-02322,TRANSACTION,BENIGN,BACKGROUND_BENIGN
TX-N-02323,TRANSACTION,BENIGN,BACKGROUND_BENIGN
TX-N-02324,TRANSACTION,BENIGN,BACKGROUND_BENIGN
TX-N-02325,TRANSACTION,BENIGN,BACKGROUND_BENIGN
TX-N-02326,TRANSACTION,BENIGN,BACKGROUND_BENIGN
TX-N-02327,TRANSACTION,BENIGN,BACKGROUND_BENIGN
TX-N-02328,TRANSACTION,BENIGN,BACKGROUND_BENIGN
TX-N-02329,TRANSACTION,BENIGN,BACKGROUND_BENIGN
TX-N-02330,TRANSACTION,BENIGN,BACKGROUND_BENIGN
TX-N-02331,TRANSACTION,BENIGN,BACKGROUND_BENIGN
TX-N-02332,TRANSACTION,BENIGN,BACKGROUND_BENIGN
TX-N-02333,TRANSACTION,BENIGN,BACKGROUND_BENIGN
TX-N-02334,TRANSACTION,BENIGN,BACKGROUND_BENIGN
TX-N-02335,TRANSACTION,BENIGN,BACKGROUND_BENIGN
TX-N-02336,TRANSACTION,BENIGN,BACKGROUND_BENIGN
TX-N-02337,TRANSACTION,BENIGN,BACKGROUND_BENIGN
TX-N-02338,TRANSACTION,BENIGN,BACKGROUND_BENIGN
TX-N-02339,TRANSACTION,BENIGN,BACKGROUND_BENIGN
TX-N-02340,TRANSACTION,BENIGN,BACKGROUND_BENIGN
TX-N-02341,TRANSACTION,BENIGN,BACKGROUND_BENIGN
TX-N-02342,TRANSACTION,BENIGN,BACKGROUND_BENIGN
TX-N-02343,TRANSACTION,BENIGN,BACKGROUND_BENIGN
TX-N-02344,TRANSACTION,BENIGN,BACKGROUND_BENIGN
TX-N-02345,TRANSACTION,BENIGN,BACKGROUND_BENIGN
TX-N-02346,TRANSACTION,BENIGN,BACKGROUND_BENIGN
TX-N-02347,TRANSACTION,BENIGN,BACKGROUND_BENIGN
TX-N-02348,TRANSACTION,BENIGN,BACKGROUND_BENIGN
TX-N-02349,TRANSACTION,BENIGN,BACKGROUND_BENIGN
TX-N-02350,TRANSACTION,BENIGN,BACKGROUND_BENIGN
TX-N-02351,TRANSACTION,BENIGN,BACKGROUND_BENIGN
TX-N-02352,TRANSACTION,BENIGN,BACKGROUND_BENIGN
TX-N-02353,TRANSACTION,BENIGN,BACKGROUND_BENIGN
TX-N-02354,TRANSACTION,BENIGN,BACKGROUND_BENIGN
TX-N-02355,TRANSACTION,BENIGN,BACKGROUND_BENIGN
TX-N-02356,TRANSACTION,BENIGN,BACKGROUND_BENIGN
TX-N-02357,TRANSACTION,BENIGN,BACKGROUND_BENIGN
TX-N-02358,TRANSACTION,BENIGN,BACKGROUND_BENIGN
TX-N-02359,TRANSACTION,BENIGN,BACKGROUND_BENIGN
TX-N-02360,TRANSACTION,BENIGN,BACKGROUND_BENIGN
TX-N-02361,TRANSACTION,BENIGN,BACKGROUND_BENIGN
TX-N-02362,TRANSACTION,BENIGN,BACKGROUND_BENIGN
TX-N-02363,TRANSACTION,BENIGN,BACKGROUND_BENIGN
TX-N-02364,TRANSACTION,BENIGN,BACKGROUND_BENIGN
TX-N-02365,TRANSACTION,BENIGN,BACKGROUND_BENIGN
TX-N-02366,TRANSACTION,BENIGN,BACKGROUND_BENIGN
TX-N-02367,TRANSACTION,BENIGN,BACKGROUND_BENIGN
TX-N-02368,TRANSACTION,BENIGN,BACKGROUND_BENIGN
TX-N-02369,TRANSACTION,BENIGN,BACKGROUND_BENIGN
TX-N-02370,TRANSACTION,BENIGN,BACKGROUND_BENIGN
TX-N-02371,TRANSACTION,BENIGN,BACKGROUND_BENIGN
TX-N-02372,TRANSACTION,BENIGN,BACKGROUND_BENIGN
TX-N-02373,TRANSACTION,BENIGN,BACKGROUND_BENIGN
TX-N-02374,TRANSACTION,BENIGN,BACKGROUND_BENIGN
TX-N-02375,TRANSACTION,BENIGN,BACKGROUND_BENIGN
TX-N-02376,TRANSACTION,BENIGN,BACKGROUND_BENIGN
TX-N-02377,TRANSACTION,BENIGN,BACKGROUND_BENIGN
TX-N-02378,TRANSACTION,BENIGN,BACKGROUND_BENIGN
TX-N-02379,TRANSACTION,BENIGN,BACKGROUND_BENIGN
TX-N-02380,TRANSACTION,BENIGN,BACKGROUND_BENIGN
TX-N-02381,TRANSACTION,BENIGN,BACKGROUND_BENIGN
TX-N-02382,TRANSACTION,BENIGN,BACKGROUND_BENIGN
TX-N-02383,TRANSACTION,BENIGN,BACKGROUND_BENIGN
TX-N-02384,TRANSACTION,BENIGN,BACKGROUND_BENIGN
TX-N-02385,TRANSACTION,BENIGN,BACKGROUND_BENIGN
TX-N-02386,TRANSACTION,BENIGN,BACKGROUND_BENIGN
TX-N-02387,TRANSACTION,BENIGN,BACKGROUND_BENIGN
TX-N-02388,TRANSACTION,BENIGN,BACKGROUND_BENIGN
TX-N-02389,TRANSACTION,BENIGN,BACKGROUND_BENIGN
TX-N-02390,TRANSACTION,BENIGN,BACKGROUND_BENIGN
TX-N-02391,TRANSACTION,BENIGN,BACKGROUND_BENIGN
TX-N-02392,TRANSACTION,BENIGN,BACKGROUND_BENIGN
TX-N-02393,TRANSACTION,BENIGN,BACKGROUND_BENIGN
TX-N-02394,TRANSACTION,BENIGN,BACKGROUND_BENIGN
TX-N-02395,TRANSACTION,BENIGN,BACKGROUND_BENIGN
TX-N-02396,TRANSACTION,BENIGN,BACKGROUND_BENIGN
TX-N-02397,TRANSACTION,BENIGN,BACKGROUND_BENIGN
TX-N-02398,TRANSACTION,BENIGN,BACKGROUND_BENIGN
TX-N-02399,TRANSACTION,BENIGN,BACKGROUND_BENIGN
TX-N-02400,TRANSACTION,BENIGN,BACKGROUND_BENIGN
TX-N-02401,TRANSACTION,BENIGN,BACKGROUND_BENIGN
TX-N-02402,TRANSACTION,BENIGN,BACKGROUND_BENIGN
TX-N-02403,TRANSACTION,BENIGN,BACKGROUND_BENIGN
TX-N-02404,TRANSACTION,BENIGN,BACKGROUND_BENIGN
TX-N-02405,TRANSACTION,BENIGN,BACKGROUND_BENIGN
TX-N-02406,TRANSACTION,BENIGN,BACKGROUND_BENIGN
TX-N-02407,TRANSACTION,BENIGN,BACKGROUND_BENIGN
TX-N-02408,TRANSACTION,BENIGN,BACKGROUND_BENIGN
TX-N-02409,TRANSACTION,BENIGN,BACKGROUND_BENIGN
TX-N-02410,TRANSACTION,BENIGN,BACKGROUND_BENIGN
TX-N-02411,TRANSACTION,BENIGN,BACKGROUND_BENIGN
TX-N-02412,TRANSACTION,BENIGN,BACKGROUND_BENIGN
TX-N-02413,TRANSACTION,BENIGN,BACKGROUND_BENIGN
TX-N-02414,TRANSACTION,BENIGN,BACKGROUND_BENIGN
TX-N-02415,TRANSACTION,BENIGN,BACKGROUND_BENIGN
TX-N-02416,TRANSACTION,BENIGN,BACKGROUND_BENIGN
TX-N-02417,TRANSACTION,BENIGN,BACKGROUND_BENIGN
TX-N-02418,TRANSACTION,BENIGN,BACKGROUND_BENIGN
TX-N-02419,TRANSACTION,BENIGN,BACKGROUND_BENIGN
TX-N-02420,TRANSACTION,BENIGN,BACKGROUND_BENIGN
TX-N-02421,TRANSACTION,BENIGN,BACKGROUND_BENIGN
TX-N-02422,TRANSACTION,BENIGN,BACKGROUND_BENIGN
TX-N-02423,TRANSACTION,BENIGN,BACKGROUND_BENIGN
TX-N-02424,TRANSACTION,BENIGN,BACKGROUND_BENIGN
TX-N-02425,TRANSACTION,BENIGN,BACKGROUND_BENIGN
TX-N-02426,TRANSACTION,BENIGN,BACKGROUND_BENIGN
TX-N-02427,TRANSACTION,BENIGN,BACKGROUND_BENIGN
TX-N-02428,TRANSACTION,BENIGN,BACKGROUND_BENIGN
TX-N-02429,TRANSACTION,BENIGN,BACKGROUND_BENIGN
TX-N-02430,TRANSACTION,BENIGN,BACKGROUND_BENIGN
TX-N-02431,TRANSACTION,BENIGN,BACKGROUND_BENIGN
TX-N-02432,TRANSACTION,BENIGN,BACKGROUND_BENIGN
TX-N-02433,TRANSACTION,BENIGN,BACKGROUND_BENIGN
TX-N-02434,TRANSACTION,BENIGN,BACKGROUND_BENIGN
TX-N-02435,TRANSACTION,BENIGN,BACKGROUND_BENIGN
TX-N-02436,TRANSACTION,BENIGN,BACKGROUND_BENIGN
TX-N-02437,TRANSACTION,BENIGN,BACKGROUND_BENIGN
TX-N-02438,TRANSACTION,BENIGN,BACKGROUND_BENIGN
TX-N-02439,TRANSACTION,BENIGN,BACKGROUND_BENIGN
TX-N-02440,TRANSACTION,BENIGN,BACKGROUND_BENIGN
TX-N-02441,TRANSACTION,BENIGN,BACKGROUND_BENIGN
TX-N-02442,TRANSACTION,BENIGN,BACKGROUND_BENIGN
TX-N-02443,TRANSACTION,BENIGN,BACKGROUND_BENIGN
TX-N-02444,TRANSACTION,BENIGN,BACKGROUND_BENIGN
TX-N-02445,TRANSACTION,BENIGN,BACKGROUND_BENIGN
TX-N-02446,TRANSACTION,BENIGN,BACKGROUND_BENIGN
TX-N-02447,TRANSACTION,BENIGN,BACKGROUND_BENIGN
TX-N-02448,TRANSACTION,BENIGN,BACKGROUND_BENIGN
TX-N-02449,TRANSACTION,BENIGN,BACKGROUND_BENIGN
TX-N-02450,TRANSACTION,BENIGN,BACKGROUND_BENIGN
TX-N-02451,TRANSACTION,BENIGN,BACKGROUND_BENIGN
TX-N-02452,TRANSACTION,BENIGN,BACKGROUND_BENIGN
TX-N-02453,TRANSACTION,BENIGN,BACKGROUND_BENIGN
TX-N-02454,TRANSACTION,BENIGN,BACKGROUND_BENIGN
TX-N-02455,TRANSACTION,BENIGN,BACKGROUND_BENIGN
TX-N-02456,TRANSACTION,BENIGN,BACKGROUND_BENIGN
TX-N-02457,TRANSACTION,BENIGN,BACKGROUND_BENIGN
TX-N-02458,TRANSACTION,BENIGN,BACKGROUND_BENIGN
TX-N-02459,TRANSACTION,BENIGN,BACKGROUND_BENIGN
TX-N-02460,TRANSACTION,BENIGN,BACKGROUND_BENIGN
TX-N-02461,TRANSACTION,BENIGN,BACKGROUND_BENIGN
TX-N-02462,TRANSACTION,BENIGN,BACKGROUND_BENIGN
TX-N-02463,TRANSACTION,BENIGN,BACKGROUND_BENIGN
TX-N-02464,TRANSACTION,BENIGN,BACKGROUND_BENIGN
TX-N-02465,TRANSACTION,BENIGN,BACKGROUND_BENIGN
TX-N-02466,TRANSACTION,BENIGN,BACKGROUND_BENIGN
TX-N-02467,TRANSACTION,BENIGN,BACKGROUND_BENIGN
TX-N-02468,TRANSACTION,BENIGN,BACKGROUND_BENIGN
TX-N-02469,TRANSACTION,BENIGN,BACKGROUND_BENIGN
TX-N-02470,TRANSACTION,BENIGN,BACKGROUND_BENIGN
TX-N-02471,TRANSACTION,BENIGN,BACKGROUND_BENIGN
TX-N-02472,TRANSACTION,BENIGN,BACKGROUND_BENIGN
TX-N-02473,TRANSACTION,BENIGN,BACKGROUND_BENIGN
TX-N-02474,TRANSACTION,BENIGN,BACKGROUND_BENIGN
TX-N-02475,TRANSACTION,BENIGN,BACKGROUND_BENIGN
TX-N-02476,TRANSACTION,BENIGN,BACKGROUND_BENIGN
TX-N-02477,TRANSACTION,BENIGN,BACKGROUND_BENIGN
TX-N-02478,TRANSACTION,BENIGN,BACKGROUND_BENIGN
TX-N-02479,TRANSACTION,BENIGN,BACKGROUND_BENIGN
TX-N-02480,TRANSACTION,BENIGN,BACKGROUND_BENIGN
TX-N-02481,TRANSACTION,BENIGN,BACKGROUND_BENIGN
TX-N-02482,TRANSACTION,BENIGN,BACKGROUND_BENIGN
TX-N-02483,TRANSACTION,BENIGN,BACKGROUND_BENIGN
TX-N-02484,TRANSACTION,BENIGN,BACKGROUND_BENIGN
TX-N-02485,TRANSACTION,BENIGN,BACKGROUND_BENIGN
TX-N-02486,TRANSACTION,BENIGN,BACKGROUND_BENIGN
TX-N-02487,TRANSACTION,BENIGN,BACKGROUND_BENIGN
TX-N-02488,TRANSACTION,BENIGN,BACKGROUND_BENIGN
TX-N-02489,TRANSACTION,BENIGN,BACKGROUND_BENIGN
TX-N-02490,TRANSACTION,BENIGN,BACKGROUND_BENIGN
TX-N-02491,TRANSACTION,BENIGN,BACKGROUND_BENIGN
TX-N-02492,TRANSACTION,BENIGN,BACKGROUND_BENIGN
TX-N-02493,TRANSACTION,BENIGN,BACKGROUND_BENIGN
TX-N-02494,TRANSACTION,BENIGN,BACKGROUND_BENIGN
TX-N-02495,TRANSACTION,BENIGN,BACKGROUND_BENIGN
TX-N-02496,TRANSACTION,BENIGN,BACKGROUND_BENIGN
TX-N-02497,TRANSACTION,BENIGN,BACKGROUND_BENIGN
TX-N-02498,TRANSACTION,BENIGN,BACKGROUND_BENIGN
TX-N-02499,TRANSACTION,BENIGN,BACKGROUND_BENIGN
TX-N-02500,TRANSACTION,BENIGN,BACKGROUND_BENIGN
TX-N-02501,TRANSACTION,BENIGN,BACKGROUND_BENIGN
TX-N-02502,TRANSACTION,BENIGN,BACKGROUND_BENIGN
TX-N-02503,TRANSACTION,BENIGN,BACKGROUND_BENIGN
TX-N-02504,TRANSACTION,BENIGN,BACKGROUND_BENIGN
TX-N-02505,TRANSACTION,BENIGN,BACKGROUND_BENIGN
TX-N-02506,TRANSACTION,BENIGN,BACKGROUND_BENIGN
TX-N-02507,TRANSACTION,BENIGN,BACKGROUND_BENIGN
TX-N-02508,TRANSACTION,BENIGN,BACKGROUND_BENIGN
TX-N-02509,TRANSACTION,BENIGN,BACKGROUND_BENIGN
TX-N-02510,TRANSACTION,BENIGN,BACKGROUND_BENIGN
TX-N-02511,TRANSACTION,BENIGN,BACKGROUND_BENIGN
TX-N-02512,TRANSACTION,BENIGN,BACKGROUND_BENIGN
TX-N-02513,TRANSACTION,BENIGN,BACKGROUND_BENIGN
TX-N-02514,TRANSACTION,BENIGN,BACKGROUND_BENIGN
TX-N-02515,TRANSACTION,BENIGN,BACKGROUND_BENIGN
TX-N-02516,TRANSACTION,BENIGN,BACKGROUND_BENIGN
TX-N-02517,TRANSACTION,BENIGN,BACKGROUND_BENIGN
TX-N-02518,TRANSACTION,BENIGN,BACKGROUND_BENIGN
TX-N-02519,TRANSACTION,BENIGN,BACKGROUND_BENIGN
TX-N-02520,TRANSACTION,BENIGN,BACKGROUND_BENIGN
TX-N-02521,TRANSACTION,BENIGN,BACKGROUND_BENIGN
TX-N-02522,TRANSACTION,BENIGN,BACKGROUND_BENIGN
TX-N-02523,TRANSACTION,BENIGN,BACKGROUND_BENIGN
TX-N-02524,TRANSACTION,BENIGN,BACKGROUND_BENIGN
TX-N-02525,TRANSACTION,BENIGN,BACKGROUND_BENIGN
TX-N-02526,TRANSACTION,BENIGN,BACKGROUND_BENIGN
TX-N-02527,TRANSACTION,BENIGN,BACKGROUND_BENIGN
TX-N-02528,TRANSACTION,BENIGN,BACKGROUND_BENIGN
TX-N-02529,TRANSACTION,BENIGN,BACKGROUND_BENIGN
TX-N-02530,TRANSACTION,BENIGN,BACKGROUND_BENIGN
TX-N-02531,TRANSACTION,BENIGN,BACKGROUND_BENIGN
TX-N-02532,TRANSACTION,BENIGN,BACKGROUND_BENIGN
TX-N-02533,TRANSACTION,BENIGN,BACKGROUND_BENIGN
TX-N-02534,TRANSACTION,BENIGN,BACKGROUND_BENIGN
TX-N-02535,TRANSACTION,BENIGN,BACKGROUND_BENIGN
TX-N-02536,TRANSACTION,BENIGN,BACKGROUND_BENIGN
TX-N-02537,TRANSACTION,BENIGN,BACKGROUND_BENIGN
TX-N-02538,TRANSACTION,BENIGN,BACKGROUND_BENIGN
TX-N-02539,TRANSACTION,BENIGN,BACKGROUND_BENIGN
TX-N-02540,TRANSACTION,BENIGN,BACKGROUND_BENIGN
TX-N-02541,TRANSACTION,BENIGN,BACKGROUND_BENIGN
TX-N-02542,TRANSACTION,BENIGN,BACKGROUND_BENIGN
TX-N-02543,TRANSACTION,BENIGN,BACKGROUND_BENIGN
TX-N-02544,TRANSACTION,BENIGN,BACKGROUND_BENIGN
TX-N-02545,TRANSACTION,BENIGN,BACKGROUND_BENIGN
TX-N-02546,TRANSACTION,BENIGN,BACKGROUND_BENIGN
TX-N-02547,TRANSACTION,BENIGN,BACKGROUND_BENIGN
TX-N-02548,TRANSACTION,BENIGN,BACKGROUND_BENIGN
TX-N-02549,TRANSACTION,BENIGN,BACKGROUND_BENIGN
TX-N-02550,TRANSACTION,BENIGN,BACKGROUND_BENIGN
TX-N-02551,TRANSACTION,BENIGN,BACKGROUND_BENIGN
TX-N-02552,TRANSACTION,BENIGN,BACKGROUND_BENIGN
TX-N-02553,TRANSACTION,BENIGN,BACKGROUND_BENIGN
TX-N-02554,TRANSACTION,BENIGN,BACKGROUND_BENIGN
TX-N-02555,TRANSACTION,BENIGN,BACKGROUND_BENIGN
TX-N-02556,TRANSACTION,BENIGN,BACKGROUND_BENIGN
TX-N-02557,TRANSACTION,BENIGN,BACKGROUND_BENIGN
TX-N-02558,TRANSACTION,BENIGN,BACKGROUND_BENIGN
TX-N-02559,TRANSACTION,BENIGN,BACKGROUND_BENIGN
TX-N-02560,TRANSACTION,BENIGN,BACKGROUND_BENIGN
TX-N-02561,TRANSACTION,BENIGN,BACKGROUND_BENIGN
TX-N-02562,TRANSACTION,BENIGN,BACKGROUND_BENIGN
TX-N-02563,TRANSACTION,BENIGN,BACKGROUND_BENIGN
TX-N-02564,TRANSACTION,BENIGN,BACKGROUND_BENIGN
TX-N-02565,TRANSACTION,BENIGN,BACKGROUND_BENIGN
TX-N-02566,TRANSACTION,BENIGN,BACKGROUND_BENIGN
TX-N-02567,TRANSACTION,BENIGN,BACKGROUND_BENIGN
TX-N-02568,TRANSACTION,BENIGN,BACKGROUND_BENIGN
TX-N-02569,TRANSACTION,BENIGN,BACKGROUND_BENIGN
TX-N-02570,TRANSACTION,BENIGN,BACKGROUND_BENIGN
TX-N-02571,TRANSACTION,BENIGN,BACKGROUND_BENIGN
TX-N-02572,TRANSACTION,BENIGN,BACKGROUND_BENIGN
TX-N-02573,TRANSACTION,BENIGN,BACKGROUND_BENIGN
TX-N-02574,TRANSACTION,BENIGN,BACKGROUND_BENIGN
TX-N-02575,TRANSACTION,BENIGN,BACKGROUND_BENIGN
TX-N-02576,TRANSACTION,BENIGN,BACKGROUND_BENIGN
TX-N-02577,TRANSACTION,BENIGN,BACKGROUND_BENIGN
TX-N-02578,TRANSACTION,BENIGN,BACKGROUND_BENIGN
TX-N-02579,TRANSACTION,BENIGN,BACKGROUND_BENIGN
TX-N-02580,TRANSACTION,BENIGN,BACKGROUND_BENIGN
TX-N-02581,TRANSACTION,BENIGN,BACKGROUND_BENIGN
TX-N-02582,TRANSACTION,BENIGN,BACKGROUND_BENIGN
TX-N-02583,TRANSACTION,BENIGN,BACKGROUND_BENIGN
TX-N-02584,TRANSACTION,BENIGN,BACKGROUND_BENIGN
TX-N-02585,TRANSACTION,BENIGN,BACKGROUND_BENIGN
TX-N-02586,TRANSACTION,BENIGN,BACKGROUND_BENIGN
TX-N-02587,TRANSACTION,BENIGN,BACKGROUND_BENIGN
TX-N-02588,TRANSACTION,BENIGN,BACKGROUND_BENIGN
TX-N-02589,TRANSACTION,BENIGN,BACKGROUND_BENIGN
TX-N-02590,TRANSACTION,BENIGN,BACKGROUND_BENIGN
TX-N-02591,TRANSACTION,BENIGN,BACKGROUND_BENIGN
TX-N-02592,TRANSACTION,BENIGN,BACKGROUND_BENIGN
TX-N-02593,TRANSACTION,BENIGN,BACKGROUND_BENIGN
TX-N-02594,TRANSACTION,BENIGN,BACKGROUND_BENIGN
TX-N-02595,TRANSACTION,BENIGN,BACKGROUND_BENIGN
TX-N-02596,TRANSACTION,BENIGN,BACKGROUND_BENIGN
TX-N-02597,TRANSACTION,BENIGN,BACKGROUND_BENIGN
TX-N-02598,TRANSACTION,BENIGN,BACKGROUND_BENIGN
TX-N-02599,TRANSACTION,BENIGN,BACKGROUND_BENIGN
TX-N-02600,TRANSACTION,BENIGN,BACKGROUND_BENIGN
TX-N-02601,TRANSACTION,BENIGN,BACKGROUND_BENIGN
TX-N-02602,TRANSACTION,BENIGN,BACKGROUND_BENIGN
TX-N-02603,TRANSACTION,BENIGN,BACKGROUND_BENIGN
TX-N-02604,TRANSACTION,BENIGN,BACKGROUND_BENIGN
TX-N-02605,TRANSACTION,BENIGN,BACKGROUND_BENIGN
TX-N-02606,TRANSACTION,BENIGN,BACKGROUND_BENIGN
TX-N-02607,TRANSACTION,BENIGN,BACKGROUND_BENIGN
TX-N-02608,TRANSACTION,BENIGN,BACKGROUND_BENIGN
TX-N-02609,TRANSACTION,BENIGN,BACKGROUND_BENIGN
TX-N-02610,TRANSACTION,BENIGN,BACKGROUND_BENIGN
TX-N-02611,TRANSACTION,BENIGN,BACKGROUND_BENIGN
TX-N-02612,TRANSACTION,BENIGN,BACKGROUND_BENIGN
TX-N-02613,TRANSACTION,BENIGN,BACKGROUND_BENIGN
TX-N-02614,TRANSACTION,BENIGN,BACKGROUND_BENIGN
TX-N-02615,TRANSACTION,BENIGN,BACKGROUND_BENIGN
TX-N-02616,TRANSACTION,BENIGN,BACKGROUND_BENIGN
TX-N-02617,TRANSACTION,BENIGN,BACKGROUND_BENIGN
TX-N-02618,TRANSACTION,BENIGN,BACKGROUND_BENIGN
TX-N-02619,TRANSACTION,BENIGN,BACKGROUND_BENIGN
TX-N-02620,TRANSACTION,BENIGN,BACKGROUND_BENIGN
TX-N-02621,TRANSACTION,BENIGN,BACKGROUND_BENIGN
TX-N-02622,TRANSACTION,BENIGN,BACKGROUND_BENIGN
TX-N-02623,TRANSACTION,BENIGN,BACKGROUND_BENIGN
TX-N-02624,TRANSACTION,BENIGN,BACKGROUND_BENIGN
TX-N-02625,TRANSACTION,BENIGN,BACKGROUND_BENIGN
TX-N-02626,TRANSACTION,BENIGN,BACKGROUND_BENIGN
TX-N-02627,TRANSACTION,BENIGN,BACKGROUND_BENIGN
TX-N-02628,TRANSACTION,BENIGN,BACKGROUND_BENIGN
TX-N-02629,TRANSACTION,BENIGN,BACKGROUND_BENIGN
TX-N-02630,TRANSACTION,BENIGN,BACKGROUND_BENIGN
TX-N-02631,TRANSACTION,BENIGN,BACKGROUND_BENIGN
TX-N-02632,TRANSACTION,BENIGN,BACKGROUND_BENIGN
TX-N-02633,TRANSACTION,BENIGN,BACKGROUND_BENIGN
TX-N-02634,TRANSACTION,BENIGN,BACKGROUND_BENIGN
TX-N-02635,TRANSACTION,BENIGN,BACKGROUND_BENIGN
TX-N-02636,TRANSACTION,BENIGN,BACKGROUND_BENIGN
TX-N-02637,TRANSACTION,BENIGN,BACKGROUND_BENIGN
TX-N-02638,TRANSACTION,BENIGN,BACKGROUND_BENIGN
TX-N-02639,TRANSACTION,BENIGN,BACKGROUND_BENIGN
TX-N-02640,TRANSACTION,BENIGN,BACKGROUND_BENIGN
TX-N-02641,TRANSACTION,BENIGN,BACKGROUND_BENIGN
TX-N-02642,TRANSACTION,BENIGN,BACKGROUND_BENIGN
TX-N-02643,TRANSACTION,BENIGN,BACKGROUND_BENIGN
TX-N-02644,TRANSACTION,BENIGN,BACKGROUND_BENIGN
TX-N-02645,TRANSACTION,BENIGN,BACKGROUND_BENIGN
TX-N-02646,TRANSACTION,BENIGN,BACKGROUND_BENIGN
TX-N-02647,TRANSACTION,BENIGN,BACKGROUND_BENIGN
TX-N-02648,TRANSACTION,BENIGN,BACKGROUND_BENIGN
TX-N-02649,TRANSACTION,BENIGN,BACKGROUND_BENIGN
TX-N-02650,TRANSACTION,BENIGN,BACKGROUND_BENIGN
TX-N-02651,TRANSACTION,BENIGN,BACKGROUND_BENIGN
TX-N-02652,TRANSACTION,BENIGN,BACKGROUND_BENIGN
TX-N-02653,TRANSACTION,BENIGN,BACKGROUND_BENIGN
TX-N-02654,TRANSACTION,BENIGN,BACKGROUND_BENIGN
TX-N-02655,TRANSACTION,BENIGN,BACKGROUND_BENIGN
TX-N-02656,TRANSACTION,BENIGN,BACKGROUND_BENIGN
TX-N-02657,TRANSACTION,BENIGN,BACKGROUND_BENIGN
TX-N-02658,TRANSACTION,BENIGN,BACKGROUND_BENIGN
TX-N-02659,TRANSACTION,BENIGN,BACKGROUND_BENIGN
TX-N-02660,TRANSACTION,BENIGN,BACKGROUND_BENIGN
TX-N-02661,TRANSACTION,BENIGN,BACKGROUND_BENIGN
TX-N-02662,TRANSACTION,BENIGN,BACKGROUND_BENIGN
TX-N-02663,TRANSACTION,BENIGN,BACKGROUND_BENIGN
TX-N-02664,TRANSACTION,BENIGN,BACKGROUND_BENIGN
TX-N-02665,TRANSACTION,BENIGN,BACKGROUND_BENIGN
TX-N-02666,TRANSACTION,BENIGN,BACKGROUND_BENIGN
TX-N-02667,TRANSACTION,BENIGN,BACKGROUND_BENIGN
TX-N-02668,TRANSACTION,BENIGN,BACKGROUND_BENIGN
TX-N-02669,TRANSACTION,BENIGN,BACKGROUND_BENIGN
TX-N-02670,TRANSACTION,BENIGN,BACKGROUND_BENIGN
TX-N-02671,TRANSACTION,BENIGN,BACKGROUND_BENIGN
TX-N-02672,TRANSACTION,BENIGN,BACKGROUND_BENIGN
TX-N-02673,TRANSACTION,BENIGN,BACKGROUND_BENIGN
TX-N-02674,TRANSACTION,BENIGN,BACKGROUND_BENIGN
TX-N-02675,TRANSACTION,BENIGN,BACKGROUND_BENIGN
TX-N-02676,TRANSACTION,BENIGN,BACKGROUND_BENIGN
TX-N-02677,TRANSACTION,BENIGN,BACKGROUND_BENIGN
TX-N-02678,TRANSACTION,BENIGN,BACKGROUND_BENIGN
TX-N-02679,TRANSACTION,BENIGN,BACKGROUND_BENIGN
TX-N-02680,TRANSACTION,BENIGN,BACKGROUND_BENIGN
TX-N-02681,TRANSACTION,BENIGN,BACKGROUND_BENIGN
TX-N-02682,TRANSACTION,BENIGN,BACKGROUND_BENIGN
TX-N-02683,TRANSACTION,BENIGN,BACKGROUND_BENIGN
TX-N-02684,TRANSACTION,BENIGN,BACKGROUND_BENIGN
TX-N-02685,TRANSACTION,BENIGN,BACKGROUND_BENIGN
TX-N-02686,TRANSACTION,BENIGN,BACKGROUND_BENIGN
TX-N-02687,TRANSACTION,BENIGN,BACKGROUND_BENIGN
TX-N-02688,TRANSACTION,BENIGN,BACKGROUND_BENIGN
TX-N-02689,TRANSACTION,BENIGN,BACKGROUND_BENIGN
TX-N-02690,TRANSACTION,BENIGN,BACKGROUND_BENIGN
TX-N-02691,TRANSACTION,BENIGN,BACKGROUND_BENIGN
TX-N-02692,TRANSACTION,BENIGN,BACKGROUND_BENIGN
TX-N-02693,TRANSACTION,BENIGN,BACKGROUND_BENIGN
TX-N-02694,TRANSACTION,BENIGN,BACKGROUND_BENIGN
TX-N-02695,TRANSACTION,BENIGN,BACKGROUND_BENIGN
TX-N-02696,TRANSACTION,BENIGN,BACKGROUND_BENIGN
TX-N-02697,TRANSACTION,BENIGN,BACKGROUND_BENIGN
TX-N-02698,TRANSACTION,BENIGN,BACKGROUND_BENIGN
TX-N-02699,TRANSACTION,BENIGN,BACKGROUND_BENIGN
TX-N-02700,TRANSACTION,BENIGN,BACKGROUND_BENIGN
TX-N-02701,TRANSACTION,BENIGN,BACKGROUND_BENIGN
TX-N-02702,TRANSACTION,BENIGN,BACKGROUND_BENIGN
TX-N-02703,TRANSACTION,BENIGN,BACKGROUND_BENIGN
TX-N-02704,TRANSACTION,BENIGN,BACKGROUND_BENIGN
TX-N-02705,TRANSACTION,BENIGN,BACKGROUND_BENIGN
TX-N-02706,TRANSACTION,BENIGN,BACKGROUND_BENIGN
TX-N-02707,TRANSACTION,BENIGN,BACKGROUND_BENIGN
TX-N-02708,TRANSACTION,BENIGN,BACKGROUND_BENIGN
TX-N-02709,TRANSACTION,BENIGN,BACKGROUND_BENIGN
TX-N-02710,TRANSACTION,BENIGN,BACKGROUND_BENIGN
TX-N-02711,TRANSACTION,BENIGN,BACKGROUND_BENIGN
TX-N-02712,TRANSACTION,BENIGN,BACKGROUND_BENIGN
TX-N-02713,TRANSACTION,BENIGN,BACKGROUND_BENIGN
TX-N-02714,TRANSACTION,BENIGN,BACKGROUND_BENIGN
TX-N-02715,TRANSACTION,BENIGN,BACKGROUND_BENIGN
TX-N-02716,TRANSACTION,BENIGN,BACKGROUND_BENIGN
TX-N-02717,TRANSACTION,BENIGN,BACKGROUND_BENIGN
TX-N-02718,TRANSACTION,BENIGN,BACKGROUND_BENIGN
TX-N-02719,TRANSACTION,BENIGN,BACKGROUND_BENIGN
TX-N-02720,TRANSACTION,BENIGN,BACKGROUND_BENIGN
TX-N-02721,TRANSACTION,BENIGN,BACKGROUND_BENIGN
TX-N-02722,TRANSACTION,BENIGN,BACKGROUND_BENIGN
TX-N-02723,TRANSACTION,BENIGN,BACKGROUND_BENIGN
TX-N-02724,TRANSACTION,BENIGN,BACKGROUND_BENIGN
TX-N-02725,TRANSACTION,BENIGN,BACKGROUND_BENIGN
TX-N-02726,TRANSACTION,BENIGN,BACKGROUND_BENIGN
TX-N-02727,TRANSACTION,BENIGN,BACKGROUND_BENIGN
TX-N-02728,TRANSACTION,BENIGN,BACKGROUND_BENIGN
TX-N-02729,TRANSACTION,BENIGN,BACKGROUND_BENIGN
TX-N-02730,TRANSACTION,BENIGN,BACKGROUND_BENIGN
TX-N-02731,TRANSACTION,BENIGN,BACKGROUND_BENIGN
TX-N-02732,TRANSACTION,BENIGN,BACKGROUND_BENIGN
TX-N-02733,TRANSACTION,BENIGN,BACKGROUND_BENIGN
TX-N-02734,TRANSACTION,BENIGN,BACKGROUND_BENIGN
TX-N-02735,TRANSACTION,BENIGN,BACKGROUND_BENIGN
TX-N-02736,TRANSACTION,BENIGN,BACKGROUND_BENIGN
TX-N-02737,TRANSACTION,BENIGN,BACKGROUND_BENIGN
TX-N-02738,TRANSACTION,BENIGN,BACKGROUND_BENIGN
TX-N-02739,TRANSACTION,BENIGN,BACKGROUND_BENIGN
TX-N-02740,TRANSACTION,BENIGN,BACKGROUND_BENIGN
TX-N-02741,TRANSACTION,BENIGN,BACKGROUND_BENIGN
TX-N-02742,TRANSACTION,BENIGN,BACKGROUND_BENIGN
TX-N-02743,TRANSACTION,BENIGN,BACKGROUND_BENIGN
TX-N-02744,TRANSACTION,BENIGN,BACKGROUND_BENIGN
TX-N-02745,TRANSACTION,BENIGN,BACKGROUND_BENIGN
TX-N-02746,TRANSACTION,BENIGN,BACKGROUND_BENIGN
TX-N-02747,TRANSACTION,BENIGN,BACKGROUND_BENIGN
TX-N-02748,TRANSACTION,BENIGN,BACKGROUND_BENIGN
TX-N-02749,TRANSACTION,BENIGN,BACKGROUND_BENIGN
TX-N-02750,TRANSACTION,BENIGN,BACKGROUND_BENIGN
TX-N-02751,TRANSACTION,BENIGN,BACKGROUND_BENIGN
TX-N-02752,TRANSACTION,BENIGN,BACKGROUND_BENIGN
TX-N-02753,TRANSACTION,BENIGN,BACKGROUND_BENIGN
TX-N-02754,TRANSACTION,BENIGN,BACKGROUND_BENIGN
TX-N-02755,TRANSACTION,BENIGN,BACKGROUND_BENIGN
TX-N-02756,TRANSACTION,BENIGN,BACKGROUND_BENIGN
TX-N-02757,TRANSACTION,BENIGN,BACKGROUND_BENIGN
TX-N-02758,TRANSACTION,BENIGN,BACKGROUND_BENIGN
TX-N-02759,TRANSACTION,BENIGN,BACKGROUND_BENIGN
TX-N-02760,TRANSACTION,BENIGN,BACKGROUND_BENIGN
TX-N-02761,TRANSACTION,BENIGN,BACKGROUND_BENIGN
TX-N-02762,TRANSACTION,BENIGN,BACKGROUND_BENIGN
TX-N-02763,TRANSACTION,BENIGN,BACKGROUND_BENIGN
TX-N-02764,TRANSACTION,BENIGN,BACKGROUND_BENIGN
TX-N-02765,TRANSACTION,BENIGN,BACKGROUND_BENIGN
TX-N-02766,TRANSACTION,BENIGN,BACKGROUND_BENIGN
TX-N-02767,TRANSACTION,BENIGN,BACKGROUND_BENIGN
TX-N-02768,TRANSACTION,BENIGN,BACKGROUND_BENIGN
TX-N-02769,TRANSACTION,BENIGN,BACKGROUND_BENIGN
TX-N-02770,TRANSACTION,BENIGN,BACKGROUND_BENIGN
TX-N-02771,TRANSACTION,BENIGN,BACKGROUND_BENIGN
TX-N-02772,TRANSACTION,BENIGN,BACKGROUND_BENIGN
TX-N-02773,TRANSACTION,BENIGN,BACKGROUND_BENIGN
TX-N-02774,TRANSACTION,BENIGN,BACKGROUND_BENIGN
TX-N-02775,TRANSACTION,BENIGN,BACKGROUND_BENIGN
TX-N-02776,TRANSACTION,BENIGN,BACKGROUND_BENIGN
TX-N-02777,TRANSACTION,BENIGN,BACKGROUND_BENIGN
TX-N-02778,TRANSACTION,BENIGN,BACKGROUND_BENIGN
TX-N-02779,TRANSACTION,BENIGN,BACKGROUND_BENIGN
TX-N-02780,TRANSACTION,BENIGN,BACKGROUND_BENIGN
TX-N-02781,TRANSACTION,BENIGN,BACKGROUND_BENIGN
TX-N-02782,TRANSACTION,BENIGN,BACKGROUND_BENIGN
TX-N-02783,TRANSACTION,BENIGN,BACKGROUND_BENIGN
TX-N-02784,TRANSACTION,BENIGN,BACKGROUND_BENIGN
TX-N-02785,TRANSACTION,BENIGN,BACKGROUND_BENIGN
TX-N-02786,TRANSACTION,BENIGN,BACKGROUND_BENIGN
TX-N-02787,TRANSACTION,BENIGN,BACKGROUND_BENIGN
TX-N-02788,TRANSACTION,BENIGN,BACKGROUND_BENIGN
TX-N-02789,TRANSACTION,BENIGN,BACKGROUND_BENIGN
TX-N-02790,TRANSACTION,BENIGN,BACKGROUND_BENIGN
TX-N-02791,TRANSACTION,BENIGN,BACKGROUND_BENIGN
TX-N-02792,TRANSACTION,BENIGN,BACKGROUND_BENIGN
TX-N-02793,TRANSACTION,BENIGN,BACKGROUND_BENIGN
TX-N-02794,TRANSACTION,BENIGN,BACKGROUND_BENIGN
TX-N-02795,TRANSACTION,BENIGN,BACKGROUND_BENIGN
TX-N-02796,TRANSACTION,BENIGN,BACKGROUND_BENIGN
TX-N-02797,TRANSACTION,BENIGN,BACKGROUND_BENIGN
TX-N-02798,TRANSACTION,BENIGN,BACKGROUND_BENIGN
TX-N-02799,TRANSACTION,BENIGN,BACKGROUND_BENIGN
TX-N-02800,TRANSACTION,BENIGN,BACKGROUND_BENIGN
TX-N-02801,TRANSACTION,BENIGN,BACKGROUND_BENIGN
TX-N-02802,TRANSACTION,BENIGN,BACKGROUND_BENIGN
TX-N-02803,TRANSACTION,BENIGN,BACKGROUND_BENIGN
TX-N-02804,TRANSACTION,BENIGN,BACKGROUND_BENIGN
TX-N-02805,TRANSACTION,BENIGN,BACKGROUND_BENIGN
TX-N-02806,TRANSACTION,BENIGN,BACKGROUND_BENIGN
TX-N-02807,TRANSACTION,BENIGN,BACKGROUND_BENIGN
TX-N-02808,TRANSACTION,BENIGN,BACKGROUND_BENIGN
TX-N-02809,TRANSACTION,BENIGN,BACKGROUND_BENIGN
TX-N-02810,TRANSACTION,BENIGN,BACKGROUND_BENIGN
TX-N-02811,TRANSACTION,BENIGN,BACKGROUND_BENIGN
TX-N-02812,TRANSACTION,BENIGN,BACKGROUND_BENIGN
TX-N-02813,TRANSACTION,BENIGN,BACKGROUND_BENIGN
TX-N-02814,TRANSACTION,BENIGN,BACKGROUND_BENIGN
TX-N-02815,TRANSACTION,BENIGN,BACKGROUND_BENIGN
TX-N-02816,TRANSACTION,BENIGN,BACKGROUND_BENIGN
TX-N-02817,TRANSACTION,BENIGN,BACKGROUND_BENIGN
TX-N-02818,TRANSACTION,BENIGN,BACKGROUND_BENIGN
TX-N-02819,TRANSACTION,BENIGN,BACKGROUND_BENIGN
TX-N-02820,TRANSACTION,BENIGN,BACKGROUND_BENIGN
TX-N-02821,TRANSACTION,BENIGN,BACKGROUND_BENIGN
TX-N-02822,TRANSACTION,BENIGN,BACKGROUND_BENIGN
TX-N-02823,TRANSACTION,BENIGN,BACKGROUND_BENIGN
TX-N-02824,TRANSACTION,BENIGN,BACKGROUND_BENIGN
TX-N-02825,TRANSACTION,BENIGN,BACKGROUND_BENIGN
TX-N-02826,TRANSACTION,BENIGN,BACKGROUND_BENIGN
TX-N-02827,TRANSACTION,BENIGN,BACKGROUND_BENIGN
TX-N-02828,TRANSACTION,BENIGN,BACKGROUND_BENIGN
TX-N-02829,TRANSACTION,BENIGN,BACKGROUND_BENIGN
TX-N-02830,TRANSACTION,BENIGN,BACKGROUND_BENIGN
TX-N-02831,TRANSACTION,BENIGN,BACKGROUND_BENIGN
TX-N-02832,TRANSACTION,BENIGN,BACKGROUND_BENIGN
TX-N-02833,TRANSACTION,BENIGN,BACKGROUND_BENIGN
TX-N-02834,TRANSACTION,BENIGN,BACKGROUND_BENIGN
TX-N-02835,TRANSACTION,BENIGN,BACKGROUND_BENIGN
TX-N-02836,TRANSACTION,BENIGN,BACKGROUND_BENIGN
TX-N-02837,TRANSACTION,BENIGN,BACKGROUND_BENIGN
TX-N-02838,TRANSACTION,BENIGN,BACKGROUND_BENIGN
TX-N-02839,TRANSACTION,BENIGN,BACKGROUND_BENIGN
TX-N-02840,TRANSACTION,BENIGN,BACKGROUND_BENIGN
TX-N-02841,TRANSACTION,BENIGN,BACKGROUND_BENIGN
TX-N-02842,TRANSACTION,BENIGN,BACKGROUND_BENIGN
TX-N-02843,TRANSACTION,BENIGN,BACKGROUND_BENIGN
TX-N-02844,TRANSACTION,BENIGN,BACKGROUND_BENIGN
TX-N-02845,TRANSACTION,BENIGN,BACKGROUND_BENIGN
TX-N-02846,TRANSACTION,BENIGN,BACKGROUND_BENIGN
TX-N-02847,TRANSACTION,BENIGN,BACKGROUND_BENIGN
TX-N-02848,TRANSACTION,BENIGN,BACKGROUND_BENIGN
TX-N-02849,TRANSACTION,BENIGN,BACKGROUND_BENIGN
TX-N-02850,TRANSACTION,BENIGN,BACKGROUND_BENIGN
TX-N-02851,TRANSACTION,BENIGN,BACKGROUND_BENIGN
TX-N-02852,TRANSACTION,BENIGN,BACKGROUND_BENIGN
TX-N-02853,TRANSACTION,BENIGN,BACKGROUND_BENIGN
TX-N-02854,TRANSACTION,BENIGN,BACKGROUND_BENIGN
TX-N-02855,TRANSACTION,BENIGN,BACKGROUND_BENIGN
TX-N-02856,TRANSACTION,BENIGN,BACKGROUND_BENIGN
TX-N-02857,TRANSACTION,BENIGN,BACKGROUND_BENIGN
TX-N-02858,TRANSACTION,BENIGN,BACKGROUND_BENIGN
TX-N-02859,TRANSACTION,BENIGN,BACKGROUND_BENIGN
TX-N-02860,TRANSACTION,BENIGN,BACKGROUND_BENIGN
TX-N-02861,TRANSACTION,BENIGN,BACKGROUND_BENIGN
TX-N-02862,TRANSACTION,BENIGN,BACKGROUND_BENIGN
TX-N-02863,TRANSACTION,BENIGN,BACKGROUND_BENIGN
TX-N-02864,TRANSACTION,BENIGN,BACKGROUND_BENIGN
TX-N-02865,TRANSACTION,BENIGN,BACKGROUND_BENIGN
TX-N-02866,TRANSACTION,BENIGN,BACKGROUND_BENIGN
TX-N-02867,TRANSACTION,BENIGN,BACKGROUND_BENIGN
TX-N-02868,TRANSACTION,BENIGN,BACKGROUND_BENIGN
TX-N-02869,TRANSACTION,BENIGN,BACKGROUND_BENIGN
TX-N-02870,TRANSACTION,BENIGN,BACKGROUND_BENIGN
TX-N-02871,TRANSACTION,BENIGN,BACKGROUND_BENIGN
TX-N-02872,TRANSACTION,BENIGN,BACKGROUND_BENIGN
TX-N-02873,TRANSACTION,BENIGN,BACKGROUND_BENIGN
TX-N-02874,TRANSACTION,BENIGN,BACKGROUND_BENIGN
TX-N-02875,TRANSACTION,BENIGN,BACKGROUND_BENIGN
TX-N-02876,TRANSACTION,BENIGN,BACKGROUND_BENIGN
TX-N-02877,TRANSACTION,BENIGN,BACKGROUND_BENIGN
TX-N-02878,TRANSACTION,BENIGN,BACKGROUND_BENIGN
TX-N-02879,TRANSACTION,BENIGN,BACKGROUND_BENIGN
TX-N-02880,TRANSACTION,BENIGN,BACKGROUND_BENIGN
TX-N-02881,TRANSACTION,BENIGN,BACKGROUND_BENIGN
TX-N-02882,TRANSACTION,BENIGN,BACKGROUND_BENIGN
TX-N-02883,TRANSACTION,BENIGN,BACKGROUND_BENIGN
TX-N-02884,TRANSACTION,BENIGN,BACKGROUND_BENIGN
TX-N-02885,TRANSACTION,BENIGN,BACKGROUND_BENIGN
TX-N-02886,TRANSACTION,BENIGN,BACKGROUND_BENIGN
TX-N-02887,TRANSACTION,BENIGN,BACKGROUND_BENIGN
TX-N-02888,TRANSACTION,BENIGN,BACKGROUND_BENIGN
TX-N-02889,TRANSACTION,BENIGN,BACKGROUND_BENIGN
TX-N-02890,TRANSACTION,BENIGN,BACKGROUND_BENIGN
TX-N-02891,TRANSACTION,BENIGN,BACKGROUND_BENIGN
TX-N-02892,TRANSACTION,BENIGN,BACKGROUND_BENIGN
TX-N-02893,TRANSACTION,BENIGN,BACKGROUND_BENIGN
TX-N-02894,TRANSACTION,BENIGN,BACKGROUND_BENIGN
TX-N-02895,TRANSACTION,BENIGN,BACKGROUND_BENIGN
TX-N-02896,TRANSACTION,BENIGN,BACKGROUND_BENIGN
TX-N-02897,TRANSACTION,BENIGN,BACKGROUND_BENIGN
TX-N-02898,TRANSACTION,BENIGN,BACKGROUND_BENIGN
TX-N-02899,TRANSACTION,BENIGN,BACKGROUND_BENIGN
TX-N-02900,TRANSACTION,BENIGN,BACKGROUND_BENIGN
TX-N-02901,TRANSACTION,BENIGN,BACKGROUND_BENIGN
TX-N-02902,TRANSACTION,BENIGN,BACKGROUND_BENIGN
TX-N-02903,TRANSACTION,BENIGN,BACKGROUND_BENIGN
TX-N-02904,TRANSACTION,BENIGN,BACKGROUND_BENIGN
TX-N-02905,TRANSACTION,BENIGN,BACKGROUND_BENIGN
TX-N-02906,TRANSACTION,BENIGN,BACKGROUND_BENIGN
TX-N-02907,TRANSACTION,BENIGN,BACKGROUND_BENIGN
TX-N-02908,TRANSACTION,BENIGN,BACKGROUND_BENIGN
TX-N-02909,TRANSACTION,BENIGN,BACKGROUND_BENIGN
TX-N-02910,TRANSACTION,BENIGN,BACKGROUND_BENIGN
TX-N-02911,TRANSACTION,BENIGN,BACKGROUND_BENIGN
TX-N-02912,TRANSACTION,BENIGN,BACKGROUND_BENIGN
TX-N-02913,TRANSACTION,BENIGN,BACKGROUND_BENIGN
TX-N-02914,TRANSACTION,BENIGN,BACKGROUND_BENIGN
TX-N-02915,TRANSACTION,BENIGN,BACKGROUND_BENIGN
TX-N-02916,TRANSACTION,BENIGN,BACKGROUND_BENIGN
TX-N-02917,TRANSACTION,BENIGN,BACKGROUND_BENIGN
TX-N-02918,TRANSACTION,BENIGN,BACKGROUND_BENIGN
TX-N-02919,TRANSACTION,BENIGN,BACKGROUND_BENIGN
TX-N-02920,TRANSACTION,BENIGN,BACKGROUND_BENIGN
TX-N-02921,TRANSACTION,BENIGN,BACKGROUND_BENIGN
TX-N-02922,TRANSACTION,BENIGN,BACKGROUND_BENIGN
TX-N-02923,TRANSACTION,BENIGN,BACKGROUND_BENIGN
TX-N-02924,TRANSACTION,BENIGN,BACKGROUND_BENIGN
TX-N-02925,TRANSACTION,BENIGN,BACKGROUND_BENIGN
TX-N-02926,TRANSACTION,BENIGN,BACKGROUND_BENIGN
TX-N-02927,TRANSACTION,BENIGN,BACKGROUND_BENIGN
TX-N-02928,TRANSACTION,BENIGN,BACKGROUND_BENIGN
TX-N-02929,TRANSACTION,BENIGN,BACKGROUND_BENIGN
TX-N-02930,TRANSACTION,BENIGN,BACKGROUND_BENIGN
TX-N-02931,TRANSACTION,BENIGN,BACKGROUND_BENIGN
TX-N-02932,TRANSACTION,BENIGN,BACKGROUND_BENIGN
TX-N-02933,TRANSACTION,BENIGN,BACKGROUND_BENIGN
TX-N-02934,TRANSACTION,BENIGN,BACKGROUND_BENIGN
TX-N-02935,TRANSACTION,BENIGN,BACKGROUND_BENIGN
TX-N-02936,TRANSACTION,BENIGN,BACKGROUND_BENIGN
TX-N-02937,TRANSACTION,BENIGN,BACKGROUND_BENIGN
TX-N-02938,TRANSACTION,BENIGN,BACKGROUND_BENIGN
TX-N-02939,TRANSACTION,BENIGN,BACKGROUND_BENIGN
TX-N-02940,TRANSACTION,BENIGN,BACKGROUND_BENIGN
TX-N-02941,TRANSACTION,BENIGN,BACKGROUND_BENIGN
TX-N-02942,TRANSACTION,BENIGN,BACKGROUND_BENIGN
TX-N-02943,TRANSACTION,BENIGN,BACKGROUND_BENIGN
TX-N-02944,TRANSACTION,BENIGN,BACKGROUND_BENIGN
TX-N-02945,TRANSACTION,BENIGN,BACKGROUND_BENIGN
TX-N-02946,TRANSACTION,BENIGN,BACKGROUND_BENIGN
TX-N-02947,TRANSACTION,BENIGN,BACKGROUND_BENIGN
TX-N-02948,TRANSACTION,BENIGN,BACKGROUND_BENIGN
TX-N-02949,TRANSACTION,BENIGN,BACKGROUND_BENIGN
TX-N-02950,TRANSACTION,BENIGN,BACKGROUND_BENIGN
TX-N-02951,TRANSACTION,BENIGN,BACKGROUND_BENIGN
TX-N-02952,TRANSACTION,BENIGN,BACKGROUND_BENIGN
TX-N-02953,TRANSACTION,BENIGN,BACKGROUND_BENIGN
TX-N-02954,TRANSACTION,BENIGN,BACKGROUND_BENIGN
TX-N-02955,TRANSACTION,BENIGN,BACKGROUND_BENIGN
TX-N-02956,TRANSACTION,BENIGN,BACKGROUND_BENIGN
TX-N-02957,TRANSACTION,BENIGN,BACKGROUND_BENIGN
TX-N-02958,TRANSACTION,BENIGN,BACKGROUND_BENIGN
TX-N-02959,TRANSACTION,BENIGN,BACKGROUND_BENIGN
TX-N-02960,TRANSACTION,BENIGN,BACKGROUND_BENIGN
TX-N-02961,TRANSACTION,BENIGN,BACKGROUND_BENIGN
TX-N-02962,TRANSACTION,BENIGN,BACKGROUND_BENIGN
TX-N-02963,TRANSACTION,BENIGN,BACKGROUND_BENIGN
TX-N-02964,TRANSACTION,BENIGN,BACKGROUND_BENIGN
TX-N-02965,TRANSACTION,BENIGN,BACKGROUND_BENIGN
TX-N-02966,TRANSACTION,BENIGN,BACKGROUND_BENIGN
TX-N-02967,TRANSACTION,BENIGN,BACKGROUND_BENIGN
TX-N-02968,TRANSACTION,BENIGN,BACKGROUND_BENIGN
TX-N-02969,TRANSACTION,BENIGN,BACKGROUND_BENIGN
TX-N-02970,TRANSACTION,BENIGN,BACKGROUND_BENIGN
TX-N-02971,TRANSACTION,BENIGN,BACKGROUND_BENIGN
TX-N-02972,TRANSACTION,BENIGN,BACKGROUND_BENIGN
TX-N-02973,TRANSACTION,BENIGN,BACKGROUND_BENIGN
TX-N-02974,TRANSACTION,BENIGN,BACKGROUND_BENIGN
TX-N-02975,TRANSACTION,BENIGN,BACKGROUND_BENIGN
TX-N-02976,TRANSACTION,BENIGN,BACKGROUND_BENIGN
TX-N-02977,TRANSACTION,BENIGN,BACKGROUND_BENIGN
TX-N-02978,TRANSACTION,BENIGN,BACKGROUND_BENIGN
TX-N-02979,TRANSACTION,BENIGN,BACKGROUND_BENIGN
TX-N-02980,TRANSACTION,BENIGN,BACKGROUND_BENIGN
TX-N-02981,TRANSACTION,BENIGN,BACKGROUND_BENIGN
TX-N-02982,TRANSACTION,BENIGN,BACKGROUND_BENIGN
TX-N-02983,TRANSACTION,BENIGN,BACKGROUND_BENIGN
TX-N-02984,TRANSACTION,BENIGN,BACKGROUND_BENIGN
TX-N-02985,TRANSACTION,BENIGN,BACKGROUND_BENIGN
TX-N-02986,TRANSACTION,BENIGN,BACKGROUND_BENIGN
TX-N-02987,TRANSACTION,BENIGN,BACKGROUND_BENIGN
TX-N-02988,TRANSACTION,BENIGN,BACKGROUND_BENIGN
TX-N-02989,TRANSACTION,BENIGN,BACKGROUND_BENIGN
TX-N-02990,TRANSACTION,BENIGN,BACKGROUND_BENIGN
TX-N-02991,TRANSACTION,BENIGN,BACKGROUND_BENIGN
TX-N-02992,TRANSACTION,BENIGN,BACKGROUND_BENIGN
TX-N-02993,TRANSACTION,BENIGN,BACKGROUND_BENIGN
TX-N-02994,TRANSACTION,BENIGN,BACKGROUND_BENIGN
TX-N-02995,TRANSACTION,BENIGN,BACKGROUND_BENIGN
TX-N-02996,TRANSACTION,BENIGN,BACKGROUND_BENIGN
TX-N-02997,TRANSACTION,BENIGN,BACKGROUND_BENIGN
TX-N-02998,TRANSACTION,BENIGN,BACKGROUND_BENIGN
TX-N-02999,TRANSACTION,BENIGN,BACKGROUND_BENIGN
TX-N-03000,TRANSACTION,BENIGN,BACKGROUND_BENIGN
TX-N-03001,TRANSACTION,BENIGN,BACKGROUND_BENIGN
TX-N-03002,TRANSACTION,BENIGN,BACKGROUND_BENIGN
TX-N-03003,TRANSACTION,BENIGN,BACKGROUND_BENIGN
TX-N-03004,TRANSACTION,BENIGN,BACKGROUND_BENIGN
TX-N-03005,TRANSACTION,BENIGN,BACKGROUND_BENIGN
TX-N-03006,TRANSACTION,BENIGN,BACKGROUND_BENIGN
TX-N-03007,TRANSACTION,BENIGN,BACKGROUND_BENIGN
TX-N-03008,TRANSACTION,BENIGN,BACKGROUND_BENIGN
TX-N-03009,TRANSACTION,BENIGN,BACKGROUND_BENIGN
TX-N-03010,TRANSACTION,BENIGN,BACKGROUND_BENIGN
TX-N-03011,TRANSACTION,BENIGN,BACKGROUND_BENIGN
TX-N-03012,TRANSACTION,BENIGN,BACKGROUND_BENIGN
TX-N-03013,TRANSACTION,BENIGN,BACKGROUND_BENIGN
TX-N-03014,TRANSACTION,BENIGN,BACKGROUND_BENIGN
TX-N-03015,TRANSACTION,BENIGN,BACKGROUND_BENIGN
TX-N-03016,TRANSACTION,BENIGN,BACKGROUND_BENIGN
TX-N-03017,TRANSACTION,BENIGN,BACKGROUND_BENIGN
TX-N-03018,TRANSACTION,BENIGN,BACKGROUND_BENIGN
TX-N-03019,TRANSACTION,BENIGN,BACKGROUND_BENIGN
TX-N-03020,TRANSACTION,BENIGN,BACKGROUND_BENIGN
TX-N-03021,TRANSACTION,BENIGN,BACKGROUND_BENIGN
TX-N-03022,TRANSACTION,BENIGN,BACKGROUND_BENIGN
TX-N-03023,TRANSACTION,BENIGN,BACKGROUND_BENIGN
TX-N-03024,TRANSACTION,BENIGN,BACKGROUND_BENIGN
TX-N-03025,TRANSACTION,BENIGN,BACKGROUND_BENIGN
TX-N-03026,TRANSACTION,BENIGN,BACKGROUND_BENIGN
TX-N-03027,TRANSACTION,BENIGN,BACKGROUND_BENIGN
TX-N-03028,TRANSACTION,BENIGN,BACKGROUND_BENIGN
TX-N-03029,TRANSACTION,BENIGN,BACKGROUND_BENIGN
TX-N-03030,TRANSACTION,BENIGN,BACKGROUND_BENIGN
TX-N-03031,TRANSACTION,BENIGN,BACKGROUND_BENIGN
TX-N-03032,TRANSACTION,BENIGN,BACKGROUND_BENIGN
TX-N-03033,TRANSACTION,BENIGN,BACKGROUND_BENIGN
TX-N-03034,TRANSACTION,BENIGN,BACKGROUND_BENIGN
TX-N-03035,TRANSACTION,BENIGN,BACKGROUND_BENIGN
TX-N-03036,TRANSACTION,BENIGN,BACKGROUND_BENIGN
TX-N-03037,TRANSACTION,BENIGN,BACKGROUND_BENIGN
TX-N-03038,TRANSACTION,BENIGN,BACKGROUND_BENIGN
TX-N-03039,TRANSACTION,BENIGN,BACKGROUND_BENIGN
TX-N-03040,TRANSACTION,BENIGN,BACKGROUND_BENIGN
TX-N-03041,TRANSACTION,BENIGN,BACKGROUND_BENIGN
TX-N-03042,TRANSACTION,BENIGN,BACKGROUND_BENIGN
TX-N-03043,TRANSACTION,BENIGN,BACKGROUND_BENIGN
TX-N-03044,TRANSACTION,BENIGN,BACKGROUND_BENIGN
TX-N-03045,TRANSACTION,BENIGN,BACKGROUND_BENIGN
TX-N-03046,TRANSACTION,BENIGN,BACKGROUND_BENIGN
TX-N-03047,TRANSACTION,BENIGN,BACKGROUND_BENIGN
TX-N-03048,TRANSACTION,BENIGN,BACKGROUND_BENIGN
TX-N-03049,TRANSACTION,BENIGN,BACKGROUND_BENIGN
TX-N-03050,TRANSACTION,BENIGN,BACKGROUND_BENIGN
TX-N-03051,TRANSACTION,BENIGN,BACKGROUND_BENIGN
TX-N-03052,TRANSACTION,BENIGN,BACKGROUND_BENIGN
TX-N-03053,TRANSACTION,BENIGN,BACKGROUND_BENIGN
TX-N-03054,TRANSACTION,BENIGN,BACKGROUND_BENIGN
TX-N-03055,TRANSACTION,BENIGN,BACKGROUND_BENIGN
TX-N-03056,TRANSACTION,BENIGN,BACKGROUND_BENIGN
TX-N-03057,TRANSACTION,BENIGN,BACKGROUND_BENIGN
TX-N-03058,TRANSACTION,BENIGN,BACKGROUND_BENIGN
TX-N-03059,TRANSACTION,BENIGN,BACKGROUND_BENIGN
TX-N-03060,TRANSACTION,BENIGN,BACKGROUND_BENIGN
TX-N-03061,TRANSACTION,BENIGN,BACKGROUND_BENIGN
TX-N-03062,TRANSACTION,BENIGN,BACKGROUND_BENIGN
TX-N-03063,TRANSACTION,BENIGN,BACKGROUND_BENIGN
TX-N-03064,TRANSACTION,BENIGN,BACKGROUND_BENIGN
TX-N-03065,TRANSACTION,BENIGN,BACKGROUND_BENIGN
TX-N-03066,TRANSACTION,BENIGN,BACKGROUND_BENIGN
TX-N-03067,TRANSACTION,BENIGN,BACKGROUND_BENIGN
TX-N-03068,TRANSACTION,BENIGN,BACKGROUND_BENIGN
TX-N-03069,TRANSACTION,BENIGN,BACKGROUND_BENIGN
TX-N-03070,TRANSACTION,BENIGN,BACKGROUND_BENIGN
TX-N-03071,TRANSACTION,BENIGN,BACKGROUND_BENIGN
TX-N-03072,TRANSACTION,BENIGN,BACKGROUND_BENIGN
TX-N-03073,TRANSACTION,BENIGN,BACKGROUND_BENIGN
TX-N-03074,TRANSACTION,BENIGN,BACKGROUND_BENIGN
TX-N-03075,TRANSACTION,BENIGN,BACKGROUND_BENIGN
TX-N-03076,TRANSACTION,BENIGN,BACKGROUND_BENIGN
TX-N-03077,TRANSACTION,BENIGN,BACKGROUND_BENIGN
TX-N-03078,TRANSACTION,BENIGN,BACKGROUND_BENIGN
TX-N-03079,TRANSACTION,BENIGN,BACKGROUND_BENIGN
TX-N-03080,TRANSACTION,BENIGN,BACKGROUND_BENIGN
TX-N-03081,TRANSACTION,BENIGN,BACKGROUND_BENIGN
TX-N-03082,TRANSACTION,BENIGN,BACKGROUND_BENIGN
TX-N-03083,TRANSACTION,BENIGN,BACKGROUND_BENIGN
TX-N-03084,TRANSACTION,BENIGN,BACKGROUND_BENIGN
TX-N-03085,TRANSACTION,BENIGN,BACKGROUND_BENIGN
TX-N-03086,TRANSACTION,BENIGN,BACKGROUND_BENIGN
TX-N-03087,TRANSACTION,BENIGN,BACKGROUND_BENIGN
TX-N-03088,TRANSACTION,BENIGN,BACKGROUND_BENIGN
TX-N-03089,TRANSACTION,BENIGN,BACKGROUND_BENIGN
TX-N-03090,TRANSACTION,BENIGN,BACKGROUND_BENIGN
TX-N-03091,TRANSACTION,BENIGN,BACKGROUND_BENIGN
TX-N-03092,TRANSACTION,BENIGN,BACKGROUND_BENIGN
TX-N-03093,TRANSACTION,BENIGN,BACKGROUND_BENIGN
TX-N-03094,TRANSACTION,BENIGN,BACKGROUND_BENIGN
TX-N-03095,TRANSACTION,BENIGN,BACKGROUND_BENIGN
TX-N-03096,TRANSACTION,BENIGN,BACKGROUND_BENIGN
TX-N-03097,TRANSACTION,BENIGN,BACKGROUND_BENIGN
TX-N-03098,TRANSACTION,BENIGN,BACKGROUND_BENIGN
TX-N-03099,TRANSACTION,BENIGN,BACKGROUND_BENIGN
TX-N-03100,TRANSACTION,BENIGN,BACKGROUND_BENIGN
TX-N-03101,TRANSACTION,BENIGN,BACKGROUND_BENIGN
TX-N-03102,TRANSACTION,BENIGN,BACKGROUND_BENIGN
TX-N-03103,TRANSACTION,BENIGN,BACKGROUND_BENIGN
TX-N-03104,TRANSACTION,BENIGN,BACKGROUND_BENIGN
TX-N-03105,TRANSACTION,BENIGN,BACKGROUND_BENIGN
TX-N-03106,TRANSACTION,BENIGN,BACKGROUND_BENIGN
TX-N-03107,TRANSACTION,BENIGN,BACKGROUND_BENIGN
TX-N-03108,TRANSACTION,BENIGN,BACKGROUND_BENIGN
TX-N-03109,TRANSACTION,BENIGN,BACKGROUND_BENIGN
TX-N-03110,TRANSACTION,BENIGN,BACKGROUND_BENIGN
TX-N-03111,TRANSACTION,BENIGN,BACKGROUND_BENIGN
TX-N-03112,TRANSACTION,BENIGN,BACKGROUND_BENIGN
TX-N-03113,TRANSACTION,BENIGN,BACKGROUND_BENIGN
TX-N-03114,TRANSACTION,BENIGN,BACKGROUND_BENIGN
TX-N-03115,TRANSACTION,BENIGN,BACKGROUND_BENIGN
TX-N-03116,TRANSACTION,BENIGN,BACKGROUND_BENIGN
TX-N-03117,TRANSACTION,BENIGN,BACKGROUND_BENIGN
TX-N-03118,TRANSACTION,BENIGN,BACKGROUND_BENIGN
TX-N-03119,TRANSACTION,BENIGN,BACKGROUND_BENIGN
TX-N-03120,TRANSACTION,BENIGN,BACKGROUND_BENIGN
TX-N-03121,TRANSACTION,BENIGN,BACKGROUND_BENIGN
TX-N-03122,TRANSACTION,BENIGN,BACKGROUND_BENIGN
TX-N-03123,TRANSACTION,BENIGN,BACKGROUND_BENIGN
TX-N-03124,TRANSACTION,BENIGN,BACKGROUND_BENIGN
TX-N-03125,TRANSACTION,BENIGN,BACKGROUND_BENIGN
TX-N-03126,TRANSACTION,BENIGN,BACKGROUND_BENIGN
TX-N-03127,TRANSACTION,BENIGN,BACKGROUND_BENIGN
TX-N-03128,TRANSACTION,BENIGN,BACKGROUND_BENIGN
TX-N-03129,TRANSACTION,BENIGN,BACKGROUND_BENIGN
TX-N-03130,TRANSACTION,BENIGN,BACKGROUND_BENIGN
TX-N-03131,TRANSACTION,BENIGN,BACKGROUND_BENIGN
TX-N-03132,TRANSACTION,BENIGN,BACKGROUND_BENIGN
TX-N-03133,TRANSACTION,BENIGN,BACKGROUND_BENIGN
TX-N-03134,TRANSACTION,BENIGN,BACKGROUND_BENIGN
TX-N-03135,TRANSACTION,BENIGN,BACKGROUND_BENIGN
TX-N-03136,TRANSACTION,BENIGN,BACKGROUND_BENIGN
TX-N-03137,TRANSACTION,BENIGN,BACKGROUND_BENIGN
TX-N-03138,TRANSACTION,BENIGN,BACKGROUND_BENIGN
TX-N-03139,TRANSACTION,BENIGN,BACKGROUND_BENIGN
TX-N-03140,TRANSACTION,BENIGN,BACKGROUND_BENIGN
TX-N-03141,TRANSACTION,BENIGN,BACKGROUND_BENIGN
TX-N-03142,TRANSACTION,BENIGN,BACKGROUND_BENIGN
TX-N-03143,TRANSACTION,BENIGN,BACKGROUND_BENIGN
TX-N-03144,TRANSACTION,BENIGN,BACKGROUND_BENIGN
TX-N-03145,TRANSACTION,BENIGN,BACKGROUND_BENIGN
TX-N-03146,TRANSACTION,BENIGN,BACKGROUND_BENIGN
TX-N-03147,TRANSACTION,BENIGN,BACKGROUND_BENIGN
TX-N-03148,TRANSACTION,BENIGN,BACKGROUND_BENIGN
TX-N-03149,TRANSACTION,BENIGN,BACKGROUND_BENIGN
TX-N-03150,TRANSACTION,BENIGN,BACKGROUND_BENIGN
TX-N-03151,TRANSACTION,BENIGN,BACKGROUND_BENIGN
TX-N-03152,TRANSACTION,BENIGN,BACKGROUND_BENIGN
TX-N-03153,TRANSACTION,BENIGN,BACKGROUND_BENIGN
TX-N-03154,TRANSACTION,BENIGN,BACKGROUND_BENIGN
TX-N-03155,TRANSACTION,BENIGN,BACKGROUND_BENIGN
TX-N-03156,TRANSACTION,BENIGN,BACKGROUND_BENIGN
TX-N-03157,TRANSACTION,BENIGN,BACKGROUND_BENIGN
TX-N-03158,TRANSACTION,BENIGN,BACKGROUND_BENIGN
TX-N-03159,TRANSACTION,BENIGN,BACKGROUND_BENIGN
TX-N-03160,TRANSACTION,BENIGN,BACKGROUND_BENIGN
TX-N-03161,TRANSACTION,BENIGN,BACKGROUND_BENIGN
TX-N-03162,TRANSACTION,BENIGN,BACKGROUND_BENIGN
TX-N-03163,TRANSACTION,BENIGN,BACKGROUND_BENIGN
TX-N-03164,TRANSACTION,BENIGN,BACKGROUND_BENIGN
TX-N-03165,TRANSACTION,BENIGN,BACKGROUND_BENIGN
TX-N-03166,TRANSACTION,BENIGN,BACKGROUND_BENIGN
TX-N-03167,TRANSACTION,BENIGN,BACKGROUND_BENIGN
TX-N-03168,TRANSACTION,BENIGN,BACKGROUND_BENIGN
TX-N-03169,TRANSACTION,BENIGN,BACKGROUND_BENIGN
TX-N-03170,TRANSACTION,BENIGN,BACKGROUND_BENIGN
TX-N-03171,TRANSACTION,BENIGN,BACKGROUND_BENIGN
TX-N-03172,TRANSACTION,BENIGN,BACKGROUND_BENIGN
TX-N-03173,TRANSACTION,BENIGN,BACKGROUND_BENIGN
TX-N-03174,TRANSACTION,BENIGN,BACKGROUND_BENIGN
TX-N-03175,TRANSACTION,BENIGN,BACKGROUND_BENIGN
TX-N-03176,TRANSACTION,BENIGN,BACKGROUND_BENIGN
TX-N-03177,TRANSACTION,BENIGN,BACKGROUND_BENIGN
TX-N-03178,TRANSACTION,BENIGN,BACKGROUND_BENIGN
TX-N-03179,TRANSACTION,BENIGN,BACKGROUND_BENIGN
TX-N-03180,TRANSACTION,BENIGN,BACKGROUND_BENIGN
TX-N-03181,TRANSACTION,BENIGN,BACKGROUND_BENIGN
TX-N-03182,TRANSACTION,BENIGN,BACKGROUND_BENIGN
TX-N-03183,TRANSACTION,BENIGN,BACKGROUND_BENIGN
TX-N-03184,TRANSACTION,BENIGN,BACKGROUND_BENIGN
TX-N-03185,TRANSACTION,BENIGN,BACKGROUND_BENIGN
TX-N-03186,TRANSACTION,BENIGN,BACKGROUND_BENIGN
TX-N-03187,TRANSACTION,BENIGN,BACKGROUND_BENIGN
TX-N-03188,TRANSACTION,BENIGN,BACKGROUND_BENIGN
TX-N-03189,TRANSACTION,BENIGN,BACKGROUND_BENIGN
TX-N-03190,TRANSACTION,BENIGN,BACKGROUND_BENIGN
TX-N-03191,TRANSACTION,BENIGN,BACKGROUND_BENIGN
TX-N-03192,TRANSACTION,BENIGN,BACKGROUND_BENIGN
TX-N-03193,TRANSACTION,BENIGN,BACKGROUND_BENIGN
TX-N-03194,TRANSACTION,BENIGN,BACKGROUND_BENIGN
TX-N-03195,TRANSACTION,BENIGN,BACKGROUND_BENIGN
TX-N-03196,TRANSACTION,BENIGN,BACKGROUND_BENIGN
TX-N-03197,TRANSACTION,BENIGN,BACKGROUND_BENIGN
TX-N-03198,TRANSACTION,BENIGN,BACKGROUND_BENIGN
TX-N-03199,TRANSACTION,BENIGN,BACKGROUND_BENIGN
TX-N-03200,TRANSACTION,BENIGN,BACKGROUND_BENIGN
TX-N-03201,TRANSACTION,BENIGN,BACKGROUND_BENIGN
TX-N-03202,TRANSACTION,BENIGN,BACKGROUND_BENIGN
TX-N-03203,TRANSACTION,BENIGN,BACKGROUND_BENIGN
TX-N-03204,TRANSACTION,BENIGN,BACKGROUND_BENIGN
TX-N-03205,TRANSACTION,BENIGN,BACKGROUND_BENIGN
TX-N-03206,TRANSACTION,BENIGN,BACKGROUND_BENIGN
TX-N-03207,TRANSACTION,BENIGN,BACKGROUND_BENIGN
TX-N-03208,TRANSACTION,BENIGN,BACKGROUND_BENIGN
TX-N-03209,TRANSACTION,BENIGN,BACKGROUND_BENIGN
TX-N-03210,TRANSACTION,BENIGN,BACKGROUND_BENIGN
TX-N-03211,TRANSACTION,BENIGN,BACKGROUND_BENIGN
TX-N-03212,TRANSACTION,BENIGN,BACKGROUND_BENIGN
TX-N-03213,TRANSACTION,BENIGN,BACKGROUND_BENIGN
TX-N-03214,TRANSACTION,BENIGN,BACKGROUND_BENIGN
TX-N-03215,TRANSACTION,BENIGN,BACKGROUND_BENIGN
TX-N-03216,TRANSACTION,BENIGN,BACKGROUND_BENIGN
TX-N-03217,TRANSACTION,BENIGN,BACKGROUND_BENIGN
TX-N-03218,TRANSACTION,BENIGN,BACKGROUND_BENIGN
TX-N-03219,TRANSACTION,BENIGN,BACKGROUND_BENIGN
TX-N-03220,TRANSACTION,BENIGN,BACKGROUND_BENIGN
TX-N-03221,TRANSACTION,BENIGN,BACKGROUND_BENIGN
TX-N-03222,TRANSACTION,BENIGN,BACKGROUND_BENIGN
TX-N-03223,TRANSACTION,BENIGN,BACKGROUND_BENIGN
TX-N-03224,TRANSACTION,BENIGN,BACKGROUND_BENIGN
TX-N-03225,TRANSACTION,BENIGN,BACKGROUND_BENIGN
TX-N-03226,TRANSACTION,BENIGN,BACKGROUND_BENIGN
TX-N-03227,TRANSACTION,BENIGN,BACKGROUND_BENIGN
TX-N-03228,TRANSACTION,BENIGN,BACKGROUND_BENIGN
TX-N-03229,TRANSACTION,BENIGN,BACKGROUND_BENIGN
TX-N-03230,TRANSACTION,BENIGN,BACKGROUND_BENIGN
TX-N-03231,TRANSACTION,BENIGN,BACKGROUND_BENIGN
TX-N-03232,TRANSACTION,BENIGN,BACKGROUND_BENIGN
TX-N-03233,TRANSACTION,BENIGN,BACKGROUND_BENIGN
TX-N-03234,TRANSACTION,BENIGN,BACKGROUND_BENIGN
TX-N-03235,TRANSACTION,BENIGN,BACKGROUND_BENIGN
TX-N-03236,TRANSACTION,BENIGN,BACKGROUND_BENIGN
TX-N-03237,TRANSACTION,BENIGN,BACKGROUND_BENIGN
TX-N-03238,TRANSACTION,BENIGN,BACKGROUND_BENIGN
TX-N-03239,TRANSACTION,BENIGN,BACKGROUND_BENIGN
TX-N-03240,TRANSACTION,BENIGN,BACKGROUND_BENIGN
TX-N-03241,TRANSACTION,BENIGN,BACKGROUND_BENIGN
TX-N-03242,TRANSACTION,BENIGN,BACKGROUND_BENIGN
TX-N-03243,TRANSACTION,BENIGN,BACKGROUND_BENIGN
TX-N-03244,TRANSACTION,BENIGN,BACKGROUND_BENIGN
TX-N-03245,TRANSACTION,BENIGN,BACKGROUND_BENIGN
TX-N-03246,TRANSACTION,BENIGN,BACKGROUND_BENIGN
TX-N-03247,TRANSACTION,BENIGN,BACKGROUND_BENIGN
TX-N-03248,TRANSACTION,BENIGN,BACKGROUND_BENIGN
TX-N-03249,TRANSACTION,BENIGN,BACKGROUND_BENIGN
TX-N-03250,TRANSACTION,BENIGN,BACKGROUND_BENIGN
TX-N-03251,TRANSACTION,BENIGN,BACKGROUND_BENIGN
TX-N-03252,TRANSACTION,BENIGN,BACKGROUND_BENIGN
TX-N-03253,TRANSACTION,BENIGN,BACKGROUND_BENIGN
TX-N-03254,TRANSACTION,BENIGN,BACKGROUND_BENIGN
TX-N-03255,TRANSACTION,BENIGN,BACKGROUND_BENIGN
TX-N-03256,TRANSACTION,BENIGN,BACKGROUND_BENIGN
TX-N-03257,TRANSACTION,BENIGN,BACKGROUND_BENIGN
TX-N-03258,TRANSACTION,BENIGN,BACKGROUND_BENIGN
TX-N-03259,TRANSACTION,BENIGN,BACKGROUND_BENIGN
TX-N-03260,TRANSACTION,BENIGN,BACKGROUND_BENIGN
TX-N-03261,TRANSACTION,BENIGN,BACKGROUND_BENIGN
TX-N-03262,TRANSACTION,BENIGN,BACKGROUND_BENIGN
TX-N-03263,TRANSACTION,BENIGN,BACKGROUND_BENIGN
TX-N-03264,TRANSACTION,BENIGN,BACKGROUND_BENIGN
TX-N-03265,TRANSACTION,BENIGN,BACKGROUND_BENIGN
TX-N-03266,TRANSACTION,BENIGN,BACKGROUND_BENIGN
TX-N-03267,TRANSACTION,BENIGN,BACKGROUND_BENIGN
TX-N-03268,TRANSACTION,BENIGN,BACKGROUND_BENIGN
TX-N-03269,TRANSACTION,BENIGN,BACKGROUND_BENIGN
TX-N-03270,TRANSACTION,BENIGN,BACKGROUND_BENIGN
TX-N-03271,TRANSACTION,BENIGN,BACKGROUND_BENIGN
TX-N-03272,TRANSACTION,BENIGN,BACKGROUND_BENIGN
TX-N-03273,TRANSACTION,BENIGN,BACKGROUND_BENIGN
TX-N-03274,TRANSACTION,BENIGN,BACKGROUND_BENIGN
TX-N-03275,TRANSACTION,BENIGN,BACKGROUND_BENIGN
TX-N-03276,TRANSACTION,BENIGN,BACKGROUND_BENIGN
TX-N-03277,TRANSACTION,BENIGN,BACKGROUND_BENIGN
TX-N-03278,TRANSACTION,BENIGN,BACKGROUND_BENIGN
TX-N-03279,TRANSACTION,BENIGN,BACKGROUND_BENIGN
TX-N-03280,TRANSACTION,BENIGN,BACKGROUND_BENIGN
TX-N-03281,TRANSACTION,BENIGN,BACKGROUND_BENIGN
TX-N-03282,TRANSACTION,BENIGN,BACKGROUND_BENIGN
TX-N-03283,TRANSACTION,BENIGN,BACKGROUND_BENIGN
TX-N-03284,TRANSACTION,BENIGN,BACKGROUND_BENIGN
TX-N-03285,TRANSACTION,BENIGN,BACKGROUND_BENIGN
TX-N-03286,TRANSACTION,BENIGN,BACKGROUND_BENIGN
TX-N-03287,TRANSACTION,BENIGN,BACKGROUND_BENIGN
TX-N-03288,TRANSACTION,BENIGN,BACKGROUND_BENIGN
TX-N-03289,TRANSACTION,BENIGN,BACKGROUND_BENIGN
TX-N-03290,TRANSACTION,BENIGN,BACKGROUND_BENIGN
TX-N-03291,TRANSACTION,BENIGN,BACKGROUND_BENIGN
TX-N-03292,TRANSACTION,BENIGN,BACKGROUND_BENIGN
TX-N-03293,TRANSACTION,BENIGN,BACKGROUND_BENIGN
TX-N-03294,TRANSACTION,BENIGN,BACKGROUND_BENIGN
TX-N-03295,TRANSACTION,BENIGN,BACKGROUND_BENIGN
TX-N-03296,TRANSACTION,BENIGN,BACKGROUND_BENIGN
TX-N-03297,TRANSACTION,BENIGN,BACKGROUND_BENIGN
TX-N-03298,TRANSACTION,BENIGN,BACKGROUND_BENIGN
TX-N-03299,TRANSACTION,BENIGN,BACKGROUND_BENIGN
TX-N-03300,TRANSACTION,BENIGN,BACKGROUND_BENIGN
TX-N-03301,TRANSACTION,BENIGN,BACKGROUND_BENIGN
TX-N-03302,TRANSACTION,BENIGN,BACKGROUND_BENIGN
TX-N-03303,TRANSACTION,BENIGN,BACKGROUND_BENIGN
TX-N-03304,TRANSACTION,BENIGN,BACKGROUND_BENIGN
TX-N-03305,TRANSACTION,BENIGN,BACKGROUND_BENIGN
TX-N-03306,TRANSACTION,BENIGN,BACKGROUND_BENIGN
TX-N-03307,TRANSACTION,BENIGN,BACKGROUND_BENIGN
TX-N-03308,TRANSACTION,BENIGN,BACKGROUND_BENIGN
TX-N-03309,TRANSACTION,BENIGN,BACKGROUND_BENIGN
TX-N-03310,TRANSACTION,BENIGN,BACKGROUND_BENIGN
TX-N-03311,TRANSACTION,BENIGN,BACKGROUND_BENIGN
TX-N-03312,TRANSACTION,BENIGN,BACKGROUND_BENIGN
TX-N-03313,TRANSACTION,BENIGN,BACKGROUND_BENIGN
TX-N-03314,TRANSACTION,BENIGN,BACKGROUND_BENIGN
TX-N-03315,TRANSACTION,BENIGN,BACKGROUND_BENIGN
TX-N-03316,TRANSACTION,BENIGN,BACKGROUND_BENIGN
TX-N-03317,TRANSACTION,BENIGN,BACKGROUND_BENIGN
TX-N-03318,TRANSACTION,BENIGN,BACKGROUND_BENIGN
TX-N-03319,TRANSACTION,BENIGN,BACKGROUND_BENIGN
TX-N-03320,TRANSACTION,BENIGN,BACKGROUND_BENIGN
TX-N-03321,TRANSACTION,BENIGN,BACKGROUND_BENIGN
TX-N-03322,TRANSACTION,BENIGN,BACKGROUND_BENIGN
TX-N-03323,TRANSACTION,BENIGN,BACKGROUND_BENIGN
TX-N-03324,TRANSACTION,BENIGN,BACKGROUND_BENIGN
TX-N-03325,TRANSACTION,BENIGN,BACKGROUND_BENIGN
TX-N-03326,TRANSACTION,BENIGN,BACKGROUND_BENIGN
TX-N-03327,TRANSACTION,BENIGN,BACKGROUND_BENIGN
TX-N-03328,TRANSACTION,BENIGN,BACKGROUND_BENIGN
TX-N-03329,TRANSACTION,BENIGN,BACKGROUND_BENIGN
TX-N-03330,TRANSACTION,BENIGN,BACKGROUND_BENIGN
TX-N-03331,TRANSACTION,BENIGN,BACKGROUND_BENIGN
TX-N-03332,TRANSACTION,BENIGN,BACKGROUND_BENIGN
TX-N-03333,TRANSACTION,BENIGN,BACKGROUND_BENIGN
TX-N-03334,TRANSACTION,BENIGN,BACKGROUND_BENIGN
TX-N-03335,TRANSACTION,BENIGN,BACKGROUND_BENIGN
TX-N-03336,TRANSACTION,BENIGN,BACKGROUND_BENIGN
TX-N-03337,TRANSACTION,BENIGN,BACKGROUND_BENIGN
TX-N-03338,TRANSACTION,BENIGN,BACKGROUND_BENIGN
TX-N-03339,TRANSACTION,BENIGN,BACKGROUND_BENIGN
TX-N-03340,TRANSACTION,BENIGN,BACKGROUND_BENIGN
TX-N-03341,TRANSACTION,BENIGN,BACKGROUND_BENIGN
TX-N-03342,TRANSACTION,BENIGN,BACKGROUND_BENIGN
TX-N-03343,TRANSACTION,BENIGN,BACKGROUND_BENIGN
TX-N-03344,TRANSACTION,BENIGN,BACKGROUND_BENIGN
TX-N-03345,TRANSACTION,BENIGN,BACKGROUND_BENIGN
TX-N-03346,TRANSACTION,BENIGN,BACKGROUND_BENIGN
TX-N-03347,TRANSACTION,BENIGN,BACKGROUND_BENIGN
TX-N-03348,TRANSACTION,BENIGN,BACKGROUND_BENIGN
TX-N-03349,TRANSACTION,BENIGN,BACKGROUND_BENIGN
TX-N-03350,TRANSACTION,BENIGN,BACKGROUND_BENIGN
TX-N-03351,TRANSACTION,BENIGN,BACKGROUND_BENIGN
TX-N-03352,TRANSACTION,BENIGN,BACKGROUND_BENIGN
TX-N-03353,TRANSACTION,BENIGN,BACKGROUND_BENIGN
TX-N-03354,TRANSACTION,BENIGN,BACKGROUND_BENIGN
TX-N-03355,TRANSACTION,BENIGN,BACKGROUND_BENIGN
TX-N-03356,TRANSACTION,BENIGN,BACKGROUND_BENIGN
TX-N-03357,TRANSACTION,BENIGN,BACKGROUND_BENIGN
TX-N-03358,TRANSACTION,BENIGN,BACKGROUND_BENIGN
TX-N-03359,TRANSACTION,BENIGN,BACKGROUND_BENIGN
TX-N-03360,TRANSACTION,BENIGN,BACKGROUND_BENIGN
TX-N-03361,TRANSACTION,BENIGN,BACKGROUND_BENIGN
TX-N-03362,TRANSACTION,BENIGN,BACKGROUND_BENIGN
TX-N-03363,TRANSACTION,BENIGN,BACKGROUND_BENIGN
TX-N-03364,TRANSACTION,BENIGN,BACKGROUND_BENIGN
TX-N-03365,TRANSACTION,BENIGN,BACKGROUND_BENIGN
TX-N-03366,TRANSACTION,BENIGN,BACKGROUND_BENIGN
TX-N-03367,TRANSACTION,BENIGN,BACKGROUND_BENIGN
TX-N-03368,TRANSACTION,BENIGN,BACKGROUND_BENIGN
TX-N-03369,TRANSACTION,BENIGN,BACKGROUND_BENIGN
TX-N-03370,TRANSACTION,BENIGN,BACKGROUND_BENIGN
TX-N-03371,TRANSACTION,BENIGN,BACKGROUND_BENIGN
TX-N-03372,TRANSACTION,BENIGN,BACKGROUND_BENIGN
TX-N-03373,TRANSACTION,BENIGN,BACKGROUND_BENIGN
TX-N-03374,TRANSACTION,BENIGN,BACKGROUND_BENIGN
TX-N-03375,TRANSACTION,BENIGN,BACKGROUND_BENIGN
TX-N-03376,TRANSACTION,BENIGN,BACKGROUND_BENIGN
TX-N-03377,TRANSACTION,BENIGN,BACKGROUND_BENIGN
TX-N-03378,TRANSACTION,BENIGN,BACKGROUND_BENIGN
TX-N-03379,TRANSACTION,BENIGN,BACKGROUND_BENIGN
TX-N-03380,TRANSACTION,BENIGN,BACKGROUND_BENIGN
TX-N-03381,TRANSACTION,BENIGN,BACKGROUND_BENIGN
TX-N-03382,TRANSACTION,BENIGN,BACKGROUND_BENIGN
TX-N-03383,TRANSACTION,BENIGN,BACKGROUND_BENIGN
TX-N-03384,TRANSACTION,BENIGN,BACKGROUND_BENIGN
TX-N-03385,TRANSACTION,BENIGN,BACKGROUND_BENIGN
TX-N-03386,TRANSACTION,BENIGN,BACKGROUND_BENIGN
TX-N-03387,TRANSACTION,BENIGN,BACKGROUND_BENIGN
TX-N-03388,TRANSACTION,BENIGN,BACKGROUND_BENIGN
TX-N-03389,TRANSACTION,BENIGN,BACKGROUND_BENIGN
TX-N-03390,TRANSACTION,BENIGN,BACKGROUND_BENIGN
TX-N-03391,TRANSACTION,BENIGN,BACKGROUND_BENIGN
TX-N-03392,TRANSACTION,BENIGN,BACKGROUND_BENIGN
TX-N-03393,TRANSACTION,BENIGN,BACKGROUND_BENIGN
TX-N-03394,TRANSACTION,BENIGN,BACKGROUND_BENIGN
TX-N-03395,TRANSACTION,BENIGN,BACKGROUND_BENIGN
TX-N-03396,TRANSACTION,BENIGN,BACKGROUND_BENIGN
TX-N-03397,TRANSACTION,BENIGN,BACKGROUND_BENIGN
TX-N-03398,TRANSACTION,BENIGN,BACKGROUND_BENIGN
TX-N-03399,TRANSACTION,BENIGN,BACKGROUND_BENIGN
TX-N-03400,TRANSACTION,BENIGN,BACKGROUND_BENIGN
TX-N-03401,TRANSACTION,BENIGN,BACKGROUND_BENIGN
TX-N-03402,TRANSACTION,BENIGN,BACKGROUND_BENIGN
TX-N-03403,TRANSACTION,BENIGN,BACKGROUND_BENIGN
TX-N-03404,TRANSACTION,BENIGN,BACKGROUND_BENIGN
TX-N-03405,TRANSACTION,BENIGN,BACKGROUND_BENIGN
TX-N-03406,TRANSACTION,BENIGN,BACKGROUND_BENIGN
TX-N-03407,TRANSACTION,BENIGN,BACKGROUND_BENIGN
TX-N-03408,TRANSACTION,BENIGN,BACKGROUND_BENIGN
TX-N-03409,TRANSACTION,BENIGN,BACKGROUND_BENIGN
TX-N-03410,TRANSACTION,BENIGN,BACKGROUND_BENIGN
TX-N-03411,TRANSACTION,BENIGN,BACKGROUND_BENIGN
TX-N-03412,TRANSACTION,BENIGN,BACKGROUND_BENIGN
TX-N-03413,TRANSACTION,BENIGN,BACKGROUND_BENIGN
TX-N-03414,TRANSACTION,BENIGN,BACKGROUND_BENIGN
TX-N-03415,TRANSACTION,BENIGN,BACKGROUND_BENIGN
TX-N-03416,TRANSACTION,BENIGN,BACKGROUND_BENIGN
TX-N-03417,TRANSACTION,BENIGN,BACKGROUND_BENIGN
TX-N-03418,TRANSACTION,BENIGN,BACKGROUND_BENIGN
TX-N-03419,TRANSACTION,BENIGN,BACKGROUND_BENIGN
TX-N-03420,TRANSACTION,BENIGN,BACKGROUND_BENIGN
TX-N-03421,TRANSACTION,BENIGN,BACKGROUND_BENIGN
TX-N-03422,TRANSACTION,BENIGN,BACKGROUND_BENIGN
TX-N-03423,TRANSACTION,BENIGN,BACKGROUND_BENIGN
TX-N-03424,TRANSACTION,BENIGN,BACKGROUND_BENIGN
TX-N-03425,TRANSACTION,BENIGN,BACKGROUND_BENIGN
TX-N-03426,TRANSACTION,BENIGN,BACKGROUND_BENIGN
TX-N-03427,TRANSACTION,BENIGN,BACKGROUND_BENIGN
TX-N-03428,TRANSACTION,BENIGN,BACKGROUND_BENIGN
TX-N-03429,TRANSACTION,BENIGN,BACKGROUND_BENIGN
TX-N-03430,TRANSACTION,BENIGN,BACKGROUND_BENIGN
TX-N-03431,TRANSACTION,BENIGN,BACKGROUND_BENIGN
TX-N-03432,TRANSACTION,BENIGN,BACKGROUND_BENIGN
TX-N-03433,TRANSACTION,BENIGN,BACKGROUND_BENIGN
TX-N-03434,TRANSACTION,BENIGN,BACKGROUND_BENIGN
TX-N-03435,TRANSACTION,BENIGN,BACKGROUND_BENIGN
TX-N-03436,TRANSACTION,BENIGN,BACKGROUND_BENIGN
TX-N-03437,TRANSACTION,BENIGN,BACKGROUND_BENIGN
TX-N-03438,TRANSACTION,BENIGN,BACKGROUND_BENIGN
TX-N-03439,TRANSACTION,BENIGN,BACKGROUND_BENIGN
TX-N-03440,TRANSACTION,BENIGN,BACKGROUND_BENIGN
TX-N-03441,TRANSACTION,BENIGN,BACKGROUND_BENIGN
TX-N-03442,TRANSACTION,BENIGN,BACKGROUND_BENIGN
TX-N-03443,TRANSACTION,BENIGN,BACKGROUND_BENIGN
TX-N-03444,TRANSACTION,BENIGN,BACKGROUND_BENIGN
TX-N-03445,TRANSACTION,BENIGN,BACKGROUND_BENIGN
TX-N-03446,TRANSACTION,BENIGN,BACKGROUND_BENIGN
TX-N-03447,TRANSACTION,BENIGN,BACKGROUND_BENIGN
TX-N-03448,TRANSACTION,BENIGN,BACKGROUND_BENIGN
TX-N-03449,TRANSACTION,BENIGN,BACKGROUND_BENIGN
TX-N-03450,TRANSACTION,BENIGN,BACKGROUND_BENIGN
TX-N-03451,TRANSACTION,BENIGN,BACKGROUND_BENIGN
TX-N-03452,TRANSACTION,BENIGN,BACKGROUND_BENIGN
TX-N-03453,TRANSACTION,BENIGN,BACKGROUND_BENIGN
TX-N-03454,TRANSACTION,BENIGN,BACKGROUND_BENIGN
TX-N-03455,TRANSACTION,BENIGN,BACKGROUND_BENIGN
TX-N-03456,TRANSACTION,BENIGN,BACKGROUND_BENIGN
TX-N-03457,TRANSACTION,BENIGN,BACKGROUND_BENIGN
TX-N-03458,TRANSACTION,BENIGN,BACKGROUND_BENIGN
TX-N-03459,TRANSACTION,BENIGN,BACKGROUND_BENIGN
TX-N-03460,TRANSACTION,BENIGN,BACKGROUND_BENIGN
TX-N-03461,TRANSACTION,BENIGN,BACKGROUND_BENIGN
TX-N-03462,TRANSACTION,BENIGN,BACKGROUND_BENIGN
TX-N-03463,TRANSACTION,BENIGN,BACKGROUND_BENIGN
TX-N-03464,TRANSACTION,BENIGN,BACKGROUND_BENIGN
TX-N-03465,TRANSACTION,BENIGN,BACKGROUND_BENIGN
TX-N-03466,TRANSACTION,BENIGN,BACKGROUND_BENIGN
TX-N-03467,TRANSACTION,BENIGN,BACKGROUND_BENIGN
TX-N-03468,TRANSACTION,BENIGN,BACKGROUND_BENIGN
TX-N-03469,TRANSACTION,BENIGN,BACKGROUND_BENIGN
TX-N-03470,TRANSACTION,BENIGN,BACKGROUND_BENIGN
TX-N-03471,TRANSACTION,BENIGN,BACKGROUND_BENIGN
TX-N-03472,TRANSACTION,BENIGN,BACKGROUND_BENIGN
TX-N-03473,TRANSACTION,BENIGN,BACKGROUND_BENIGN
TX-N-03474,TRANSACTION,BENIGN,BACKGROUND_BENIGN
TX-N-03475,TRANSACTION,BENIGN,BACKGROUND_BENIGN
TX-N-03476,TRANSACTION,BENIGN,BACKGROUND_BENIGN
TX-N-03477,TRANSACTION,BENIGN,BACKGROUND_BENIGN
TX-N-03478,TRANSACTION,BENIGN,BACKGROUND_BENIGN
TX-N-03479,TRANSACTION,BENIGN,BACKGROUND_BENIGN
TX-N-03480,TRANSACTION,BENIGN,BACKGROUND_BENIGN
TX-N-03481,TRANSACTION,BENIGN,BACKGROUND_BENIGN
TX-N-03482,TRANSACTION,BENIGN,BACKGROUND_BENIGN
TX-N-03483,TRANSACTION,BENIGN,BACKGROUND_BENIGN
TX-N-03484,TRANSACTION,BENIGN,BACKGROUND_BENIGN
TX-N-03485,TRANSACTION,BENIGN,BACKGROUND_BENIGN
TX-N-03486,TRANSACTION,BENIGN,BACKGROUND_BENIGN
TX-N-03487,TRANSACTION,BENIGN,BACKGROUND_BENIGN
TX-N-03488,TRANSACTION,BENIGN,BACKGROUND_BENIGN
TX-N-03489,TRANSACTION,BENIGN,BACKGROUND_BENIGN
TX-N-03490,TRANSACTION,BENIGN,BACKGROUND_BENIGN
TX-N-03491,TRANSACTION,BENIGN,BACKGROUND_BENIGN
TX-N-03492,TRANSACTION,BENIGN,BACKGROUND_BENIGN
TX-N-03493,TRANSACTION,BENIGN,BACKGROUND_BENIGN
TX-N-03494,TRANSACTION,BENIGN,BACKGROUND_BENIGN
TX-N-03495,TRANSACTION,BENIGN,BACKGROUND_BENIGN
TX-N-03496,TRANSACTION,BENIGN,BACKGROUND_BENIGN
TX-N-03497,TRANSACTION,BENIGN,BACKGROUND_BENIGN
TX-N-03498,TRANSACTION,BENIGN,BACKGROUND_BENIGN
TX-N-03499,TRANSACTION,BENIGN,BACKGROUND_BENIGN
TX-N-03500,TRANSACTION,BENIGN,BACKGROUND_BENIGN
TX-N-03501,TRANSACTION,BENIGN,BACKGROUND_BENIGN
TX-N-03502,TRANSACTION,BENIGN,BACKGROUND_BENIGN
TX-N-03503,TRANSACTION,BENIGN,BACKGROUND_BENIGN
TX-N-03504,TRANSACTION,BENIGN,BACKGROUND_BENIGN
TX-N-03505,TRANSACTION,BENIGN,BACKGROUND_BENIGN
TX-N-03506,TRANSACTION,BENIGN,BACKGROUND_BENIGN
TX-N-03507,TRANSACTION,BENIGN,BACKGROUND_BENIGN
TX-N-03508,TRANSACTION,BENIGN,BACKGROUND_BENIGN
TX-N-03509,TRANSACTION,BENIGN,BACKGROUND_BENIGN
TX-N-03510,TRANSACTION,BENIGN,BACKGROUND_BENIGN
TX-N-03511,TRANSACTION,BENIGN,BACKGROUND_BENIGN
TX-N-03512,TRANSACTION,BENIGN,BACKGROUND_BENIGN
TX-N-03513,TRANSACTION,BENIGN,BACKGROUND_BENIGN
TX-N-03514,TRANSACTION,BENIGN,BACKGROUND_BENIGN
TX-N-03515,TRANSACTION,BENIGN,BACKGROUND_BENIGN
TX-N-03516,TRANSACTION,BENIGN,BACKGROUND_BENIGN
TX-N-03517,TRANSACTION,BENIGN,BACKGROUND_BENIGN
TX-N-03518,TRANSACTION,BENIGN,BACKGROUND_BENIGN
TX-N-03519,TRANSACTION,BENIGN,BACKGROUND_BENIGN
TX-N-03520,TRANSACTION,BENIGN,BACKGROUND_BENIGN
TX-N-03521,TRANSACTION,BENIGN,BACKGROUND_BENIGN
TX-N-03522,TRANSACTION,BENIGN,BACKGROUND_BENIGN
TX-N-03523,TRANSACTION,BENIGN,BACKGROUND_BENIGN
TX-N-03524,TRANSACTION,BENIGN,BACKGROUND_BENIGN
TX-N-03525,TRANSACTION,BENIGN,BACKGROUND_BENIGN
TX-N-03526,TRANSACTION,BENIGN,BACKGROUND_BENIGN
TX-N-03527,TRANSACTION,BENIGN,BACKGROUND_BENIGN
TX-N-03528,TRANSACTION,BENIGN,BACKGROUND_BENIGN
TX-N-03529,TRANSACTION,BENIGN,BACKGROUND_BENIGN
TX-N-03530,TRANSACTION,BENIGN,BACKGROUND_BENIGN
TX-N-03531,TRANSACTION,BENIGN,BACKGROUND_BENIGN
TX-N-03532,TRANSACTION,BENIGN,BACKGROUND_BENIGN
TX-N-03533,TRANSACTION,BENIGN,BACKGROUND_BENIGN
TX-N-03534,TRANSACTION,BENIGN,BACKGROUND_BENIGN
TX-N-03535,TRANSACTION,BENIGN,BACKGROUND_BENIGN
TX-N-03536,TRANSACTION,BENIGN,BACKGROUND_BENIGN
TX-N-03537,TRANSACTION,BENIGN,BACKGROUND_BENIGN
TX-N-03538,TRANSACTION,BENIGN,BACKGROUND_BENIGN
TX-N-03539,TRANSACTION,BENIGN,BACKGROUND_BENIGN
TX-N-03540,TRANSACTION,BENIGN,BACKGROUND_BENIGN
TX-N-03541,TRANSACTION,BENIGN,BACKGROUND_BENIGN
TX-N-03542,TRANSACTION,BENIGN,BACKGROUND_BENIGN
TX-N-03543,TRANSACTION,BENIGN,BACKGROUND_BENIGN
TX-N-03544,TRANSACTION,BENIGN,BACKGROUND_BENIGN
TX-N-03545,TRANSACTION,BENIGN,BACKGROUND_BENIGN
TX-N-03546,TRANSACTION,BENIGN,BACKGROUND_BENIGN
TX-N-03547,TRANSACTION,BENIGN,BACKGROUND_BENIGN
TX-N-03548,TRANSACTION,BENIGN,BACKGROUND_BENIGN
TX-N-03549,TRANSACTION,BENIGN,BACKGROUND_BENIGN
TX-N-03550,TRANSACTION,BENIGN,BACKGROUND_BENIGN
TX-N-03551,TRANSACTION,BENIGN,BACKGROUND_BENIGN
TX-N-03552,TRANSACTION,BENIGN,BACKGROUND_BENIGN
TX-N-03553,TRANSACTION,BENIGN,BACKGROUND_BENIGN
TX-N-03554,TRANSACTION,BENIGN,BACKGROUND_BENIGN
TX-N-03555,TRANSACTION,BENIGN,BACKGROUND_BENIGN
TX-N-03556,TRANSACTION,BENIGN,BACKGROUND_BENIGN
TX-N-03557,TRANSACTION,BENIGN,BACKGROUND_BENIGN
TX-N-03558,TRANSACTION,BENIGN,BACKGROUND_BENIGN
TX-N-03559,TRANSACTION,BENIGN,BACKGROUND_BENIGN
TX-N-03560,TRANSACTION,BENIGN,BACKGROUND_BENIGN
TX-N-03561,TRANSACTION,BENIGN,BACKGROUND_BENIGN
TX-N-03562,TRANSACTION,BENIGN,BACKGROUND_BENIGN
TX-N-03563,TRANSACTION,BENIGN,BACKGROUND_BENIGN
TX-N-03564,TRANSACTION,BENIGN,BACKGROUND_BENIGN
TX-N-03565,TRANSACTION,BENIGN,BACKGROUND_BENIGN
TX-N-03566,TRANSACTION,BENIGN,BACKGROUND_BENIGN
TX-N-03567,TRANSACTION,BENIGN,BACKGROUND_BENIGN
TX-N-03568,TRANSACTION,BENIGN,BACKGROUND_BENIGN
TX-N-03569,TRANSACTION,BENIGN,BACKGROUND_BENIGN
TX-N-03570,TRANSACTION,BENIGN,BACKGROUND_BENIGN
TX-N-03571,TRANSACTION,BENIGN,BACKGROUND_BENIGN
TX-N-03572,TRANSACTION,BENIGN,BACKGROUND_BENIGN
TX-N-03573,TRANSACTION,BENIGN,BACKGROUND_BENIGN
TX-N-03574,TRANSACTION,BENIGN,BACKGROUND_BENIGN
TX-N-03575,TRANSACTION,BENIGN,BACKGROUND_BENIGN
TX-N-03576,TRANSACTION,BENIGN,BACKGROUND_BENIGN
TX-N-03577,TRANSACTION,BENIGN,BACKGROUND_BENIGN
TX-N-03578,TRANSACTION,BENIGN,BACKGROUND_BENIGN
TX-N-03579,TRANSACTION,BENIGN,BACKGROUND_BENIGN
TX-N-03580,TRANSACTION,BENIGN,BACKGROUND_BENIGN
TX-N-03581,TRANSACTION,BENIGN,BACKGROUND_BENIGN
TX-N-03582,TRANSACTION,BENIGN,BACKGROUND_BENIGN
TX-N-03583,TRANSACTION,BENIGN,BACKGROUND_BENIGN
TX-N-03584,TRANSACTION,BENIGN,BACKGROUND_BENIGN
TX-N-03585,TRANSACTION,BENIGN,BACKGROUND_BENIGN
TX-N-03586,TRANSACTION,BENIGN,BACKGROUND_BENIGN
TX-N-03587,TRANSACTION,BENIGN,BACKGROUND_BENIGN
TX-N-03588,TRANSACTION,BENIGN,BACKGROUND_BENIGN
TX-N-03589,TRANSACTION,BENIGN,BACKGROUND_BENIGN
TX-N-03590,TRANSACTION,BENIGN,BACKGROUND_BENIGN
TX-N-03591,TRANSACTION,BENIGN,BACKGROUND_BENIGN
TX-N-03592,TRANSACTION,BENIGN,BACKGROUND_BENIGN
TX-N-03593,TRANSACTION,BENIGN,BACKGROUND_BENIGN
TX-N-03594,TRANSACTION,BENIGN,BACKGROUND_BENIGN
TX-N-03595,TRANSACTION,BENIGN,BACKGROUND_BENIGN
TX-N-03596,TRANSACTION,BENIGN,BACKGROUND_BENIGN
TX-N-03597,TRANSACTION,BENIGN,BACKGROUND_BENIGN
TX-N-03598,TRANSACTION,BENIGN,BACKGROUND_BENIGN
TX-N-03599,TRANSACTION,BENIGN,BACKGROUND_BENIGN
TX-N-03600,TRANSACTION,BENIGN,BACKGROUND_BENIGN
TX-N-03601,TRANSACTION,BENIGN,BACKGROUND_BENIGN
TX-N-03602,TRANSACTION,BENIGN,BACKGROUND_BENIGN
TX-N-03603,TRANSACTION,BENIGN,BACKGROUND_BENIGN
TX-N-03604,TRANSACTION,BENIGN,BACKGROUND_BENIGN
TX-N-03605,TRANSACTION,BENIGN,BACKGROUND_BENIGN
TX-N-03606,TRANSACTION,BENIGN,BACKGROUND_BENIGN
TX-N-03607,TRANSACTION,BENIGN,BACKGROUND_BENIGN
TX-N-03608,TRANSACTION,BENIGN,BACKGROUND_BENIGN
TX-N-03609,TRANSACTION,BENIGN,BACKGROUND_BENIGN
TX-N-03610,TRANSACTION,BENIGN,BACKGROUND_BENIGN
TX-N-03611,TRANSACTION,BENIGN,BACKGROUND_BENIGN
TX-N-03612,TRANSACTION,BENIGN,BACKGROUND_BENIGN
TX-N-03613,TRANSACTION,BENIGN,BACKGROUND_BENIGN
TX-N-03614,TRANSACTION,BENIGN,BACKGROUND_BENIGN
TX-N-03615,TRANSACTION,BENIGN,BACKGROUND_BENIGN
TX-N-03616,TRANSACTION,BENIGN,BACKGROUND_BENIGN
TX-N-03617,TRANSACTION,BENIGN,BACKGROUND_BENIGN
TX-N-03618,TRANSACTION,BENIGN,BACKGROUND_BENIGN
TX-N-03619,TRANSACTION,BENIGN,BACKGROUND_BENIGN
TX-N-03620,TRANSACTION,BENIGN,BACKGROUND_BENIGN
TX-N-03621,TRANSACTION,BENIGN,BACKGROUND_BENIGN
TX-N-03622,TRANSACTION,BENIGN,BACKGROUND_BENIGN
TX-N-03623,TRANSACTION,BENIGN,BACKGROUND_BENIGN
TX-N-03624,TRANSACTION,BENIGN,BACKGROUND_BENIGN
TX-N-03625,TRANSACTION,BENIGN,BACKGROUND_BENIGN
TX-N-03626,TRANSACTION,BENIGN,BACKGROUND_BENIGN
TX-N-03627,TRANSACTION,BENIGN,BACKGROUND_BENIGN
TX-N-03628,TRANSACTION,BENIGN,BACKGROUND_BENIGN
TX-N-03629,TRANSACTION,BENIGN,BACKGROUND_BENIGN
TX-N-03630,TRANSACTION,BENIGN,BACKGROUND_BENIGN
TX-N-03631,TRANSACTION,BENIGN,BACKGROUND_BENIGN
TX-N-03632,TRANSACTION,BENIGN,BACKGROUND_BENIGN
TX-N-03633,TRANSACTION,BENIGN,BACKGROUND_BENIGN
TX-N-03634,TRANSACTION,BENIGN,BACKGROUND_BENIGN
TX-N-03635,TRANSACTION,BENIGN,BACKGROUND_BENIGN
TX-N-03636,TRANSACTION,BENIGN,BACKGROUND_BENIGN
TX-N-03637,TRANSACTION,BENIGN,BACKGROUND_BENIGN
TX-N-03638,TRANSACTION,BENIGN,BACKGROUND_BENIGN
TX-N-03639,TRANSACTION,BENIGN,BACKGROUND_BENIGN
TX-N-03640,TRANSACTION,BENIGN,BACKGROUND_BENIGN
TX-N-03641,TRANSACTION,BENIGN,BACKGROUND_BENIGN
TX-N-03642,TRANSACTION,BENIGN,BACKGROUND_BENIGN
TX-N-03643,TRANSACTION,BENIGN,BACKGROUND_BENIGN
TX-N-03644,TRANSACTION,BENIGN,BACKGROUND_BENIGN
TX-N-03645,TRANSACTION,BENIGN,BACKGROUND_BENIGN
TX-N-03646,TRANSACTION,BENIGN,BACKGROUND_BENIGN
TX-N-03647,TRANSACTION,BENIGN,BACKGROUND_BENIGN
TX-N-03648,TRANSACTION,BENIGN,BACKGROUND_BENIGN
TX-N-03649,TRANSACTION,BENIGN,BACKGROUND_BENIGN
TX-N-03650,TRANSACTION,BENIGN,BACKGROUND_BENIGN
TX-N-03651,TRANSACTION,BENIGN,BACKGROUND_BENIGN
TX-N-03652,TRANSACTION,BENIGN,BACKGROUND_BENIGN
TX-N-03653,TRANSACTION,BENIGN,BACKGROUND_BENIGN
TX-N-03654,TRANSACTION,BENIGN,BACKGROUND_BENIGN
TX-N-03655,TRANSACTION,BENIGN,BACKGROUND_BENIGN
TX-N-03656,TRANSACTION,BENIGN,BACKGROUND_BENIGN
TX-N-03657,TRANSACTION,BENIGN,BACKGROUND_BENIGN
TX-N-03658,TRANSACTION,BENIGN,BACKGROUND_BENIGN
TX-N-03659,TRANSACTION,BENIGN,BACKGROUND_BENIGN
TX-N-03660,TRANSACTION,BENIGN,BACKGROUND_BENIGN
TX-N-03661,TRANSACTION,BENIGN,BACKGROUND_BENIGN
TX-N-03662,TRANSACTION,BENIGN,BACKGROUND_BENIGN
TX-N-03663,TRANSACTION,BENIGN,BACKGROUND_BENIGN
TX-N-03664,TRANSACTION,BENIGN,BACKGROUND_BENIGN
TX-N-03665,TRANSACTION,BENIGN,BACKGROUND_BENIGN
TX-N-03666,TRANSACTION,BENIGN,BACKGROUND_BENIGN
TX-N-03667,TRANSACTION,BENIGN,BACKGROUND_BENIGN
TX-N-03668,TRANSACTION,BENIGN,BACKGROUND_BENIGN
TX-N-03669,TRANSACTION,BENIGN,BACKGROUND_BENIGN
TX-N-03670,TRANSACTION,BENIGN,BACKGROUND_BENIGN
TX-N-03671,TRANSACTION,BENIGN,BACKGROUND_BENIGN
TX-N-03672,TRANSACTION,BENIGN,BACKGROUND_BENIGN
TX-N-03673,TRANSACTION,BENIGN,BACKGROUND_BENIGN
TX-N-03674,TRANSACTION,BENIGN,BACKGROUND_BENIGN
TX-N-03675,TRANSACTION,BENIGN,BACKGROUND_BENIGN
TX-N-03676,TRANSACTION,BENIGN,BACKGROUND_BENIGN
TX-N-03677,TRANSACTION,BENIGN,BACKGROUND_BENIGN
TX-N-03678,TRANSACTION,BENIGN,BACKGROUND_BENIGN
TX-N-03679,TRANSACTION,BENIGN,BACKGROUND_BENIGN
TX-N-03680,TRANSACTION,BENIGN,BACKGROUND_BENIGN
TX-N-03681,TRANSACTION,BENIGN,BACKGROUND_BENIGN
TX-N-03682,TRANSACTION,BENIGN,BACKGROUND_BENIGN
TX-N-03683,TRANSACTION,BENIGN,BACKGROUND_BENIGN
TX-N-03684,TRANSACTION,BENIGN,BACKGROUND_BENIGN
TX-N-03685,TRANSACTION,BENIGN,BACKGROUND_BENIGN
TX-N-03686,TRANSACTION,BENIGN,BACKGROUND_BENIGN
TX-N-03687,TRANSACTION,BENIGN,BACKGROUND_BENIGN
TX-N-03688,TRANSACTION,BENIGN,BACKGROUND_BENIGN
TX-N-03689,TRANSACTION,BENIGN,BACKGROUND_BENIGN
TX-N-03690,TRANSACTION,BENIGN,BACKGROUND_BENIGN
TX-N-03691,TRANSACTION,BENIGN,BACKGROUND_BENIGN
TX-N-03692,TRANSACTION,BENIGN,BACKGROUND_BENIGN
TX-N-03693,TRANSACTION,BENIGN,BACKGROUND_BENIGN
TX-N-03694,TRANSACTION,BENIGN,BACKGROUND_BENIGN
TX-N-03695,TRANSACTION,BENIGN,BACKGROUND_BENIGN
TX-N-03696,TRANSACTION,BENIGN,BACKGROUND_BENIGN
TX-N-03697,TRANSACTION,BENIGN,BACKGROUND_BENIGN
TX-N-03698,TRANSACTION,BENIGN,BACKGROUND_BENIGN
TX-N-03699,TRANSACTION,BENIGN,BACKGROUND_BENIGN
TX-N-03700,TRANSACTION,BENIGN,BACKGROUND_BENIGN
TX-N-03701,TRANSACTION,BENIGN,BACKGROUND_BENIGN
TX-N-03702,TRANSACTION,BENIGN,BACKGROUND_BENIGN
TX-N-03703,TRANSACTION,BENIGN,BACKGROUND_BENIGN
TX-N-03704,TRANSACTION,BENIGN,BACKGROUND_BENIGN
TX-N-03705,TRANSACTION,BENIGN,BACKGROUND_BENIGN
TX-N-03706,TRANSACTION,BENIGN,BACKGROUND_BENIGN
TX-N-03707,TRANSACTION,BENIGN,BACKGROUND_BENIGN
TX-N-03708,TRANSACTION,BENIGN,BACKGROUND_BENIGN
TX-N-03709,TRANSACTION,BENIGN,BACKGROUND_BENIGN
TX-N-03710,TRANSACTION,BENIGN,BACKGROUND_BENIGN
TX-N-03711,TRANSACTION,BENIGN,BACKGROUND_BENIGN
TX-N-03712,TRANSACTION,BENIGN,BACKGROUND_BENIGN
TX-N-03713,TRANSACTION,BENIGN,BACKGROUND_BENIGN
TX-N-03714,TRANSACTION,BENIGN,BACKGROUND_BENIGN
TX-N-03715,TRANSACTION,BENIGN,BACKGROUND_BENIGN
TX-N-03716,TRANSACTION,BENIGN,BACKGROUND_BENIGN
TX-N-03717,TRANSACTION,BENIGN,BACKGROUND_BENIGN
TX-N-03718,TRANSACTION,BENIGN,BACKGROUND_BENIGN
TX-N-03719,TRANSACTION,BENIGN,BACKGROUND_BENIGN
TX-N-03720,TRANSACTION,BENIGN,BACKGROUND_BENIGN
TX-N-03721,TRANSACTION,BENIGN,BACKGROUND_BENIGN
TX-N-03722,TRANSACTION,BENIGN,BACKGROUND_BENIGN
TX-N-03723,TRANSACTION,BENIGN,BACKGROUND_BENIGN
TX-N-03724,TRANSACTION,BENIGN,BACKGROUND_BENIGN
TX-N-03725,TRANSACTION,BENIGN,BACKGROUND_BENIGN
TX-N-03726,TRANSACTION,BENIGN,BACKGROUND_BENIGN
TX-N-03727,TRANSACTION,BENIGN,BACKGROUND_BENIGN
TX-N-03728,TRANSACTION,BENIGN,BACKGROUND_BENIGN
TX-N-03729,TRANSACTION,BENIGN,BACKGROUND_BENIGN
TX-N-03730,TRANSACTION,BENIGN,BACKGROUND_BENIGN
TX-N-03731,TRANSACTION,BENIGN,BACKGROUND_BENIGN
TX-N-03732,TRANSACTION,BENIGN,BACKGROUND_BENIGN
TX-N-03733,TRANSACTION,BENIGN,BACKGROUND_BENIGN
TX-N-03734,TRANSACTION,BENIGN,BACKGROUND_BENIGN
TX-N-03735,TRANSACTION,BENIGN,BACKGROUND_BENIGN
TX-N-03736,TRANSACTION,BENIGN,BACKGROUND_BENIGN
TX-N-03737,TRANSACTION,BENIGN,BACKGROUND_BENIGN
TX-N-03738,TRANSACTION,BENIGN,BACKGROUND_BENIGN
TX-N-03739,TRANSACTION,BENIGN,BACKGROUND_BENIGN
TX-N-03740,TRANSACTION,BENIGN,BACKGROUND_BENIGN
TX-N-03741,TRANSACTION,BENIGN,BACKGROUND_BENIGN
TX-N-03742,TRANSACTION,BENIGN,BACKGROUND_BENIGN
TX-N-03743,TRANSACTION,BENIGN,BACKGROUND_BENIGN
TX-N-03744,TRANSACTION,BENIGN,BACKGROUND_BENIGN
TX-N-03745,TRANSACTION,BENIGN,BACKGROUND_BENIGN
TX-N-03746,TRANSACTION,BENIGN,BACKGROUND_BENIGN
TX-N-03747,TRANSACTION,BENIGN,BACKGROUND_BENIGN
TX-N-03748,TRANSACTION,BENIGN,BACKGROUND_BENIGN
TX-N-03749,TRANSACTION,BENIGN,BACKGROUND_BENIGN
TX-N-03750,TRANSACTION,BENIGN,BACKGROUND_BENIGN
TX-N-03751,TRANSACTION,BENIGN,BACKGROUND_BENIGN
TX-N-03752,TRANSACTION,BENIGN,BACKGROUND_BENIGN
TX-N-03753,TRANSACTION,BENIGN,BACKGROUND_BENIGN
TX-N-03754,TRANSACTION,BENIGN,BACKGROUND_BENIGN
TX-N-03755,TRANSACTION,BENIGN,BACKGROUND_BENIGN
TX-N-03756,TRANSACTION,BENIGN,BACKGROUND_BENIGN
TX-N-03757,TRANSACTION,BENIGN,BACKGROUND_BENIGN
TX-N-03758,TRANSACTION,BENIGN,BACKGROUND_BENIGN
TX-N-03759,TRANSACTION,BENIGN,BACKGROUND_BENIGN
TX-N-03760,TRANSACTION,BENIGN,BACKGROUND_BENIGN
TX-N-03761,TRANSACTION,BENIGN,BACKGROUND_BENIGN
TX-N-03762,TRANSACTION,BENIGN,BACKGROUND_BENIGN
TX-N-03763,TRANSACTION,BENIGN,BACKGROUND_BENIGN
TX-N-03764,TRANSACTION,BENIGN,BACKGROUND_BENIGN
TX-N-03765,TRANSACTION,BENIGN,BACKGROUND_BENIGN
TX-N-03766,TRANSACTION,BENIGN,BACKGROUND_BENIGN
TX-N-03767,TRANSACTION,BENIGN,BACKGROUND_BENIGN
TX-N-03768,TRANSACTION,BENIGN,BACKGROUND_BENIGN
TX-N-03769,TRANSACTION,BENIGN,BACKGROUND_BENIGN
TX-N-03770,TRANSACTION,BENIGN,BACKGROUND_BENIGN
TX-N-03771,TRANSACTION,BENIGN,BACKGROUND_BENIGN
TX-N-03772,TRANSACTION,BENIGN,BACKGROUND_BENIGN
TX-N-03773,TRANSACTION,BENIGN,BACKGROUND_BENIGN
TX-N-03774,TRANSACTION,BENIGN,BACKGROUND_BENIGN
TX-N-03775,TRANSACTION,BENIGN,BACKGROUND_BENIGN
TX-N-03776,TRANSACTION,BENIGN,BACKGROUND_BENIGN
TX-N-03777,TRANSACTION,BENIGN,BACKGROUND_BENIGN
TX-N-03778,TRANSACTION,BENIGN,BACKGROUND_BENIGN
TX-N-03779,TRANSACTION,BENIGN,BACKGROUND_BENIGN
TX-N-03780,TRANSACTION,BENIGN,BACKGROUND_BENIGN
TX-N-03781,TRANSACTION,BENIGN,BACKGROUND_BENIGN
TX-N-03782,TRANSACTION,BENIGN,BACKGROUND_BENIGN
TX-N-03783,TRANSACTION,BENIGN,BACKGROUND_BENIGN
TX-N-03784,TRANSACTION,BENIGN,BACKGROUND_BENIGN
TX-N-03785,TRANSACTION,BENIGN,BACKGROUND_BENIGN
TX-N-03786,TRANSACTION,BENIGN,BACKGROUND_BENIGN
TX-N-03787,TRANSACTION,BENIGN,BACKGROUND_BENIGN
TX-N-03788,TRANSACTION,BENIGN,BACKGROUND_BENIGN
TX-N-03789,TRANSACTION,BENIGN,BACKGROUND_BENIGN
TX-N-03790,TRANSACTION,BENIGN,BACKGROUND_BENIGN
TX-N-03791,TRANSACTION,BENIGN,BACKGROUND_BENIGN
TX-N-03792,TRANSACTION,BENIGN,BACKGROUND_BENIGN
TX-N-03793,TRANSACTION,BENIGN,BACKGROUND_BENIGN
TX-N-03794,TRANSACTION,BENIGN,BACKGROUND_BENIGN
TX-N-03795,TRANSACTION,BENIGN,BACKGROUND_BENIGN
TX-N-03796,TRANSACTION,BENIGN,BACKGROUND_BENIGN
TX-N-03797,TRANSACTION,BENIGN,BACKGROUND_BENIGN
TX-N-03798,TRANSACTION,BENIGN,BACKGROUND_BENIGN
TX-N-03799,TRANSACTION,BENIGN,BACKGROUND_BENIGN
TX-N-03800,TRANSACTION,BENIGN,BACKGROUND_BENIGN
TX-N-03801,TRANSACTION,BENIGN,BACKGROUND_BENIGN
TX-N-03802,TRANSACTION,BENIGN,BACKGROUND_BENIGN
TX-N-03803,TRANSACTION,BENIGN,BACKGROUND_BENIGN
TX-N-03804,TRANSACTION,BENIGN,BACKGROUND_BENIGN
TX-N-03805,TRANSACTION,BENIGN,BACKGROUND_BENIGN
TX-N-03806,TRANSACTION,BENIGN,BACKGROUND_BENIGN
TX-N-03807,TRANSACTION,BENIGN,BACKGROUND_BENIGN
TX-N-03808,TRANSACTION,BENIGN,BACKGROUND_BENIGN
TX-N-03809,TRANSACTION,BENIGN,BACKGROUND_BENIGN
TX-N-03810,TRANSACTION,BENIGN,BACKGROUND_BENIGN
TX-N-03811,TRANSACTION,BENIGN,BACKGROUND_BENIGN
TX-N-03812,TRANSACTION,BENIGN,BACKGROUND_BENIGN
TX-N-03813,TRANSACTION,BENIGN,BACKGROUND_BENIGN
TX-N-03814,TRANSACTION,BENIGN,BACKGROUND_BENIGN
TX-N-03815,TRANSACTION,BENIGN,BACKGROUND_BENIGN
TX-N-03816,TRANSACTION,BENIGN,BACKGROUND_BENIGN
TX-N-03817,TRANSACTION,BENIGN,BACKGROUND_BENIGN
TX-N-03818,TRANSACTION,BENIGN,BACKGROUND_BENIGN
TX-N-03819,TRANSACTION,BENIGN,BACKGROUND_BENIGN
TX-N-03820,TRANSACTION,BENIGN,BACKGROUND_BENIGN
TX-N-03821,TRANSACTION,BENIGN,BACKGROUND_BENIGN
TX-N-03822,TRANSACTION,BENIGN,BACKGROUND_BENIGN
TX-N-03823,TRANSACTION,BENIGN,BACKGROUND_BENIGN
TX-N-03824,TRANSACTION,BENIGN,BACKGROUND_BENIGN
TX-N-03825,TRANSACTION,BENIGN,BACKGROUND_BENIGN
TX-N-03826,TRANSACTION,BENIGN,BACKGROUND_BENIGN
TX-N-03827,TRANSACTION,BENIGN,BACKGROUND_BENIGN
TX-N-03828,TRANSACTION,BENIGN,BACKGROUND_BENIGN
TX-N-03829,TRANSACTION,BENIGN,BACKGROUND_BENIGN
TX-N-03830,TRANSACTION,BENIGN,BACKGROUND_BENIGN
TX-N-03831,TRANSACTION,BENIGN,BACKGROUND_BENIGN
TX-N-03832,TRANSACTION,BENIGN,BACKGROUND_BENIGN
TX-N-03833,TRANSACTION,BENIGN,BACKGROUND_BENIGN
TX-N-03834,TRANSACTION,BENIGN,BACKGROUND_BENIGN
TX-N-03835,TRANSACTION,BENIGN,BACKGROUND_BENIGN
TX-N-03836,TRANSACTION,BENIGN,BACKGROUND_BENIGN
TX-N-03837,TRANSACTION,BENIGN,BACKGROUND_BENIGN
TX-N-03838,TRANSACTION,BENIGN,BACKGROUND_BENIGN
TX-N-03839,TRANSACTION,BENIGN,BACKGROUND_BENIGN
TX-N-03840,TRANSACTION,BENIGN,BACKGROUND_BENIGN
TX-N-03841,TRANSACTION,BENIGN,BACKGROUND_BENIGN
TX-N-03842,TRANSACTION,BENIGN,BACKGROUND_BENIGN
TX-N-03843,TRANSACTION,BENIGN,BACKGROUND_BENIGN
TX-N-03844,TRANSACTION,BENIGN,BACKGROUND_BENIGN
TX-N-03845,TRANSACTION,BENIGN,BACKGROUND_BENIGN
TX-N-03846,TRANSACTION,BENIGN,BACKGROUND_BENIGN
TX-N-03847,TRANSACTION,BENIGN,BACKGROUND_BENIGN
TX-N-03848,TRANSACTION,BENIGN,BACKGROUND_BENIGN
TX-N-03849,TRANSACTION,BENIGN,BACKGROUND_BENIGN
TX-N-03850,TRANSACTION,BENIGN,BACKGROUND_BENIGN
TX-N-03851,TRANSACTION,BENIGN,BACKGROUND_BENIGN
TX-N-03852,TRANSACTION,BENIGN,BACKGROUND_BENIGN
TX-N-03853,TRANSACTION,BENIGN,BACKGROUND_BENIGN
TX-N-03854,TRANSACTION,BENIGN,BACKGROUND_BENIGN
TX-N-03855,TRANSACTION,BENIGN,BACKGROUND_BENIGN
TX-N-03856,TRANSACTION,BENIGN,BACKGROUND_BENIGN
TX-N-03857,TRANSACTION,BENIGN,BACKGROUND_BENIGN
TX-N-03858,TRANSACTION,BENIGN,BACKGROUND_BENIGN
TX-N-03859,TRANSACTION,BENIGN,BACKGROUND_BENIGN
TX-N-03860,TRANSACTION,BENIGN,BACKGROUND_BENIGN
TX-N-03861,TRANSACTION,BENIGN,BACKGROUND_BENIGN
TX-N-03862,TRANSACTION,BENIGN,BACKGROUND_BENIGN
TX-N-03863,TRANSACTION,BENIGN,BACKGROUND_BENIGN
TX-N-03864,TRANSACTION,BENIGN,BACKGROUND_BENIGN
TX-N-03865,TRANSACTION,BENIGN,BACKGROUND_BENIGN
TX-N-03866,TRANSACTION,BENIGN,BACKGROUND_BENIGN
TX-N-03867,TRANSACTION,BENIGN,BACKGROUND_BENIGN
TX-N-03868,TRANSACTION,BENIGN,BACKGROUND_BENIGN
TX-N-03869,TRANSACTION,BENIGN,BACKGROUND_BENIGN
TX-N-03870,TRANSACTION,BENIGN,BACKGROUND_BENIGN
TX-N-03871,TRANSACTION,BENIGN,BACKGROUND_BENIGN
TX-N-03872,TRANSACTION,BENIGN,BACKGROUND_BENIGN
TX-N-03873,TRANSACTION,BENIGN,BACKGROUND_BENIGN
TX-N-03874,TRANSACTION,BENIGN,BACKGROUND_BENIGN
TX-N-03875,TRANSACTION,BENIGN,BACKGROUND_BENIGN
TX-N-03876,TRANSACTION,BENIGN,BACKGROUND_BENIGN
TX-N-03877,TRANSACTION,BENIGN,BACKGROUND_BENIGN
TX-N-03878,TRANSACTION,BENIGN,BACKGROUND_BENIGN
TX-N-03879,TRANSACTION,BENIGN,BACKGROUND_BENIGN
TX-N-03880,TRANSACTION,BENIGN,BACKGROUND_BENIGN
TX-N-03881,TRANSACTION,BENIGN,BACKGROUND_BENIGN
TX-N-03882,TRANSACTION,BENIGN,BACKGROUND_BENIGN
TX-N-03883,TRANSACTION,BENIGN,BACKGROUND_BENIGN
TX-N-03884,TRANSACTION,BENIGN,BACKGROUND_BENIGN
TX-N-03885,TRANSACTION,BENIGN,BACKGROUND_BENIGN
TX-N-03886,TRANSACTION,BENIGN,BACKGROUND_BENIGN
TX-N-03887,TRANSACTION,BENIGN,BACKGROUND_BENIGN
TX-N-03888,TRANSACTION,BENIGN,BACKGROUND_BENIGN
TX-N-03889,TRANSACTION,BENIGN,BACKGROUND_BENIGN
TX-N-03890,TRANSACTION,BENIGN,BACKGROUND_BENIGN
TX-N-03891,TRANSACTION,BENIGN,BACKGROUND_BENIGN
TX-N-03892,TRANSACTION,BENIGN,BACKGROUND_BENIGN
TX-N-03893,TRANSACTION,BENIGN,BACKGROUND_BENIGN
TX-N-03894,TRANSACTION,BENIGN,BACKGROUND_BENIGN
TX-N-03895,TRANSACTION,BENIGN,BACKGROUND_BENIGN
TX-N-03896,TRANSACTION,BENIGN,BACKGROUND_BENIGN
TX-N-03897,TRANSACTION,BENIGN,BACKGROUND_BENIGN
TX-N-03898,TRANSACTION,BENIGN,BACKGROUND_BENIGN
TX-N-03899,TRANSACTION,BENIGN,BACKGROUND_BENIGN
TX-N-03900,TRANSACTION,BENIGN,BACKGROUND_BENIGN
TX-N-03901,TRANSACTION,BENIGN,BACKGROUND_BENIGN
TX-N-03902,TRANSACTION,BENIGN,BACKGROUND_BENIGN
TX-N-03903,TRANSACTION,BENIGN,BACKGROUND_BENIGN
TX-N-03904,TRANSACTION,BENIGN,BACKGROUND_BENIGN
TX-N-03905,TRANSACTION,BENIGN,BACKGROUND_BENIGN
TX-N-03906,TRANSACTION,BENIGN,BACKGROUND_BENIGN
TX-N-03907,TRANSACTION,BENIGN,BACKGROUND_BENIGN
TX-N-03908,TRANSACTION,BENIGN,BACKGROUND_BENIGN
TX-N-03909,TRANSACTION,BENIGN,BACKGROUND_BENIGN
TX-N-03910,TRANSACTION,BENIGN,BACKGROUND_BENIGN
TX-N-03911,TRANSACTION,BENIGN,BACKGROUND_BENIGN
TX-N-03912,TRANSACTION,BENIGN,BACKGROUND_BENIGN
TX-N-03913,TRANSACTION,BENIGN,BACKGROUND_BENIGN
TX-N-03914,TRANSACTION,BENIGN,BACKGROUND_BENIGN
TX-N-03915,TRANSACTION,BENIGN,BACKGROUND_BENIGN
TX-N-03916,TRANSACTION,BENIGN,BACKGROUND_BENIGN
TX-N-03917,TRANSACTION,BENIGN,BACKGROUND_BENIGN
TX-N-03918,TRANSACTION,BENIGN,BACKGROUND_BENIGN
TX-N-03919,TRANSACTION,BENIGN,BACKGROUND_BENIGN
TX-N-03920,TRANSACTION,BENIGN,BACKGROUND_BENIGN
TX-N-03921,TRANSACTION,BENIGN,BACKGROUND_BENIGN
TX-N-03922,TRANSACTION,BENIGN,BACKGROUND_BENIGN
TX-N-03923,TRANSACTION,BENIGN,BACKGROUND_BENIGN
TX-N-03924,TRANSACTION,BENIGN,BACKGROUND_BENIGN
TX-N-03925,TRANSACTION,BENIGN,BACKGROUND_BENIGN
TX-N-03926,TRANSACTION,BENIGN,BACKGROUND_BENIGN
TX-N-03927,TRANSACTION,BENIGN,BACKGROUND_BENIGN
TX-N-03928,TRANSACTION,BENIGN,BACKGROUND_BENIGN
TX-N-03929,TRANSACTION,BENIGN,BACKGROUND_BENIGN
TX-N-03930,TRANSACTION,BENIGN,BACKGROUND_BENIGN
TX-N-03931,TRANSACTION,BENIGN,BACKGROUND_BENIGN
TX-N-03932,TRANSACTION,BENIGN,BACKGROUND_BENIGN
TX-N-03933,TRANSACTION,BENIGN,BACKGROUND_BENIGN
TX-N-03934,TRANSACTION,BENIGN,BACKGROUND_BENIGN
TX-N-03935,TRANSACTION,BENIGN,BACKGROUND_BENIGN
TX-N-03936,TRANSACTION,BENIGN,BACKGROUND_BENIGN
TX-N-03937,TRANSACTION,BENIGN,BACKGROUND_BENIGN
TX-N-03938,TRANSACTION,BENIGN,BACKGROUND_BENIGN
TX-N-03939,TRANSACTION,BENIGN,BACKGROUND_BENIGN
TX-N-03940,TRANSACTION,BENIGN,BACKGROUND_BENIGN
TX-N-03941,TRANSACTION,BENIGN,BACKGROUND_BENIGN
TX-N-03942,TRANSACTION,BENIGN,BACKGROUND_BENIGN
TX-N-03943,TRANSACTION,BENIGN,BACKGROUND_BENIGN
TX-N-03944,TRANSACTION,BENIGN,BACKGROUND_BENIGN
TX-N-03945,TRANSACTION,BENIGN,BACKGROUND_BENIGN
TX-N-03946,TRANSACTION,BENIGN,BACKGROUND_BENIGN
TX-N-03947,TRANSACTION,BENIGN,BACKGROUND_BENIGN
TX-N-03948,TRANSACTION,BENIGN,BACKGROUND_BENIGN
TX-N-03949,TRANSACTION,BENIGN,BACKGROUND_BENIGN
TX-N-03950,TRANSACTION,BENIGN,BACKGROUND_BENIGN
TX-N-03951,TRANSACTION,BENIGN,BACKGROUND_BENIGN
TX-N-03952,TRANSACTION,BENIGN,BACKGROUND_BENIGN
TX-N-03953,TRANSACTION,BENIGN,BACKGROUND_BENIGN
TX-N-03954,TRANSACTION,BENIGN,BACKGROUND_BENIGN
TX-N-03955,TRANSACTION,BENIGN,BACKGROUND_BENIGN
TX-N-03956,TRANSACTION,BENIGN,BACKGROUND_BENIGN
TX-N-03957,TRANSACTION,BENIGN,BACKGROUND_BENIGN
TX-N-03958,TRANSACTION,BENIGN,BACKGROUND_BENIGN
TX-N-03959,TRANSACTION,BENIGN,BACKGROUND_BENIGN
TX-N-03960,TRANSACTION,BENIGN,BACKGROUND_BENIGN
TX-N-03961,TRANSACTION,BENIGN,BACKGROUND_BENIGN
TX-N-03962,TRANSACTION,BENIGN,BACKGROUND_BENIGN
TX-N-03963,TRANSACTION,BENIGN,BACKGROUND_BENIGN
TX-N-03964,TRANSACTION,BENIGN,BACKGROUND_BENIGN
TX-N-03965,TRANSACTION,BENIGN,BACKGROUND_BENIGN
TX-N-03966,TRANSACTION,BENIGN,BACKGROUND_BENIGN
TX-N-03967,TRANSACTION,BENIGN,BACKGROUND_BENIGN
TX-N-03968,TRANSACTION,BENIGN,BACKGROUND_BENIGN
TX-N-03969,TRANSACTION,BENIGN,BACKGROUND_BENIGN
TX-N-03970,TRANSACTION,BENIGN,BACKGROUND_BENIGN
TX-N-03971,TRANSACTION,BENIGN,BACKGROUND_BENIGN
TX-N-03972,TRANSACTION,BENIGN,BACKGROUND_BENIGN
TX-N-03973,TRANSACTION,BENIGN,BACKGROUND_BENIGN
TX-N-03974,TRANSACTION,BENIGN,BACKGROUND_BENIGN
TX-N-03975,TRANSACTION,BENIGN,BACKGROUND_BENIGN
TX-N-03976,TRANSACTION,BENIGN,BACKGROUND_BENIGN
TX-N-03977,TRANSACTION,BENIGN,BACKGROUND_BENIGN
TX-N-03978,TRANSACTION,BENIGN,BACKGROUND_BENIGN
TX-N-03979,TRANSACTION,BENIGN,BACKGROUND_BENIGN
TX-N-03980,TRANSACTION,BENIGN,BACKGROUND_BENIGN
TX-N-03981,TRANSACTION,BENIGN,BACKGROUND_BENIGN
TX-N-03982,TRANSACTION,BENIGN,BACKGROUND_BENIGN
TX-N-03983,TRANSACTION,BENIGN,BACKGROUND_BENIGN
TX-N-03984,TRANSACTION,BENIGN,BACKGROUND_BENIGN
TX-N-03985,TRANSACTION,BENIGN,BACKGROUND_BENIGN
TX-N-03986,TRANSACTION,BENIGN,BACKGROUND_BENIGN
TX-N-03987,TRANSACTION,BENIGN,BACKGROUND_BENIGN
TX-N-03988,TRANSACTION,BENIGN,BACKGROUND_BENIGN
TX-N-03989,TRANSACTION,BENIGN,BACKGROUND_BENIGN
TX-N-03990,TRANSACTION,BENIGN,BACKGROUND_BENIGN
TX-N-03991,TRANSACTION,BENIGN,BACKGROUND_BENIGN
TX-N-03992,TRANSACTION,BENIGN,BACKGROUND_BENIGN
TX-N-03993,TRANSACTION,BENIGN,BACKGROUND_BENIGN
TX-N-03994,TRANSACTION,BENIGN,BACKGROUND_BENIGN
TX-N-03995,TRANSACTION,BENIGN,BACKGROUND_BENIGN
TX-N-03996,TRANSACTION,BENIGN,BACKGROUND_BENIGN
TX-N-03997,TRANSACTION,BENIGN,BACKGROUND_BENIGN
TX-N-03998,TRANSACTION,BENIGN,BACKGROUND_BENIGN
TX-N-03999,TRANSACTION,BENIGN,BACKGROUND_BENIGN
TX-N-04000,TRANSACTION,BENIGN,BACKGROUND_BENIGN
TX-N-04001,TRANSACTION,BENIGN,BACKGROUND_BENIGN
TX-N-04002,TRANSACTION,BENIGN,BACKGROUND_BENIGN
TX-N-04003,TRANSACTION,BENIGN,BACKGROUND_BENIGN
TX-N-04004,TRANSACTION,BENIGN,BACKGROUND_BENIGN
TX-N-04005,TRANSACTION,BENIGN,BACKGROUND_BENIGN
TX-N-04006,TRANSACTION,BENIGN,BACKGROUND_BENIGN
TX-N-04007,TRANSACTION,BENIGN,BACKGROUND_BENIGN
TX-N-04008,TRANSACTION,BENIGN,BACKGROUND_BENIGN
TX-N-04009,TRANSACTION,BENIGN,BACKGROUND_BENIGN
TX-N-04010,TRANSACTION,BENIGN,BACKGROUND_BENIGN
TX-N-04011,TRANSACTION,BENIGN,BACKGROUND_BENIGN
TX-N-04012,TRANSACTION,BENIGN,BACKGROUND_BENIGN
TX-N-04013,TRANSACTION,BENIGN,BACKGROUND_BENIGN
TX-N-04014,TRANSACTION,BENIGN,BACKGROUND_BENIGN
TX-N-04015,TRANSACTION,BENIGN,BACKGROUND_BENIGN
TX-N-04016,TRANSACTION,BENIGN,BACKGROUND_BENIGN
TX-N-04017,TRANSACTION,BENIGN,BACKGROUND_BENIGN
TX-N-04018,TRANSACTION,BENIGN,BACKGROUND_BENIGN
TX-N-04019,TRANSACTION,BENIGN,BACKGROUND_BENIGN
TX-N-04020,TRANSACTION,BENIGN,BACKGROUND_BENIGN
TX-N-04021,TRANSACTION,BENIGN,BACKGROUND_BENIGN
TX-N-04022,TRANSACTION,BENIGN,BACKGROUND_BENIGN
TX-N-04023,TRANSACTION,BENIGN,BACKGROUND_BENIGN
TX-N-04024,TRANSACTION,BENIGN,BACKGROUND_BENIGN
TX-N-04025,TRANSACTION,BENIGN,BACKGROUND_BENIGN
TX-N-04026,TRANSACTION,BENIGN,BACKGROUND_BENIGN
TX-N-04027,TRANSACTION,BENIGN,BACKGROUND_BENIGN
TX-N-04028,TRANSACTION,BENIGN,BACKGROUND_BENIGN
TX-N-04029,TRANSACTION,BENIGN,BACKGROUND_BENIGN
TX-N-04030,TRANSACTION,BENIGN,BACKGROUND_BENIGN
TX-N-04031,TRANSACTION,BENIGN,BACKGROUND_BENIGN
TX-N-04032,TRANSACTION,BENIGN,BACKGROUND_BENIGN
TX-N-04033,TRANSACTION,BENIGN,BACKGROUND_BENIGN
TX-N-04034,TRANSACTION,BENIGN,BACKGROUND_BENIGN
TX-N-04035,TRANSACTION,BENIGN,BACKGROUND_BENIGN
TX-N-04036,TRANSACTION,BENIGN,BACKGROUND_BENIGN
TX-N-04037,TRANSACTION,BENIGN,BACKGROUND_BENIGN
TX-N-04038,TRANSACTION,BENIGN,BACKGROUND_BENIGN
TX-N-04039,TRANSACTION,BENIGN,BACKGROUND_BENIGN
TX-N-04040,TRANSACTION,BENIGN,BACKGROUND_BENIGN
TX-N-04041,TRANSACTION,BENIGN,BACKGROUND_BENIGN
TX-N-04042,TRANSACTION,BENIGN,BACKGROUND_BENIGN
TX-N-04043,TRANSACTION,BENIGN,BACKGROUND_BENIGN
TX-N-04044,TRANSACTION,BENIGN,BACKGROUND_BENIGN
TX-N-04045,TRANSACTION,BENIGN,BACKGROUND_BENIGN
TX-N-04046,TRANSACTION,BENIGN,BACKGROUND_BENIGN
TX-N-04047,TRANSACTION,BENIGN,BACKGROUND_BENIGN
TX-N-04048,TRANSACTION,BENIGN,BACKGROUND_BENIGN
TX-N-04049,TRANSACTION,BENIGN,BACKGROUND_BENIGN
TX-N-04050,TRANSACTION,BENIGN,BACKGROUND_BENIGN
TX-N-04051,TRANSACTION,BENIGN,BACKGROUND_BENIGN
TX-N-04052,TRANSACTION,BENIGN,BACKGROUND_BENIGN
TX-N-04053,TRANSACTION,BENIGN,BACKGROUND_BENIGN
TX-N-04054,TRANSACTION,BENIGN,BACKGROUND_BENIGN
TX-N-04055,TRANSACTION,BENIGN,BACKGROUND_BENIGN
TX-N-04056,TRANSACTION,BENIGN,BACKGROUND_BENIGN
TX-N-04057,TRANSACTION,BENIGN,BACKGROUND_BENIGN
TX-N-04058,TRANSACTION,BENIGN,BACKGROUND_BENIGN
TX-N-04059,TRANSACTION,BENIGN,BACKGROUND_BENIGN
TX-N-04060,TRANSACTION,BENIGN,BACKGROUND_BENIGN
TX-N-04061,TRANSACTION,BENIGN,BACKGROUND_BENIGN
TX-N-04062,TRANSACTION,BENIGN,BACKGROUND_BENIGN
TX-N-04063,TRANSACTION,BENIGN,BACKGROUND_BENIGN
TX-N-04064,TRANSACTION,BENIGN,BACKGROUND_BENIGN
TX-N-04065,TRANSACTION,BENIGN,BACKGROUND_BENIGN
TX-N-04066,TRANSACTION,BENIGN,BACKGROUND_BENIGN
TX-N-04067,TRANSACTION,BENIGN,BACKGROUND_BENIGN
TX-N-04068,TRANSACTION,BENIGN,BACKGROUND_BENIGN
TX-N-04069,TRANSACTION,BENIGN,BACKGROUND_BENIGN
TX-N-04070,TRANSACTION,BENIGN,BACKGROUND_BENIGN
TX-N-04071,TRANSACTION,BENIGN,BACKGROUND_BENIGN
TX-N-04072,TRANSACTION,BENIGN,BACKGROUND_BENIGN
TX-N-04073,TRANSACTION,BENIGN,BACKGROUND_BENIGN
TX-N-04074,TRANSACTION,BENIGN,BACKGROUND_BENIGN
TX-N-04075,TRANSACTION,BENIGN,BACKGROUND_BENIGN
TX-N-04076,TRANSACTION,BENIGN,BACKGROUND_BENIGN
TX-N-04077,TRANSACTION,BENIGN,BACKGROUND_BENIGN
TX-N-04078,TRANSACTION,BENIGN,BACKGROUND_BENIGN
TX-N-04079,TRANSACTION,BENIGN,BACKGROUND_BENIGN
TX-N-04080,TRANSACTION,BENIGN,BACKGROUND_BENIGN
TX-N-04081,TRANSACTION,BENIGN,BACKGROUND_BENIGN
TX-N-04082,TRANSACTION,BENIGN,BACKGROUND_BENIGN
TX-N-04083,TRANSACTION,BENIGN,BACKGROUND_BENIGN
TX-N-04084,TRANSACTION,BENIGN,BACKGROUND_BENIGN
TX-N-04085,TRANSACTION,BENIGN,BACKGROUND_BENIGN
TX-N-04086,TRANSACTION,BENIGN,BACKGROUND_BENIGN
TX-N-04087,TRANSACTION,BENIGN,BACKGROUND_BENIGN
TX-N-04088,TRANSACTION,BENIGN,BACKGROUND_BENIGN
TX-N-04089,TRANSACTION,BENIGN,BACKGROUND_BENIGN
TX-N-04090,TRANSACTION,BENIGN,BACKGROUND_BENIGN
TX-N-04091,TRANSACTION,BENIGN,BACKGROUND_BENIGN
TX-N-04092,TRANSACTION,BENIGN,BACKGROUND_BENIGN
TX-N-04093,TRANSACTION,BENIGN,BACKGROUND_BENIGN
TX-N-04094,TRANSACTION,BENIGN,BACKGROUND_BENIGN
TX-N-04095,TRANSACTION,BENIGN,BACKGROUND_BENIGN
TX-N-04096,TRANSACTION,BENIGN,BACKGROUND_BENIGN
TX-N-04097,TRANSACTION,BENIGN,BACKGROUND_BENIGN
TX-N-04098,TRANSACTION,BENIGN,BACKGROUND_BENIGN
TX-N-04099,TRANSACTION,BENIGN,BACKGROUND_BENIGN
TX-N-04100,TRANSACTION,BENIGN,BACKGROUND_BENIGN
TX-N-04101,TRANSACTION,BENIGN,BACKGROUND_BENIGN
TX-N-04102,TRANSACTION,BENIGN,BACKGROUND_BENIGN
TX-N-04103,TRANSACTION,BENIGN,BACKGROUND_BENIGN
TX-N-04104,TRANSACTION,BENIGN,BACKGROUND_BENIGN
TX-N-04105,TRANSACTION,BENIGN,BACKGROUND_BENIGN
TX-N-04106,TRANSACTION,BENIGN,BACKGROUND_BENIGN
TX-N-04107,TRANSACTION,BENIGN,BACKGROUND_BENIGN
TX-N-04108,TRANSACTION,BENIGN,BACKGROUND_BENIGN
TX-N-04109,TRANSACTION,BENIGN,BACKGROUND_BENIGN
TX-N-04110,TRANSACTION,BENIGN,BACKGROUND_BENIGN
TX-N-04111,TRANSACTION,BENIGN,BACKGROUND_BENIGN
TX-N-04112,TRANSACTION,BENIGN,BACKGROUND_BENIGN
TX-N-04113,TRANSACTION,BENIGN,BACKGROUND_BENIGN
TX-N-04114,TRANSACTION,BENIGN,BACKGROUND_BENIGN
TX-N-04115,TRANSACTION,BENIGN,BACKGROUND_BENIGN
TX-N-04116,TRANSACTION,BENIGN,BACKGROUND_BENIGN
TX-N-04117,TRANSACTION,BENIGN,BACKGROUND_BENIGN
TX-N-04118,TRANSACTION,BENIGN,BACKGROUND_BENIGN
TX-N-04119,TRANSACTION,BENIGN,BACKGROUND_BENIGN
TX-N-04120,TRANSACTION,BENIGN,BACKGROUND_BENIGN
TX-N-04121,TRANSACTION,BENIGN,BACKGROUND_BENIGN
TX-N-04122,TRANSACTION,BENIGN,BACKGROUND_BENIGN
TX-N-04123,TRANSACTION,BENIGN,BACKGROUND_BENIGN
TX-N-04124,TRANSACTION,BENIGN,BACKGROUND_BENIGN
TX-N-04125,TRANSACTION,BENIGN,BACKGROUND_BENIGN
TX-N-04126,TRANSACTION,BENIGN,BACKGROUND_BENIGN
TX-N-04127,TRANSACTION,BENIGN,BACKGROUND_BENIGN
TX-N-04128,TRANSACTION,BENIGN,BACKGROUND_BENIGN
TX-N-04129,TRANSACTION,BENIGN,BACKGROUND_BENIGN
TX-N-04130,TRANSACTION,BENIGN,BACKGROUND_BENIGN
TX-N-04131,TRANSACTION,BENIGN,BACKGROUND_BENIGN
TX-N-04132,TRANSACTION,BENIGN,BACKGROUND_BENIGN
TX-N-04133,TRANSACTION,BENIGN,BACKGROUND_BENIGN
TX-N-04134,TRANSACTION,BENIGN,BACKGROUND_BENIGN
TX-N-04135,TRANSACTION,BENIGN,BACKGROUND_BENIGN
TX-N-04136,TRANSACTION,BENIGN,BACKGROUND_BENIGN
TX-N-04137,TRANSACTION,BENIGN,BACKGROUND_BENIGN
TX-N-04138,TRANSACTION,BENIGN,BACKGROUND_BENIGN
TX-N-04139,TRANSACTION,BENIGN,BACKGROUND_BENIGN
TX-N-04140,TRANSACTION,BENIGN,BACKGROUND_BENIGN
TX-N-04141,TRANSACTION,BENIGN,BACKGROUND_BENIGN
TX-N-04142,TRANSACTION,BENIGN,BACKGROUND_BENIGN
TX-N-04143,TRANSACTION,BENIGN,BACKGROUND_BENIGN
TX-N-04144,TRANSACTION,BENIGN,BACKGROUND_BENIGN
TX-N-04145,TRANSACTION,BENIGN,BACKGROUND_BENIGN
TX-N-04146,TRANSACTION,BENIGN,BACKGROUND_BENIGN
TX-N-04147,TRANSACTION,BENIGN,BACKGROUND_BENIGN
TX-N-04148,TRANSACTION,BENIGN,BACKGROUND_BENIGN
TX-N-04149,TRANSACTION,BENIGN,BACKGROUND_BENIGN
TX-N-04150,TRANSACTION,BENIGN,BACKGROUND_BENIGN
TX-N-04151,TRANSACTION,BENIGN,BACKGROUND_BENIGN
TX-N-04152,TRANSACTION,BENIGN,BACKGROUND_BENIGN
TX-N-04153,TRANSACTION,BENIGN,BACKGROUND_BENIGN
TX-N-04154,TRANSACTION,BENIGN,BACKGROUND_BENIGN
TX-N-04155,TRANSACTION,BENIGN,BACKGROUND_BENIGN
TX-N-04156,TRANSACTION,BENIGN,BACKGROUND_BENIGN
TX-N-04157,TRANSACTION,BENIGN,BACKGROUND_BENIGN
TX-N-04158,TRANSACTION,BENIGN,BACKGROUND_BENIGN
TX-N-04159,TRANSACTION,BENIGN,BACKGROUND_BENIGN
TX-N-04160,TRANSACTION,BENIGN,BACKGROUND_BENIGN
TX-N-04161,TRANSACTION,BENIGN,BACKGROUND_BENIGN
TX-N-04162,TRANSACTION,BENIGN,BACKGROUND_BENIGN
TX-N-04163,TRANSACTION,BENIGN,BACKGROUND_BENIGN
TX-N-04164,TRANSACTION,BENIGN,BACKGROUND_BENIGN
TX-N-04165,TRANSACTION,BENIGN,BACKGROUND_BENIGN
TX-N-04166,TRANSACTION,BENIGN,BACKGROUND_BENIGN
TX-N-04167,TRANSACTION,BENIGN,BACKGROUND_BENIGN
TX-N-04168,TRANSACTION,BENIGN,BACKGROUND_BENIGN
TX-N-04169,TRANSACTION,BENIGN,BACKGROUND_BENIGN
TX-N-04170,TRANSACTION,BENIGN,BACKGROUND_BENIGN
TX-N-04171,TRANSACTION,BENIGN,BACKGROUND_BENIGN
TX-N-04172,TRANSACTION,BENIGN,BACKGROUND_BENIGN
TX-N-04173,TRANSACTION,BENIGN,BACKGROUND_BENIGN
TX-N-04174,TRANSACTION,BENIGN,BACKGROUND_BENIGN
TX-N-04175,TRANSACTION,BENIGN,BACKGROUND_BENIGN
TX-N-04176,TRANSACTION,BENIGN,BACKGROUND_BENIGN
TX-N-04177,TRANSACTION,BENIGN,BACKGROUND_BENIGN
TX-N-04178,TRANSACTION,BENIGN,BACKGROUND_BENIGN
TX-N-04179,TRANSACTION,BENIGN,BACKGROUND_BENIGN
TX-N-04180,TRANSACTION,BENIGN,BACKGROUND_BENIGN
TX-N-04181,TRANSACTION,BENIGN,BACKGROUND_BENIGN
TX-N-04182,TRANSACTION,BENIGN,BACKGROUND_BENIGN
TX-N-04183,TRANSACTION,BENIGN,BACKGROUND_BENIGN
TX-N-04184,TRANSACTION,BENIGN,BACKGROUND_BENIGN
TX-N-04185,TRANSACTION,BENIGN,BACKGROUND_BENIGN
TX-N-04186,TRANSACTION,BENIGN,BACKGROUND_BENIGN
TX-N-04187,TRANSACTION,BENIGN,BACKGROUND_BENIGN
TX-N-04188,TRANSACTION,BENIGN,BACKGROUND_BENIGN
TX-N-04189,TRANSACTION,BENIGN,BACKGROUND_BENIGN
TX-N-04190,TRANSACTION,BENIGN,BACKGROUND_BENIGN
TX-N-04191,TRANSACTION,BENIGN,BACKGROUND_BENIGN
TX-N-04192,TRANSACTION,BENIGN,BACKGROUND_BENIGN
TX-N-04193,TRANSACTION,BENIGN,BACKGROUND_BENIGN
TX-N-04194,TRANSACTION,BENIGN,BACKGROUND_BENIGN
TX-N-04195,TRANSACTION,BENIGN,BACKGROUND_BENIGN
TX-N-04196,TRANSACTION,BENIGN,BACKGROUND_BENIGN
TX-N-04197,TRANSACTION,BENIGN,BACKGROUND_BENIGN
TX-N-04198,TRANSACTION,BENIGN,BACKGROUND_BENIGN
TX-N-04199,TRANSACTION,BENIGN,BACKGROUND_BENIGN
TX-N-04200,TRANSACTION,BENIGN,BACKGROUND_BENIGN
TX-N-04201,TRANSACTION,BENIGN,BACKGROUND_BENIGN
TX-N-04202,TRANSACTION,BENIGN,BACKGROUND_BENIGN
TX-N-04203,TRANSACTION,BENIGN,BACKGROUND_BENIGN
TX-N-04204,TRANSACTION,BENIGN,BACKGROUND_BENIGN
TX-N-04205,TRANSACTION,BENIGN,BACKGROUND_BENIGN
TX-N-04206,TRANSACTION,BENIGN,BACKGROUND_BENIGN
TX-N-04207,TRANSACTION,BENIGN,BACKGROUND_BENIGN
TX-N-04208,TRANSACTION,BENIGN,BACKGROUND_BENIGN
TX-N-04209,TRANSACTION,BENIGN,BACKGROUND_BENIGN
TX-N-04210,TRANSACTION,BENIGN,BACKGROUND_BENIGN
TX-N-04211,TRANSACTION,BENIGN,BACKGROUND_BENIGN
TX-N-04212,TRANSACTION,BENIGN,BACKGROUND_BENIGN
TX-N-04213,TRANSACTION,BENIGN,BACKGROUND_BENIGN
TX-N-04214,TRANSACTION,BENIGN,BACKGROUND_BENIGN
TX-N-04215,TRANSACTION,BENIGN,BACKGROUND_BENIGN
TX-N-04216,TRANSACTION,BENIGN,BACKGROUND_BENIGN
TX-N-04217,TRANSACTION,BENIGN,BACKGROUND_BENIGN
TX-N-04218,TRANSACTION,BENIGN,BACKGROUND_BENIGN
TX-N-04219,TRANSACTION,BENIGN,BACKGROUND_BENIGN
TX-N-04220,TRANSACTION,BENIGN,BACKGROUND_BENIGN
TX-N-04221,TRANSACTION,BENIGN,BACKGROUND_BENIGN
TX-N-04222,TRANSACTION,BENIGN,BACKGROUND_BENIGN
TX-N-04223,TRANSACTION,BENIGN,BACKGROUND_BENIGN
TX-N-04224,TRANSACTION,BENIGN,BACKGROUND_BENIGN
TX-N-04225,TRANSACTION,BENIGN,BACKGROUND_BENIGN
TX-N-04226,TRANSACTION,BENIGN,BACKGROUND_BENIGN
TX-N-04227,TRANSACTION,BENIGN,BACKGROUND_BENIGN
TX-N-04228,TRANSACTION,BENIGN,BACKGROUND_BENIGN
TX-N-04229,TRANSACTION,BENIGN,BACKGROUND_BENIGN
TX-N-04230,TRANSACTION,BENIGN,BACKGROUND_BENIGN
TX-N-04231,TRANSACTION,BENIGN,BACKGROUND_BENIGN
TX-N-04232,TRANSACTION,BENIGN,BACKGROUND_BENIGN
TX-N-04233,TRANSACTION,BENIGN,BACKGROUND_BENIGN
TX-N-04234,TRANSACTION,BENIGN,BACKGROUND_BENIGN
TX-N-04235,TRANSACTION,BENIGN,BACKGROUND_BENIGN
TX-N-04236,TRANSACTION,BENIGN,BACKGROUND_BENIGN
TX-N-04237,TRANSACTION,BENIGN,BACKGROUND_BENIGN
TX-N-04238,TRANSACTION,BENIGN,BACKGROUND_BENIGN
TX-N-04239,TRANSACTION,BENIGN,BACKGROUND_BENIGN
TX-N-04240,TRANSACTION,BENIGN,BACKGROUND_BENIGN
TX-N-04241,TRANSACTION,BENIGN,BACKGROUND_BENIGN
TX-N-04242,TRANSACTION,BENIGN,BACKGROUND_BENIGN
TX-N-04243,TRANSACTION,BENIGN,BACKGROUND_BENIGN
TX-N-04244,TRANSACTION,BENIGN,BACKGROUND_BENIGN
TX-N-04245,TRANSACTION,BENIGN,BACKGROUND_BENIGN
TX-N-04246,TRANSACTION,BENIGN,BACKGROUND_BENIGN
TX-N-04247,TRANSACTION,BENIGN,BACKGROUND_BENIGN
TX-N-04248,TRANSACTION,BENIGN,BACKGROUND_BENIGN
TX-N-04249,TRANSACTION,BENIGN,BACKGROUND_BENIGN
TX-N-04250,TRANSACTION,BENIGN,BACKGROUND_BENIGN
TX-N-04251,TRANSACTION,BENIGN,BACKGROUND_BENIGN
TX-N-04252,TRANSACTION,BENIGN,BACKGROUND_BENIGN
TX-N-04253,TRANSACTION,BENIGN,BACKGROUND_BENIGN
TX-N-04254,TRANSACTION,BENIGN,BACKGROUND_BENIGN
TX-N-04255,TRANSACTION,BENIGN,BACKGROUND_BENIGN
TX-N-04256,TRANSACTION,BENIGN,BACKGROUND_BENIGN
TX-N-04257,TRANSACTION,BENIGN,BACKGROUND_BENIGN
TX-N-04258,TRANSACTION,BENIGN,BACKGROUND_BENIGN
TX-N-04259,TRANSACTION,BENIGN,BACKGROUND_BENIGN
TX-N-04260,TRANSACTION,BENIGN,BACKGROUND_BENIGN
TX-N-04261,TRANSACTION,BENIGN,BACKGROUND_BENIGN
TX-N-04262,TRANSACTION,BENIGN,BACKGROUND_BENIGN
TX-N-04263,TRANSACTION,BENIGN,BACKGROUND_BENIGN
TX-N-04264,TRANSACTION,BENIGN,BACKGROUND_BENIGN
TX-N-04265,TRANSACTION,BENIGN,BACKGROUND_BENIGN
TX-N-04266,TRANSACTION,BENIGN,BACKGROUND_BENIGN
TX-N-04267,TRANSACTION,BENIGN,BACKGROUND_BENIGN
TX-N-04268,TRANSACTION,BENIGN,BACKGROUND_BENIGN
TX-N-04269,TRANSACTION,BENIGN,BACKGROUND_BENIGN
TX-N-04270,TRANSACTION,BENIGN,BACKGROUND_BENIGN
TX-N-04271,TRANSACTION,BENIGN,BACKGROUND_BENIGN
TX-N-04272,TRANSACTION,BENIGN,BACKGROUND_BENIGN
TX-N-04273,TRANSACTION,BENIGN,BACKGROUND_BENIGN
TX-N-04274,TRANSACTION,BENIGN,BACKGROUND_BENIGN
TX-N-04275,TRANSACTION,BENIGN,BACKGROUND_BENIGN
TX-N-04276,TRANSACTION,BENIGN,BACKGROUND_BENIGN
TX-N-04277,TRANSACTION,BENIGN,BACKGROUND_BENIGN
TX-N-04278,TRANSACTION,BENIGN,BACKGROUND_BENIGN
TX-N-04279,TRANSACTION,BENIGN,BACKGROUND_BENIGN
TX-N-04280,TRANSACTION,BENIGN,BACKGROUND_BENIGN
TX-N-04281,TRANSACTION,BENIGN,BACKGROUND_BENIGN
TX-N-04282,TRANSACTION,BENIGN,BACKGROUND_BENIGN
TX-N-04283,TRANSACTION,BENIGN,BACKGROUND_BENIGN
TX-N-04284,TRANSACTION,BENIGN,BACKGROUND_BENIGN
TX-N-04285,TRANSACTION,BENIGN,BACKGROUND_BENIGN
TX-N-04286,TRANSACTION,BENIGN,BACKGROUND_BENIGN
TX-N-04287,TRANSACTION,BENIGN,BACKGROUND_BENIGN
TX-N-04288,TRANSACTION,BENIGN,BACKGROUND_BENIGN
TX-N-04289,TRANSACTION,BENIGN,BACKGROUND_BENIGN
TX-N-04290,TRANSACTION,BENIGN,BACKGROUND_BENIGN
TX-N-04291,TRANSACTION,BENIGN,BACKGROUND_BENIGN
TX-N-04292,TRANSACTION,BENIGN,BACKGROUND_BENIGN
TX-N-04293,TRANSACTION,BENIGN,BACKGROUND_BENIGN
TX-N-04294,TRANSACTION,BENIGN,BACKGROUND_BENIGN
TX-N-04295,TRANSACTION,BENIGN,BACKGROUND_BENIGN
TX-N-04296,TRANSACTION,BENIGN,BACKGROUND_BENIGN
TX-N-04297,TRANSACTION,BENIGN,BACKGROUND_BENIGN
TX-N-04298,TRANSACTION,BENIGN,BACKGROUND_BENIGN
TX-N-04299,TRANSACTION,BENIGN,BACKGROUND_BENIGN
TX-N-04300,TRANSACTION,BENIGN,BACKGROUND_BENIGN
TX-N-04301,TRANSACTION,BENIGN,BACKGROUND_BENIGN
TX-N-04302,TRANSACTION,BENIGN,BACKGROUND_BENIGN
TX-N-04303,TRANSACTION,BENIGN,BACKGROUND_BENIGN
TX-N-04304,TRANSACTION,BENIGN,BACKGROUND_BENIGN
TX-N-04305,TRANSACTION,BENIGN,BACKGROUND_BENIGN
TX-N-04306,TRANSACTION,BENIGN,BACKGROUND_BENIGN
TX-N-04307,TRANSACTION,BENIGN,BACKGROUND_BENIGN
TX-N-04308,TRANSACTION,BENIGN,BACKGROUND_BENIGN
TX-N-04309,TRANSACTION,BENIGN,BACKGROUND_BENIGN
TX-N-04310,TRANSACTION,BENIGN,BACKGROUND_BENIGN
TX-N-04311,TRANSACTION,BENIGN,BACKGROUND_BENIGN
TX-N-04312,TRANSACTION,BENIGN,BACKGROUND_BENIGN
TX-N-04313,TRANSACTION,BENIGN,BACKGROUND_BENIGN
TX-N-04314,TRANSACTION,BENIGN,BACKGROUND_BENIGN
TX-N-04315,TRANSACTION,BENIGN,BACKGROUND_BENIGN
TX-N-04316,TRANSACTION,BENIGN,BACKGROUND_BENIGN
TX-N-04317,TRANSACTION,BENIGN,BACKGROUND_BENIGN
TX-N-04318,TRANSACTION,BENIGN,BACKGROUND_BENIGN
TX-N-04319,TRANSACTION,BENIGN,BACKGROUND_BENIGN
TX-N-04320,TRANSACTION,BENIGN,BACKGROUND_BENIGN
TX-N-04321,TRANSACTION,BENIGN,BACKGROUND_BENIGN
TX-N-04322,TRANSACTION,BENIGN,BACKGROUND_BENIGN
TX-N-04323,TRANSACTION,BENIGN,BACKGROUND_BENIGN
TX-N-04324,TRANSACTION,BENIGN,BACKGROUND_BENIGN
TX-N-04325,TRANSACTION,BENIGN,BACKGROUND_BENIGN
TX-N-04326,TRANSACTION,BENIGN,BACKGROUND_BENIGN
TX-N-04327,TRANSACTION,BENIGN,BACKGROUND_BENIGN
TX-N-04328,TRANSACTION,BENIGN,BACKGROUND_BENIGN
TX-N-04329,TRANSACTION,BENIGN,BACKGROUND_BENIGN
TX-N-04330,TRANSACTION,BENIGN,BACKGROUND_BENIGN
TX-N-04331,TRANSACTION,BENIGN,BACKGROUND_BENIGN
TX-N-04332,TRANSACTION,BENIGN,BACKGROUND_BENIGN
TX-N-04333,TRANSACTION,BENIGN,BACKGROUND_BENIGN
TX-N-04334,TRANSACTION,BENIGN,BACKGROUND_BENIGN
TX-N-04335,TRANSACTION,BENIGN,BACKGROUND_BENIGN
TX-N-04336,TRANSACTION,BENIGN,BACKGROUND_BENIGN
TX-N-04337,TRANSACTION,BENIGN,BACKGROUND_BENIGN
TX-N-04338,TRANSACTION,BENIGN,BACKGROUND_BENIGN
TX-N-04339,TRANSACTION,BENIGN,BACKGROUND_BENIGN
TX-N-04340,TRANSACTION,BENIGN,BACKGROUND_BENIGN
TX-N-04341,TRANSACTION,BENIGN,BACKGROUND_BENIGN
TX-N-04342,TRANSACTION,BENIGN,BACKGROUND_BENIGN
TX-N-04343,TRANSACTION,BENIGN,BACKGROUND_BENIGN
TX-N-04344,TRANSACTION,BENIGN,BACKGROUND_BENIGN
TX-N-04345,TRANSACTION,BENIGN,BACKGROUND_BENIGN
TX-N-04346,TRANSACTION,BENIGN,BACKGROUND_BENIGN
TX-N-04347,TRANSACTION,BENIGN,BACKGROUND_BENIGN
TX-N-04348,TRANSACTION,BENIGN,BACKGROUND_BENIGN
TX-N-04349,TRANSACTION,BENIGN,BACKGROUND_BENIGN
TX-N-04350,TRANSACTION,BENIGN,BACKGROUND_BENIGN
TX-N-04351,TRANSACTION,BENIGN,BACKGROUND_BENIGN
TX-N-04352,TRANSACTION,BENIGN,BACKGROUND_BENIGN
TX-N-04353,TRANSACTION,BENIGN,BACKGROUND_BENIGN
TX-N-04354,TRANSACTION,BENIGN,BACKGROUND_BENIGN
TX-N-04355,TRANSACTION,BENIGN,BACKGROUND_BENIGN
TX-N-04356,TRANSACTION,BENIGN,BACKGROUND_BENIGN
TX-N-04357,TRANSACTION,BENIGN,BACKGROUND_BENIGN
TX-N-04358,TRANSACTION,BENIGN,BACKGROUND_BENIGN
TX-N-04359,TRANSACTION,BENIGN,BACKGROUND_BENIGN
TX-N-04360,TRANSACTION,BENIGN,BACKGROUND_BENIGN
TX-N-04361,TRANSACTION,BENIGN,BACKGROUND_BENIGN
TX-N-04362,TRANSACTION,BENIGN,BACKGROUND_BENIGN
TX-N-04363,TRANSACTION,BENIGN,BACKGROUND_BENIGN
TX-N-04364,TRANSACTION,BENIGN,BACKGROUND_BENIGN
TX-N-04365,TRANSACTION,BENIGN,BACKGROUND_BENIGN
TX-N-04366,TRANSACTION,BENIGN,BACKGROUND_BENIGN
TX-N-04367,TRANSACTION,BENIGN,BACKGROUND_BENIGN
TX-N-04368,TRANSACTION,BENIGN,BACKGROUND_BENIGN
TX-N-04369,TRANSACTION,BENIGN,BACKGROUND_BENIGN
TX-N-04370,TRANSACTION,BENIGN,BACKGROUND_BENIGN
TX-N-04371,TRANSACTION,BENIGN,BACKGROUND_BENIGN
TX-N-04372,TRANSACTION,BENIGN,BACKGROUND_BENIGN
TX-N-04373,TRANSACTION,BENIGN,BACKGROUND_BENIGN
TX-N-04374,TRANSACTION,BENIGN,BACKGROUND_BENIGN
TX-N-04375,TRANSACTION,BENIGN,BACKGROUND_BENIGN
TX-N-04376,TRANSACTION,BENIGN,BACKGROUND_BENIGN
TX-N-04377,TRANSACTION,BENIGN,BACKGROUND_BENIGN
TX-N-04378,TRANSACTION,BENIGN,BACKGROUND_BENIGN
TX-N-04379,TRANSACTION,BENIGN,BACKGROUND_BENIGN
TX-N-04380,TRANSACTION,BENIGN,BACKGROUND_BENIGN
TX-N-04381,TRANSACTION,BENIGN,BACKGROUND_BENIGN
TX-N-04382,TRANSACTION,BENIGN,BACKGROUND_BENIGN
TX-N-04383,TRANSACTION,BENIGN,BACKGROUND_BENIGN
TX-N-04384,TRANSACTION,BENIGN,BACKGROUND_BENIGN
TX-N-04385,TRANSACTION,BENIGN,BACKGROUND_BENIGN
TX-N-04386,TRANSACTION,BENIGN,BACKGROUND_BENIGN
TX-N-04387,TRANSACTION,BENIGN,BACKGROUND_BENIGN
TX-N-04388,TRANSACTION,BENIGN,BACKGROUND_BENIGN
TX-N-04389,TRANSACTION,BENIGN,BACKGROUND_BENIGN
TX-N-04390,TRANSACTION,BENIGN,BACKGROUND_BENIGN
TX-N-04391,TRANSACTION,BENIGN,BACKGROUND_BENIGN
TX-N-04392,TRANSACTION,BENIGN,BACKGROUND_BENIGN
TX-N-04393,TRANSACTION,BENIGN,BACKGROUND_BENIGN
TX-N-04394,TRANSACTION,BENIGN,BACKGROUND_BENIGN
TX-N-04395,TRANSACTION,BENIGN,BACKGROUND_BENIGN
TX-N-04396,TRANSACTION,BENIGN,BACKGROUND_BENIGN
TX-N-04397,TRANSACTION,BENIGN,BACKGROUND_BENIGN
TX-N-04398,TRANSACTION,BENIGN,BACKGROUND_BENIGN
TX-N-04399,TRANSACTION,BENIGN,BACKGROUND_BENIGN
TX-N-04400,TRANSACTION,BENIGN,BACKGROUND_BENIGN
TX-N-04401,TRANSACTION,BENIGN,BACKGROUND_BENIGN
TX-N-04402,TRANSACTION,BENIGN,BACKGROUND_BENIGN
TX-N-04403,TRANSACTION,BENIGN,BACKGROUND_BENIGN
TX-N-04404,TRANSACTION,BENIGN,BACKGROUND_BENIGN
TX-N-04405,TRANSACTION,BENIGN,BACKGROUND_BENIGN
TX-N-04406,TRANSACTION,BENIGN,BACKGROUND_BENIGN
TX-N-04407,TRANSACTION,BENIGN,BACKGROUND_BENIGN
TX-N-04408,TRANSACTION,BENIGN,BACKGROUND_BENIGN
TX-N-04409,TRANSACTION,BENIGN,BACKGROUND_BENIGN
TX-N-04410,TRANSACTION,BENIGN,BACKGROUND_BENIGN
TX-N-04411,TRANSACTION,BENIGN,BACKGROUND_BENIGN
TX-N-04412,TRANSACTION,BENIGN,BACKGROUND_BENIGN
TX-N-04413,TRANSACTION,BENIGN,BACKGROUND_BENIGN
TX-N-04414,TRANSACTION,BENIGN,BACKGROUND_BENIGN
TX-N-04415,TRANSACTION,BENIGN,BACKGROUND_BENIGN
TX-N-04416,TRANSACTION,BENIGN,BACKGROUND_BENIGN
TX-N-04417,TRANSACTION,BENIGN,BACKGROUND_BENIGN
TX-N-04418,TRANSACTION,BENIGN,BACKGROUND_BENIGN
TX-N-04419,TRANSACTION,BENIGN,BACKGROUND_BENIGN
TX-N-04420,TRANSACTION,BENIGN,BACKGROUND_BENIGN
TX-N-04421,TRANSACTION,BENIGN,BACKGROUND_BENIGN
TX-N-04422,TRANSACTION,BENIGN,BACKGROUND_BENIGN
TX-N-04423,TRANSACTION,BENIGN,BACKGROUND_BENIGN
TX-N-04424,TRANSACTION,BENIGN,BACKGROUND_BENIGN
TX-N-04425,TRANSACTION,BENIGN,BACKGROUND_BENIGN
TX-N-04426,TRANSACTION,BENIGN,BACKGROUND_BENIGN
TX-N-04427,TRANSACTION,BENIGN,BACKGROUND_BENIGN
TX-N-04428,TRANSACTION,BENIGN,BACKGROUND_BENIGN
TX-N-04429,TRANSACTION,BENIGN,BACKGROUND_BENIGN
TX-N-04430,TRANSACTION,BENIGN,BACKGROUND_BENIGN
TX-N-04431,TRANSACTION,BENIGN,BACKGROUND_BENIGN
TX-N-04432,TRANSACTION,BENIGN,BACKGROUND_BENIGN
TX-N-04433,TRANSACTION,BENIGN,BACKGROUND_BENIGN
TX-N-04434,TRANSACTION,BENIGN,BACKGROUND_BENIGN
TX-N-04435,TRANSACTION,BENIGN,BACKGROUND_BENIGN
TX-N-04436,TRANSACTION,BENIGN,BACKGROUND_BENIGN
TX-N-04437,TRANSACTION,BENIGN,BACKGROUND_BENIGN
TX-N-04438,TRANSACTION,BENIGN,BACKGROUND_BENIGN
TX-N-04439,TRANSACTION,BENIGN,BACKGROUND_BENIGN
TX-N-04440,TRANSACTION,BENIGN,BACKGROUND_BENIGN
TX-N-04441,TRANSACTION,BENIGN,BACKGROUND_BENIGN
TX-N-04442,TRANSACTION,BENIGN,BACKGROUND_BENIGN
TX-N-04443,TRANSACTION,BENIGN,BACKGROUND_BENIGN
TX-N-04444,TRANSACTION,BENIGN,BACKGROUND_BENIGN
TX-N-04445,TRANSACTION,BENIGN,BACKGROUND_BENIGN
TX-N-04446,TRANSACTION,BENIGN,BACKGROUND_BENIGN
TX-N-04447,TRANSACTION,BENIGN,BACKGROUND_BENIGN
TX-N-04448,TRANSACTION,BENIGN,BACKGROUND_BENIGN
TX-N-04449,TRANSACTION,BENIGN,BACKGROUND_BENIGN
TX-N-04450,TRANSACTION,BENIGN,BACKGROUND_BENIGN
TX-N-04451,TRANSACTION,BENIGN,BACKGROUND_BENIGN
TX-N-04452,TRANSACTION,BENIGN,BACKGROUND_BENIGN
TX-N-04453,TRANSACTION,BENIGN,BACKGROUND_BENIGN
TX-N-04454,TRANSACTION,BENIGN,BACKGROUND_BENIGN
TX-N-04455,TRANSACTION,BENIGN,BACKGROUND_BENIGN
TX-N-04456,TRANSACTION,BENIGN,BACKGROUND_BENIGN
TX-N-04457,TRANSACTION,BENIGN,BACKGROUND_BENIGN
TX-N-04458,TRANSACTION,BENIGN,BACKGROUND_BENIGN
TX-N-04459,TRANSACTION,BENIGN,BACKGROUND_BENIGN
TX-N-04460,TRANSACTION,BENIGN,BACKGROUND_BENIGN
TX-N-04461,TRANSACTION,BENIGN,BACKGROUND_BENIGN
TX-N-04462,TRANSACTION,BENIGN,BACKGROUND_BENIGN
TX-N-04463,TRANSACTION,BENIGN,BACKGROUND_BENIGN
TX-N-04464,TRANSACTION,BENIGN,BACKGROUND_BENIGN
TX-N-04465,TRANSACTION,BENIGN,BACKGROUND_BENIGN
TX-N-04466,TRANSACTION,BENIGN,BACKGROUND_BENIGN
TX-N-04467,TRANSACTION,BENIGN,BACKGROUND_BENIGN
TX-N-04468,TRANSACTION,BENIGN,BACKGROUND_BENIGN
TX-N-04469,TRANSACTION,BENIGN,BACKGROUND_BENIGN
TX-N-04470,TRANSACTION,BENIGN,BACKGROUND_BENIGN
TX-N-04471,TRANSACTION,BENIGN,BACKGROUND_BENIGN
TX-N-04472,TRANSACTION,BENIGN,BACKGROUND_BENIGN
TX-N-04473,TRANSACTION,BENIGN,BACKGROUND_BENIGN
TX-N-04474,TRANSACTION,BENIGN,BACKGROUND_BENIGN
TX-N-04475,TRANSACTION,BENIGN,BACKGROUND_BENIGN
TX-N-04476,TRANSACTION,BENIGN,BACKGROUND_BENIGN
TX-N-04477,TRANSACTION,BENIGN,BACKGROUND_BENIGN
TX-N-04478,TRANSACTION,BENIGN,BACKGROUND_BENIGN
TX-N-04479,TRANSACTION,BENIGN,BACKGROUND_BENIGN
TX-N-04480,TRANSACTION,BENIGN,BACKGROUND_BENIGN
TX-N-04481,TRANSACTION,BENIGN,BACKGROUND_BENIGN
TX-N-04482,TRANSACTION,BENIGN,BACKGROUND_BENIGN
TX-N-04483,TRANSACTION,BENIGN,BACKGROUND_BENIGN
TX-N-04484,TRANSACTION,BENIGN,BACKGROUND_BENIGN
TX-N-04485,TRANSACTION,BENIGN,BACKGROUND_BENIGN
TX-N-04486,TRANSACTION,BENIGN,BACKGROUND_BENIGN
TX-N-04487,TRANSACTION,BENIGN,BACKGROUND_BENIGN
TX-N-04488,TRANSACTION,BENIGN,BACKGROUND_BENIGN
TX-N-04489,TRANSACTION,BENIGN,BACKGROUND_BENIGN
TX-N-04490,TRANSACTION,BENIGN,BACKGROUND_BENIGN
TX-N-04491,TRANSACTION,BENIGN,BACKGROUND_BENIGN
TX-N-04492,TRANSACTION,BENIGN,BACKGROUND_BENIGN
TX-N-04493,TRANSACTION,BENIGN,BACKGROUND_BENIGN
TX-N-04494,TRANSACTION,BENIGN,BACKGROUND_BENIGN
TX-N-04495,TRANSACTION,BENIGN,BACKGROUND_BENIGN
TX-N-04496,TRANSACTION,BENIGN,BACKGROUND_BENIGN
TX-N-04497,TRANSACTION,BENIGN,BACKGROUND_BENIGN
TX-N-04498,TRANSACTION,BENIGN,BACKGROUND_BENIGN
TX-N-04499,TRANSACTION,BENIGN,BACKGROUND_BENIGN
TX-N-04500,TRANSACTION,BENIGN,BACKGROUND_BENIGN
TX-N-04501,TRANSACTION,BENIGN,BACKGROUND_BENIGN
TX-N-04502,TRANSACTION,BENIGN,BACKGROUND_BENIGN
TX-N-04503,TRANSACTION,BENIGN,BACKGROUND_BENIGN
TX-N-04504,TRANSACTION,BENIGN,BACKGROUND_BENIGN
TX-N-04505,TRANSACTION,BENIGN,BACKGROUND_BENIGN
TX-N-04506,TRANSACTION,BENIGN,BACKGROUND_BENIGN
TX-N-04507,TRANSACTION,BENIGN,BACKGROUND_BENIGN
TX-N-04508,TRANSACTION,BENIGN,BACKGROUND_BENIGN
TX-N-04509,TRANSACTION,BENIGN,BACKGROUND_BENIGN
TX-N-04510,TRANSACTION,BENIGN,BACKGROUND_BENIGN
TX-N-04511,TRANSACTION,BENIGN,BACKGROUND_BENIGN
TX-N-04512,TRANSACTION,BENIGN,BACKGROUND_BENIGN
TX-N-04513,TRANSACTION,BENIGN,BACKGROUND_BENIGN
TX-N-04514,TRANSACTION,BENIGN,BACKGROUND_BENIGN
TX-N-04515,TRANSACTION,BENIGN,BACKGROUND_BENIGN
TX-N-04516,TRANSACTION,BENIGN,BACKGROUND_BENIGN
TX-N-04517,TRANSACTION,BENIGN,BACKGROUND_BENIGN
TX-N-04518,TRANSACTION,BENIGN,BACKGROUND_BENIGN
TX-N-04519,TRANSACTION,BENIGN,BACKGROUND_BENIGN
TX-N-04520,TRANSACTION,BENIGN,BACKGROUND_BENIGN
TX-N-04521,TRANSACTION,BENIGN,BACKGROUND_BENIGN
TX-N-04522,TRANSACTION,BENIGN,BACKGROUND_BENIGN
TX-N-04523,TRANSACTION,BENIGN,BACKGROUND_BENIGN
TX-N-04524,TRANSACTION,BENIGN,BACKGROUND_BENIGN
TX-N-04525,TRANSACTION,BENIGN,BACKGROUND_BENIGN
TX-N-04526,TRANSACTION,BENIGN,BACKGROUND_BENIGN
TX-N-04527,TRANSACTION,BENIGN,BACKGROUND_BENIGN
TX-N-04528,TRANSACTION,BENIGN,BACKGROUND_BENIGN
TX-N-04529,TRANSACTION,BENIGN,BACKGROUND_BENIGN
TX-N-04530,TRANSACTION,BENIGN,BACKGROUND_BENIGN
TX-N-04531,TRANSACTION,BENIGN,BACKGROUND_BENIGN
TX-N-04532,TRANSACTION,BENIGN,BACKGROUND_BENIGN
TX-N-04533,TRANSACTION,BENIGN,BACKGROUND_BENIGN
TX-N-04534,TRANSACTION,BENIGN,BACKGROUND_BENIGN
TX-N-04535,TRANSACTION,BENIGN,BACKGROUND_BENIGN
TX-N-04536,TRANSACTION,BENIGN,BACKGROUND_BENIGN
TX-N-04537,TRANSACTION,BENIGN,BACKGROUND_BENIGN
TX-N-04538,TRANSACTION,BENIGN,BACKGROUND_BENIGN
TX-N-04539,TRANSACTION,BENIGN,BACKGROUND_BENIGN
TX-N-04540,TRANSACTION,BENIGN,BACKGROUND_BENIGN
TX-N-04541,TRANSACTION,BENIGN,BACKGROUND_BENIGN
TX-N-04542,TRANSACTION,BENIGN,BACKGROUND_BENIGN
TX-N-04543,TRANSACTION,BENIGN,BACKGROUND_BENIGN
TX-N-04544,TRANSACTION,BENIGN,BACKGROUND_BENIGN
TX-N-04545,TRANSACTION,BENIGN,BACKGROUND_BENIGN
TX-N-04546,TRANSACTION,BENIGN,BACKGROUND_BENIGN
TX-N-04547,TRANSACTION,BENIGN,BACKGROUND_BENIGN
TX-N-04548,TRANSACTION,BENIGN,BACKGROUND_BENIGN
TX-N-04549,TRANSACTION,BENIGN,BACKGROUND_BENIGN
TX-N-04550,TRANSACTION,BENIGN,BACKGROUND_BENIGN
TX-N-04551,TRANSACTION,BENIGN,BACKGROUND_BENIGN
TX-N-04552,TRANSACTION,BENIGN,BACKGROUND_BENIGN
TX-N-04553,TRANSACTION,BENIGN,BACKGROUND_BENIGN
TX-N-04554,TRANSACTION,BENIGN,BACKGROUND_BENIGN
TX-N-04555,TRANSACTION,BENIGN,BACKGROUND_BENIGN
TX-N-04556,TRANSACTION,BENIGN,BACKGROUND_BENIGN
TX-N-04557,TRANSACTION,BENIGN,BACKGROUND_BENIGN
TX-N-04558,TRANSACTION,BENIGN,BACKGROUND_BENIGN
TX-N-04559,TRANSACTION,BENIGN,BACKGROUND_BENIGN
TX-N-04560,TRANSACTION,BENIGN,BACKGROUND_BENIGN
TX-N-04561,TRANSACTION,BENIGN,BACKGROUND_BENIGN
TX-N-04562,TRANSACTION,BENIGN,BACKGROUND_BENIGN
TX-N-04563,TRANSACTION,BENIGN,BACKGROUND_BENIGN
TX-N-04564,TRANSACTION,BENIGN,BACKGROUND_BENIGN
TX-N-04565,TRANSACTION,BENIGN,BACKGROUND_BENIGN
TX-N-04566,TRANSACTION,BENIGN,BACKGROUND_BENIGN
TX-N-04567,TRANSACTION,BENIGN,BACKGROUND_BENIGN
TX-N-04568,TRANSACTION,BENIGN,BACKGROUND_BENIGN
TX-N-04569,TRANSACTION,BENIGN,BACKGROUND_BENIGN
TX-N-04570,TRANSACTION,BENIGN,BACKGROUND_BENIGN
TX-N-04571,TRANSACTION,BENIGN,BACKGROUND_BENIGN
TX-N-04572,TRANSACTION,BENIGN,BACKGROUND_BENIGN
TX-N-04573,TRANSACTION,BENIGN,BACKGROUND_BENIGN
TX-N-04574,TRANSACTION,BENIGN,BACKGROUND_BENIGN
TX-N-04575,TRANSACTION,BENIGN,BACKGROUND_BENIGN
TX-N-04576,TRANSACTION,BENIGN,BACKGROUND_BENIGN
TX-N-04577,TRANSACTION,BENIGN,BACKGROUND_BENIGN
TX-N-04578,TRANSACTION,BENIGN,BACKGROUND_BENIGN
TX-N-04579,TRANSACTION,BENIGN,BACKGROUND_BENIGN
TX-N-04580,TRANSACTION,BENIGN,BACKGROUND_BENIGN
TX-N-04581,TRANSACTION,BENIGN,BACKGROUND_BENIGN
TX-N-04582,TRANSACTION,BENIGN,BACKGROUND_BENIGN
TX-N-04583,TRANSACTION,BENIGN,BACKGROUND_BENIGN
TX-N-04584,TRANSACTION,BENIGN,BACKGROUND_BENIGN
TX-N-04585,TRANSACTION,BENIGN,BACKGROUND_BENIGN
TX-N-04586,TRANSACTION,BENIGN,BACKGROUND_BENIGN
TX-N-04587,TRANSACTION,BENIGN,BACKGROUND_BENIGN
TX-N-04588,TRANSACTION,BENIGN,BACKGROUND_BENIGN
TX-N-04589,TRANSACTION,BENIGN,BACKGROUND_BENIGN
TX-N-04590,TRANSACTION,BENIGN,BACKGROUND_BENIGN
TX-N-04591,TRANSACTION,BENIGN,BACKGROUND_BENIGN
TX-N-04592,TRANSACTION,BENIGN,BACKGROUND_BENIGN
TX-N-04593,TRANSACTION,BENIGN,BACKGROUND_BENIGN
TX-N-04594,TRANSACTION,BENIGN,BACKGROUND_BENIGN
TX-N-04595,TRANSACTION,BENIGN,BACKGROUND_BENIGN
TX-N-04596,TRANSACTION,BENIGN,BACKGROUND_BENIGN
TX-N-04597,TRANSACTION,BENIGN,BACKGROUND_BENIGN
TX-N-04598,TRANSACTION,BENIGN,BACKGROUND_BENIGN
TX-N-04599,TRANSACTION,BENIGN,BACKGROUND_BENIGN
TX-N-04600,TRANSACTION,BENIGN,BACKGROUND_BENIGN
TX-N-04601,TRANSACTION,BENIGN,BACKGROUND_BENIGN
TX-N-04602,TRANSACTION,BENIGN,BACKGROUND_BENIGN
TX-N-04603,TRANSACTION,BENIGN,BACKGROUND_BENIGN
TX-N-04604,TRANSACTION,BENIGN,BACKGROUND_BENIGN
TX-N-04605,TRANSACTION,BENIGN,BACKGROUND_BENIGN
TX-N-04606,TRANSACTION,BENIGN,BACKGROUND_BENIGN
TX-N-04607,TRANSACTION,BENIGN,BACKGROUND_BENIGN
TX-N-04608,TRANSACTION,BENIGN,BACKGROUND_BENIGN
TX-N-04609,TRANSACTION,BENIGN,BACKGROUND_BENIGN
TX-N-04610,TRANSACTION,BENIGN,BACKGROUND_BENIGN
TX-N-04611,TRANSACTION,BENIGN,BACKGROUND_BENIGN
TX-N-04612,TRANSACTION,BENIGN,BACKGROUND_BENIGN
TX-N-04613,TRANSACTION,BENIGN,BACKGROUND_BENIGN
TX-N-04614,TRANSACTION,BENIGN,BACKGROUND_BENIGN
TX-N-04615,TRANSACTION,BENIGN,BACKGROUND_BENIGN
TX-N-04616,TRANSACTION,BENIGN,BACKGROUND_BENIGN
TX-N-04617,TRANSACTION,BENIGN,BACKGROUND_BENIGN
TX-N-04618,TRANSACTION,BENIGN,BACKGROUND_BENIGN
TX-N-04619,TRANSACTION,BENIGN,BACKGROUND_BENIGN
TX-N-04620,TRANSACTION,BENIGN,BACKGROUND_BENIGN
TX-N-04621,TRANSACTION,BENIGN,BACKGROUND_BENIGN
TX-N-04622,TRANSACTION,BENIGN,BACKGROUND_BENIGN
TX-N-04623,TRANSACTION,BENIGN,BACKGROUND_BENIGN
TX-N-04624,TRANSACTION,BENIGN,BACKGROUND_BENIGN
TX-N-04625,TRANSACTION,BENIGN,BACKGROUND_BENIGN
TX-N-04626,TRANSACTION,BENIGN,BACKGROUND_BENIGN
TX-N-04627,TRANSACTION,BENIGN,BACKGROUND_BENIGN
TX-N-04628,TRANSACTION,BENIGN,BACKGROUND_BENIGN
TX-N-04629,TRANSACTION,BENIGN,BACKGROUND_BENIGN
TX-N-04630,TRANSACTION,BENIGN,BACKGROUND_BENIGN
TX-N-04631,TRANSACTION,BENIGN,BACKGROUND_BENIGN
TX-N-04632,TRANSACTION,BENIGN,BACKGROUND_BENIGN
TX-N-04633,TRANSACTION,BENIGN,BACKGROUND_BENIGN
TX-N-04634,TRANSACTION,BENIGN,BACKGROUND_BENIGN
TX-N-04635,TRANSACTION,BENIGN,BACKGROUND_BENIGN
TX-N-04636,TRANSACTION,BENIGN,BACKGROUND_BENIGN
TX-N-04637,TRANSACTION,BENIGN,BACKGROUND_BENIGN
TX-N-04638,TRANSACTION,BENIGN,BACKGROUND_BENIGN
TX-N-04639,TRANSACTION,BENIGN,BACKGROUND_BENIGN
TX-N-04640,TRANSACTION,BENIGN,BACKGROUND_BENIGN
TX-N-04641,TRANSACTION,BENIGN,BACKGROUND_BENIGN
TX-N-04642,TRANSACTION,BENIGN,BACKGROUND_BENIGN
TX-N-04643,TRANSACTION,BENIGN,BACKGROUND_BENIGN
TX-N-04644,TRANSACTION,BENIGN,BACKGROUND_BENIGN
TX-N-04645,TRANSACTION,BENIGN,BACKGROUND_BENIGN
TX-N-04646,TRANSACTION,BENIGN,BACKGROUND_BENIGN
TX-N-04647,TRANSACTION,BENIGN,BACKGROUND_BENIGN
TX-N-04648,TRANSACTION,BENIGN,BACKGROUND_BENIGN
TX-N-04649,TRANSACTION,BENIGN,BACKGROUND_BENIGN
TX-N-04650,TRANSACTION,BENIGN,BACKGROUND_BENIGN
TX-N-04651,TRANSACTION,BENIGN,BACKGROUND_BENIGN
TX-N-04652,TRANSACTION,BENIGN,BACKGROUND_BENIGN
TX-N-04653,TRANSACTION,BENIGN,BACKGROUND_BENIGN
TX-N-04654,TRANSACTION,BENIGN,BACKGROUND_BENIGN
TX-N-04655,TRANSACTION,BENIGN,BACKGROUND_BENIGN
TX-N-04656,TRANSACTION,BENIGN,BACKGROUND_BENIGN
TX-N-04657,TRANSACTION,BENIGN,BACKGROUND_BENIGN
TX-N-04658,TRANSACTION,BENIGN,BACKGROUND_BENIGN
TX-N-04659,TRANSACTION,BENIGN,BACKGROUND_BENIGN
TX-N-04660,TRANSACTION,BENIGN,BACKGROUND_BENIGN
TX-N-04661,TRANSACTION,BENIGN,BACKGROUND_BENIGN
TX-N-04662,TRANSACTION,BENIGN,BACKGROUND_BENIGN
TX-N-04663,TRANSACTION,BENIGN,BACKGROUND_BENIGN
TX-N-04664,TRANSACTION,BENIGN,BACKGROUND_BENIGN
TX-N-04665,TRANSACTION,BENIGN,BACKGROUND_BENIGN
TX-N-04666,TRANSACTION,BENIGN,BACKGROUND_BENIGN
TX-N-04667,TRANSACTION,BENIGN,BACKGROUND_BENIGN
TX-N-04668,TRANSACTION,BENIGN,BACKGROUND_BENIGN
TX-N-04669,TRANSACTION,BENIGN,BACKGROUND_BENIGN
TX-N-04670,TRANSACTION,BENIGN,BACKGROUND_BENIGN
TX-N-04671,TRANSACTION,BENIGN,BACKGROUND_BENIGN
TX-N-04672,TRANSACTION,BENIGN,BACKGROUND_BENIGN
TX-N-04673,TRANSACTION,BENIGN,BACKGROUND_BENIGN
TX-N-04674,TRANSACTION,BENIGN,BACKGROUND_BENIGN
TX-N-04675,TRANSACTION,BENIGN,BACKGROUND_BENIGN
TX-N-04676,TRANSACTION,BENIGN,BACKGROUND_BENIGN
TX-N-04677,TRANSACTION,BENIGN,BACKGROUND_BENIGN
TX-N-04678,TRANSACTION,BENIGN,BACKGROUND_BENIGN
TX-N-04679,TRANSACTION,BENIGN,BACKGROUND_BENIGN
TX-N-04680,TRANSACTION,BENIGN,BACKGROUND_BENIGN
TX-N-04681,TRANSACTION,BENIGN,BACKGROUND_BENIGN
TX-N-04682,TRANSACTION,BENIGN,BACKGROUND_BENIGN
TX-N-04683,TRANSACTION,BENIGN,BACKGROUND_BENIGN
TX-N-04684,TRANSACTION,BENIGN,BACKGROUND_BENIGN
TX-N-04685,TRANSACTION,BENIGN,BACKGROUND_BENIGN
TX-N-04686,TRANSACTION,BENIGN,BACKGROUND_BENIGN
TX-N-04687,TRANSACTION,BENIGN,BACKGROUND_BENIGN
TX-N-04688,TRANSACTION,BENIGN,BACKGROUND_BENIGN
TX-N-04689,TRANSACTION,BENIGN,BACKGROUND_BENIGN
TX-N-04690,TRANSACTION,BENIGN,BACKGROUND_BENIGN
TX-N-04691,TRANSACTION,BENIGN,BACKGROUND_BENIGN
TX-N-04692,TRANSACTION,BENIGN,BACKGROUND_BENIGN
TX-N-04693,TRANSACTION,BENIGN,BACKGROUND_BENIGN
TX-N-04694,TRANSACTION,BENIGN,BACKGROUND_BENIGN
TX-N-04695,TRANSACTION,BENIGN,BACKGROUND_BENIGN
TX-N-04696,TRANSACTION,BENIGN,BACKGROUND_BENIGN
TX-N-04697,TRANSACTION,BENIGN,BACKGROUND_BENIGN
TX-N-04698,TRANSACTION,BENIGN,BACKGROUND_BENIGN
TX-N-04699,TRANSACTION,BENIGN,BACKGROUND_BENIGN
TX-N-04700,TRANSACTION,BENIGN,BACKGROUND_BENIGN
TX-N-04701,TRANSACTION,BENIGN,BACKGROUND_BENIGN
TX-N-04702,TRANSACTION,BENIGN,BACKGROUND_BENIGN
TX-N-04703,TRANSACTION,BENIGN,BACKGROUND_BENIGN
TX-N-04704,TRANSACTION,BENIGN,BACKGROUND_BENIGN
TX-N-04705,TRANSACTION,BENIGN,BACKGROUND_BENIGN
TX-N-04706,TRANSACTION,BENIGN,BACKGROUND_BENIGN
TX-N-04707,TRANSACTION,BENIGN,BACKGROUND_BENIGN
TX-N-04708,TRANSACTION,BENIGN,BACKGROUND_BENIGN
TX-N-04709,TRANSACTION,BENIGN,BACKGROUND_BENIGN
TX-N-04710,TRANSACTION,BENIGN,BACKGROUND_BENIGN
TX-N-04711,TRANSACTION,BENIGN,BACKGROUND_BENIGN
TX-N-04712,TRANSACTION,BENIGN,BACKGROUND_BENIGN
TX-N-04713,TRANSACTION,BENIGN,BACKGROUND_BENIGN
TX-N-04714,TRANSACTION,BENIGN,BACKGROUND_BENIGN
TX-N-04715,TRANSACTION,BENIGN,BACKGROUND_BENIGN
TX-N-04716,TRANSACTION,BENIGN,BACKGROUND_BENIGN
TX-N-04717,TRANSACTION,BENIGN,BACKGROUND_BENIGN
TX-N-04718,TRANSACTION,BENIGN,BACKGROUND_BENIGN
TX-N-04719,TRANSACTION,BENIGN,BACKGROUND_BENIGN
TX-N-04720,TRANSACTION,BENIGN,BACKGROUND_BENIGN
TX-N-04721,TRANSACTION,BENIGN,BACKGROUND_BENIGN
TX-N-04722,TRANSACTION,BENIGN,BACKGROUND_BENIGN
TX-N-04723,TRANSACTION,BENIGN,BACKGROUND_BENIGN
TX-N-04724,TRANSACTION,BENIGN,BACKGROUND_BENIGN
TX-N-04725,TRANSACTION,BENIGN,BACKGROUND_BENIGN
TX-N-04726,TRANSACTION,BENIGN,BACKGROUND_BENIGN
TX-N-04727,TRANSACTION,BENIGN,BACKGROUND_BENIGN
TX-N-04728,TRANSACTION,BENIGN,BACKGROUND_BENIGN
TX-N-04729,TRANSACTION,BENIGN,BACKGROUND_BENIGN
TX-N-04730,TRANSACTION,BENIGN,BACKGROUND_BENIGN
TX-N-04731,TRANSACTION,BENIGN,BACKGROUND_BENIGN
TX-N-04732,TRANSACTION,BENIGN,BACKGROUND_BENIGN
TX-N-04733,TRANSACTION,BENIGN,BACKGROUND_BENIGN
TX-N-04734,TRANSACTION,BENIGN,BACKGROUND_BENIGN
TX-N-04735,TRANSACTION,BENIGN,BACKGROUND_BENIGN
TX-N-04736,TRANSACTION,BENIGN,BACKGROUND_BENIGN
TX-N-04737,TRANSACTION,BENIGN,BACKGROUND_BENIGN
TX-N-04738,TRANSACTION,BENIGN,BACKGROUND_BENIGN
TX-N-04739,TRANSACTION,BENIGN,BACKGROUND_BENIGN
TX-N-04740,TRANSACTION,BENIGN,BACKGROUND_BENIGN
TX-N-04741,TRANSACTION,BENIGN,BACKGROUND_BENIGN
TX-N-04742,TRANSACTION,BENIGN,BACKGROUND_BENIGN
TX-N-04743,TRANSACTION,BENIGN,BACKGROUND_BENIGN
TX-N-04744,TRANSACTION,BENIGN,BACKGROUND_BENIGN
TX-N-04745,TRANSACTION,BENIGN,BACKGROUND_BENIGN
TX-N-04746,TRANSACTION,BENIGN,BACKGROUND_BENIGN
TX-N-04747,TRANSACTION,BENIGN,BACKGROUND_BENIGN
TX-N-04748,TRANSACTION,BENIGN,BACKGROUND_BENIGN
TX-N-04749,TRANSACTION,BENIGN,BACKGROUND_BENIGN
TX-N-04750,TRANSACTION,BENIGN,BACKGROUND_BENIGN
TX-N-04751,TRANSACTION,BENIGN,BACKGROUND_BENIGN
TX-N-04752,TRANSACTION,BENIGN,BACKGROUND_BENIGN
TX-N-04753,TRANSACTION,BENIGN,BACKGROUND_BENIGN
TX-N-04754,TRANSACTION,BENIGN,BACKGROUND_BENIGN
TX-N-04755,TRANSACTION,BENIGN,BACKGROUND_BENIGN
TX-N-04756,TRANSACTION,BENIGN,BACKGROUND_BENIGN
TX-N-04757,TRANSACTION,BENIGN,BACKGROUND_BENIGN
TX-N-04758,TRANSACTION,BENIGN,BACKGROUND_BENIGN
TX-N-04759,TRANSACTION,BENIGN,BACKGROUND_BENIGN
TX-N-04760,TRANSACTION,BENIGN,BACKGROUND_BENIGN
TX-N-04761,TRANSACTION,BENIGN,BACKGROUND_BENIGN
TX-N-04762,TRANSACTION,BENIGN,BACKGROUND_BENIGN
TX-N-04763,TRANSACTION,BENIGN,BACKGROUND_BENIGN
TX-N-04764,TRANSACTION,BENIGN,BACKGROUND_BENIGN
TX-N-04765,TRANSACTION,BENIGN,BACKGROUND_BENIGN
TX-N-04766,TRANSACTION,BENIGN,BACKGROUND_BENIGN
TX-N-04767,TRANSACTION,BENIGN,BACKGROUND_BENIGN
TX-N-04768,TRANSACTION,BENIGN,BACKGROUND_BENIGN
TX-N-04769,TRANSACTION,BENIGN,BACKGROUND_BENIGN
TX-N-04770,TRANSACTION,BENIGN,BACKGROUND_BENIGN
TX-N-04771,TRANSACTION,BENIGN,BACKGROUND_BENIGN
TX-N-04772,TRANSACTION,BENIGN,BACKGROUND_BENIGN
TX-N-04773,TRANSACTION,BENIGN,BACKGROUND_BENIGN
TX-N-04774,TRANSACTION,BENIGN,BACKGROUND_BENIGN
TX-N-04775,TRANSACTION,BENIGN,BACKGROUND_BENIGN
TX-N-04776,TRANSACTION,BENIGN,BACKGROUND_BENIGN
TX-N-04777,TRANSACTION,BENIGN,BACKGROUND_BENIGN
TX-N-04778,TRANSACTION,BENIGN,BACKGROUND_BENIGN
TX-N-04779,TRANSACTION,BENIGN,BACKGROUND_BENIGN
TX-N-04780,TRANSACTION,BENIGN,BACKGROUND_BENIGN
TX-N-04781,TRANSACTION,BENIGN,BACKGROUND_BENIGN
TX-N-04782,TRANSACTION,BENIGN,BACKGROUND_BENIGN
TX-N-04783,TRANSACTION,BENIGN,BACKGROUND_BENIGN
TX-N-04784,TRANSACTION,BENIGN,BACKGROUND_BENIGN
TX-N-04785,TRANSACTION,BENIGN,BACKGROUND_BENIGN
TX-N-04786,TRANSACTION,BENIGN,BACKGROUND_BENIGN
TX-N-04787,TRANSACTION,BENIGN,BACKGROUND_BENIGN
TX-N-04788,TRANSACTION,BENIGN,BACKGROUND_BENIGN
TX-N-04789,TRANSACTION,BENIGN,BACKGROUND_BENIGN
TX-N-04790,TRANSACTION,BENIGN,BACKGROUND_BENIGN
TX-N-04791,TRANSACTION,BENIGN,BACKGROUND_BENIGN
TX-N-04792,TRANSACTION,BENIGN,BACKGROUND_BENIGN
TX-N-04793,TRANSACTION,BENIGN,BACKGROUND_BENIGN
TX-N-04794,TRANSACTION,BENIGN,BACKGROUND_BENIGN
TX-N-04795,TRANSACTION,BENIGN,BACKGROUND_BENIGN
TX-N-04796,TRANSACTION,BENIGN,BACKGROUND_BENIGN
TX-N-04797,TRANSACTION,BENIGN,BACKGROUND_BENIGN
TX-N-04798,TRANSACTION,BENIGN,BACKGROUND_BENIGN
TX-N-04799,TRANSACTION,BENIGN,BACKGROUND_BENIGN
TX-N-04800,TRANSACTION,BENIGN,BACKGROUND_BENIGN
TX-N-04801,TRANSACTION,BENIGN,BACKGROUND_BENIGN
TX-N-04802,TRANSACTION,BENIGN,BACKGROUND_BENIGN
TX-N-04803,TRANSACTION,BENIGN,BACKGROUND_BENIGN
TX-N-04804,TRANSACTION,BENIGN,BACKGROUND_BENIGN
TX-N-04805,TRANSACTION,BENIGN,BACKGROUND_BENIGN
TX-N-04806,TRANSACTION,BENIGN,BACKGROUND_BENIGN
TX-N-04807,TRANSACTION,BENIGN,BACKGROUND_BENIGN
TX-N-04808,TRANSACTION,BENIGN,BACKGROUND_BENIGN
TX-N-04809,TRANSACTION,BENIGN,BACKGROUND_BENIGN
TX-N-04810,TRANSACTION,BENIGN,BACKGROUND_BENIGN
TX-N-04811,TRANSACTION,BENIGN,BACKGROUND_BENIGN
TX-N-04812,TRANSACTION,BENIGN,BACKGROUND_BENIGN
TX-N-04813,TRANSACTION,BENIGN,BACKGROUND_BENIGN
TX-N-04814,TRANSACTION,BENIGN,BACKGROUND_BENIGN
TX-N-04815,TRANSACTION,BENIGN,BACKGROUND_BENIGN
TX-N-04816,TRANSACTION,BENIGN,BACKGROUND_BENIGN
TX-N-04817,TRANSACTION,BENIGN,BACKGROUND_BENIGN
TX-N-04818,TRANSACTION,BENIGN,BACKGROUND_BENIGN
TX-N-04819,TRANSACTION,BENIGN,BACKGROUND_BENIGN
TX-N-04820,TRANSACTION,BENIGN,BACKGROUND_BENIGN
TX-N-04821,TRANSACTION,BENIGN,BACKGROUND_BENIGN
TX-N-04822,TRANSACTION,BENIGN,BACKGROUND_BENIGN
TX-N-04823,TRANSACTION,BENIGN,BACKGROUND_BENIGN
TX-N-04824,TRANSACTION,BENIGN,BACKGROUND_BENIGN
TX-N-04825,TRANSACTION,BENIGN,BACKGROUND_BENIGN
TX-N-04826,TRANSACTION,BENIGN,BACKGROUND_BENIGN
TX-N-04827,TRANSACTION,BENIGN,BACKGROUND_BENIGN
TX-N-04828,TRANSACTION,BENIGN,BACKGROUND_BENIGN
TX-N-04829,TRANSACTION,BENIGN,BACKGROUND_BENIGN
TX-N-04830,TRANSACTION,BENIGN,BACKGROUND_BENIGN
TX-N-04831,TRANSACTION,BENIGN,BACKGROUND_BENIGN
TX-N-04832,TRANSACTION,BENIGN,BACKGROUND_BENIGN
TX-N-04833,TRANSACTION,BENIGN,BACKGROUND_BENIGN
TX-N-04834,TRANSACTION,BENIGN,BACKGROUND_BENIGN
TX-N-04835,TRANSACTION,BENIGN,BACKGROUND_BENIGN
TX-N-04836,TRANSACTION,BENIGN,BACKGROUND_BENIGN
TX-N-04837,TRANSACTION,BENIGN,BACKGROUND_BENIGN
TX-N-04838,TRANSACTION,BENIGN,BACKGROUND_BENIGN
TX-N-04839,TRANSACTION,BENIGN,BACKGROUND_BENIGN
TX-N-04840,TRANSACTION,BENIGN,BACKGROUND_BENIGN
TX-N-04841,TRANSACTION,BENIGN,BACKGROUND_BENIGN
TX-N-04842,TRANSACTION,BENIGN,BACKGROUND_BENIGN
TX-N-04843,TRANSACTION,BENIGN,BACKGROUND_BENIGN
TX-N-04844,TRANSACTION,BENIGN,BACKGROUND_BENIGN
TX-N-04845,TRANSACTION,BENIGN,BACKGROUND_BENIGN
TX-N-04846,TRANSACTION,BENIGN,BACKGROUND_BENIGN
TX-N-04847,TRANSACTION,BENIGN,BACKGROUND_BENIGN
TX-N-04848,TRANSACTION,BENIGN,BACKGROUND_BENIGN
TX-N-04849,TRANSACTION,BENIGN,BACKGROUND_BENIGN
TX-N-04850,TRANSACTION,BENIGN,BACKGROUND_BENIGN
TX-N-04851,TRANSACTION,BENIGN,BACKGROUND_BENIGN
TX-N-04852,TRANSACTION,BENIGN,BACKGROUND_BENIGN
TX-N-04853,TRANSACTION,BENIGN,BACKGROUND_BENIGN
TX-N-04854,TRANSACTION,BENIGN,BACKGROUND_BENIGN
TX-N-04855,TRANSACTION,BENIGN,BACKGROUND_BENIGN
TX-N-04856,TRANSACTION,BENIGN,BACKGROUND_BENIGN
TX-N-04857,TRANSACTION,BENIGN,BACKGROUND_BENIGN
TX-N-04858,TRANSACTION,BENIGN,BACKGROUND_BENIGN
TX-N-04859,TRANSACTION,BENIGN,BACKGROUND_BENIGN
TX-N-04860,TRANSACTION,BENIGN,BACKGROUND_BENIGN
TX-N-04861,TRANSACTION,BENIGN,BACKGROUND_BENIGN
TX-N-04862,TRANSACTION,BENIGN,BACKGROUND_BENIGN
TX-N-04863,TRANSACTION,BENIGN,BACKGROUND_BENIGN
TX-N-04864,TRANSACTION,BENIGN,BACKGROUND_BENIGN
TX-N-04865,TRANSACTION,BENIGN,BACKGROUND_BENIGN
TX-N-04866,TRANSACTION,BENIGN,BACKGROUND_BENIGN
TX-N-04867,TRANSACTION,BENIGN,BACKGROUND_BENIGN
TX-N-04868,TRANSACTION,BENIGN,BACKGROUND_BENIGN
TX-N-04869,TRANSACTION,BENIGN,BACKGROUND_BENIGN
TX-N-04870,TRANSACTION,BENIGN,BACKGROUND_BENIGN
TX-N-04871,TRANSACTION,BENIGN,BACKGROUND_BENIGN
TX-N-04872,TRANSACTION,BENIGN,BACKGROUND_BENIGN
TX-N-04873,TRANSACTION,BENIGN,BACKGROUND_BENIGN
TX-N-04874,TRANSACTION,BENIGN,BACKGROUND_BENIGN
TX-N-04875,TRANSACTION,BENIGN,BACKGROUND_BENIGN
TX-N-04876,TRANSACTION,BENIGN,BACKGROUND_BENIGN
TX-N-04877,TRANSACTION,BENIGN,BACKGROUND_BENIGN
TX-N-04878,TRANSACTION,BENIGN,BACKGROUND_BENIGN
TX-N-04879,TRANSACTION,BENIGN,BACKGROUND_BENIGN
TX-N-04880,TRANSACTION,BENIGN,BACKGROUND_BENIGN
TX-N-04881,TRANSACTION,BENIGN,BACKGROUND_BENIGN
TX-N-04882,TRANSACTION,BENIGN,BACKGROUND_BENIGN
TX-N-04883,TRANSACTION,BENIGN,BACKGROUND_BENIGN
TX-N-04884,TRANSACTION,BENIGN,BACKGROUND_BENIGN
TX-N-04885,TRANSACTION,BENIGN,BACKGROUND_BENIGN
TX-N-04886,TRANSACTION,BENIGN,BACKGROUND_BENIGN
TX-N-04887,TRANSACTION,BENIGN,BACKGROUND_BENIGN
TX-N-04888,TRANSACTION,BENIGN,BACKGROUND_BENIGN
TX-N-04889,TRANSACTION,BENIGN,BACKGROUND_BENIGN
TX-N-04890,TRANSACTION,BENIGN,BACKGROUND_BENIGN
TX-N-04891,TRANSACTION,BENIGN,BACKGROUND_BENIGN
TX-N-04892,TRANSACTION,BENIGN,BACKGROUND_BENIGN
TX-N-04893,TRANSACTION,BENIGN,BACKGROUND_BENIGN
TX-N-04894,TRANSACTION,BENIGN,BACKGROUND_BENIGN
TX-N-04895,TRANSACTION,BENIGN,BACKGROUND_BENIGN
TX-N-04896,TRANSACTION,BENIGN,BACKGROUND_BENIGN
TX-N-04897,TRANSACTION,BENIGN,BACKGROUND_BENIGN
TX-N-04898,TRANSACTION,BENIGN,BACKGROUND_BENIGN
TX-N-04899,TRANSACTION,BENIGN,BACKGROUND_BENIGN
TX-N-04900,TRANSACTION,BENIGN,BACKGROUND_BENIGN
TX-N-04901,TRANSACTION,BENIGN,BACKGROUND_BENIGN
TX-N-04902,TRANSACTION,BENIGN,BACKGROUND_BENIGN
TX-N-04903,TRANSACTION,BENIGN,BACKGROUND_BENIGN
TX-N-04904,TRANSACTION,BENIGN,BACKGROUND_BENIGN
TX-N-04905,TRANSACTION,BENIGN,BACKGROUND_BENIGN
TX-N-04906,TRANSACTION,BENIGN,BACKGROUND_BENIGN
TX-N-04907,TRANSACTION,BENIGN,BACKGROUND_BENIGN
TX-N-04908,TRANSACTION,BENIGN,BACKGROUND_BENIGN
TX-N-04909,TRANSACTION,BENIGN,BACKGROUND_BENIGN
TX-N-04910,TRANSACTION,BENIGN,BACKGROUND_BENIGN
TX-N-04911,TRANSACTION,BENIGN,BACKGROUND_BENIGN
TX-N-04912,TRANSACTION,BENIGN,BACKGROUND_BENIGN
TX-N-04913,TRANSACTION,BENIGN,BACKGROUND_BENIGN
TX-N-04914,TRANSACTION,BENIGN,BACKGROUND_BENIGN
TX-N-04915,TRANSACTION,BENIGN,BACKGROUND_BENIGN
TX-N-04916,TRANSACTION,BENIGN,BACKGROUND_BENIGN
TX-N-04917,TRANSACTION,BENIGN,BACKGROUND_BENIGN
TX-N-04918,TRANSACTION,BENIGN,BACKGROUND_BENIGN
TX-N-04919,TRANSACTION,BENIGN,BACKGROUND_BENIGN
TX-N-04920,TRANSACTION,BENIGN,BACKGROUND_BENIGN
TX-N-04921,TRANSACTION,BENIGN,BACKGROUND_BENIGN
TX-N-04922,TRANSACTION,BENIGN,BACKGROUND_BENIGN
TX-N-04923,TRANSACTION,BENIGN,BACKGROUND_BENIGN
TX-N-04924,TRANSACTION,BENIGN,BACKGROUND_BENIGN
TX-N-04925,TRANSACTION,BENIGN,BACKGROUND_BENIGN
TX-N-04926,TRANSACTION,BENIGN,BACKGROUND_BENIGN
TX-N-04927,TRANSACTION,BENIGN,BACKGROUND_BENIGN
TX-N-04928,TRANSACTION,BENIGN,BACKGROUND_BENIGN
TX-N-04929,TRANSACTION,BENIGN,BACKGROUND_BENIGN
TX-N-04930,TRANSACTION,BENIGN,BACKGROUND_BENIGN
TX-N-04931,TRANSACTION,BENIGN,BACKGROUND_BENIGN
TX-N-04932,TRANSACTION,BENIGN,BACKGROUND_BENIGN
TX-N-04933,TRANSACTION,BENIGN,BACKGROUND_BENIGN
TX-N-04934,TRANSACTION,BENIGN,BACKGROUND_BENIGN
TX-N-04935,TRANSACTION,BENIGN,BACKGROUND_BENIGN
TX-N-04936,TRANSACTION,BENIGN,BACKGROUND_BENIGN
TX-N-04937,TRANSACTION,BENIGN,BACKGROUND_BENIGN
TX-N-04938,TRANSACTION,BENIGN,BACKGROUND_BENIGN
TX-N-04939,TRANSACTION,BENIGN,BACKGROUND_BENIGN
TX-N-04940,TRANSACTION,BENIGN,BACKGROUND_BENIGN
TX-N-04941,TRANSACTION,BENIGN,BACKGROUND_BENIGN
TX-N-04942,TRANSACTION,BENIGN,BACKGROUND_BENIGN
TX-N-04943,TRANSACTION,BENIGN,BACKGROUND_BENIGN
TX-N-04944,TRANSACTION,BENIGN,BACKGROUND_BENIGN
TX-N-04945,TRANSACTION,BENIGN,BACKGROUND_BENIGN
TX-N-04946,TRANSACTION,BENIGN,BACKGROUND_BENIGN
TX-N-04947,TRANSACTION,BENIGN,BACKGROUND_BENIGN
TX-N-04948,TRANSACTION,BENIGN,BACKGROUND_BENIGN
TX-N-04949,TRANSACTION,BENIGN,BACKGROUND_BENIGN
TX-N-04950,TRANSACTION,BENIGN,BACKGROUND_BENIGN
TX-N-04951,TRANSACTION,BENIGN,BACKGROUND_BENIGN
TX-N-04952,TRANSACTION,BENIGN,BACKGROUND_BENIGN
TX-N-04953,TRANSACTION,BENIGN,BACKGROUND_BENIGN
TX-N-04954,TRANSACTION,BENIGN,BACKGROUND_BENIGN
TX-N-04955,TRANSACTION,BENIGN,BACKGROUND_BENIGN
TX-N-04956,TRANSACTION,BENIGN,BACKGROUND_BENIGN
TX-N-04957,TRANSACTION,BENIGN,BACKGROUND_BENIGN
TX-N-04958,TRANSACTION,BENIGN,BACKGROUND_BENIGN
TX-N-04959,TRANSACTION,BENIGN,BACKGROUND_BENIGN
TX-N-04960,TRANSACTION,BENIGN,BACKGROUND_BENIGN
TX-N-04961,TRANSACTION,BENIGN,BACKGROUND_BENIGN
TX-N-04962,TRANSACTION,BENIGN,BACKGROUND_BENIGN
TX-N-04963,TRANSACTION,BENIGN,BACKGROUND_BENIGN
TX-N-04964,TRANSACTION,BENIGN,BACKGROUND_BENIGN
TX-N-04965,TRANSACTION,BENIGN,BACKGROUND_BENIGN
TX-N-04966,TRANSACTION,BENIGN,BACKGROUND_BENIGN
TX-N-04967,TRANSACTION,BENIGN,BACKGROUND_BENIGN
TX-N-04968,TRANSACTION,BENIGN,BACKGROUND_BENIGN
TX-N-04969,TRANSACTION,BENIGN,BACKGROUND_BENIGN
TX-N-04970,TRANSACTION,BENIGN,BACKGROUND_BENIGN
TX-N-04971,TRANSACTION,BENIGN,BACKGROUND_BENIGN
TX-N-04972,TRANSACTION,BENIGN,BACKGROUND_BENIGN
TX-N-04973,TRANSACTION,BENIGN,BACKGROUND_BENIGN
TX-N-04974,TRANSACTION,BENIGN,BACKGROUND_BENIGN
TX-N-04975,TRANSACTION,BENIGN,BACKGROUND_BENIGN
TX-N-04976,TRANSACTION,BENIGN,BACKGROUND_BENIGN
TX-N-04977,TRANSACTION,BENIGN,BACKGROUND_BENIGN
TX-N-04978,TRANSACTION,BENIGN,BACKGROUND_BENIGN
TX-N-04979,TRANSACTION,BENIGN,BACKGROUND_BENIGN
TX-N-04980,TRANSACTION,BENIGN,BACKGROUND_BENIGN
TX-N-04981,TRANSACTION,BENIGN,BACKGROUND_BENIGN
TX-N-04982,TRANSACTION,BENIGN,BACKGROUND_BENIGN
TX-N-04983,TRANSACTION,BENIGN,BACKGROUND_BENIGN
TX-N-04984,TRANSACTION,BENIGN,BACKGROUND_BENIGN
TX-N-04985,TRANSACTION,BENIGN,BACKGROUND_BENIGN
TX-N-04986,TRANSACTION,BENIGN,BACKGROUND_BENIGN
TX-N-04987,TRANSACTION,BENIGN,BACKGROUND_BENIGN
TX-N-04988,TRANSACTION,BENIGN,BACKGROUND_BENIGN
TX-N-04989,TRANSACTION,BENIGN,BACKGROUND_BENIGN
TX-N-04990,TRANSACTION,BENIGN,BACKGROUND_BENIGN
TX-N-04991,TRANSACTION,BENIGN,BACKGROUND_BENIGN
TX-N-04992,TRANSACTION,BENIGN,BACKGROUND_BENIGN
TX-N-04993,TRANSACTION,BENIGN,BACKGROUND_BENIGN
TX-N-04994,TRANSACTION,BENIGN,BACKGROUND_BENIGN
TX-N-04995,TRANSACTION,BENIGN,BACKGROUND_BENIGN
TX-N-04996,TRANSACTION,BENIGN,BACKGROUND_BENIGN
TX-N-04997,TRANSACTION,BENIGN,BACKGROUND_BENIGN
TX-N-04998,TRANSACTION,BENIGN,BACKGROUND_BENIGN
TX-N-04999,TRANSACTION,BENIGN,BACKGROUND_BENIGN
TX-N-05000,TRANSACTION,BENIGN,BACKGROUND_BENIGN
TX-N-05001,TRANSACTION,BENIGN,BACKGROUND_BENIGN
TX-N-05002,TRANSACTION,BENIGN,BACKGROUND_BENIGN
TX-N-05003,TRANSACTION,BENIGN,BACKGROUND_BENIGN
TX-N-05004,TRANSACTION,BENIGN,BACKGROUND_BENIGN
TX-N-05005,TRANSACTION,BENIGN,BACKGROUND_BENIGN
TX-N-05006,TRANSACTION,BENIGN,BACKGROUND_BENIGN
TX-N-05007,TRANSACTION,BENIGN,BACKGROUND_BENIGN
TX-N-05008,TRANSACTION,BENIGN,BACKGROUND_BENIGN
TX-N-05009,TRANSACTION,BENIGN,BACKGROUND_BENIGN
TX-N-05010,TRANSACTION,BENIGN,BACKGROUND_BENIGN
TX-N-05011,TRANSACTION,BENIGN,BACKGROUND_BENIGN
TX-N-05012,TRANSACTION,BENIGN,BACKGROUND_BENIGN
TX-N-05013,TRANSACTION,BENIGN,BACKGROUND_BENIGN
TX-N-05014,TRANSACTION,BENIGN,BACKGROUND_BENIGN
TX-N-05015,TRANSACTION,BENIGN,BACKGROUND_BENIGN
TX-N-05016,TRANSACTION,BENIGN,BACKGROUND_BENIGN
TX-N-05017,TRANSACTION,BENIGN,BACKGROUND_BENIGN
TX-N-05018,TRANSACTION,BENIGN,BACKGROUND_BENIGN
TX-N-05019,TRANSACTION,BENIGN,BACKGROUND_BENIGN
TX-N-05020,TRANSACTION,BENIGN,BACKGROUND_BENIGN
TX-N-05021,TRANSACTION,BENIGN,BACKGROUND_BENIGN
TX-N-05022,TRANSACTION,BENIGN,BACKGROUND_BENIGN
TX-N-05023,TRANSACTION,BENIGN,BACKGROUND_BENIGN
TX-N-05024,TRANSACTION,BENIGN,BACKGROUND_BENIGN
TX-N-05025,TRANSACTION,BENIGN,BACKGROUND_BENIGN
TX-N-05026,TRANSACTION,BENIGN,BACKGROUND_BENIGN
TX-N-05027,TRANSACTION,BENIGN,BACKGROUND_BENIGN
TX-N-05028,TRANSACTION,BENIGN,BACKGROUND_BENIGN
TX-N-05029,TRANSACTION,BENIGN,BACKGROUND_BENIGN
TX-N-05030,TRANSACTION,BENIGN,BACKGROUND_BENIGN
TX-N-05031,TRANSACTION,BENIGN,BACKGROUND_BENIGN
TX-N-05032,TRANSACTION,BENIGN,BACKGROUND_BENIGN
TX-N-05033,TRANSACTION,BENIGN,BACKGROUND_BENIGN
TX-N-05034,TRANSACTION,BENIGN,BACKGROUND_BENIGN
TX-N-05035,TRANSACTION,BENIGN,BACKGROUND_BENIGN
TX-N-05036,TRANSACTION,BENIGN,BACKGROUND_BENIGN
TX-N-05037,TRANSACTION,BENIGN,BACKGROUND_BENIGN
TX-N-05038,TRANSACTION,BENIGN,BACKGROUND_BENIGN
TX-N-05039,TRANSACTION,BENIGN,BACKGROUND_BENIGN
TX-N-05040,TRANSACTION,BENIGN,BACKGROUND_BENIGN
TX-N-05041,TRANSACTION,BENIGN,BACKGROUND_BENIGN
TX-N-05042,TRANSACTION,BENIGN,BACKGROUND_BENIGN
TX-N-05043,TRANSACTION,BENIGN,BACKGROUND_BENIGN
TX-N-05044,TRANSACTION,BENIGN,BACKGROUND_BENIGN
TX-N-05045,TRANSACTION,BENIGN,BACKGROUND_BENIGN
TX-N-05046,TRANSACTION,BENIGN,BACKGROUND_BENIGN
TX-N-05047,TRANSACTION,BENIGN,BACKGROUND_BENIGN
TX-N-05048,TRANSACTION,BENIGN,BACKGROUND_BENIGN
TX-N-05049,TRANSACTION,BENIGN,BACKGROUND_BENIGN
TX-N-05050,TRANSACTION,BENIGN,BACKGROUND_BENIGN
TX-N-05051,TRANSACTION,BENIGN,BACKGROUND_BENIGN
TX-N-05052,TRANSACTION,BENIGN,BACKGROUND_BENIGN
TX-N-05053,TRANSACTION,BENIGN,BACKGROUND_BENIGN
TX-N-05054,TRANSACTION,BENIGN,BACKGROUND_BENIGN
TX-N-05055,TRANSACTION,BENIGN,BACKGROUND_BENIGN
TX-N-05056,TRANSACTION,BENIGN,BACKGROUND_BENIGN
TX-N-05057,TRANSACTION,BENIGN,BACKGROUND_BENIGN
TX-N-05058,TRANSACTION,BENIGN,BACKGROUND_BENIGN
TX-N-05059,TRANSACTION,BENIGN,BACKGROUND_BENIGN
TX-N-05060,TRANSACTION,BENIGN,BACKGROUND_BENIGN
TX-N-05061,TRANSACTION,BENIGN,BACKGROUND_BENIGN
TX-N-05062,TRANSACTION,BENIGN,BACKGROUND_BENIGN
TX-N-05063,TRANSACTION,BENIGN,BACKGROUND_BENIGN
TX-N-05064,TRANSACTION,BENIGN,BACKGROUND_BENIGN
TX-N-05065,TRANSACTION,BENIGN,BACKGROUND_BENIGN
TX-N-05066,TRANSACTION,BENIGN,BACKGROUND_BENIGN
TX-N-05067,TRANSACTION,BENIGN,BACKGROUND_BENIGN
TX-N-05068,TRANSACTION,BENIGN,BACKGROUND_BENIGN
TX-N-05069,TRANSACTION,BENIGN,BACKGROUND_BENIGN
TX-N-05070,TRANSACTION,BENIGN,BACKGROUND_BENIGN
TX-N-05071,TRANSACTION,BENIGN,BACKGROUND_BENIGN
TX-N-05072,TRANSACTION,BENIGN,BACKGROUND_BENIGN
TX-N-05073,TRANSACTION,BENIGN,BACKGROUND_BENIGN
TX-N-05074,TRANSACTION,BENIGN,BACKGROUND_BENIGN
TX-N-05075,TRANSACTION,BENIGN,BACKGROUND_BENIGN
TX-N-05076,TRANSACTION,BENIGN,BACKGROUND_BENIGN
TX-N-05077,TRANSACTION,BENIGN,BACKGROUND_BENIGN
TX-N-05078,TRANSACTION,BENIGN,BACKGROUND_BENIGN
TX-N-05079,TRANSACTION,BENIGN,BACKGROUND_BENIGN
TX-N-05080,TRANSACTION,BENIGN,BACKGROUND_BENIGN
TX-N-05081,TRANSACTION,BENIGN,BACKGROUND_BENIGN
TX-N-05082,TRANSACTION,BENIGN,BACKGROUND_BENIGN
TX-N-05083,TRANSACTION,BENIGN,BACKGROUND_BENIGN
TX-N-05084,TRANSACTION,BENIGN,BACKGROUND_BENIGN
TX-N-05085,TRANSACTION,BENIGN,BACKGROUND_BENIGN
TX-N-05086,TRANSACTION,BENIGN,BACKGROUND_BENIGN
TX-N-05087,TRANSACTION,BENIGN,BACKGROUND_BENIGN
TX-N-05088,TRANSACTION,BENIGN,BACKGROUND_BENIGN
TX-N-05089,TRANSACTION,BENIGN,BACKGROUND_BENIGN
TX-N-05090,TRANSACTION,BENIGN,BACKGROUND_BENIGN
TX-N-05091,TRANSACTION,BENIGN,BACKGROUND_BENIGN
TX-N-05092,TRANSACTION,BENIGN,BACKGROUND_BENIGN
TX-N-05093,TRANSACTION,BENIGN,BACKGROUND_BENIGN
TX-N-05094,TRANSACTION,BENIGN,BACKGROUND_BENIGN
TX-N-05095,TRANSACTION,BENIGN,BACKGROUND_BENIGN
TX-N-05096,TRANSACTION,BENIGN,BACKGROUND_BENIGN
TX-N-05097,TRANSACTION,BENIGN,BACKGROUND_BENIGN
TX-N-05098,TRANSACTION,BENIGN,BACKGROUND_BENIGN
TX-N-05099,TRANSACTION,BENIGN,BACKGROUND_BENIGN
TX-N-05100,TRANSACTION,BENIGN,BACKGROUND_BENIGN
TX-N-05101,TRANSACTION,BENIGN,BACKGROUND_BENIGN
TX-N-05102,TRANSACTION,BENIGN,BACKGROUND_BENIGN
TX-N-05103,TRANSACTION,BENIGN,BACKGROUND_BENIGN
TX-N-05104,TRANSACTION,BENIGN,BACKGROUND_BENIGN
TX-N-05105,TRANSACTION,BENIGN,BACKGROUND_BENIGN
TX-N-05106,TRANSACTION,BENIGN,BACKGROUND_BENIGN
TX-N-05107,TRANSACTION,BENIGN,BACKGROUND_BENIGN
TX-N-05108,TRANSACTION,BENIGN,BACKGROUND_BENIGN
TX-N-05109,TRANSACTION,BENIGN,BACKGROUND_BENIGN
TX-N-05110,TRANSACTION,BENIGN,BACKGROUND_BENIGN
TX-N-05111,TRANSACTION,BENIGN,BACKGROUND_BENIGN
TX-N-05112,TRANSACTION,BENIGN,BACKGROUND_BENIGN
TX-N-05113,TRANSACTION,BENIGN,BACKGROUND_BENIGN
TX-N-05114,TRANSACTION,BENIGN,BACKGROUND_BENIGN
TX-N-05115,TRANSACTION,BENIGN,BACKGROUND_BENIGN
TX-N-05116,TRANSACTION,BENIGN,BACKGROUND_BENIGN
TX-N-05117,TRANSACTION,BENIGN,BACKGROUND_BENIGN
TX-N-05118,TRANSACTION,BENIGN,BACKGROUND_BENIGN
TX-N-05119,TRANSACTION,BENIGN,BACKGROUND_BENIGN
TX-N-05120,TRANSACTION,BENIGN,BACKGROUND_BENIGN
TX-N-05121,TRANSACTION,BENIGN,BACKGROUND_BENIGN
TX-N-05122,TRANSACTION,BENIGN,BACKGROUND_BENIGN
TX-N-05123,TRANSACTION,BENIGN,BACKGROUND_BENIGN
TX-N-05124,TRANSACTION,BENIGN,BACKGROUND_BENIGN
TX-N-05125,TRANSACTION,BENIGN,BACKGROUND_BENIGN
TX-N-05126,TRANSACTION,BENIGN,BACKGROUND_BENIGN
TX-N-05127,TRANSACTION,BENIGN,BACKGROUND_BENIGN
TX-N-05128,TRANSACTION,BENIGN,BACKGROUND_BENIGN
TX-N-05129,TRANSACTION,BENIGN,BACKGROUND_BENIGN
TX-N-05130,TRANSACTION,BENIGN,BACKGROUND_BENIGN
TX-N-05131,TRANSACTION,BENIGN,BACKGROUND_BENIGN
TX-N-05132,TRANSACTION,BENIGN,BACKGROUND_BENIGN
TX-N-05133,TRANSACTION,BENIGN,BACKGROUND_BENIGN
TX-N-05134,TRANSACTION,BENIGN,BACKGROUND_BENIGN
TX-N-05135,TRANSACTION,BENIGN,BACKGROUND_BENIGN
TX-N-05136,TRANSACTION,BENIGN,BACKGROUND_BENIGN
TX-N-05137,TRANSACTION,BENIGN,BACKGROUND_BENIGN
TX-N-05138,TRANSACTION,BENIGN,BACKGROUND_BENIGN
TX-N-05139,TRANSACTION,BENIGN,BACKGROUND_BENIGN
TX-N-05140,TRANSACTION,BENIGN,BACKGROUND_BENIGN
TX-N-05141,TRANSACTION,BENIGN,BACKGROUND_BENIGN
TX-N-05142,TRANSACTION,BENIGN,BACKGROUND_BENIGN
TX-N-05143,TRANSACTION,BENIGN,BACKGROUND_BENIGN
TX-N-05144,TRANSACTION,BENIGN,BACKGROUND_BENIGN
TX-N-05145,TRANSACTION,BENIGN,BACKGROUND_BENIGN
TX-N-05146,TRANSACTION,BENIGN,BACKGROUND_BENIGN
TX-N-05147,TRANSACTION,BENIGN,BACKGROUND_BENIGN
TX-N-05148,TRANSACTION,BENIGN,BACKGROUND_BENIGN
TX-N-05149,TRANSACTION,BENIGN,BACKGROUND_BENIGN
TX-N-05150,TRANSACTION,BENIGN,BACKGROUND_BENIGN
TX-N-05151,TRANSACTION,BENIGN,BACKGROUND_BENIGN
TX-N-05152,TRANSACTION,BENIGN,BACKGROUND_BENIGN
TX-N-05153,TRANSACTION,BENIGN,BACKGROUND_BENIGN
TX-N-05154,TRANSACTION,BENIGN,BACKGROUND_BENIGN
TX-N-05155,TRANSACTION,BENIGN,BACKGROUND_BENIGN
TX-N-05156,TRANSACTION,BENIGN,BACKGROUND_BENIGN
TX-N-05157,TRANSACTION,BENIGN,BACKGROUND_BENIGN
TX-N-05158,TRANSACTION,BENIGN,BACKGROUND_BENIGN
TX-N-05159,TRANSACTION,BENIGN,BACKGROUND_BENIGN
TX-N-05160,TRANSACTION,BENIGN,BACKGROUND_BENIGN
TX-N-05161,TRANSACTION,BENIGN,BACKGROUND_BENIGN
TX-N-05162,TRANSACTION,BENIGN,BACKGROUND_BENIGN
TX-N-05163,TRANSACTION,BENIGN,BACKGROUND_BENIGN
TX-N-05164,TRANSACTION,BENIGN,BACKGROUND_BENIGN
TX-N-05165,TRANSACTION,BENIGN,BACKGROUND_BENIGN
TX-N-05166,TRANSACTION,BENIGN,BACKGROUND_BENIGN
TX-N-05167,TRANSACTION,BENIGN,BACKGROUND_BENIGN
TX-N-05168,TRANSACTION,BENIGN,BACKGROUND_BENIGN
TX-N-05169,TRANSACTION,BENIGN,BACKGROUND_BENIGN
TX-N-05170,TRANSACTION,BENIGN,BACKGROUND_BENIGN
TX-N-05171,TRANSACTION,BENIGN,BACKGROUND_BENIGN
TX-N-05172,TRANSACTION,BENIGN,BACKGROUND_BENIGN
TX-N-05173,TRANSACTION,BENIGN,BACKGROUND_BENIGN
TX-N-05174,TRANSACTION,BENIGN,BACKGROUND_BENIGN
TX-N-05175,TRANSACTION,BENIGN,BACKGROUND_BENIGN
TX-N-05176,TRANSACTION,BENIGN,BACKGROUND_BENIGN
TX-N-05177,TRANSACTION,BENIGN,BACKGROUND_BENIGN
TX-N-05178,TRANSACTION,BENIGN,BACKGROUND_BENIGN
TX-N-05179,TRANSACTION,BENIGN,BACKGROUND_BENIGN
TX-N-05180,TRANSACTION,BENIGN,BACKGROUND_BENIGN
TX-N-05181,TRANSACTION,BENIGN,BACKGROUND_BENIGN
TX-N-05182,TRANSACTION,BENIGN,BACKGROUND_BENIGN
TX-N-05183,TRANSACTION,BENIGN,BACKGROUND_BENIGN
TX-N-05184,TRANSACTION,BENIGN,BACKGROUND_BENIGN
TX-N-05185,TRANSACTION,BENIGN,BACKGROUND_BENIGN
TX-N-05186,TRANSACTION,BENIGN,BACKGROUND_BENIGN
TX-N-05187,TRANSACTION,BENIGN,BACKGROUND_BENIGN
TX-N-05188,TRANSACTION,BENIGN,BACKGROUND_BENIGN
TX-N-05189,TRANSACTION,BENIGN,BACKGROUND_BENIGN
TX-N-05190,TRANSACTION,BENIGN,BACKGROUND_BENIGN
TX-N-05191,TRANSACTION,BENIGN,BACKGROUND_BENIGN
TX-N-05192,TRANSACTION,BENIGN,BACKGROUND_BENIGN
TX-N-05193,TRANSACTION,BENIGN,BACKGROUND_BENIGN
TX-N-05194,TRANSACTION,BENIGN,BACKGROUND_BENIGN
TX-N-05195,TRANSACTION,BENIGN,BACKGROUND_BENIGN
TX-N-05196,TRANSACTION,BENIGN,BACKGROUND_BENIGN
TX-N-05197,TRANSACTION,BENIGN,BACKGROUND_BENIGN
TX-N-05198,TRANSACTION,BENIGN,BACKGROUND_BENIGN
TX-N-05199,TRANSACTION,BENIGN,BACKGROUND_BENIGN
TX-N-05200,TRANSACTION,BENIGN,BACKGROUND_BENIGN
TX-N-05201,TRANSACTION,BENIGN,BACKGROUND_BENIGN
TX-N-05202,TRANSACTION,BENIGN,BACKGROUND_BENIGN
TX-N-05203,TRANSACTION,BENIGN,BACKGROUND_BENIGN
TX-N-05204,TRANSACTION,BENIGN,BACKGROUND_BENIGN
TX-N-05205,TRANSACTION,BENIGN,BACKGROUND_BENIGN
TX-N-05206,TRANSACTION,BENIGN,BACKGROUND_BENIGN
TX-N-05207,TRANSACTION,BENIGN,BACKGROUND_BENIGN
TX-N-05208,TRANSACTION,BENIGN,BACKGROUND_BENIGN
TX-N-05209,TRANSACTION,BENIGN,BACKGROUND_BENIGN
TX-N-05210,TRANSACTION,BENIGN,BACKGROUND_BENIGN
TX-N-05211,TRANSACTION,BENIGN,BACKGROUND_BENIGN
TX-N-05212,TRANSACTION,BENIGN,BACKGROUND_BENIGN
TX-N-05213,TRANSACTION,BENIGN,BACKGROUND_BENIGN
TX-N-05214,TRANSACTION,BENIGN,BACKGROUND_BENIGN
TX-N-05215,TRANSACTION,BENIGN,BACKGROUND_BENIGN
TX-N-05216,TRANSACTION,BENIGN,BACKGROUND_BENIGN
TX-N-05217,TRANSACTION,BENIGN,BACKGROUND_BENIGN
TX-N-05218,TRANSACTION,BENIGN,BACKGROUND_BENIGN
TX-N-05219,TRANSACTION,BENIGN,BACKGROUND_BENIGN
TX-N-05220,TRANSACTION,BENIGN,BACKGROUND_BENIGN
TX-N-05221,TRANSACTION,BENIGN,BACKGROUND_BENIGN
TX-N-05222,TRANSACTION,BENIGN,BACKGROUND_BENIGN
TX-N-05223,TRANSACTION,BENIGN,BACKGROUND_BENIGN
TX-N-05224,TRANSACTION,BENIGN,BACKGROUND_BENIGN
TX-N-05225,TRANSACTION,BENIGN,BACKGROUND_BENIGN
TX-N-05226,TRANSACTION,BENIGN,BACKGROUND_BENIGN
TX-N-05227,TRANSACTION,BENIGN,BACKGROUND_BENIGN
TX-N-05228,TRANSACTION,BENIGN,BACKGROUND_BENIGN
TX-N-05229,TRANSACTION,BENIGN,BACKGROUND_BENIGN
TX-N-05230,TRANSACTION,BENIGN,BACKGROUND_BENIGN
TX-N-05231,TRANSACTION,BENIGN,BACKGROUND_BENIGN
TX-N-05232,TRANSACTION,BENIGN,BACKGROUND_BENIGN
TX-N-05233,TRANSACTION,BENIGN,BACKGROUND_BENIGN
TX-N-05234,TRANSACTION,BENIGN,BACKGROUND_BENIGN
TX-N-05235,TRANSACTION,BENIGN,BACKGROUND_BENIGN
TX-N-05236,TRANSACTION,BENIGN,BACKGROUND_BENIGN
TX-N-05237,TRANSACTION,BENIGN,BACKGROUND_BENIGN
TX-N-05238,TRANSACTION,BENIGN,BACKGROUND_BENIGN
TX-N-05239,TRANSACTION,BENIGN,BACKGROUND_BENIGN
TX-N-05240,TRANSACTION,BENIGN,BACKGROUND_BENIGN
TX-N-05241,TRANSACTION,BENIGN,BACKGROUND_BENIGN
TX-N-05242,TRANSACTION,BENIGN,BACKGROUND_BENIGN
TX-N-05243,TRANSACTION,BENIGN,BACKGROUND_BENIGN
TX-N-05244,TRANSACTION,BENIGN,BACKGROUND_BENIGN
TX-N-05245,TRANSACTION,BENIGN,BACKGROUND_BENIGN
TX-N-05246,TRANSACTION,BENIGN,BACKGROUND_BENIGN
TX-N-05247,TRANSACTION,BENIGN,BACKGROUND_BENIGN
TX-N-05248,TRANSACTION,BENIGN,BACKGROUND_BENIGN
TX-N-05249,TRANSACTION,BENIGN,BACKGROUND_BENIGN
TX-N-05250,TRANSACTION,BENIGN,BACKGROUND_BENIGN
TX-N-05251,TRANSACTION,BENIGN,BACKGROUND_BENIGN
TX-N-05252,TRANSACTION,BENIGN,BACKGROUND_BENIGN
TX-N-05253,TRANSACTION,BENIGN,BACKGROUND_BENIGN
TX-N-05254,TRANSACTION,BENIGN,BACKGROUND_BENIGN
TX-N-05255,TRANSACTION,BENIGN,BACKGROUND_BENIGN
TX-N-05256,TRANSACTION,BENIGN,BACKGROUND_BENIGN
TX-N-05257,TRANSACTION,BENIGN,BACKGROUND_BENIGN
TX-N-05258,TRANSACTION,BENIGN,BACKGROUND_BENIGN
TX-N-05259,TRANSACTION,BENIGN,BACKGROUND_BENIGN
TX-N-05260,TRANSACTION,BENIGN,BACKGROUND_BENIGN
TX-N-05261,TRANSACTION,BENIGN,BACKGROUND_BENIGN
TX-N-05262,TRANSACTION,BENIGN,BACKGROUND_BENIGN
TX-N-05263,TRANSACTION,BENIGN,BACKGROUND_BENIGN
TX-N-05264,TRANSACTION,BENIGN,BACKGROUND_BENIGN
TX-N-05265,TRANSACTION,BENIGN,BACKGROUND_BENIGN
TX-N-05266,TRANSACTION,BENIGN,BACKGROUND_BENIGN
TX-N-05267,TRANSACTION,BENIGN,BACKGROUND_BENIGN
TX-N-05268,TRANSACTION,BENIGN,BACKGROUND_BENIGN
TX-N-05269,TRANSACTION,BENIGN,BACKGROUND_BENIGN
TX-N-05270,TRANSACTION,BENIGN,BACKGROUND_BENIGN
TX-N-05271,TRANSACTION,BENIGN,BACKGROUND_BENIGN
TX-N-05272,TRANSACTION,BENIGN,BACKGROUND_BENIGN
TX-N-05273,TRANSACTION,BENIGN,BACKGROUND_BENIGN
TX-N-05274,TRANSACTION,BENIGN,BACKGROUND_BENIGN
TX-N-05275,TRANSACTION,BENIGN,BACKGROUND_BENIGN
TX-N-05276,TRANSACTION,BENIGN,BACKGROUND_BENIGN
TX-N-05277,TRANSACTION,BENIGN,BACKGROUND_BENIGN
TX-N-05278,TRANSACTION,BENIGN,BACKGROUND_BENIGN
TX-N-05279,TRANSACTION,BENIGN,BACKGROUND_BENIGN
TX-N-05280,TRANSACTION,BENIGN,BACKGROUND_BENIGN
TX-N-05281,TRANSACTION,BENIGN,BACKGROUND_BENIGN
TX-N-05282,TRANSACTION,BENIGN,BACKGROUND_BENIGN
TX-N-05283,TRANSACTION,BENIGN,BACKGROUND_BENIGN
TX-N-05284,TRANSACTION,BENIGN,BACKGROUND_BENIGN
TX-N-05285,TRANSACTION,BENIGN,BACKGROUND_BENIGN
TX-N-05286,TRANSACTION,BENIGN,BACKGROUND_BENIGN
TX-N-05287,TRANSACTION,BENIGN,BACKGROUND_BENIGN
TX-N-05288,TRANSACTION,BENIGN,BACKGROUND_BENIGN
TX-N-05289,TRANSACTION,BENIGN,BACKGROUND_BENIGN
TX-N-05290,TRANSACTION,BENIGN,BACKGROUND_BENIGN
TX-N-05291,TRANSACTION,BENIGN,BACKGROUND_BENIGN
TX-N-05292,TRANSACTION,BENIGN,BACKGROUND_BENIGN
TX-N-05293,TRANSACTION,BENIGN,BACKGROUND_BENIGN
TX-N-05294,TRANSACTION,BENIGN,BACKGROUND_BENIGN
TX-N-05295,TRANSACTION,BENIGN,BACKGROUND_BENIGN
TX-N-05296,TRANSACTION,BENIGN,BACKGROUND_BENIGN
TX-N-05297,TRANSACTION,BENIGN,BACKGROUND_BENIGN
TX-N-05298,TRANSACTION,BENIGN,BACKGROUND_BENIGN
TX-N-05299,TRANSACTION,BENIGN,BACKGROUND_BENIGN
TX-N-05300,TRANSACTION,BENIGN,BACKGROUND_BENIGN
TX-N-05301,TRANSACTION,BENIGN,BACKGROUND_BENIGN
TX-N-05302,TRANSACTION,BENIGN,BACKGROUND_BENIGN
TX-N-05303,TRANSACTION,BENIGN,BACKGROUND_BENIGN
TX-N-05304,TRANSACTION,BENIGN,BACKGROUND_BENIGN
TX-N-05305,TRANSACTION,BENIGN,BACKGROUND_BENIGN
TX-N-05306,TRANSACTION,BENIGN,BACKGROUND_BENIGN
TX-N-05307,TRANSACTION,BENIGN,BACKGROUND_BENIGN
TX-N-05308,TRANSACTION,BENIGN,BACKGROUND_BENIGN
TX-N-05309,TRANSACTION,BENIGN,BACKGROUND_BENIGN
TX-N-05310,TRANSACTION,BENIGN,BACKGROUND_BENIGN
TX-N-05311,TRANSACTION,BENIGN,BACKGROUND_BENIGN
TX-N-05312,TRANSACTION,BENIGN,BACKGROUND_BENIGN
TX-N-05313,TRANSACTION,BENIGN,BACKGROUND_BENIGN
TX-N-05314,TRANSACTION,BENIGN,BACKGROUND_BENIGN
TX-N-05315,TRANSACTION,BENIGN,BACKGROUND_BENIGN
TX-N-05316,TRANSACTION,BENIGN,BACKGROUND_BENIGN
TX-N-05317,TRANSACTION,BENIGN,BACKGROUND_BENIGN
TX-N-05318,TRANSACTION,BENIGN,BACKGROUND_BENIGN
TX-N-05319,TRANSACTION,BENIGN,BACKGROUND_BENIGN
TX-N-05320,TRANSACTION,BENIGN,BACKGROUND_BENIGN
TX-N-05321,TRANSACTION,BENIGN,BACKGROUND_BENIGN
TX-N-05322,TRANSACTION,BENIGN,BACKGROUND_BENIGN
TX-N-05323,TRANSACTION,BENIGN,BACKGROUND_BENIGN
TX-N-05324,TRANSACTION,BENIGN,BACKGROUND_BENIGN
TX-N-05325,TRANSACTION,BENIGN,BACKGROUND_BENIGN
TX-N-05326,TRANSACTION,BENIGN,BACKGROUND_BENIGN
TX-N-05327,TRANSACTION,BENIGN,BACKGROUND_BENIGN
TX-N-05328,TRANSACTION,BENIGN,BACKGROUND_BENIGN
TX-N-05329,TRANSACTION,BENIGN,BACKGROUND_BENIGN
TX-N-05330,TRANSACTION,BENIGN,BACKGROUND_BENIGN
TX-N-05331,TRANSACTION,BENIGN,BACKGROUND_BENIGN
TX-N-05332,TRANSACTION,BENIGN,BACKGROUND_BENIGN
TX-N-05333,TRANSACTION,BENIGN,BACKGROUND_BENIGN
TX-N-05334,TRANSACTION,BENIGN,BACKGROUND_BENIGN
TX-N-05335,TRANSACTION,BENIGN,BACKGROUND_BENIGN
TX-N-05336,TRANSACTION,BENIGN,BACKGROUND_BENIGN
TX-N-05337,TRANSACTION,BENIGN,BACKGROUND_BENIGN
TX-N-05338,TRANSACTION,BENIGN,BACKGROUND_BENIGN
TX-N-05339,TRANSACTION,BENIGN,BACKGROUND_BENIGN
TX-N-05340,TRANSACTION,BENIGN,BACKGROUND_BENIGN
TX-N-05341,TRANSACTION,BENIGN,BACKGROUND_BENIGN
TX-N-05342,TRANSACTION,BENIGN,BACKGROUND_BENIGN
TX-N-05343,TRANSACTION,BENIGN,BACKGROUND_BENIGN
TX-N-05344,TRANSACTION,BENIGN,BACKGROUND_BENIGN
TX-N-05345,TRANSACTION,BENIGN,BACKGROUND_BENIGN
TX-N-05346,TRANSACTION,BENIGN,BACKGROUND_BENIGN
TX-N-05347,TRANSACTION,BENIGN,BACKGROUND_BENIGN
TX-N-05348,TRANSACTION,BENIGN,BACKGROUND_BENIGN
TX-N-05349,TRANSACTION,BENIGN,BACKGROUND_BENIGN
TX-N-05350,TRANSACTION,BENIGN,BACKGROUND_BENIGN
TX-N-05351,TRANSACTION,BENIGN,BACKGROUND_BENIGN
TX-N-05352,TRANSACTION,BENIGN,BACKGROUND_BENIGN
TX-N-05353,TRANSACTION,BENIGN,BACKGROUND_BENIGN
TX-N-05354,TRANSACTION,BENIGN,BACKGROUND_BENIGN
TX-N-05355,TRANSACTION,BENIGN,BACKGROUND_BENIGN
TX-N-05356,TRANSACTION,BENIGN,BACKGROUND_BENIGN
TX-N-05357,TRANSACTION,BENIGN,BACKGROUND_BENIGN
TX-N-05358,TRANSACTION,BENIGN,BACKGROUND_BENIGN
TX-N-05359,TRANSACTION,BENIGN,BACKGROUND_BENIGN
TX-N-05360,TRANSACTION,BENIGN,BACKGROUND_BENIGN
TX-N-05361,TRANSACTION,BENIGN,BACKGROUND_BENIGN
TX-N-05362,TRANSACTION,BENIGN,BACKGROUND_BENIGN
TX-N-05363,TRANSACTION,BENIGN,BACKGROUND_BENIGN
TX-N-05364,TRANSACTION,BENIGN,BACKGROUND_BENIGN
TX-N-05365,TRANSACTION,BENIGN,BACKGROUND_BENIGN
TX-N-05366,TRANSACTION,BENIGN,BACKGROUND_BENIGN
TX-N-05367,TRANSACTION,BENIGN,BACKGROUND_BENIGN
TX-N-05368,TRANSACTION,BENIGN,BACKGROUND_BENIGN
TX-N-05369,TRANSACTION,BENIGN,BACKGROUND_BENIGN
TX-N-05370,TRANSACTION,BENIGN,BACKGROUND_BENIGN
TX-N-05371,TRANSACTION,BENIGN,BACKGROUND_BENIGN
TX-N-05372,TRANSACTION,BENIGN,BACKGROUND_BENIGN
TX-N-05373,TRANSACTION,BENIGN,BACKGROUND_BENIGN
TX-N-05374,TRANSACTION,BENIGN,BACKGROUND_BENIGN
TX-N-05375,TRANSACTION,BENIGN,BACKGROUND_BENIGN
TX-N-05376,TRANSACTION,BENIGN,BACKGROUND_BENIGN
TX-N-05377,TRANSACTION,BENIGN,BACKGROUND_BENIGN
TX-N-05378,TRANSACTION,BENIGN,BACKGROUND_BENIGN
TX-N-05379,TRANSACTION,BENIGN,BACKGROUND_BENIGN
TX-N-05380,TRANSACTION,BENIGN,BACKGROUND_BENIGN
TX-N-05381,TRANSACTION,BENIGN,BACKGROUND_BENIGN
TX-N-05382,TRANSACTION,BENIGN,BACKGROUND_BENIGN
TX-N-05383,TRANSACTION,BENIGN,BACKGROUND_BENIGN
TX-N-05384,TRANSACTION,BENIGN,BACKGROUND_BENIGN
TX-N-05385,TRANSACTION,BENIGN,BACKGROUND_BENIGN
TX-N-05386,TRANSACTION,BENIGN,BACKGROUND_BENIGN
TX-N-05387,TRANSACTION,BENIGN,BACKGROUND_BENIGN
TX-N-05388,TRANSACTION,BENIGN,BACKGROUND_BENIGN
TX-N-05389,TRANSACTION,BENIGN,BACKGROUND_BENIGN
TX-N-05390,TRANSACTION,BENIGN,BACKGROUND_BENIGN
TX-N-05391,TRANSACTION,BENIGN,BACKGROUND_BENIGN
TX-N-05392,TRANSACTION,BENIGN,BACKGROUND_BENIGN
TX-N-05393,TRANSACTION,BENIGN,BACKGROUND_BENIGN
TX-N-05394,TRANSACTION,BENIGN,BACKGROUND_BENIGN
TX-N-05395,TRANSACTION,BENIGN,BACKGROUND_BENIGN
TX-N-05396,TRANSACTION,BENIGN,BACKGROUND_BENIGN
TX-N-05397,TRANSACTION,BENIGN,BACKGROUND_BENIGN
TX-N-05398,TRANSACTION,BENIGN,BACKGROUND_BENIGN
TX-N-05399,TRANSACTION,BENIGN,BACKGROUND_BENIGN
TX-N-05400,TRANSACTION,BENIGN,BACKGROUND_BENIGN
TX-N-05401,TRANSACTION,BENIGN,BACKGROUND_BENIGN
TX-N-05402,TRANSACTION,BENIGN,BACKGROUND_BENIGN
TX-N-05403,TRANSACTION,BENIGN,BACKGROUND_BENIGN
TX-N-05404,TRANSACTION,BENIGN,BACKGROUND_BENIGN
TX-N-05405,TRANSACTION,BENIGN,BACKGROUND_BENIGN
TX-N-05406,TRANSACTION,BENIGN,BACKGROUND_BENIGN
TX-N-05407,TRANSACTION,BENIGN,BACKGROUND_BENIGN
TX-N-05408,TRANSACTION,BENIGN,BACKGROUND_BENIGN
TX-N-05409,TRANSACTION,BENIGN,BACKGROUND_BENIGN
TX-N-05410,TRANSACTION,BENIGN,BACKGROUND_BENIGN
TX-N-05411,TRANSACTION,BENIGN,BACKGROUND_BENIGN
TX-N-05412,TRANSACTION,BENIGN,BACKGROUND_BENIGN
TX-N-05413,TRANSACTION,BENIGN,BACKGROUND_BENIGN
TX-N-05414,TRANSACTION,BENIGN,BACKGROUND_BENIGN
TX-N-05415,TRANSACTION,BENIGN,BACKGROUND_BENIGN
TX-N-05416,TRANSACTION,BENIGN,BACKGROUND_BENIGN
TX-N-05417,TRANSACTION,BENIGN,BACKGROUND_BENIGN
TX-N-05418,TRANSACTION,BENIGN,BACKGROUND_BENIGN
TX-N-05419,TRANSACTION,BENIGN,BACKGROUND_BENIGN
TX-N-05420,TRANSACTION,BENIGN,BACKGROUND_BENIGN
TX-N-05421,TRANSACTION,BENIGN,BACKGROUND_BENIGN
TX-N-05422,TRANSACTION,BENIGN,BACKGROUND_BENIGN
TX-N-05423,TRANSACTION,BENIGN,BACKGROUND_BENIGN
TX-N-05424,TRANSACTION,BENIGN,BACKGROUND_BENIGN
TX-N-05425,TRANSACTION,BENIGN,BACKGROUND_BENIGN
TX-N-05426,TRANSACTION,BENIGN,BACKGROUND_BENIGN
TX-N-05427,TRANSACTION,BENIGN,BACKGROUND_BENIGN
TX-N-05428,TRANSACTION,BENIGN,BACKGROUND_BENIGN
TX-N-05429,TRANSACTION,BENIGN,BACKGROUND_BENIGN
TX-N-05430,TRANSACTION,BENIGN,BACKGROUND_BENIGN
TX-N-05431,TRANSACTION,BENIGN,BACKGROUND_BENIGN
TX-N-05432,TRANSACTION,BENIGN,BACKGROUND_BENIGN
TX-N-05433,TRANSACTION,BENIGN,BACKGROUND_BENIGN
TX-N-05434,TRANSACTION,BENIGN,BACKGROUND_BENIGN
TX-N-05435,TRANSACTION,BENIGN,BACKGROUND_BENIGN
TX-N-05436,TRANSACTION,BENIGN,BACKGROUND_BENIGN
TX-N-05437,TRANSACTION,BENIGN,BACKGROUND_BENIGN
TX-N-05438,TRANSACTION,BENIGN,BACKGROUND_BENIGN
TX-N-05439,TRANSACTION,BENIGN,BACKGROUND_BENIGN
TX-N-05440,TRANSACTION,BENIGN,BACKGROUND_BENIGN
TX-N-05441,TRANSACTION,BENIGN,BACKGROUND_BENIGN
TX-N-05442,TRANSACTION,BENIGN,BACKGROUND_BENIGN
TX-N-05443,TRANSACTION,BENIGN,BACKGROUND_BENIGN
TX-N-05444,TRANSACTION,BENIGN,BACKGROUND_BENIGN
TX-N-05445,TRANSACTION,BENIGN,BACKGROUND_BENIGN
TX-N-05446,TRANSACTION,BENIGN,BACKGROUND_BENIGN
TX-N-05447,TRANSACTION,BENIGN,BACKGROUND_BENIGN
TX-N-05448,TRANSACTION,BENIGN,BACKGROUND_BENIGN
TX-N-05449,TRANSACTION,BENIGN,BACKGROUND_BENIGN
TX-N-05450,TRANSACTION,BENIGN,BACKGROUND_BENIGN
TX-N-05451,TRANSACTION,BENIGN,BACKGROUND_BENIGN
TX-N-05452,TRANSACTION,BENIGN,BACKGROUND_BENIGN
TX-N-05453,TRANSACTION,BENIGN,BACKGROUND_BENIGN
TX-N-05454,TRANSACTION,BENIGN,BACKGROUND_BENIGN
TX-N-05455,TRANSACTION,BENIGN,BACKGROUND_BENIGN
TX-N-05456,TRANSACTION,BENIGN,BACKGROUND_BENIGN
TX-N-05457,TRANSACTION,BENIGN,BACKGROUND_BENIGN
TX-N-05458,TRANSACTION,BENIGN,BACKGROUND_BENIGN
TX-N-05459,TRANSACTION,BENIGN,BACKGROUND_BENIGN
TX-N-05460,TRANSACTION,BENIGN,BACKGROUND_BENIGN
TX-N-05461,TRANSACTION,BENIGN,BACKGROUND_BENIGN
TX-N-05462,TRANSACTION,BENIGN,BACKGROUND_BENIGN
TX-N-05463,TRANSACTION,BENIGN,BACKGROUND_BENIGN
TX-N-05464,TRANSACTION,BENIGN,BACKGROUND_BENIGN
TX-N-05465,TRANSACTION,BENIGN,BACKGROUND_BENIGN
TX-N-05466,TRANSACTION,BENIGN,BACKGROUND_BENIGN
TX-N-05467,TRANSACTION,BENIGN,BACKGROUND_BENIGN
TX-N-05468,TRANSACTION,BENIGN,BACKGROUND_BENIGN
TX-N-05469,TRANSACTION,BENIGN,BACKGROUND_BENIGN
TX-N-05470,TRANSACTION,BENIGN,BACKGROUND_BENIGN
TX-N-05471,TRANSACTION,BENIGN,BACKGROUND_BENIGN
TX-N-05472,TRANSACTION,BENIGN,BACKGROUND_BENIGN
TX-N-05473,TRANSACTION,BENIGN,BACKGROUND_BENIGN
TX-N-05474,TRANSACTION,BENIGN,BACKGROUND_BENIGN
TX-N-05475,TRANSACTION,BENIGN,BACKGROUND_BENIGN
TX-N-05476,TRANSACTION,BENIGN,BACKGROUND_BENIGN
TX-N-05477,TRANSACTION,BENIGN,BACKGROUND_BENIGN
TX-N-05478,TRANSACTION,BENIGN,BACKGROUND_BENIGN
TX-N-05479,TRANSACTION,BENIGN,BACKGROUND_BENIGN
TX-N-05480,TRANSACTION,BENIGN,BACKGROUND_BENIGN
TX-N-05481,TRANSACTION,BENIGN,BACKGROUND_BENIGN
TX-N-05482,TRANSACTION,BENIGN,BACKGROUND_BENIGN
TX-N-05483,TRANSACTION,BENIGN,BACKGROUND_BENIGN
TX-N-05484,TRANSACTION,BENIGN,BACKGROUND_BENIGN
TX-N-05485,TRANSACTION,BENIGN,BACKGROUND_BENIGN
TX-N-05486,TRANSACTION,BENIGN,BACKGROUND_BENIGN
TX-N-05487,TRANSACTION,BENIGN,BACKGROUND_BENIGN
TX-N-05488,TRANSACTION,BENIGN,BACKGROUND_BENIGN
TX-N-05489,TRANSACTION,BENIGN,BACKGROUND_BENIGN
TX-N-05490,TRANSACTION,BENIGN,BACKGROUND_BENIGN
TX-N-05491,TRANSACTION,BENIGN,BACKGROUND_BENIGN
TX-N-05492,TRANSACTION,BENIGN,BACKGROUND_BENIGN
TX-N-05493,TRANSACTION,BENIGN,BACKGROUND_BENIGN
TX-N-05494,TRANSACTION,BENIGN,BACKGROUND_BENIGN
TX-N-05495,TRANSACTION,BENIGN,BACKGROUND_BENIGN
TX-N-05496,TRANSACTION,BENIGN,BACKGROUND_BENIGN
TX-N-05497,TRANSACTION,BENIGN,BACKGROUND_BENIGN
TX-N-05498,TRANSACTION,BENIGN,BACKGROUND_BENIGN
TX-N-05499,TRANSACTION,BENIGN,BACKGROUND_BENIGN
TX-N-05500,TRANSACTION,BENIGN,BACKGROUND_BENIGN
TX-N-05501,TRANSACTION,BENIGN,BACKGROUND_BENIGN
TX-N-05502,TRANSACTION,BENIGN,BACKGROUND_BENIGN
TX-N-05503,TRANSACTION,BENIGN,BACKGROUND_BENIGN
TX-N-05504,TRANSACTION,BENIGN,BACKGROUND_BENIGN
TX-N-05505,TRANSACTION,BENIGN,BACKGROUND_BENIGN
TX-N-05506,TRANSACTION,BENIGN,BACKGROUND_BENIGN
TX-N-05507,TRANSACTION,BENIGN,BACKGROUND_BENIGN
TX-N-05508,TRANSACTION,BENIGN,BACKGROUND_BENIGN
TX-N-05509,TRANSACTION,BENIGN,BACKGROUND_BENIGN
TX-N-05510,TRANSACTION,BENIGN,BACKGROUND_BENIGN
TX-N-05511,TRANSACTION,BENIGN,BACKGROUND_BENIGN
TX-N-05512,TRANSACTION,BENIGN,BACKGROUND_BENIGN
TX-N-05513,TRANSACTION,BENIGN,BACKGROUND_BENIGN
TX-N-05514,TRANSACTION,BENIGN,BACKGROUND_BENIGN
TX-N-05515,TRANSACTION,BENIGN,BACKGROUND_BENIGN
TX-N-05516,TRANSACTION,BENIGN,BACKGROUND_BENIGN
TX-N-05517,TRANSACTION,BENIGN,BACKGROUND_BENIGN
TX-N-05518,TRANSACTION,BENIGN,BACKGROUND_BENIGN
TX-N-05519,TRANSACTION,BENIGN,BACKGROUND_BENIGN
TX-N-05520,TRANSACTION,BENIGN,BACKGROUND_BENIGN
TX-N-05521,TRANSACTION,BENIGN,BACKGROUND_BENIGN
TX-N-05522,TRANSACTION,BENIGN,BACKGROUND_BENIGN
TX-N-05523,TRANSACTION,BENIGN,BACKGROUND_BENIGN
TX-N-05524,TRANSACTION,BENIGN,BACKGROUND_BENIGN
TX-N-05525,TRANSACTION,BENIGN,BACKGROUND_BENIGN
TX-N-05526,TRANSACTION,BENIGN,BACKGROUND_BENIGN
TX-N-05527,TRANSACTION,BENIGN,BACKGROUND_BENIGN
TX-N-05528,TRANSACTION,BENIGN,BACKGROUND_BENIGN
TX-N-05529,TRANSACTION,BENIGN,BACKGROUND_BENIGN
TX-N-05530,TRANSACTION,BENIGN,BACKGROUND_BENIGN
TX-N-05531,TRANSACTION,BENIGN,BACKGROUND_BENIGN
TX-N-05532,TRANSACTION,BENIGN,BACKGROUND_BENIGN
TX-N-05533,TRANSACTION,BENIGN,BACKGROUND_BENIGN
TX-N-05534,TRANSACTION,BENIGN,BACKGROUND_BENIGN
TX-N-05535,TRANSACTION,BENIGN,BACKGROUND_BENIGN
TX-N-05536,TRANSACTION,BENIGN,BACKGROUND_BENIGN
TX-N-05537,TRANSACTION,BENIGN,BACKGROUND_BENIGN
TX-N-05538,TRANSACTION,BENIGN,BACKGROUND_BENIGN
TX-N-05539,TRANSACTION,BENIGN,BACKGROUND_BENIGN
TX-N-05540,TRANSACTION,BENIGN,BACKGROUND_BENIGN
TX-N-05541,TRANSACTION,BENIGN,BACKGROUND_BENIGN
TX-N-05542,TRANSACTION,BENIGN,BACKGROUND_BENIGN
TX-N-05543,TRANSACTION,BENIGN,BACKGROUND_BENIGN
TX-N-05544,TRANSACTION,BENIGN,BACKGROUND_BENIGN
TX-N-05545,TRANSACTION,BENIGN,BACKGROUND_BENIGN
TX-N-05546,TRANSACTION,BENIGN,BACKGROUND_BENIGN
TX-N-05547,TRANSACTION,BENIGN,BACKGROUND_BENIGN
TX-N-05548,TRANSACTION,BENIGN,BACKGROUND_BENIGN
TX-N-05549,TRANSACTION,BENIGN,BACKGROUND_BENIGN
TX-N-05550,TRANSACTION,BENIGN,BACKGROUND_BENIGN
TX-N-05551,TRANSACTION,BENIGN,BACKGROUND_BENIGN
TX-N-05552,TRANSACTION,BENIGN,BACKGROUND_BENIGN
TX-N-05553,TRANSACTION,BENIGN,BACKGROUND_BENIGN
TX-N-05554,TRANSACTION,BENIGN,BACKGROUND_BENIGN
TX-N-05555,TRANSACTION,BENIGN,BACKGROUND_BENIGN
TX-N-05556,TRANSACTION,BENIGN,BACKGROUND_BENIGN
TX-N-05557,TRANSACTION,BENIGN,BACKGROUND_BENIGN
TX-N-05558,TRANSACTION,BENIGN,BACKGROUND_BENIGN
TX-N-05559,TRANSACTION,BENIGN,BACKGROUND_BENIGN
TX-N-05560,TRANSACTION,BENIGN,BACKGROUND_BENIGN
TX-N-05561,TRANSACTION,BENIGN,BACKGROUND_BENIGN
TX-N-05562,TRANSACTION,BENIGN,BACKGROUND_BENIGN
TX-N-05563,TRANSACTION,BENIGN,BACKGROUND_BENIGN
TX-N-05564,TRANSACTION,BENIGN,BACKGROUND_BENIGN
TX-N-05565,TRANSACTION,BENIGN,BACKGROUND_BENIGN
TX-N-05566,TRANSACTION,BENIGN,BACKGROUND_BENIGN
TX-N-05567,TRANSACTION,BENIGN,BACKGROUND_BENIGN
TX-N-05568,TRANSACTION,BENIGN,BACKGROUND_BENIGN
TX-N-05569,TRANSACTION,BENIGN,BACKGROUND_BENIGN
TX-N-05570,TRANSACTION,BENIGN,BACKGROUND_BENIGN
TX-N-05571,TRANSACTION,BENIGN,BACKGROUND_BENIGN
TX-N-05572,TRANSACTION,BENIGN,BACKGROUND_BENIGN
TX-N-05573,TRANSACTION,BENIGN,BACKGROUND_BENIGN
TX-N-05574,TRANSACTION,BENIGN,BACKGROUND_BENIGN
TX-N-05575,TRANSACTION,BENIGN,BACKGROUND_BENIGN
TX-N-05576,TRANSACTION,BENIGN,BACKGROUND_BENIGN
TX-N-05577,TRANSACTION,BENIGN,BACKGROUND_BENIGN
TX-N-05578,TRANSACTION,BENIGN,BACKGROUND_BENIGN
TX-N-05579,TRANSACTION,BENIGN,BACKGROUND_BENIGN
TX-N-05580,TRANSACTION,BENIGN,BACKGROUND_BENIGN
TX-N-05581,TRANSACTION,BENIGN,BACKGROUND_BENIGN
TX-N-05582,TRANSACTION,BENIGN,BACKGROUND_BENIGN
TX-N-05583,TRANSACTION,BENIGN,BACKGROUND_BENIGN
TX-N-05584,TRANSACTION,BENIGN,BACKGROUND_BENIGN
TX-N-05585,TRANSACTION,BENIGN,BACKGROUND_BENIGN
TX-N-05586,TRANSACTION,BENIGN,BACKGROUND_BENIGN
TX-N-05587,TRANSACTION,BENIGN,BACKGROUND_BENIGN
TX-N-05588,TRANSACTION,BENIGN,BACKGROUND_BENIGN
TX-N-05589,TRANSACTION,BENIGN,BACKGROUND_BENIGN
TX-N-05590,TRANSACTION,BENIGN,BACKGROUND_BENIGN
TX-N-05591,TRANSACTION,BENIGN,BACKGROUND_BENIGN
TX-N-05592,TRANSACTION,BENIGN,BACKGROUND_BENIGN
TX-N-05593,TRANSACTION,BENIGN,BACKGROUND_BENIGN
TX-N-05594,TRANSACTION,BENIGN,BACKGROUND_BENIGN
TX-N-05595,TRANSACTION,BENIGN,BACKGROUND_BENIGN
TX-N-05596,TRANSACTION,BENIGN,BACKGROUND_BENIGN
TX-N-05597,TRANSACTION,BENIGN,BACKGROUND_BENIGN
TX-N-05598,TRANSACTION,BENIGN,BACKGROUND_BENIGN
TX-N-05599,TRANSACTION,BENIGN,BACKGROUND_BENIGN
TX-N-05600,TRANSACTION,BENIGN,BACKGROUND_BENIGN
TX-N-05601,TRANSACTION,BENIGN,BACKGROUND_BENIGN
TX-N-05602,TRANSACTION,BENIGN,BACKGROUND_BENIGN
TX-N-05603,TRANSACTION,BENIGN,BACKGROUND_BENIGN
TX-N-05604,TRANSACTION,BENIGN,BACKGROUND_BENIGN
TX-N-05605,TRANSACTION,BENIGN,BACKGROUND_BENIGN
TX-N-05606,TRANSACTION,BENIGN,BACKGROUND_BENIGN
TX-N-05607,TRANSACTION,BENIGN,BACKGROUND_BENIGN
TX-N-05608,TRANSACTION,BENIGN,BACKGROUND_BENIGN
TX-N-05609,TRANSACTION,BENIGN,BACKGROUND_BENIGN
TX-N-05610,TRANSACTION,BENIGN,BACKGROUND_BENIGN
TX-N-05611,TRANSACTION,BENIGN,BACKGROUND_BENIGN
TX-N-05612,TRANSACTION,BENIGN,BACKGROUND_BENIGN
TX-N-05613,TRANSACTION,BENIGN,BACKGROUND_BENIGN
TX-N-05614,TRANSACTION,BENIGN,BACKGROUND_BENIGN
TX-N-05615,TRANSACTION,BENIGN,BACKGROUND_BENIGN
TX-N-05616,TRANSACTION,BENIGN,BACKGROUND_BENIGN
TX-N-05617,TRANSACTION,BENIGN,BACKGROUND_BENIGN
TX-N-05618,TRANSACTION,BENIGN,BACKGROUND_BENIGN
TX-N-05619,TRANSACTION,BENIGN,BACKGROUND_BENIGN
TX-N-05620,TRANSACTION,BENIGN,BACKGROUND_BENIGN
TX-N-05621,TRANSACTION,BENIGN,BACKGROUND_BENIGN
TX-N-05622,TRANSACTION,BENIGN,BACKGROUND_BENIGN
TX-N-05623,TRANSACTION,BENIGN,BACKGROUND_BENIGN
TX-N-05624,TRANSACTION,BENIGN,BACKGROUND_BENIGN
TX-N-05625,TRANSACTION,BENIGN,BACKGROUND_BENIGN
TX-N-05626,TRANSACTION,BENIGN,BACKGROUND_BENIGN
TX-N-05627,TRANSACTION,BENIGN,BACKGROUND_BENIGN
TX-N-05628,TRANSACTION,BENIGN,BACKGROUND_BENIGN
TX-N-05629,TRANSACTION,BENIGN,BACKGROUND_BENIGN
TX-N-05630,TRANSACTION,BENIGN,BACKGROUND_BENIGN
TX-N-05631,TRANSACTION,BENIGN,BACKGROUND_BENIGN
TX-N-05632,TRANSACTION,BENIGN,BACKGROUND_BENIGN
TX-N-05633,TRANSACTION,BENIGN,BACKGROUND_BENIGN
TX-N-05634,TRANSACTION,BENIGN,BACKGROUND_BENIGN
TX-N-05635,TRANSACTION,BENIGN,BACKGROUND_BENIGN
TX-N-05636,TRANSACTION,BENIGN,BACKGROUND_BENIGN
TX-N-05637,TRANSACTION,BENIGN,BACKGROUND_BENIGN
TX-N-05638,TRANSACTION,BENIGN,BACKGROUND_BENIGN
TX-N-05639,TRANSACTION,BENIGN,BACKGROUND_BENIGN
TX-N-05640,TRANSACTION,BENIGN,BACKGROUND_BENIGN
TX-N-05641,TRANSACTION,BENIGN,BACKGROUND_BENIGN
TX-N-05642,TRANSACTION,BENIGN,BACKGROUND_BENIGN
TX-N-05643,TRANSACTION,BENIGN,BACKGROUND_BENIGN
TX-N-05644,TRANSACTION,BENIGN,BACKGROUND_BENIGN
TX-N-05645,TRANSACTION,BENIGN,BACKGROUND_BENIGN
TX-N-05646,TRANSACTION,BENIGN,BACKGROUND_BENIGN
TX-N-05647,TRANSACTION,BENIGN,BACKGROUND_BENIGN
TX-N-05648,TRANSACTION,BENIGN,BACKGROUND_BENIGN
TX-N-05649,TRANSACTION,BENIGN,BACKGROUND_BENIGN
TX-N-05650,TRANSACTION,BENIGN,BACKGROUND_BENIGN
TX-N-05651,TRANSACTION,BENIGN,BACKGROUND_BENIGN
TX-N-05652,TRANSACTION,BENIGN,BACKGROUND_BENIGN
TX-N-05653,TRANSACTION,BENIGN,BACKGROUND_BENIGN
TX-N-05654,TRANSACTION,BENIGN,BACKGROUND_BENIGN
TX-N-05655,TRANSACTION,BENIGN,BACKGROUND_BENIGN
TX-N-05656,TRANSACTION,BENIGN,BACKGROUND_BENIGN
TX-N-05657,TRANSACTION,BENIGN,BACKGROUND_BENIGN
TX-N-05658,TRANSACTION,BENIGN,BACKGROUND_BENIGN
TX-N-05659,TRANSACTION,BENIGN,BACKGROUND_BENIGN
TX-N-05660,TRANSACTION,BENIGN,BACKGROUND_BENIGN
TX-N-05661,TRANSACTION,BENIGN,BACKGROUND_BENIGN
TX-N-05662,TRANSACTION,BENIGN,BACKGROUND_BENIGN
TX-N-05663,TRANSACTION,BENIGN,BACKGROUND_BENIGN
TX-N-05664,TRANSACTION,BENIGN,BACKGROUND_BENIGN
TX-N-05665,TRANSACTION,BENIGN,BACKGROUND_BENIGN
TX-N-05666,TRANSACTION,BENIGN,BACKGROUND_BENIGN
TX-N-05667,TRANSACTION,BENIGN,BACKGROUND_BENIGN
TX-N-05668,TRANSACTION,BENIGN,BACKGROUND_BENIGN
TX-N-05669,TRANSACTION,BENIGN,BACKGROUND_BENIGN
TX-N-05670,TRANSACTION,BENIGN,BACKGROUND_BENIGN
TX-N-05671,TRANSACTION,BENIGN,BACKGROUND_BENIGN
TX-N-05672,TRANSACTION,BENIGN,BACKGROUND_BENIGN
TX-N-05673,TRANSACTION,BENIGN,BACKGROUND_BENIGN
TX-N-05674,TRANSACTION,BENIGN,BACKGROUND_BENIGN
TX-N-05675,TRANSACTION,BENIGN,BACKGROUND_BENIGN
TX-N-05676,TRANSACTION,BENIGN,BACKGROUND_BENIGN
TX-N-05677,TRANSACTION,BENIGN,BACKGROUND_BENIGN
TX-N-05678,TRANSACTION,BENIGN,BACKGROUND_BENIGN
TX-N-05679,TRANSACTION,BENIGN,BACKGROUND_BENIGN
TX-N-05680,TRANSACTION,BENIGN,BACKGROUND_BENIGN
TX-N-05681,TRANSACTION,BENIGN,BACKGROUND_BENIGN
TX-N-05682,TRANSACTION,BENIGN,BACKGROUND_BENIGN
TX-N-05683,TRANSACTION,BENIGN,BACKGROUND_BENIGN
TX-N-05684,TRANSACTION,BENIGN,BACKGROUND_BENIGN
TX-N-05685,TRANSACTION,BENIGN,BACKGROUND_BENIGN
TX-N-05686,TRANSACTION,BENIGN,BACKGROUND_BENIGN
TX-N-05687,TRANSACTION,BENIGN,BACKGROUND_BENIGN
TX-N-05688,TRANSACTION,BENIGN,BACKGROUND_BENIGN
TX-N-05689,TRANSACTION,BENIGN,BACKGROUND_BENIGN
TX-N-05690,TRANSACTION,BENIGN,BACKGROUND_BENIGN
TX-N-05691,TRANSACTION,BENIGN,BACKGROUND_BENIGN
TX-N-05692,TRANSACTION,BENIGN,BACKGROUND_BENIGN
TX-N-05693,TRANSACTION,BENIGN,BACKGROUND_BENIGN
TX-N-05694,TRANSACTION,BENIGN,BACKGROUND_BENIGN
TX-N-05695,TRANSACTION,BENIGN,BACKGROUND_BENIGN
TX-N-05696,TRANSACTION,BENIGN,BACKGROUND_BENIGN
TX-N-05697,TRANSACTION,BENIGN,BACKGROUND_BENIGN
TX-N-05698,TRANSACTION,BENIGN,BACKGROUND_BENIGN
TX-N-05699,TRANSACTION,BENIGN,BACKGROUND_BENIGN
TX-N-05700,TRANSACTION,BENIGN,BACKGROUND_BENIGN
TX-N-05701,TRANSACTION,BENIGN,BACKGROUND_BENIGN
TX-N-05702,TRANSACTION,BENIGN,BACKGROUND_BENIGN
TX-N-05703,TRANSACTION,BENIGN,BACKGROUND_BENIGN
TX-N-05704,TRANSACTION,BENIGN,BACKGROUND_BENIGN
TX-N-05705,TRANSACTION,BENIGN,BACKGROUND_BENIGN
TX-N-05706,TRANSACTION,BENIGN,BACKGROUND_BENIGN
TX-N-05707,TRANSACTION,BENIGN,BACKGROUND_BENIGN
TX-N-05708,TRANSACTION,BENIGN,BACKGROUND_BENIGN
TX-N-05709,TRANSACTION,BENIGN,BACKGROUND_BENIGN
TX-N-05710,TRANSACTION,BENIGN,BACKGROUND_BENIGN
TX-N-05711,TRANSACTION,BENIGN,BACKGROUND_BENIGN
TX-N-05712,TRANSACTION,BENIGN,BACKGROUND_BENIGN
TX-N-05713,TRANSACTION,BENIGN,BACKGROUND_BENIGN
TX-N-05714,TRANSACTION,BENIGN,BACKGROUND_BENIGN
TX-N-05715,TRANSACTION,BENIGN,BACKGROUND_BENIGN
TX-N-05716,TRANSACTION,BENIGN,BACKGROUND_BENIGN
TX-N-05717,TRANSACTION,BENIGN,BACKGROUND_BENIGN
TX-N-05718,TRANSACTION,BENIGN,BACKGROUND_BENIGN
TX-N-05719,TRANSACTION,BENIGN,BACKGROUND_BENIGN
TX-N-05720,TRANSACTION,BENIGN,BACKGROUND_BENIGN
TX-N-05721,TRANSACTION,BENIGN,BACKGROUND_BENIGN
TX-N-05722,TRANSACTION,BENIGN,BACKGROUND_BENIGN
TX-N-05723,TRANSACTION,BENIGN,BACKGROUND_BENIGN
TX-N-05724,TRANSACTION,BENIGN,BACKGROUND_BENIGN
TX-N-05725,TRANSACTION,BENIGN,BACKGROUND_BENIGN
TX-N-05726,TRANSACTION,BENIGN,BACKGROUND_BENIGN
TX-N-05727,TRANSACTION,BENIGN,BACKGROUND_BENIGN
TX-N-05728,TRANSACTION,BENIGN,BACKGROUND_BENIGN
TX-N-05729,TRANSACTION,BENIGN,BACKGROUND_BENIGN
TX-N-05730,TRANSACTION,BENIGN,BACKGROUND_BENIGN
TX-N-05731,TRANSACTION,BENIGN,BACKGROUND_BENIGN
TX-N-05732,TRANSACTION,BENIGN,BACKGROUND_BENIGN
TX-N-05733,TRANSACTION,BENIGN,BACKGROUND_BENIGN
TX-N-05734,TRANSACTION,BENIGN,BACKGROUND_BENIGN
TX-N-05735,TRANSACTION,BENIGN,BACKGROUND_BENIGN
TX-N-05736,TRANSACTION,BENIGN,BACKGROUND_BENIGN
TX-N-05737,TRANSACTION,BENIGN,BACKGROUND_BENIGN
TX-N-05738,TRANSACTION,BENIGN,BACKGROUND_BENIGN
TX-N-05739,TRANSACTION,BENIGN,BACKGROUND_BENIGN
TX-N-05740,TRANSACTION,BENIGN,BACKGROUND_BENIGN
TX-N-05741,TRANSACTION,BENIGN,BACKGROUND_BENIGN
TX-N-05742,TRANSACTION,BENIGN,BACKGROUND_BENIGN
TX-N-05743,TRANSACTION,BENIGN,BACKGROUND_BENIGN
TX-N-05744,TRANSACTION,BENIGN,BACKGROUND_BENIGN
TX-N-05745,TRANSACTION,BENIGN,BACKGROUND_BENIGN
TX-N-05746,TRANSACTION,BENIGN,BACKGROUND_BENIGN
TX-N-05747,TRANSACTION,BENIGN,BACKGROUND_BENIGN
TX-N-05748,TRANSACTION,BENIGN,BACKGROUND_BENIGN
TX-N-05749,TRANSACTION,BENIGN,BACKGROUND_BENIGN
TX-N-05750,TRANSACTION,BENIGN,BACKGROUND_BENIGN
TX-N-05751,TRANSACTION,BENIGN,BACKGROUND_BENIGN
TX-N-05752,TRANSACTION,BENIGN,BACKGROUND_BENIGN
TX-N-05753,TRANSACTION,BENIGN,BACKGROUND_BENIGN
TX-N-05754,TRANSACTION,BENIGN,BACKGROUND_BENIGN
TX-N-05755,TRANSACTION,BENIGN,BACKGROUND_BENIGN
TX-N-05756,TRANSACTION,BENIGN,BACKGROUND_BENIGN
TX-N-05757,TRANSACTION,BENIGN,BACKGROUND_BENIGN
TX-N-05758,TRANSACTION,BENIGN,BACKGROUND_BENIGN
TX-N-05759,TRANSACTION,BENIGN,BACKGROUND_BENIGN
TX-N-05760,TRANSACTION,BENIGN,BACKGROUND_BENIGN
TX-N-05761,TRANSACTION,BENIGN,BACKGROUND_BENIGN
TX-N-05762,TRANSACTION,BENIGN,BACKGROUND_BENIGN
TX-N-05763,TRANSACTION,BENIGN,BACKGROUND_BENIGN
TX-N-05764,TRANSACTION,BENIGN,BACKGROUND_BENIGN
TX-N-05765,TRANSACTION,BENIGN,BACKGROUND_BENIGN
TX-N-05766,TRANSACTION,BENIGN,BACKGROUND_BENIGN
TX-N-05767,TRANSACTION,BENIGN,BACKGROUND_BENIGN
TX-N-05768,TRANSACTION,BENIGN,BACKGROUND_BENIGN
TX-N-05769,TRANSACTION,BENIGN,BACKGROUND_BENIGN
TX-N-05770,TRANSACTION,BENIGN,BACKGROUND_BENIGN
TX-N-05771,TRANSACTION,BENIGN,BACKGROUND_BENIGN
TX-N-05772,TRANSACTION,BENIGN,BACKGROUND_BENIGN
TX-N-05773,TRANSACTION,BENIGN,BACKGROUND_BENIGN
TX-N-05774,TRANSACTION,BENIGN,BACKGROUND_BENIGN
TX-N-05775,TRANSACTION,BENIGN,BACKGROUND_BENIGN
TX-N-05776,TRANSACTION,BENIGN,BACKGROUND_BENIGN
TX-N-05777,TRANSACTION,BENIGN,BACKGROUND_BENIGN
TX-N-05778,TRANSACTION,BENIGN,BACKGROUND_BENIGN
TX-N-05779,TRANSACTION,BENIGN,BACKGROUND_BENIGN
TX-N-05780,TRANSACTION,BENIGN,BACKGROUND_BENIGN
TX-N-05781,TRANSACTION,BENIGN,BACKGROUND_BENIGN
TX-N-05782,TRANSACTION,BENIGN,BACKGROUND_BENIGN
TX-N-05783,TRANSACTION,BENIGN,BACKGROUND_BENIGN
TX-N-05784,TRANSACTION,BENIGN,BACKGROUND_BENIGN
TX-N-05785,TRANSACTION,BENIGN,BACKGROUND_BENIGN
TX-N-05786,TRANSACTION,BENIGN,BACKGROUND_BENIGN
TX-N-05787,TRANSACTION,BENIGN,BACKGROUND_BENIGN
TX-N-05788,TRANSACTION,BENIGN,BACKGROUND_BENIGN
TX-N-05789,TRANSACTION,BENIGN,BACKGROUND_BENIGN
TX-N-05790,TRANSACTION,BENIGN,BACKGROUND_BENIGN
TX-N-05791,TRANSACTION,BENIGN,BACKGROUND_BENIGN
TX-N-05792,TRANSACTION,BENIGN,BACKGROUND_BENIGN
TX-N-05793,TRANSACTION,BENIGN,BACKGROUND_BENIGN
TX-N-05794,TRANSACTION,BENIGN,BACKGROUND_BENIGN
TX-N-05795,TRANSACTION,BENIGN,BACKGROUND_BENIGN
TX-N-05796,TRANSACTION,BENIGN,BACKGROUND_BENIGN
TX-N-05797,TRANSACTION,BENIGN,BACKGROUND_BENIGN
TX-N-05798,TRANSACTION,BENIGN,BACKGROUND_BENIGN
TX-N-05799,TRANSACTION,BENIGN,BACKGROUND_BENIGN
TX-N-05800,TRANSACTION,BENIGN,BACKGROUND_BENIGN
TX-N-05801,TRANSACTION,BENIGN,BACKGROUND_BENIGN
TX-N-05802,TRANSACTION,BENIGN,BACKGROUND_BENIGN
TX-N-05803,TRANSACTION,BENIGN,BACKGROUND_BENIGN
TX-N-05804,TRANSACTION,BENIGN,BACKGROUND_BENIGN
TX-N-05805,TRANSACTION,BENIGN,BACKGROUND_BENIGN
TX-N-05806,TRANSACTION,BENIGN,BACKGROUND_BENIGN
TX-N-05807,TRANSACTION,BENIGN,BACKGROUND_BENIGN
TX-N-05808,TRANSACTION,BENIGN,BACKGROUND_BENIGN
TX-N-05809,TRANSACTION,BENIGN,BACKGROUND_BENIGN
TX-N-05810,TRANSACTION,BENIGN,BACKGROUND_BENIGN
TX-N-05811,TRANSACTION,BENIGN,BACKGROUND_BENIGN
TX-N-05812,TRANSACTION,BENIGN,BACKGROUND_BENIGN
TX-N-05813,TRANSACTION,BENIGN,BACKGROUND_BENIGN
TX-N-05814,TRANSACTION,BENIGN,BACKGROUND_BENIGN
TX-N-05815,TRANSACTION,BENIGN,BACKGROUND_BENIGN
TX-N-05816,TRANSACTION,BENIGN,BACKGROUND_BENIGN
TX-N-05817,TRANSACTION,BENIGN,BACKGROUND_BENIGN
TX-N-05818,TRANSACTION,BENIGN,BACKGROUND_BENIGN
TX-N-05819,TRANSACTION,BENIGN,BACKGROUND_BENIGN
TX-N-05820,TRANSACTION,BENIGN,BACKGROUND_BENIGN
TX-N-05821,TRANSACTION,BENIGN,BACKGROUND_BENIGN
TX-N-05822,TRANSACTION,BENIGN,BACKGROUND_BENIGN
TX-N-05823,TRANSACTION,BENIGN,BACKGROUND_BENIGN
TX-N-05824,TRANSACTION,BENIGN,BACKGROUND_BENIGN
TX-N-05825,TRANSACTION,BENIGN,BACKGROUND_BENIGN
TX-N-05826,TRANSACTION,BENIGN,BACKGROUND_BENIGN
TX-N-05827,TRANSACTION,BENIGN,BACKGROUND_BENIGN
TX-N-05828,TRANSACTION,BENIGN,BACKGROUND_BENIGN
TX-N-05829,TRANSACTION,BENIGN,BACKGROUND_BENIGN
TX-N-05830,TRANSACTION,BENIGN,BACKGROUND_BENIGN
TX-N-05831,TRANSACTION,BENIGN,BACKGROUND_BENIGN
TX-N-05832,TRANSACTION,BENIGN,BACKGROUND_BENIGN
TX-N-05833,TRANSACTION,BENIGN,BACKGROUND_BENIGN
TX-N-05834,TRANSACTION,BENIGN,BACKGROUND_BENIGN
TX-N-05835,TRANSACTION,BENIGN,BACKGROUND_BENIGN
TX-N-05836,TRANSACTION,BENIGN,BACKGROUND_BENIGN
TX-N-05837,TRANSACTION,BENIGN,BACKGROUND_BENIGN
TX-N-05838,TRANSACTION,BENIGN,BACKGROUND_BENIGN
TX-N-05839,TRANSACTION,BENIGN,BACKGROUND_BENIGN
TX-N-05840,TRANSACTION,BENIGN,BACKGROUND_BENIGN
TX-N-05841,TRANSACTION,BENIGN,BACKGROUND_BENIGN
TX-N-05842,TRANSACTION,BENIGN,BACKGROUND_BENIGN
TX-N-05843,TRANSACTION,BENIGN,BACKGROUND_BENIGN
TX-N-05844,TRANSACTION,BENIGN,BACKGROUND_BENIGN
TX-N-05845,TRANSACTION,BENIGN,BACKGROUND_BENIGN
TX-N-05846,TRANSACTION,BENIGN,BACKGROUND_BENIGN
TX-N-05847,TRANSACTION,BENIGN,BACKGROUND_BENIGN
TX-N-05848,TRANSACTION,BENIGN,BACKGROUND_BENIGN
TX-N-05849,TRANSACTION,BENIGN,BACKGROUND_BENIGN
TX-N-05850,TRANSACTION,BENIGN,BACKGROUND_BENIGN
TX-N-05851,TRANSACTION,BENIGN,BACKGROUND_BENIGN
TX-N-05852,TRANSACTION,BENIGN,BACKGROUND_BENIGN
TX-N-05853,TRANSACTION,BENIGN,BACKGROUND_BENIGN
TX-N-05854,TRANSACTION,BENIGN,BACKGROUND_BENIGN
TX-N-05855,TRANSACTION,BENIGN,BACKGROUND_BENIGN
TX-N-05856,TRANSACTION,BENIGN,BACKGROUND_BENIGN
TX-N-05857,TRANSACTION,BENIGN,BACKGROUND_BENIGN
TX-N-05858,TRANSACTION,BENIGN,BACKGROUND_BENIGN
TX-N-05859,TRANSACTION,BENIGN,BACKGROUND_BENIGN
TX-N-05860,TRANSACTION,BENIGN,BACKGROUND_BENIGN
TX-N-05861,TRANSACTION,BENIGN,BACKGROUND_BENIGN
TX-N-05862,TRANSACTION,BENIGN,BACKGROUND_BENIGN
TX-N-05863,TRANSACTION,BENIGN,BACKGROUND_BENIGN
TX-N-05864,TRANSACTION,BENIGN,BACKGROUND_BENIGN
TX-N-05865,TRANSACTION,BENIGN,BACKGROUND_BENIGN
TX-N-05866,TRANSACTION,BENIGN,BACKGROUND_BENIGN
TX-N-05867,TRANSACTION,BENIGN,BACKGROUND_BENIGN
TX-N-05868,TRANSACTION,BENIGN,BACKGROUND_BENIGN
TX-N-05869,TRANSACTION,BENIGN,BACKGROUND_BENIGN
TX-N-05870,TRANSACTION,BENIGN,BACKGROUND_BENIGN
TX-N-05871,TRANSACTION,BENIGN,BACKGROUND_BENIGN
TX-N-05872,TRANSACTION,BENIGN,BACKGROUND_BENIGN
TX-N-05873,TRANSACTION,BENIGN,BACKGROUND_BENIGN
TX-N-05874,TRANSACTION,BENIGN,BACKGROUND_BENIGN
TX-N-05875,TRANSACTION,BENIGN,BACKGROUND_BENIGN
TX-N-05876,TRANSACTION,BENIGN,BACKGROUND_BENIGN
TX-N-05877,TRANSACTION,BENIGN,BACKGROUND_BENIGN
TX-N-05878,TRANSACTION,BENIGN,BACKGROUND_BENIGN
TX-N-05879,TRANSACTION,BENIGN,BACKGROUND_BENIGN
TX-N-05880,TRANSACTION,BENIGN,BACKGROUND_BENIGN
TX-N-05881,TRANSACTION,BENIGN,BACKGROUND_BENIGN
TX-N-05882,TRANSACTION,BENIGN,BACKGROUND_BENIGN
TX-N-05883,TRANSACTION,BENIGN,BACKGROUND_BENIGN
TX-N-05884,TRANSACTION,BENIGN,BACKGROUND_BENIGN
TX-N-05885,TRANSACTION,BENIGN,BACKGROUND_BENIGN
TX-N-05886,TRANSACTION,BENIGN,BACKGROUND_BENIGN
TX-N-05887,TRANSACTION,BENIGN,BACKGROUND_BENIGN
TX-N-05888,TRANSACTION,BENIGN,BACKGROUND_BENIGN
TX-N-05889,TRANSACTION,BENIGN,BACKGROUND_BENIGN
TX-N-05890,TRANSACTION,BENIGN,BACKGROUND_BENIGN
TX-N-05891,TRANSACTION,BENIGN,BACKGROUND_BENIGN
TX-N-05892,TRANSACTION,BENIGN,BACKGROUND_BENIGN
TX-N-05893,TRANSACTION,BENIGN,BACKGROUND_BENIGN
TX-N-05894,TRANSACTION,BENIGN,BACKGROUND_BENIGN
TX-N-05895,TRANSACTION,BENIGN,BACKGROUND_BENIGN
TX-N-05896,TRANSACTION,BENIGN,BACKGROUND_BENIGN
TX-N-05897,TRANSACTION,BENIGN,BACKGROUND_BENIGN
TX-N-05898,TRANSACTION,BENIGN,BACKGROUND_BENIGN
TX-N-05899,TRANSACTION,BENIGN,BACKGROUND_BENIGN
TX-N-05900,TRANSACTION,BENIGN,BACKGROUND_BENIGN
TX-N-05901,TRANSACTION,BENIGN,BACKGROUND_BENIGN
TX-N-05902,TRANSACTION,BENIGN,BACKGROUND_BENIGN
TX-N-05903,TRANSACTION,BENIGN,BACKGROUND_BENIGN
TX-N-05904,TRANSACTION,BENIGN,BACKGROUND_BENIGN
TX-N-05905,TRANSACTION,BENIGN,BACKGROUND_BENIGN
TX-N-05906,TRANSACTION,BENIGN,BACKGROUND_BENIGN
TX-N-05907,TRANSACTION,BENIGN,BACKGROUND_BENIGN
TX-N-05908,TRANSACTION,BENIGN,BACKGROUND_BENIGN
TX-N-05909,TRANSACTION,BENIGN,BACKGROUND_BENIGN
TX-N-05910,TRANSACTION,BENIGN,BACKGROUND_BENIGN
TX-N-05911,TRANSACTION,BENIGN,BACKGROUND_BENIGN
TX-N-05912,TRANSACTION,BENIGN,BACKGROUND_BENIGN
TX-N-05913,TRANSACTION,BENIGN,BACKGROUND_BENIGN
TX-N-05914,TRANSACTION,BENIGN,BACKGROUND_BENIGN
TX-N-05915,TRANSACTION,BENIGN,BACKGROUND_BENIGN
TX-N-05916,TRANSACTION,BENIGN,BACKGROUND_BENIGN
TX-N-05917,TRANSACTION,BENIGN,BACKGROUND_BENIGN
TX-N-05918,TRANSACTION,BENIGN,BACKGROUND_BENIGN
TX-N-05919,TRANSACTION,BENIGN,BACKGROUND_BENIGN
TX-N-05920,TRANSACTION,BENIGN,BACKGROUND_BENIGN
TX-N-05921,TRANSACTION,BENIGN,BACKGROUND_BENIGN
TX-N-05922,TRANSACTION,BENIGN,BACKGROUND_BENIGN
TX-N-05923,TRANSACTION,BENIGN,BACKGROUND_BENIGN
TX-N-05924,TRANSACTION,BENIGN,BACKGROUND_BENIGN
TX-N-05925,TRANSACTION,BENIGN,BACKGROUND_BENIGN
TX-N-05926,TRANSACTION,BENIGN,BACKGROUND_BENIGN
TX-N-05927,TRANSACTION,BENIGN,BACKGROUND_BENIGN
TX-N-05928,TRANSACTION,BENIGN,BACKGROUND_BENIGN
TX-N-05929,TRANSACTION,BENIGN,BACKGROUND_BENIGN
TX-N-05930,TRANSACTION,BENIGN,BACKGROUND_BENIGN
TX-N-05931,TRANSACTION,BENIGN,BACKGROUND_BENIGN
TX-N-05932,TRANSACTION,BENIGN,BACKGROUND_BENIGN
TX-N-05933,TRANSACTION,BENIGN,BACKGROUND_BENIGN
TX-N-05934,TRANSACTION,BENIGN,BACKGROUND_BENIGN
TX-N-05935,TRANSACTION,BENIGN,BACKGROUND_BENIGN
TX-N-05936,TRANSACTION,BENIGN,BACKGROUND_BENIGN
TX-N-05937,TRANSACTION,BENIGN,BACKGROUND_BENIGN
TX-N-05938,TRANSACTION,BENIGN,BACKGROUND_BENIGN
TX-N-05939,TRANSACTION,BENIGN,BACKGROUND_BENIGN
TX-N-05940,TRANSACTION,BENIGN,BACKGROUND_BENIGN
TX-N-05941,TRANSACTION,BENIGN,BACKGROUND_BENIGN
TX-N-05942,TRANSACTION,BENIGN,BACKGROUND_BENIGN
TX-N-05943,TRANSACTION,BENIGN,BACKGROUND_BENIGN
TX-N-05944,TRANSACTION,BENIGN,BACKGROUND_BENIGN
TX-N-05945,TRANSACTION,BENIGN,BACKGROUND_BENIGN
TX-N-05946,TRANSACTION,BENIGN,BACKGROUND_BENIGN
TX-N-05947,TRANSACTION,BENIGN,BACKGROUND_BENIGN
TX-N-05948,TRANSACTION,BENIGN,BACKGROUND_BENIGN
TX-N-05949,TRANSACTION,BENIGN,BACKGROUND_BENIGN
TX-N-05950,TRANSACTION,BENIGN,BACKGROUND_BENIGN
TX-N-05951,TRANSACTION,BENIGN,BACKGROUND_BENIGN
TX-N-05952,TRANSACTION,BENIGN,BACKGROUND_BENIGN
TX-N-05953,TRANSACTION,BENIGN,BACKGROUND_BENIGN
TX-N-05954,TRANSACTION,BENIGN,BACKGROUND_BENIGN
TX-N-05955,TRANSACTION,BENIGN,BACKGROUND_BENIGN
TX-N-05956,TRANSACTION,BENIGN,BACKGROUND_BENIGN
TX-N-05957,TRANSACTION,BENIGN,BACKGROUND_BENIGN
TX-N-05958,TRANSACTION,BENIGN,BACKGROUND_BENIGN
TX-N-05959,TRANSACTION,BENIGN,BACKGROUND_BENIGN
TX-N-05960,TRANSACTION,BENIGN,BACKGROUND_BENIGN
TX-N-05961,TRANSACTION,BENIGN,BACKGROUND_BENIGN
TX-N-05962,TRANSACTION,BENIGN,BACKGROUND_BENIGN
TX-N-05963,TRANSACTION,BENIGN,BACKGROUND_BENIGN
TX-N-05964,TRANSACTION,BENIGN,BACKGROUND_BENIGN
TX-N-05965,TRANSACTION,BENIGN,BACKGROUND_BENIGN
TX-N-05966,TRANSACTION,BENIGN,BACKGROUND_BENIGN
TX-N-05967,TRANSACTION,BENIGN,BACKGROUND_BENIGN
TX-N-05968,TRANSACTION,BENIGN,BACKGROUND_BENIGN
TX-N-05969,TRANSACTION,BENIGN,BACKGROUND_BENIGN
TX-N-05970,TRANSACTION,BENIGN,BACKGROUND_BENIGN
TX-N-05971,TRANSACTION,BENIGN,BACKGROUND_BENIGN
TX-N-05972,TRANSACTION,BENIGN,BACKGROUND_BENIGN
TX-N-05973,TRANSACTION,BENIGN,BACKGROUND_BENIGN
TX-N-05974,TRANSACTION,BENIGN,BACKGROUND_BENIGN
TX-N-05975,TRANSACTION,BENIGN,BACKGROUND_BENIGN
TX-N-05976,TRANSACTION,BENIGN,BACKGROUND_BENIGN
TX-N-05977,TRANSACTION,BENIGN,BACKGROUND_BENIGN
TX-N-05978,TRANSACTION,BENIGN,BACKGROUND_BENIGN
TX-N-05979,TRANSACTION,BENIGN,BACKGROUND_BENIGN
TX-N-05980,TRANSACTION,BENIGN,BACKGROUND_BENIGN
TX-N-05981,TRANSACTION,BENIGN,BACKGROUND_BENIGN
TX-N-05982,TRANSACTION,BENIGN,BACKGROUND_BENIGN
TX-N-05983,TRANSACTION,BENIGN,BACKGROUND_BENIGN
TX-N-05984,TRANSACTION,BENIGN,BACKGROUND_BENIGN
TX-N-05985,TRANSACTION,BENIGN,BACKGROUND_BENIGN
TX-N-05986,TRANSACTION,BENIGN,BACKGROUND_BENIGN
TX-N-05987,TRANSACTION,BENIGN,BACKGROUND_BENIGN
TX-N-05988,TRANSACTION,BENIGN,BACKGROUND_BENIGN
TX-N-05989,TRANSACTION,BENIGN,BACKGROUND_BENIGN
TX-N-05990,TRANSACTION,BENIGN,BACKGROUND_BENIGN
TX-N-05991,TRANSACTION,BENIGN,BACKGROUND_BENIGN
TX-N-05992,TRANSACTION,BENIGN,BACKGROUND_BENIGN
TX-N-05993,TRANSACTION,BENIGN,BACKGROUND_BENIGN
TX-N-05994,TRANSACTION,BENIGN,BACKGROUND_BENIGN
TX-N-05995,TRANSACTION,BENIGN,BACKGROUND_BENIGN
TX-N-05996,TRANSACTION,BENIGN,BACKGROUND_BENIGN
TX-N-05997,TRANSACTION,BENIGN,BACKGROUND_BENIGN
TX-N-05998,TRANSACTION,BENIGN,BACKGROUND_BENIGN
TX-N-05999,TRANSACTION,BENIGN,BACKGROUND_BENIGN
TX-N-06000,TRANSACTION,BENIGN,BACKGROUND_BENIGN
TX-N-06001,TRANSACTION,BENIGN,BACKGROUND_BENIGN
TX-N-06002,TRANSACTION,BENIGN,BACKGROUND_BENIGN
TX-N-06003,TRANSACTION,BENIGN,BACKGROUND_BENIGN
TX-N-06004,TRANSACTION,BENIGN,BACKGROUND_BENIGN
TX-N-06005,TRANSACTION,BENIGN,BACKGROUND_BENIGN
TX-N-06006,TRANSACTION,BENIGN,BACKGROUND_BENIGN
TX-N-06007,TRANSACTION,BENIGN,BACKGROUND_BENIGN
TX-N-06008,TRANSACTION,BENIGN,BACKGROUND_BENIGN
TX-N-06009,TRANSACTION,BENIGN,BACKGROUND_BENIGN
TX-N-06010,TRANSACTION,BENIGN,BACKGROUND_BENIGN
TX-N-06011,TRANSACTION,BENIGN,BACKGROUND_BENIGN
TX-N-06012,TRANSACTION,BENIGN,BACKGROUND_BENIGN
TX-N-06013,TRANSACTION,BENIGN,BACKGROUND_BENIGN
TX-N-06014,TRANSACTION,BENIGN,BACKGROUND_BENIGN
TX-N-06015,TRANSACTION,BENIGN,BACKGROUND_BENIGN
TX-N-06016,TRANSACTION,BENIGN,BACKGROUND_BENIGN
TX-N-06017,TRANSACTION,BENIGN,BACKGROUND_BENIGN
TX-N-06018,TRANSACTION,BENIGN,BACKGROUND_BENIGN
TX-N-06019,TRANSACTION,BENIGN,BACKGROUND_BENIGN
TX-N-06020,TRANSACTION,BENIGN,BACKGROUND_BENIGN
TX-N-06021,TRANSACTION,BENIGN,BACKGROUND_BENIGN
TX-N-06022,TRANSACTION,BENIGN,BACKGROUND_BENIGN
TX-N-06023,TRANSACTION,BENIGN,BACKGROUND_BENIGN
TX-N-06024,TRANSACTION,BENIGN,BACKGROUND_BENIGN
TX-N-06025,TRANSACTION,BENIGN,BACKGROUND_BENIGN
TX-N-06026,TRANSACTION,BENIGN,BACKGROUND_BENIGN
TX-N-06027,TRANSACTION,BENIGN,BACKGROUND_BENIGN
TX-N-06028,TRANSACTION,BENIGN,BACKGROUND_BENIGN
TX-N-06029,TRANSACTION,BENIGN,BACKGROUND_BENIGN
TX-N-06030,TRANSACTION,BENIGN,BACKGROUND_BENIGN
TX-N-06031,TRANSACTION,BENIGN,BACKGROUND_BENIGN
TX-N-06032,TRANSACTION,BENIGN,BACKGROUND_BENIGN
TX-N-06033,TRANSACTION,BENIGN,BACKGROUND_BENIGN
TX-N-06034,TRANSACTION,BENIGN,BACKGROUND_BENIGN
TX-N-06035,TRANSACTION,BENIGN,BACKGROUND_BENIGN
TX-N-06036,TRANSACTION,BENIGN,BACKGROUND_BENIGN
TX-N-06037,TRANSACTION,BENIGN,BACKGROUND_BENIGN
TX-N-06038,TRANSACTION,BENIGN,BACKGROUND_BENIGN
TX-N-06039,TRANSACTION,BENIGN,BACKGROUND_BENIGN
TX-N-06040,TRANSACTION,BENIGN,BACKGROUND_BENIGN
TX-N-06041,TRANSACTION,BENIGN,BACKGROUND_BENIGN
TX-N-06042,TRANSACTION,BENIGN,BACKGROUND_BENIGN
TX-N-06043,TRANSACTION,BENIGN,BACKGROUND_BENIGN
TX-N-06044,TRANSACTION,BENIGN,BACKGROUND_BENIGN
TX-N-06045,TRANSACTION,BENIGN,BACKGROUND_BENIGN
TX-N-06046,TRANSACTION,BENIGN,BACKGROUND_BENIGN
TX-N-06047,TRANSACTION,BENIGN,BACKGROUND_BENIGN
TX-N-06048,TRANSACTION,BENIGN,BACKGROUND_BENIGN
TX-N-06049,TRANSACTION,BENIGN,BACKGROUND_BENIGN
TX-N-06050,TRANSACTION,BENIGN,BACKGROUND_BENIGN
TX-N-06051,TRANSACTION,BENIGN,BACKGROUND_BENIGN
TX-N-06052,TRANSACTION,BENIGN,BACKGROUND_BENIGN
TX-N-06053,TRANSACTION,BENIGN,BACKGROUND_BENIGN
TX-N-06054,TRANSACTION,BENIGN,BACKGROUND_BENIGN
TX-N-06055,TRANSACTION,BENIGN,BACKGROUND_BENIGN
TX-N-06056,TRANSACTION,BENIGN,BACKGROUND_BENIGN
TX-N-06057,TRANSACTION,BENIGN,BACKGROUND_BENIGN
TX-N-06058,TRANSACTION,BENIGN,BACKGROUND_BENIGN
TX-N-06059,TRANSACTION,BENIGN,BACKGROUND_BENIGN
TX-N-06060,TRANSACTION,BENIGN,BACKGROUND_BENIGN
TX-N-06061,TRANSACTION,BENIGN,BACKGROUND_BENIGN
TX-N-06062,TRANSACTION,BENIGN,BACKGROUND_BENIGN
TX-N-06063,TRANSACTION,BENIGN,BACKGROUND_BENIGN
TX-N-06064,TRANSACTION,BENIGN,BACKGROUND_BENIGN
TX-N-06065,TRANSACTION,BENIGN,BACKGROUND_BENIGN
TX-N-06066,TRANSACTION,BENIGN,BACKGROUND_BENIGN
TX-N-06067,TRANSACTION,BENIGN,BACKGROUND_BENIGN
TX-N-06068,TRANSACTION,BENIGN,BACKGROUND_BENIGN
TX-N-06069,TRANSACTION,BENIGN,BACKGROUND_BENIGN
TX-N-06070,TRANSACTION,BENIGN,BACKGROUND_BENIGN
TX-N-06071,TRANSACTION,BENIGN,BACKGROUND_BENIGN
TX-N-06072,TRANSACTION,BENIGN,BACKGROUND_BENIGN
TX-N-06073,TRANSACTION,BENIGN,BACKGROUND_BENIGN
TX-N-06074,TRANSACTION,BENIGN,BACKGROUND_BENIGN
TX-N-06075,TRANSACTION,BENIGN,BACKGROUND_BENIGN
TX-N-06076,TRANSACTION,BENIGN,BACKGROUND_BENIGN
TX-N-06077,TRANSACTION,BENIGN,BACKGROUND_BENIGN
TX-N-06078,TRANSACTION,BENIGN,BACKGROUND_BENIGN
TX-N-06079,TRANSACTION,BENIGN,BACKGROUND_BENIGN
TX-N-06080,TRANSACTION,BENIGN,BACKGROUND_BENIGN
TX-N-06081,TRANSACTION,BENIGN,BACKGROUND_BENIGN
TX-N-06082,TRANSACTION,BENIGN,BACKGROUND_BENIGN
TX-N-06083,TRANSACTION,BENIGN,BACKGROUND_BENIGN
TX-N-06084,TRANSACTION,BENIGN,BACKGROUND_BENIGN
TX-N-06085,TRANSACTION,BENIGN,BACKGROUND_BENIGN
TX-N-06086,TRANSACTION,BENIGN,BACKGROUND_BENIGN
TX-N-06087,TRANSACTION,BENIGN,BACKGROUND_BENIGN
TX-N-06088,TRANSACTION,BENIGN,BACKGROUND_BENIGN
TX-N-06089,TRANSACTION,BENIGN,BACKGROUND_BENIGN
TX-N-06090,TRANSACTION,BENIGN,BACKGROUND_BENIGN
TX-N-06091,TRANSACTION,BENIGN,BACKGROUND_BENIGN
TX-N-06092,TRANSACTION,BENIGN,BACKGROUND_BENIGN
TX-N-06093,TRANSACTION,BENIGN,BACKGROUND_BENIGN
TX-N-06094,TRANSACTION,BENIGN,BACKGROUND_BENIGN
TX-N-06095,TRANSACTION,BENIGN,BACKGROUND_BENIGN
TX-N-06096,TRANSACTION,BENIGN,BACKGROUND_BENIGN
TX-N-06097,TRANSACTION,BENIGN,BACKGROUND_BENIGN
TX-N-06098,TRANSACTION,BENIGN,BACKGROUND_BENIGN
TX-N-06099,TRANSACTION,BENIGN,BACKGROUND_BENIGN
TX-N-06100,TRANSACTION,BENIGN,BACKGROUND_BENIGN
TX-N-06101,TRANSACTION,BENIGN,BACKGROUND_BENIGN
TX-N-06102,TRANSACTION,BENIGN,BACKGROUND_BENIGN
TX-N-06103,TRANSACTION,BENIGN,BACKGROUND_BENIGN
TX-N-06104,TRANSACTION,BENIGN,BACKGROUND_BENIGN
TX-N-06105,TRANSACTION,BENIGN,BACKGROUND_BENIGN
TX-N-06106,TRANSACTION,BENIGN,BACKGROUND_BENIGN
TX-N-06107,TRANSACTION,BENIGN,BACKGROUND_BENIGN
TX-N-06108,TRANSACTION,BENIGN,BACKGROUND_BENIGN
TX-N-06109,TRANSACTION,BENIGN,BACKGROUND_BENIGN
TX-N-06110,TRANSACTION,BENIGN,BACKGROUND_BENIGN
TX-N-06111,TRANSACTION,BENIGN,BACKGROUND_BENIGN
TX-N-06112,TRANSACTION,BENIGN,BACKGROUND_BENIGN
TX-N-06113,TRANSACTION,BENIGN,BACKGROUND_BENIGN
TX-N-06114,TRANSACTION,BENIGN,BACKGROUND_BENIGN
TX-N-06115,TRANSACTION,BENIGN,BACKGROUND_BENIGN
TX-N-06116,TRANSACTION,BENIGN,BACKGROUND_BENIGN
TX-N-06117,TRANSACTION,BENIGN,BACKGROUND_BENIGN
TX-N-06118,TRANSACTION,BENIGN,BACKGROUND_BENIGN
TX-N-06119,TRANSACTION,BENIGN,BACKGROUND_BENIGN
TX-N-06120,TRANSACTION,BENIGN,BACKGROUND_BENIGN
TX-N-06121,TRANSACTION,BENIGN,BACKGROUND_BENIGN
TX-N-06122,TRANSACTION,BENIGN,BACKGROUND_BENIGN
TX-N-06123,TRANSACTION,BENIGN,BACKGROUND_BENIGN
TX-N-06124,TRANSACTION,BENIGN,BACKGROUND_BENIGN
TX-N-06125,TRANSACTION,BENIGN,BACKGROUND_BENIGN
TX-N-06126,TRANSACTION,BENIGN,BACKGROUND_BENIGN
TX-N-06127,TRANSACTION,BENIGN,BACKGROUND_BENIGN
TX-N-06128,TRANSACTION,BENIGN,BACKGROUND_BENIGN
TX-N-06129,TRANSACTION,BENIGN,BACKGROUND_BENIGN
TX-N-06130,TRANSACTION,BENIGN,BACKGROUND_BENIGN
TX-N-06131,TRANSACTION,BENIGN,BACKGROUND_BENIGN
TX-N-06132,TRANSACTION,BENIGN,BACKGROUND_BENIGN
TX-N-06133,TRANSACTION,BENIGN,BACKGROUND_BENIGN
TX-N-06134,TRANSACTION,BENIGN,BACKGROUND_BENIGN
TX-N-06135,TRANSACTION,BENIGN,BACKGROUND_BENIGN
TX-N-06136,TRANSACTION,BENIGN,BACKGROUND_BENIGN
TX-N-06137,TRANSACTION,BENIGN,BACKGROUND_BENIGN
TX-N-06138,TRANSACTION,BENIGN,BACKGROUND_BENIGN
TX-N-06139,TRANSACTION,BENIGN,BACKGROUND_BENIGN
TX-N-06140,TRANSACTION,BENIGN,BACKGROUND_BENIGN
TX-N-06141,TRANSACTION,BENIGN,BACKGROUND_BENIGN
TX-N-06142,TRANSACTION,BENIGN,BACKGROUND_BENIGN
TX-N-06143,TRANSACTION,BENIGN,BACKGROUND_BENIGN
TX-N-06144,TRANSACTION,BENIGN,BACKGROUND_BENIGN
TX-N-06145,TRANSACTION,BENIGN,BACKGROUND_BENIGN
TX-N-06146,TRANSACTION,BENIGN,BACKGROUND_BENIGN
TX-N-06147,TRANSACTION,BENIGN,BACKGROUND_BENIGN
TX-N-06148,TRANSACTION,BENIGN,BACKGROUND_BENIGN
TX-N-06149,TRANSACTION,BENIGN,BACKGROUND_BENIGN
TX-N-06150,TRANSACTION,BENIGN,BACKGROUND_BENIGN
TX-N-06151,TRANSACTION,BENIGN,BACKGROUND_BENIGN
TX-N-06152,TRANSACTION,BENIGN,BACKGROUND_BENIGN
TX-N-06153,TRANSACTION,BENIGN,BACKGROUND_BENIGN
TX-N-06154,TRANSACTION,BENIGN,BACKGROUND_BENIGN
TX-N-06155,TRANSACTION,BENIGN,BACKGROUND_BENIGN
TX-N-06156,TRANSACTION,BENIGN,BACKGROUND_BENIGN
TX-N-06157,TRANSACTION,BENIGN,BACKGROUND_BENIGN
TX-N-06158,TRANSACTION,BENIGN,BACKGROUND_BENIGN
TX-N-06159,TRANSACTION,BENIGN,BACKGROUND_BENIGN
TX-N-06160,TRANSACTION,BENIGN,BACKGROUND_BENIGN
TX-N-06161,TRANSACTION,BENIGN,BACKGROUND_BENIGN
TX-N-06162,TRANSACTION,BENIGN,BACKGROUND_BENIGN
TX-N-06163,TRANSACTION,BENIGN,BACKGROUND_BENIGN
TX-N-06164,TRANSACTION,BENIGN,BACKGROUND_BENIGN
TX-N-06165,TRANSACTION,BENIGN,BACKGROUND_BENIGN
TX-N-06166,TRANSACTION,BENIGN,BACKGROUND_BENIGN
TX-N-06167,TRANSACTION,BENIGN,BACKGROUND_BENIGN
TX-N-06168,TRANSACTION,BENIGN,BACKGROUND_BENIGN
TX-N-06169,TRANSACTION,BENIGN,BACKGROUND_BENIGN
TX-N-06170,TRANSACTION,BENIGN,BACKGROUND_BENIGN
TX-N-06171,TRANSACTION,BENIGN,BACKGROUND_BENIGN
TX-N-06172,TRANSACTION,BENIGN,BACKGROUND_BENIGN
TX-N-06173,TRANSACTION,BENIGN,BACKGROUND_BENIGN
TX-N-06174,TRANSACTION,BENIGN,BACKGROUND_BENIGN
TX-N-06175,TRANSACTION,BENIGN,BACKGROUND_BENIGN
TX-N-06176,TRANSACTION,BENIGN,BACKGROUND_BENIGN
TX-N-06177,TRANSACTION,BENIGN,BACKGROUND_BENIGN
TX-N-06178,TRANSACTION,BENIGN,BACKGROUND_BENIGN
TX-N-06179,TRANSACTION,BENIGN,BACKGROUND_BENIGN
TX-N-06180,TRANSACTION,BENIGN,BACKGROUND_BENIGN
TX-N-06181,TRANSACTION,BENIGN,BACKGROUND_BENIGN
TX-N-06182,TRANSACTION,BENIGN,BACKGROUND_BENIGN
TX-N-06183,TRANSACTION,BENIGN,BACKGROUND_BENIGN
TX-N-06184,TRANSACTION,BENIGN,BACKGROUND_BENIGN
TX-N-06185,TRANSACTION,BENIGN,BACKGROUND_BENIGN
TX-N-06186,TRANSACTION,BENIGN,BACKGROUND_BENIGN
TX-N-06187,TRANSACTION,BENIGN,BACKGROUND_BENIGN
TX-N-06188,TRANSACTION,BENIGN,BACKGROUND_BENIGN
TX-N-06189,TRANSACTION,BENIGN,BACKGROUND_BENIGN
TX-N-06190,TRANSACTION,BENIGN,BACKGROUND_BENIGN
TX-N-06191,TRANSACTION,BENIGN,BACKGROUND_BENIGN
TX-N-06192,TRANSACTION,BENIGN,BACKGROUND_BENIGN
TX-N-06193,TRANSACTION,BENIGN,BACKGROUND_BENIGN
TX-N-06194,TRANSACTION,BENIGN,BACKGROUND_BENIGN
TX-N-06195,TRANSACTION,BENIGN,BACKGROUND_BENIGN
TX-N-06196,TRANSACTION,BENIGN,BACKGROUND_BENIGN
TX-N-06197,TRANSACTION,BENIGN,BACKGROUND_BENIGN
TX-N-06198,TRANSACTION,BENIGN,BACKGROUND_BENIGN
TX-N-06199,TRANSACTION,BENIGN,BACKGROUND_BENIGN
TX-N-06200,TRANSACTION,BENIGN,BACKGROUND_BENIGN
TX-N-06201,TRANSACTION,BENIGN,BACKGROUND_BENIGN
TX-N-06202,TRANSACTION,BENIGN,BACKGROUND_BENIGN
TX-N-06203,TRANSACTION,BENIGN,BACKGROUND_BENIGN
TX-N-06204,TRANSACTION,BENIGN,BACKGROUND_BENIGN
TX-N-06205,TRANSACTION,BENIGN,BACKGROUND_BENIGN
TX-N-06206,TRANSACTION,BENIGN,BACKGROUND_BENIGN
TX-N-06207,TRANSACTION,BENIGN,BACKGROUND_BENIGN
TX-N-06208,TRANSACTION,BENIGN,BACKGROUND_BENIGN
TX-N-06209,TRANSACTION,BENIGN,BACKGROUND_BENIGN
TX-N-06210,TRANSACTION,BENIGN,BACKGROUND_BENIGN
TX-N-06211,TRANSACTION,BENIGN,BACKGROUND_BENIGN
TX-N-06212,TRANSACTION,BENIGN,BACKGROUND_BENIGN
TX-N-06213,TRANSACTION,BENIGN,BACKGROUND_BENIGN
TX-N-06214,TRANSACTION,BENIGN,BACKGROUND_BENIGN
TX-N-06215,TRANSACTION,BENIGN,BACKGROUND_BENIGN
TX-N-06216,TRANSACTION,BENIGN,BACKGROUND_BENIGN
TX-N-06217,TRANSACTION,BENIGN,BACKGROUND_BENIGN
TX-N-06218,TRANSACTION,BENIGN,BACKGROUND_BENIGN
TX-N-06219,TRANSACTION,BENIGN,BACKGROUND_BENIGN
TX-N-06220,TRANSACTION,BENIGN,BACKGROUND_BENIGN
TX-N-06221,TRANSACTION,BENIGN,BACKGROUND_BENIGN
TX-N-06222,TRANSACTION,BENIGN,BACKGROUND_BENIGN
TX-N-06223,TRANSACTION,BENIGN,BACKGROUND_BENIGN
TX-N-06224,TRANSACTION,BENIGN,BACKGROUND_BENIGN
TX-N-06225,TRANSACTION,BENIGN,BACKGROUND_BENIGN
TX-N-06226,TRANSACTION,BENIGN,BACKGROUND_BENIGN
TX-N-06227,TRANSACTION,BENIGN,BACKGROUND_BENIGN
TX-N-06228,TRANSACTION,BENIGN,BACKGROUND_BENIGN
TX-N-06229,TRANSACTION,BENIGN,BACKGROUND_BENIGN
TX-N-06230,TRANSACTION,BENIGN,BACKGROUND_BENIGN
TX-N-06231,TRANSACTION,BENIGN,BACKGROUND_BENIGN
TX-N-06232,TRANSACTION,BENIGN,BACKGROUND_BENIGN
TX-N-06233,TRANSACTION,BENIGN,BACKGROUND_BENIGN
TX-N-06234,TRANSACTION,BENIGN,BACKGROUND_BENIGN
TX-N-06235,TRANSACTION,BENIGN,BACKGROUND_BENIGN
TX-N-06236,TRANSACTION,BENIGN,BACKGROUND_BENIGN
TX-N-06237,TRANSACTION,BENIGN,BACKGROUND_BENIGN
TX-N-06238,TRANSACTION,BENIGN,BACKGROUND_BENIGN
TX-N-06239,TRANSACTION,BENIGN,BACKGROUND_BENIGN
TX-N-06240,TRANSACTION,BENIGN,BACKGROUND_BENIGN
TX-N-06241,TRANSACTION,BENIGN,BACKGROUND_BENIGN
TX-N-06242,TRANSACTION,BENIGN,BACKGROUND_BENIGN
TX-N-06243,TRANSACTION,BENIGN,BACKGROUND_BENIGN
TX-N-06244,TRANSACTION,BENIGN,BACKGROUND_BENIGN
TX-N-06245,TRANSACTION,BENIGN,BACKGROUND_BENIGN
TX-N-06246,TRANSACTION,BENIGN,BACKGROUND_BENIGN
TX-N-06247,TRANSACTION,BENIGN,BACKGROUND_BENIGN
TX-N-06248,TRANSACTION,BENIGN,BACKGROUND_BENIGN
TX-N-06249,TRANSACTION,BENIGN,BACKGROUND_BENIGN
TX-N-06250,TRANSACTION,BENIGN,BACKGROUND_BENIGN
TX-N-06251,TRANSACTION,BENIGN,BACKGROUND_BENIGN
TX-N-06252,TRANSACTION,BENIGN,BACKGROUND_BENIGN
TX-N-06253,TRANSACTION,BENIGN,BACKGROUND_BENIGN
TX-N-06254,TRANSACTION,BENIGN,BACKGROUND_BENIGN
TX-N-06255,TRANSACTION,BENIGN,BACKGROUND_BENIGN
TX-N-06256,TRANSACTION,BENIGN,BACKGROUND_BENIGN
TX-N-06257,TRANSACTION,BENIGN,BACKGROUND_BENIGN
TX-N-06258,TRANSACTION,BENIGN,BACKGROUND_BENIGN
TX-N-06259,TRANSACTION,BENIGN,BACKGROUND_BENIGN
TX-N-06260,TRANSACTION,BENIGN,BACKGROUND_BENIGN
TX-N-06261,TRANSACTION,BENIGN,BACKGROUND_BENIGN
TX-N-06262,TRANSACTION,BENIGN,BACKGROUND_BENIGN
TX-N-06263,TRANSACTION,BENIGN,BACKGROUND_BENIGN
TX-N-06264,TRANSACTION,BENIGN,BACKGROUND_BENIGN
TX-N-06265,TRANSACTION,BENIGN,BACKGROUND_BENIGN
TX-N-06266,TRANSACTION,BENIGN,BACKGROUND_BENIGN
TX-N-06267,TRANSACTION,BENIGN,BACKGROUND_BENIGN
TX-N-06268,TRANSACTION,BENIGN,BACKGROUND_BENIGN
TX-N-06269,TRANSACTION,BENIGN,BACKGROUND_BENIGN
TX-N-06270,TRANSACTION,BENIGN,BACKGROUND_BENIGN
TX-N-06271,TRANSACTION,BENIGN,BACKGROUND_BENIGN
TX-N-06272,TRANSACTION,BENIGN,BACKGROUND_BENIGN
TX-N-06273,TRANSACTION,BENIGN,BACKGROUND_BENIGN
TX-N-06274,TRANSACTION,BENIGN,BACKGROUND_BENIGN
TX-N-06275,TRANSACTION,BENIGN,BACKGROUND_BENIGN
TX-N-06276,TRANSACTION,BENIGN,BACKGROUND_BENIGN
TX-N-06277,TRANSACTION,BENIGN,BACKGROUND_BENIGN
TX-N-06278,TRANSACTION,BENIGN,BACKGROUND_BENIGN
TX-N-06279,TRANSACTION,BENIGN,BACKGROUND_BENIGN
TX-N-06280,TRANSACTION,BENIGN,BACKGROUND_BENIGN
TX-N-06281,TRANSACTION,BENIGN,BACKGROUND_BENIGN
TX-N-06282,TRANSACTION,BENIGN,BACKGROUND_BENIGN
TX-N-06283,TRANSACTION,BENIGN,BACKGROUND_BENIGN
TX-N-06284,TRANSACTION,BENIGN,BACKGROUND_BENIGN
TX-N-06285,TRANSACTION,BENIGN,BACKGROUND_BENIGN
TX-N-06286,TRANSACTION,BENIGN,BACKGROUND_BENIGN
TX-N-06287,TRANSACTION,BENIGN,BACKGROUND_BENIGN
TX-N-06288,TRANSACTION,BENIGN,BACKGROUND_BENIGN
TX-N-06289,TRANSACTION,BENIGN,BACKGROUND_BENIGN
TX-N-06290,TRANSACTION,BENIGN,BACKGROUND_BENIGN
TX-N-06291,TRANSACTION,BENIGN,BACKGROUND_BENIGN
TX-N-06292,TRANSACTION,BENIGN,BACKGROUND_BENIGN
TX-N-06293,TRANSACTION,BENIGN,BACKGROUND_BENIGN
TX-N-06294,TRANSACTION,BENIGN,BACKGROUND_BENIGN
TX-N-06295,TRANSACTION,BENIGN,BACKGROUND_BENIGN
TX-N-06296,TRANSACTION,BENIGN,BACKGROUND_BENIGN
TX-N-06297,TRANSACTION,BENIGN,BACKGROUND_BENIGN
TX-N-06298,TRANSACTION,BENIGN,BACKGROUND_BENIGN
TX-N-06299,TRANSACTION,BENIGN,BACKGROUND_BENIGN
TX-N-06300,TRANSACTION,BENIGN,BACKGROUND_BENIGN
TX-N-06301,TRANSACTION,BENIGN,BACKGROUND_BENIGN
TX-N-06302,TRANSACTION,BENIGN,BACKGROUND_BENIGN
TX-N-06303,TRANSACTION,BENIGN,BACKGROUND_BENIGN
TX-N-06304,TRANSACTION,BENIGN,BACKGROUND_BENIGN
TX-N-06305,TRANSACTION,BENIGN,BACKGROUND_BENIGN
TX-N-06306,TRANSACTION,BENIGN,BACKGROUND_BENIGN
TX-N-06307,TRANSACTION,BENIGN,BACKGROUND_BENIGN
TX-N-06308,TRANSACTION,BENIGN,BACKGROUND_BENIGN
TX-N-06309,TRANSACTION,BENIGN,BACKGROUND_BENIGN
TX-N-06310,TRANSACTION,BENIGN,BACKGROUND_BENIGN
TX-N-06311,TRANSACTION,BENIGN,BACKGROUND_BENIGN
TX-N-06312,TRANSACTION,BENIGN,BACKGROUND_BENIGN
TX-N-06313,TRANSACTION,BENIGN,BACKGROUND_BENIGN
TX-N-06314,TRANSACTION,BENIGN,BACKGROUND_BENIGN
TX-N-06315,TRANSACTION,BENIGN,BACKGROUND_BENIGN
TX-N-06316,TRANSACTION,BENIGN,BACKGROUND_BENIGN
TX-N-06317,TRANSACTION,BENIGN,BACKGROUND_BENIGN
TX-N-06318,TRANSACTION,BENIGN,BACKGROUND_BENIGN
TX-N-06319,TRANSACTION,BENIGN,BACKGROUND_BENIGN
TX-N-06320,TRANSACTION,BENIGN,BACKGROUND_BENIGN
TX-N-06321,TRANSACTION,BENIGN,BACKGROUND_BENIGN
TX-N-06322,TRANSACTION,BENIGN,BACKGROUND_BENIGN
TX-N-06323,TRANSACTION,BENIGN,BACKGROUND_BENIGN
TX-N-06324,TRANSACTION,BENIGN,BACKGROUND_BENIGN
TX-N-06325,TRANSACTION,BENIGN,BACKGROUND_BENIGN
TX-N-06326,TRANSACTION,BENIGN,BACKGROUND_BENIGN
TX-N-06327,TRANSACTION,BENIGN,BACKGROUND_BENIGN
TX-N-06328,TRANSACTION,BENIGN,BACKGROUND_BENIGN
TX-N-06329,TRANSACTION,BENIGN,BACKGROUND_BENIGN
TX-N-06330,TRANSACTION,BENIGN,BACKGROUND_BENIGN
TX-N-06331,TRANSACTION,BENIGN,BACKGROUND_BENIGN
TX-N-06332,TRANSACTION,BENIGN,BACKGROUND_BENIGN
TX-N-06333,TRANSACTION,BENIGN,BACKGROUND_BENIGN
TX-N-06334,TRANSACTION,BENIGN,BACKGROUND_BENIGN
TX-N-06335,TRANSACTION,BENIGN,BACKGROUND_BENIGN
TX-N-06336,TRANSACTION,BENIGN,BACKGROUND_BENIGN
TX-N-06337,TRANSACTION,BENIGN,BACKGROUND_BENIGN
TX-N-06338,TRANSACTION,BENIGN,BACKGROUND_BENIGN
TX-N-06339,TRANSACTION,BENIGN,BACKGROUND_BENIGN
TX-N-06340,TRANSACTION,BENIGN,BACKGROUND_BENIGN
TX-N-06341,TRANSACTION,BENIGN,BACKGROUND_BENIGN
TX-N-06342,TRANSACTION,BENIGN,BACKGROUND_BENIGN
TX-N-06343,TRANSACTION,BENIGN,BACKGROUND_BENIGN
TX-N-06344,TRANSACTION,BENIGN,BACKGROUND_BENIGN
TX-N-06345,TRANSACTION,BENIGN,BACKGROUND_BENIGN
TX-N-06346,TRANSACTION,BENIGN,BACKGROUND_BENIGN
TX-N-06347,TRANSACTION,BENIGN,BACKGROUND_BENIGN
TX-N-06348,TRANSACTION,BENIGN,BACKGROUND_BENIGN
TX-N-06349,TRANSACTION,BENIGN,BACKGROUND_BENIGN
TX-N-06350,TRANSACTION,BENIGN,BACKGROUND_BENIGN
TX-N-06351,TRANSACTION,BENIGN,BACKGROUND_BENIGN
TX-N-06352,TRANSACTION,BENIGN,BACKGROUND_BENIGN
TX-N-06353,TRANSACTION,BENIGN,BACKGROUND_BENIGN
TX-N-06354,TRANSACTION,BENIGN,BACKGROUND_BENIGN
TX-N-06355,TRANSACTION,BENIGN,BACKGROUND_BENIGN
TX-N-06356,TRANSACTION,BENIGN,BACKGROUND_BENIGN
TX-N-06357,TRANSACTION,BENIGN,BACKGROUND_BENIGN
TX-N-06358,TRANSACTION,BENIGN,BACKGROUND_BENIGN
TX-N-06359,TRANSACTION,BENIGN,BACKGROUND_BENIGN
TX-N-06360,TRANSACTION,BENIGN,BACKGROUND_BENIGN
TX-N-06361,TRANSACTION,BENIGN,BACKGROUND_BENIGN
TX-N-06362,TRANSACTION,BENIGN,BACKGROUND_BENIGN
TX-N-06363,TRANSACTION,BENIGN,BACKGROUND_BENIGN
TX-N-06364,TRANSACTION,BENIGN,BACKGROUND_BENIGN
TX-N-06365,TRANSACTION,BENIGN,BACKGROUND_BENIGN
TX-N-06366,TRANSACTION,BENIGN,BACKGROUND_BENIGN
TX-N-06367,TRANSACTION,BENIGN,BACKGROUND_BENIGN
TX-N-06368,TRANSACTION,BENIGN,BACKGROUND_BENIGN
TX-N-06369,TRANSACTION,BENIGN,BACKGROUND_BENIGN
TX-N-06370,TRANSACTION,BENIGN,BACKGROUND_BENIGN
TX-N-06371,TRANSACTION,BENIGN,BACKGROUND_BENIGN
TX-N-06372,TRANSACTION,BENIGN,BACKGROUND_BENIGN
TX-N-06373,TRANSACTION,BENIGN,BACKGROUND_BENIGN
TX-N-06374,TRANSACTION,BENIGN,BACKGROUND_BENIGN
TX-N-06375,TRANSACTION,BENIGN,BACKGROUND_BENIGN
TX-N-06376,TRANSACTION,BENIGN,BACKGROUND_BENIGN
TX-N-06377,TRANSACTION,BENIGN,BACKGROUND_BENIGN
TX-N-06378,TRANSACTION,BENIGN,BACKGROUND_BENIGN
TX-N-06379,TRANSACTION,BENIGN,BACKGROUND_BENIGN
TX-N-06380,TRANSACTION,BENIGN,BACKGROUND_BENIGN
TX-N-06381,TRANSACTION,BENIGN,BACKGROUND_BENIGN
TX-N-06382,TRANSACTION,BENIGN,BACKGROUND_BENIGN
TX-N-06383,TRANSACTION,BENIGN,BACKGROUND_BENIGN
TX-N-06384,TRANSACTION,BENIGN,BACKGROUND_BENIGN
TX-N-06385,TRANSACTION,BENIGN,BACKGROUND_BENIGN
TX-N-06386,TRANSACTION,BENIGN,BACKGROUND_BENIGN
TX-N-06387,TRANSACTION,BENIGN,BACKGROUND_BENIGN
TX-N-06388,TRANSACTION,BENIGN,BACKGROUND_BENIGN
TX-N-06389,TRANSACTION,BENIGN,BACKGROUND_BENIGN
TX-N-06390,TRANSACTION,BENIGN,BACKGROUND_BENIGN
TX-N-06391,TRANSACTION,BENIGN,BACKGROUND_BENIGN
TX-N-06392,TRANSACTION,BENIGN,BACKGROUND_BENIGN
TX-N-06393,TRANSACTION,BENIGN,BACKGROUND_BENIGN
TX-N-06394,TRANSACTION,BENIGN,BACKGROUND_BENIGN
TX-N-06395,TRANSACTION,BENIGN,BACKGROUND_BENIGN
TX-N-06396,TRANSACTION,BENIGN,BACKGROUND_BENIGN
TX-N-06397,TRANSACTION,BENIGN,BACKGROUND_BENIGN
TX-N-06398,TRANSACTION,BENIGN,BACKGROUND_BENIGN
TX-N-06399,TRANSACTION,BENIGN,BACKGROUND_BENIGN
TX-N-06400,TRANSACTION,BENIGN,BACKGROUND_BENIGN
TX-N-06401,TRANSACTION,BENIGN,BACKGROUND_BENIGN
TX-N-06402,TRANSACTION,BENIGN,BACKGROUND_BENIGN
TX-N-06403,TRANSACTION,BENIGN,BACKGROUND_BENIGN
TX-N-06404,TRANSACTION,BENIGN,BACKGROUND_BENIGN
TX-N-06405,TRANSACTION,BENIGN,BACKGROUND_BENIGN
TX-N-06406,TRANSACTION,BENIGN,BACKGROUND_BENIGN
TX-N-06407,TRANSACTION,BENIGN,BACKGROUND_BENIGN
TX-N-06408,TRANSACTION,BENIGN,BACKGROUND_BENIGN
TX-N-06409,TRANSACTION,BENIGN,BACKGROUND_BENIGN
TX-N-06410,TRANSACTION,BENIGN,BACKGROUND_BENIGN
TX-N-06411,TRANSACTION,BENIGN,BACKGROUND_BENIGN
TX-N-06412,TRANSACTION,BENIGN,BACKGROUND_BENIGN
TX-N-06413,TRANSACTION,BENIGN,BACKGROUND_BENIGN
TX-N-06414,TRANSACTION,BENIGN,BACKGROUND_BENIGN
TX-N-06415,TRANSACTION,BENIGN,BACKGROUND_BENIGN
TX-N-06416,TRANSACTION,BENIGN,BACKGROUND_BENIGN
TX-N-06417,TRANSACTION,BENIGN,BACKGROUND_BENIGN
TX-N-06418,TRANSACTION,BENIGN,BACKGROUND_BENIGN
TX-N-06419,TRANSACTION,BENIGN,BACKGROUND_BENIGN
TX-N-06420,TRANSACTION,BENIGN,BACKGROUND_BENIGN
TX-N-06421,TRANSACTION,BENIGN,BACKGROUND_BENIGN
TX-N-06422,TRANSACTION,BENIGN,BACKGROUND_BENIGN
TX-N-06423,TRANSACTION,BENIGN,BACKGROUND_BENIGN
TX-N-06424,TRANSACTION,BENIGN,BACKGROUND_BENIGN
TX-N-06425,TRANSACTION,BENIGN,BACKGROUND_BENIGN
TX-N-06426,TRANSACTION,BENIGN,BACKGROUND_BENIGN
TX-N-06427,TRANSACTION,BENIGN,BACKGROUND_BENIGN
TX-N-06428,TRANSACTION,BENIGN,BACKGROUND_BENIGN
TX-N-06429,TRANSACTION,BENIGN,BACKGROUND_BENIGN
TX-N-06430,TRANSACTION,BENIGN,BACKGROUND_BENIGN
TX-N-06431,TRANSACTION,BENIGN,BACKGROUND_BENIGN
TX-N-06432,TRANSACTION,BENIGN,BACKGROUND_BENIGN
TX-N-06433,TRANSACTION,BENIGN,BACKGROUND_BENIGN
TX-N-06434,TRANSACTION,BENIGN,BACKGROUND_BENIGN
TX-N-06435,TRANSACTION,BENIGN,BACKGROUND_BENIGN
TX-N-06436,TRANSACTION,BENIGN,BACKGROUND_BENIGN
TX-N-06437,TRANSACTION,BENIGN,BACKGROUND_BENIGN
TX-N-06438,TRANSACTION,BENIGN,BACKGROUND_BENIGN
TX-N-06439,TRANSACTION,BENIGN,BACKGROUND_BENIGN
TX-N-06440,TRANSACTION,BENIGN,BACKGROUND_BENIGN
TX-N-06441,TRANSACTION,BENIGN,BACKGROUND_BENIGN
TX-N-06442,TRANSACTION,BENIGN,BACKGROUND_BENIGN
TX-N-06443,TRANSACTION,BENIGN,BACKGROUND_BENIGN
TX-N-06444,TRANSACTION,BENIGN,BACKGROUND_BENIGN
TX-N-06445,TRANSACTION,BENIGN,BACKGROUND_BENIGN
TX-N-06446,TRANSACTION,BENIGN,BACKGROUND_BENIGN
TX-N-06447,TRANSACTION,BENIGN,BACKGROUND_BENIGN
TX-N-06448,TRANSACTION,BENIGN,BACKGROUND_BENIGN
TX-N-06449,TRANSACTION,BENIGN,BACKGROUND_BENIGN
TX-N-06450,TRANSACTION,BENIGN,BACKGROUND_BENIGN
TX-N-06451,TRANSACTION,BENIGN,BACKGROUND_BENIGN
TX-N-06452,TRANSACTION,BENIGN,BACKGROUND_BENIGN
TX-N-06453,TRANSACTION,BENIGN,BACKGROUND_BENIGN
TX-N-06454,TRANSACTION,BENIGN,BACKGROUND_BENIGN
TX-N-06455,TRANSACTION,BENIGN,BACKGROUND_BENIGN
TX-N-06456,TRANSACTION,BENIGN,BACKGROUND_BENIGN
TX-N-06457,TRANSACTION,BENIGN,BACKGROUND_BENIGN
TX-N-06458,TRANSACTION,BENIGN,BACKGROUND_BENIGN
TX-N-06459,TRANSACTION,BENIGN,BACKGROUND_BENIGN
TX-N-06460,TRANSACTION,BENIGN,BACKGROUND_BENIGN
TX-N-06461,TRANSACTION,BENIGN,BACKGROUND_BENIGN
TX-N-06462,TRANSACTION,BENIGN,BACKGROUND_BENIGN
TX-N-06463,TRANSACTION,BENIGN,BACKGROUND_BENIGN
TX-N-06464,TRANSACTION,BENIGN,BACKGROUND_BENIGN
TX-N-06465,TRANSACTION,BENIGN,BACKGROUND_BENIGN
TX-N-06466,TRANSACTION,BENIGN,BACKGROUND_BENIGN
TX-N-06467,TRANSACTION,BENIGN,BACKGROUND_BENIGN
TX-N-06468,TRANSACTION,BENIGN,BACKGROUND_BENIGN
TX-N-06469,TRANSACTION,BENIGN,BACKGROUND_BENIGN
TX-N-06470,TRANSACTION,BENIGN,BACKGROUND_BENIGN
TX-N-06471,TRANSACTION,BENIGN,BACKGROUND_BENIGN
TX-N-06472,TRANSACTION,BENIGN,BACKGROUND_BENIGN
TX-N-06473,TRANSACTION,BENIGN,BACKGROUND_BENIGN
TX-N-06474,TRANSACTION,BENIGN,BACKGROUND_BENIGN
TX-N-06475,TRANSACTION,BENIGN,BACKGROUND_BENIGN
TX-N-06476,TRANSACTION,BENIGN,BACKGROUND_BENIGN
TX-N-06477,TRANSACTION,BENIGN,BACKGROUND_BENIGN
TX-N-06478,TRANSACTION,BENIGN,BACKGROUND_BENIGN
TX-N-06479,TRANSACTION,BENIGN,BACKGROUND_BENIGN
TX-N-06480,TRANSACTION,BENIGN,BACKGROUND_BENIGN
TX-N-06481,TRANSACTION,BENIGN,BACKGROUND_BENIGN
TX-N-06482,TRANSACTION,BENIGN,BACKGROUND_BENIGN
TX-N-06483,TRANSACTION,BENIGN,BACKGROUND_BENIGN
TX-N-06484,TRANSACTION,BENIGN,BACKGROUND_BENIGN
TX-N-06485,TRANSACTION,BENIGN,BACKGROUND_BENIGN
TX-N-06486,TRANSACTION,BENIGN,BACKGROUND_BENIGN
TX-N-06487,TRANSACTION,BENIGN,BACKGROUND_BENIGN
TX-N-06488,TRANSACTION,BENIGN,BACKGROUND_BENIGN
TX-N-06489,TRANSACTION,BENIGN,BACKGROUND_BENIGN
TX-N-06490,TRANSACTION,BENIGN,BACKGROUND_BENIGN
TX-N-06491,TRANSACTION,BENIGN,BACKGROUND_BENIGN
TX-N-06492,TRANSACTION,BENIGN,BACKGROUND_BENIGN
TX-N-06493,TRANSACTION,BENIGN,BACKGROUND_BENIGN
TX-N-06494,TRANSACTION,BENIGN,BACKGROUND_BENIGN
TX-N-06495,TRANSACTION,BENIGN,BACKGROUND_BENIGN
TX-N-06496,TRANSACTION,BENIGN,BACKGROUND_BENIGN
TX-N-06497,TRANSACTION,BENIGN,BACKGROUND_BENIGN
TX-N-06498,TRANSACTION,BENIGN,BACKGROUND_BENIGN
TX-N-06499,TRANSACTION,BENIGN,BACKGROUND_BENIGN
TX-N-06500,TRANSACTION,BENIGN,BACKGROUND_BENIGN
TX-N-06501,TRANSACTION,BENIGN,BACKGROUND_BENIGN
TX-N-06502,TRANSACTION,BENIGN,BACKGROUND_BENIGN
TX-N-06503,TRANSACTION,BENIGN,BACKGROUND_BENIGN
TX-N-06504,TRANSACTION,BENIGN,BACKGROUND_BENIGN
TX-N-06505,TRANSACTION,BENIGN,BACKGROUND_BENIGN
TX-N-06506,TRANSACTION,BENIGN,BACKGROUND_BENIGN
TX-N-06507,TRANSACTION,BENIGN,BACKGROUND_BENIGN
TX-N-06508,TRANSACTION,BENIGN,BACKGROUND_BENIGN
TX-N-06509,TRANSACTION,BENIGN,BACKGROUND_BENIGN
TX-N-06510,TRANSACTION,BENIGN,BACKGROUND_BENIGN
TX-N-06511,TRANSACTION,BENIGN,BACKGROUND_BENIGN
TX-N-06512,TRANSACTION,BENIGN,BACKGROUND_BENIGN
TX-N-06513,TRANSACTION,BENIGN,BACKGROUND_BENIGN
TX-N-06514,TRANSACTION,BENIGN,BACKGROUND_BENIGN
TX-N-06515,TRANSACTION,BENIGN,BACKGROUND_BENIGN
TX-N-06516,TRANSACTION,BENIGN,BACKGROUND_BENIGN
TX-N-06517,TRANSACTION,BENIGN,BACKGROUND_BENIGN
TX-N-06518,TRANSACTION,BENIGN,BACKGROUND_BENIGN
TX-N-06519,TRANSACTION,BENIGN,BACKGROUND_BENIGN
TX-N-06520,TRANSACTION,BENIGN,BACKGROUND_BENIGN
TX-N-06521,TRANSACTION,BENIGN,BACKGROUND_BENIGN
TX-N-06522,TRANSACTION,BENIGN,BACKGROUND_BENIGN
TX-N-06523,TRANSACTION,BENIGN,BACKGROUND_BENIGN
TX-N-06524,TRANSACTION,BENIGN,BACKGROUND_BENIGN
TX-N-06525,TRANSACTION,BENIGN,BACKGROUND_BENIGN
TX-N-06526,TRANSACTION,BENIGN,BACKGROUND_BENIGN
TX-N-06527,TRANSACTION,BENIGN,BACKGROUND_BENIGN
TX-N-06528,TRANSACTION,BENIGN,BACKGROUND_BENIGN
TX-N-06529,TRANSACTION,BENIGN,BACKGROUND_BENIGN
TX-N-06530,TRANSACTION,BENIGN,BACKGROUND_BENIGN
TX-N-06531,TRANSACTION,BENIGN,BACKGROUND_BENIGN
TX-N-06532,TRANSACTION,BENIGN,BACKGROUND_BENIGN
TX-N-06533,TRANSACTION,BENIGN,BACKGROUND_BENIGN
TX-N-06534,TRANSACTION,BENIGN,BACKGROUND_BENIGN
TX-N-06535,TRANSACTION,BENIGN,BACKGROUND_BENIGN
TX-N-06536,TRANSACTION,BENIGN,BACKGROUND_BENIGN
TX-N-06537,TRANSACTION,BENIGN,BACKGROUND_BENIGN
TX-N-06538,TRANSACTION,BENIGN,BACKGROUND_BENIGN
TX-N-06539,TRANSACTION,BENIGN,BACKGROUND_BENIGN
TX-N-06540,TRANSACTION,BENIGN,BACKGROUND_BENIGN
TX-N-06541,TRANSACTION,BENIGN,BACKGROUND_BENIGN
TX-N-06542,TRANSACTION,BENIGN,BACKGROUND_BENIGN
TX-N-06543,TRANSACTION,BENIGN,BACKGROUND_BENIGN
TX-N-06544,TRANSACTION,BENIGN,BACKGROUND_BENIGN
TX-N-06545,TRANSACTION,BENIGN,BACKGROUND_BENIGN
TX-N-06546,TRANSACTION,BENIGN,BACKGROUND_BENIGN
TX-N-06547,TRANSACTION,BENIGN,BACKGROUND_BENIGN
TX-N-06548,TRANSACTION,BENIGN,BACKGROUND_BENIGN
TX-N-06549,TRANSACTION,BENIGN,BACKGROUND_BENIGN
TX-N-06550,TRANSACTION,BENIGN,BACKGROUND_BENIGN
TX-N-06551,TRANSACTION,BENIGN,BACKGROUND_BENIGN
TX-N-06552,TRANSACTION,BENIGN,BACKGROUND_BENIGN
TX-N-06553,TRANSACTION,BENIGN,BACKGROUND_BENIGN
TX-N-06554,TRANSACTION,BENIGN,BACKGROUND_BENIGN
TX-N-06555,TRANSACTION,BENIGN,BACKGROUND_BENIGN
TX-N-06556,TRANSACTION,BENIGN,BACKGROUND_BENIGN
TX-N-06557,TRANSACTION,BENIGN,BACKGROUND_BENIGN
TX-N-06558,TRANSACTION,BENIGN,BACKGROUND_BENIGN
TX-N-06559,TRANSACTION,BENIGN,BACKGROUND_BENIGN
TX-N-06560,TRANSACTION,BENIGN,BACKGROUND_BENIGN
TX-N-06561,TRANSACTION,BENIGN,BACKGROUND_BENIGN
TX-N-06562,TRANSACTION,BENIGN,BACKGROUND_BENIGN
TX-N-06563,TRANSACTION,BENIGN,BACKGROUND_BENIGN
TX-N-06564,TRANSACTION,BENIGN,BACKGROUND_BENIGN
TX-N-06565,TRANSACTION,BENIGN,BACKGROUND_BENIGN
TX-N-06566,TRANSACTION,BENIGN,BACKGROUND_BENIGN
TX-N-06567,TRANSACTION,BENIGN,BACKGROUND_BENIGN
TX-N-06568,TRANSACTION,BENIGN,BACKGROUND_BENIGN
TX-N-06569,TRANSACTION,BENIGN,BACKGROUND_BENIGN
TX-N-06570,TRANSACTION,BENIGN,BACKGROUND_BENIGN
TX-N-06571,TRANSACTION,BENIGN,BACKGROUND_BENIGN
TX-N-06572,TRANSACTION,BENIGN,BACKGROUND_BENIGN
TX-N-06573,TRANSACTION,BENIGN,BACKGROUND_BENIGN
TX-N-06574,TRANSACTION,BENIGN,BACKGROUND_BENIGN
TX-N-06575,TRANSACTION,BENIGN,BACKGROUND_BENIGN
TX-N-06576,TRANSACTION,BENIGN,BACKGROUND_BENIGN
TX-N-06577,TRANSACTION,BENIGN,BACKGROUND_BENIGN
TX-N-06578,TRANSACTION,BENIGN,BACKGROUND_BENIGN
TX-N-06579,TRANSACTION,BENIGN,BACKGROUND_BENIGN
TX-N-06580,TRANSACTION,BENIGN,BACKGROUND_BENIGN
TX-N-06581,TRANSACTION,BENIGN,BACKGROUND_BENIGN
TX-N-06582,TRANSACTION,BENIGN,BACKGROUND_BENIGN
TX-N-06583,TRANSACTION,BENIGN,BACKGROUND_BENIGN
TX-N-06584,TRANSACTION,BENIGN,BACKGROUND_BENIGN
TX-N-06585,TRANSACTION,BENIGN,BACKGROUND_BENIGN
TX-N-06586,TRANSACTION,BENIGN,BACKGROUND_BENIGN
TX-N-06587,TRANSACTION,BENIGN,BACKGROUND_BENIGN
TX-N-06588,TRANSACTION,BENIGN,BACKGROUND_BENIGN
TX-N-06589,TRANSACTION,BENIGN,BACKGROUND_BENIGN
TX-N-06590,TRANSACTION,BENIGN,BACKGROUND_BENIGN
TX-N-06591,TRANSACTION,BENIGN,BACKGROUND_BENIGN
TX-N-06592,TRANSACTION,BENIGN,BACKGROUND_BENIGN
TX-N-06593,TRANSACTION,BENIGN,BACKGROUND_BENIGN
TX-N-06594,TRANSACTION,BENIGN,BACKGROUND_BENIGN
TX-N-06595,TRANSACTION,BENIGN,BACKGROUND_BENIGN
TX-N-06596,TRANSACTION,BENIGN,BACKGROUND_BENIGN
TX-N-06597,TRANSACTION,BENIGN,BACKGROUND_BENIGN
TX-N-06598,TRANSACTION,BENIGN,BACKGROUND_BENIGN
TX-N-06599,TRANSACTION,BENIGN,BACKGROUND_BENIGN
TX-N-06600,TRANSACTION,BENIGN,BACKGROUND_BENIGN
TX-N-06601,TRANSACTION,BENIGN,BACKGROUND_BENIGN
TX-N-06602,TRANSACTION,BENIGN,BACKGROUND_BENIGN
TX-N-06603,TRANSACTION,BENIGN,BACKGROUND_BENIGN
TX-N-06604,TRANSACTION,BENIGN,BACKGROUND_BENIGN
TX-N-06605,TRANSACTION,BENIGN,BACKGROUND_BENIGN
TX-N-06606,TRANSACTION,BENIGN,BACKGROUND_BENIGN
TX-N-06607,TRANSACTION,BENIGN,BACKGROUND_BENIGN
TX-N-06608,TRANSACTION,BENIGN,BACKGROUND_BENIGN
TX-N-06609,TRANSACTION,BENIGN,BACKGROUND_BENIGN
TX-N-06610,TRANSACTION,BENIGN,BACKGROUND_BENIGN
TX-N-06611,TRANSACTION,BENIGN,BACKGROUND_BENIGN
TX-N-06612,TRANSACTION,BENIGN,BACKGROUND_BENIGN
TX-N-06613,TRANSACTION,BENIGN,BACKGROUND_BENIGN
TX-N-06614,TRANSACTION,BENIGN,BACKGROUND_BENIGN
TX-N-06615,TRANSACTION,BENIGN,BACKGROUND_BENIGN
TX-N-06616,TRANSACTION,BENIGN,BACKGROUND_BENIGN
TX-N-06617,TRANSACTION,BENIGN,BACKGROUND_BENIGN
TX-N-06618,TRANSACTION,BENIGN,BACKGROUND_BENIGN
TX-N-06619,TRANSACTION,BENIGN,BACKGROUND_BENIGN
TX-N-06620,TRANSACTION,BENIGN,BACKGROUND_BENIGN
TX-N-06621,TRANSACTION,BENIGN,BACKGROUND_BENIGN
TX-N-06622,TRANSACTION,BENIGN,BACKGROUND_BENIGN
TX-N-06623,TRANSACTION,BENIGN,BACKGROUND_BENIGN
TX-N-06624,TRANSACTION,BENIGN,BACKGROUND_BENIGN
TX-N-06625,TRANSACTION,BENIGN,BACKGROUND_BENIGN
TX-N-06626,TRANSACTION,BENIGN,BACKGROUND_BENIGN
TX-N-06627,TRANSACTION,BENIGN,BACKGROUND_BENIGN
TX-N-06628,TRANSACTION,BENIGN,BACKGROUND_BENIGN
TX-N-06629,TRANSACTION,BENIGN,BACKGROUND_BENIGN
TX-N-06630,TRANSACTION,BENIGN,BACKGROUND_BENIGN
TX-N-06631,TRANSACTION,BENIGN,BACKGROUND_BENIGN
TX-N-06632,TRANSACTION,BENIGN,BACKGROUND_BENIGN
TX-N-06633,TRANSACTION,BENIGN,BACKGROUND_BENIGN
TX-N-06634,TRANSACTION,BENIGN,BACKGROUND_BENIGN
TX-N-06635,TRANSACTION,BENIGN,BACKGROUND_BENIGN
TX-N-06636,TRANSACTION,BENIGN,BACKGROUND_BENIGN
TX-N-06637,TRANSACTION,BENIGN,BACKGROUND_BENIGN
TX-N-06638,TRANSACTION,BENIGN,BACKGROUND_BENIGN
TX-N-06639,TRANSACTION,BENIGN,BACKGROUND_BENIGN
TX-N-06640,TRANSACTION,BENIGN,BACKGROUND_BENIGN
TX-N-06641,TRANSACTION,BENIGN,BACKGROUND_BENIGN
TX-N-06642,TRANSACTION,BENIGN,BACKGROUND_BENIGN
TX-N-06643,TRANSACTION,BENIGN,BACKGROUND_BENIGN
TX-N-06644,TRANSACTION,BENIGN,BACKGROUND_BENIGN
TX-N-06645,TRANSACTION,BENIGN,BACKGROUND_BENIGN
TX-N-06646,TRANSACTION,BENIGN,BACKGROUND_BENIGN
TX-N-06647,TRANSACTION,BENIGN,BACKGROUND_BENIGN
TX-N-06648,TRANSACTION,BENIGN,BACKGROUND_BENIGN
TX-N-06649,TRANSACTION,BENIGN,BACKGROUND_BENIGN
TX-N-06650,TRANSACTION,BENIGN,BACKGROUND_BENIGN
TX-N-06651,TRANSACTION,BENIGN,BACKGROUND_BENIGN
TX-N-06652,TRANSACTION,BENIGN,BACKGROUND_BENIGN
TX-N-06653,TRANSACTION,BENIGN,BACKGROUND_BENIGN
TX-N-06654,TRANSACTION,BENIGN,BACKGROUND_BENIGN
TX-N-06655,TRANSACTION,BENIGN,BACKGROUND_BENIGN
TX-N-06656,TRANSACTION,BENIGN,BACKGROUND_BENIGN
TX-N-06657,TRANSACTION,BENIGN,BACKGROUND_BENIGN
TX-N-06658,TRANSACTION,BENIGN,BACKGROUND_BENIGN
TX-N-06659,TRANSACTION,BENIGN,BACKGROUND_BENIGN
TX-N-06660,TRANSACTION,BENIGN,BACKGROUND_BENIGN
TX-N-06661,TRANSACTION,BENIGN,BACKGROUND_BENIGN
TX-N-06662,TRANSACTION,BENIGN,BACKGROUND_BENIGN
TX-N-06663,TRANSACTION,BENIGN,BACKGROUND_BENIGN
TX-N-06664,TRANSACTION,BENIGN,BACKGROUND_BENIGN
TX-N-06665,TRANSACTION,BENIGN,BACKGROUND_BENIGN
TX-N-06666,TRANSACTION,BENIGN,BACKGROUND_BENIGN
TX-N-06667,TRANSACTION,BENIGN,BACKGROUND_BENIGN
TX-N-06668,TRANSACTION,BENIGN,BACKGROUND_BENIGN
TX-N-06669,TRANSACTION,BENIGN,BACKGROUND_BENIGN
TX-N-06670,TRANSACTION,BENIGN,BACKGROUND_BENIGN
TX-N-06671,TRANSACTION,BENIGN,BACKGROUND_BENIGN
TX-N-06672,TRANSACTION,BENIGN,BACKGROUND_BENIGN
TX-N-06673,TRANSACTION,BENIGN,BACKGROUND_BENIGN
TX-N-06674,TRANSACTION,BENIGN,BACKGROUND_BENIGN
TX-N-06675,TRANSACTION,BENIGN,BACKGROUND_BENIGN
TX-N-06676,TRANSACTION,BENIGN,BACKGROUND_BENIGN
TX-N-06677,TRANSACTION,BENIGN,BACKGROUND_BENIGN
TX-N-06678,TRANSACTION,BENIGN,BACKGROUND_BENIGN
TX-N-06679,TRANSACTION,BENIGN,BACKGROUND_BENIGN
TX-N-06680,TRANSACTION,BENIGN,BACKGROUND_BENIGN
TX-N-06681,TRANSACTION,BENIGN,BACKGROUND_BENIGN
TX-N-06682,TRANSACTION,BENIGN,BACKGROUND_BENIGN
TX-N-06683,TRANSACTION,BENIGN,BACKGROUND_BENIGN
TX-N-06684,TRANSACTION,BENIGN,BACKGROUND_BENIGN
TX-N-06685,TRANSACTION,BENIGN,BACKGROUND_BENIGN
TX-N-06686,TRANSACTION,BENIGN,BACKGROUND_BENIGN
TX-N-06687,TRANSACTION,BENIGN,BACKGROUND_BENIGN
TX-N-06688,TRANSACTION,BENIGN,BACKGROUND_BENIGN
TX-N-06689,TRANSACTION,BENIGN,BACKGROUND_BENIGN
TX-N-06690,TRANSACTION,BENIGN,BACKGROUND_BENIGN
TX-N-06691,TRANSACTION,BENIGN,BACKGROUND_BENIGN
TX-N-06692,TRANSACTION,BENIGN,BACKGROUND_BENIGN
TX-N-06693,TRANSACTION,BENIGN,BACKGROUND_BENIGN
TX-N-06694,TRANSACTION,BENIGN,BACKGROUND_BENIGN
TX-N-06695,TRANSACTION,BENIGN,BACKGROUND_BENIGN
TX-N-06696,TRANSACTION,BENIGN,BACKGROUND_BENIGN
TX-N-06697,TRANSACTION,BENIGN,BACKGROUND_BENIGN
TX-N-06698,TRANSACTION,BENIGN,BACKGROUND_BENIGN
TX-N-06699,TRANSACTION,BENIGN,BACKGROUND_BENIGN
TX-N-06700,TRANSACTION,BENIGN,BACKGROUND_BENIGN
TX-N-06701,TRANSACTION,BENIGN,BACKGROUND_BENIGN
TX-N-06702,TRANSACTION,BENIGN,BACKGROUND_BENIGN
TX-N-06703,TRANSACTION,BENIGN,BACKGROUND_BENIGN
TX-N-06704,TRANSACTION,BENIGN,BACKGROUND_BENIGN
TX-N-06705,TRANSACTION,BENIGN,BACKGROUND_BENIGN
TX-N-06706,TRANSACTION,BENIGN,BACKGROUND_BENIGN
TX-N-06707,TRANSACTION,BENIGN,BACKGROUND_BENIGN
TX-N-06708,TRANSACTION,BENIGN,BACKGROUND_BENIGN
TX-N-06709,TRANSACTION,BENIGN,BACKGROUND_BENIGN
TX-N-06710,TRANSACTION,BENIGN,BACKGROUND_BENIGN
TX-N-06711,TRANSACTION,BENIGN,BACKGROUND_BENIGN
TX-N-06712,TRANSACTION,BENIGN,BACKGROUND_BENIGN
TX-N-06713,TRANSACTION,BENIGN,BACKGROUND_BENIGN
TX-N-06714,TRANSACTION,BENIGN,BACKGROUND_BENIGN
TX-N-06715,TRANSACTION,BENIGN,BACKGROUND_BENIGN
TX-N-06716,TRANSACTION,BENIGN,BACKGROUND_BENIGN
TX-N-06717,TRANSACTION,BENIGN,BACKGROUND_BENIGN
TX-N-06718,TRANSACTION,BENIGN,BACKGROUND_BENIGN
TX-N-06719,TRANSACTION,BENIGN,BACKGROUND_BENIGN
TX-N-06720,TRANSACTION,BENIGN,BACKGROUND_BENIGN
TX-N-06721,TRANSACTION,BENIGN,BACKGROUND_BENIGN
TX-N-06722,TRANSACTION,BENIGN,BACKGROUND_BENIGN
TX-N-06723,TRANSACTION,BENIGN,BACKGROUND_BENIGN
TX-N-06724,TRANSACTION,BENIGN,BACKGROUND_BENIGN
TX-N-06725,TRANSACTION,BENIGN,BACKGROUND_BENIGN
TX-N-06726,TRANSACTION,BENIGN,BACKGROUND_BENIGN
TX-N-06727,TRANSACTION,BENIGN,BACKGROUND_BENIGN
TX-N-06728,TRANSACTION,BENIGN,BACKGROUND_BENIGN
TX-N-06729,TRANSACTION,BENIGN,BACKGROUND_BENIGN
TX-N-06730,TRANSACTION,BENIGN,BACKGROUND_BENIGN
TX-N-06731,TRANSACTION,BENIGN,BACKGROUND_BENIGN
TX-N-06732,TRANSACTION,BENIGN,BACKGROUND_BENIGN
TX-N-06733,TRANSACTION,BENIGN,BACKGROUND_BENIGN
TX-N-06734,TRANSACTION,BENIGN,BACKGROUND_BENIGN
TX-N-06735,TRANSACTION,BENIGN,BACKGROUND_BENIGN
TX-N-06736,TRANSACTION,BENIGN,BACKGROUND_BENIGN
TX-N-06737,TRANSACTION,BENIGN,BACKGROUND_BENIGN
TX-N-06738,TRANSACTION,BENIGN,BACKGROUND_BENIGN
TX-N-06739,TRANSACTION,BENIGN,BACKGROUND_BENIGN
TX-N-06740,TRANSACTION,BENIGN,BACKGROUND_BENIGN
TX-N-06741,TRANSACTION,BENIGN,BACKGROUND_BENIGN
TX-N-06742,TRANSACTION,BENIGN,BACKGROUND_BENIGN
TX-N-06743,TRANSACTION,BENIGN,BACKGROUND_BENIGN
TX-N-06744,TRANSACTION,BENIGN,BACKGROUND_BENIGN
TX-N-06745,TRANSACTION,BENIGN,BACKGROUND_BENIGN
TX-N-06746,TRANSACTION,BENIGN,BACKGROUND_BENIGN
TX-N-06747,TRANSACTION,BENIGN,BACKGROUND_BENIGN
TX-N-06748,TRANSACTION,BENIGN,BACKGROUND_BENIGN
TX-N-06749,TRANSACTION,BENIGN,BACKGROUND_BENIGN
TX-N-06750,TRANSACTION,BENIGN,BACKGROUND_BENIGN
TX-N-06751,TRANSACTION,BENIGN,BACKGROUND_BENIGN
TX-N-06752,TRANSACTION,BENIGN,BACKGROUND_BENIGN
TX-N-06753,TRANSACTION,BENIGN,BACKGROUND_BENIGN
TX-N-06754,TRANSACTION,BENIGN,BACKGROUND_BENIGN
TX-N-06755,TRANSACTION,BENIGN,BACKGROUND_BENIGN
TX-N-06756,TRANSACTION,BENIGN,BACKGROUND_BENIGN
TX-N-06757,TRANSACTION,BENIGN,BACKGROUND_BENIGN
TX-N-06758,TRANSACTION,BENIGN,BACKGROUND_BENIGN
TX-N-06759,TRANSACTION,BENIGN,BACKGROUND_BENIGN
TX-N-06760,TRANSACTION,BENIGN,BACKGROUND_BENIGN
TX-N-06761,TRANSACTION,BENIGN,BACKGROUND_BENIGN
TX-N-06762,TRANSACTION,BENIGN,BACKGROUND_BENIGN
TX-N-06763,TRANSACTION,BENIGN,BACKGROUND_BENIGN
TX-N-06764,TRANSACTION,BENIGN,BACKGROUND_BENIGN
TX-N-06765,TRANSACTION,BENIGN,BACKGROUND_BENIGN
TX-N-06766,TRANSACTION,BENIGN,BACKGROUND_BENIGN
TX-N-06767,TRANSACTION,BENIGN,BACKGROUND_BENIGN
TX-N-06768,TRANSACTION,BENIGN,BACKGROUND_BENIGN
TX-N-06769,TRANSACTION,BENIGN,BACKGROUND_BENIGN
TX-N-06770,TRANSACTION,BENIGN,BACKGROUND_BENIGN
TX-N-06771,TRANSACTION,BENIGN,BACKGROUND_BENIGN
TX-N-06772,TRANSACTION,BENIGN,BACKGROUND_BENIGN
TX-N-06773,TRANSACTION,BENIGN,BACKGROUND_BENIGN
TX-N-06774,TRANSACTION,BENIGN,BACKGROUND_BENIGN
TX-N-06775,TRANSACTION,BENIGN,BACKGROUND_BENIGN
TX-N-06776,TRANSACTION,BENIGN,BACKGROUND_BENIGN
TX-N-06777,TRANSACTION,BENIGN,BACKGROUND_BENIGN
TX-N-06778,TRANSACTION,BENIGN,BACKGROUND_BENIGN
TX-N-06779,TRANSACTION,BENIGN,BACKGROUND_BENIGN
TX-N-06780,TRANSACTION,BENIGN,BACKGROUND_BENIGN
TX-N-06781,TRANSACTION,BENIGN,BACKGROUND_BENIGN
TX-N-06782,TRANSACTION,BENIGN,BACKGROUND_BENIGN
TX-N-06783,TRANSACTION,BENIGN,BACKGROUND_BENIGN
TX-N-06784,TRANSACTION,BENIGN,BACKGROUND_BENIGN
TX-N-06785,TRANSACTION,BENIGN,BACKGROUND_BENIGN
TX-N-06786,TRANSACTION,BENIGN,BACKGROUND_BENIGN
TX-N-06787,TRANSACTION,BENIGN,BACKGROUND_BENIGN
TX-N-06788,TRANSACTION,BENIGN,BACKGROUND_BENIGN
TX-N-06789,TRANSACTION,BENIGN,BACKGROUND_BENIGN
TX-N-06790,TRANSACTION,BENIGN,BACKGROUND_BENIGN
TX-N-06791,TRANSACTION,BENIGN,BACKGROUND_BENIGN
TX-N-06792,TRANSACTION,BENIGN,BACKGROUND_BENIGN
TX-N-06793,TRANSACTION,BENIGN,BACKGROUND_BENIGN
TX-N-06794,TRANSACTION,BENIGN,BACKGROUND_BENIGN
TX-N-06795,TRANSACTION,BENIGN,BACKGROUND_BENIGN
TX-N-06796,TRANSACTION,BENIGN,BACKGROUND_BENIGN
TX-N-06797,TRANSACTION,BENIGN,BACKGROUND_BENIGN
TX-N-06798,TRANSACTION,BENIGN,BACKGROUND_BENIGN
TX-N-06799,TRANSACTION,BENIGN,BACKGROUND_BENIGN
TX-N-06800,TRANSACTION,BENIGN,BACKGROUND_BENIGN
TX-N-06801,TRANSACTION,BENIGN,BACKGROUND_BENIGN
TX-N-06802,TRANSACTION,BENIGN,BACKGROUND_BENIGN
TX-N-06803,TRANSACTION,BENIGN,BACKGROUND_BENIGN
TX-N-06804,TRANSACTION,BENIGN,BACKGROUND_BENIGN
TX-N-06805,TRANSACTION,BENIGN,BACKGROUND_BENIGN
TX-N-06806,TRANSACTION,BENIGN,BACKGROUND_BENIGN
TX-N-06807,TRANSACTION,BENIGN,BACKGROUND_BENIGN
TX-N-06808,TRANSACTION,BENIGN,BACKGROUND_BENIGN
TX-N-06809,TRANSACTION,BENIGN,BACKGROUND_BENIGN
TX-N-06810,TRANSACTION,BENIGN,BACKGROUND_BENIGN
TX-N-06811,TRANSACTION,BENIGN,BACKGROUND_BENIGN
TX-N-06812,TRANSACTION,BENIGN,BACKGROUND_BENIGN
TX-N-06813,TRANSACTION,BENIGN,BACKGROUND_BENIGN
TX-N-06814,TRANSACTION,BENIGN,BACKGROUND_BENIGN
TX-N-06815,TRANSACTION,BENIGN,BACKGROUND_BENIGN
TX-N-06816,TRANSACTION,BENIGN,BACKGROUND_BENIGN
TX-N-06817,TRANSACTION,BENIGN,BACKGROUND_BENIGN
TX-N-06818,TRANSACTION,BENIGN,BACKGROUND_BENIGN
TX-N-06819,TRANSACTION,BENIGN,BACKGROUND_BENIGN
TX-N-06820,TRANSACTION,BENIGN,BACKGROUND_BENIGN
TX-N-06821,TRANSACTION,BENIGN,BACKGROUND_BENIGN
TX-N-06822,TRANSACTION,BENIGN,BACKGROUND_BENIGN
TX-N-06823,TRANSACTION,BENIGN,BACKGROUND_BENIGN
TX-N-06824,TRANSACTION,BENIGN,BACKGROUND_BENIGN
TX-N-06825,TRANSACTION,BENIGN,BACKGROUND_BENIGN
TX-N-06826,TRANSACTION,BENIGN,BACKGROUND_BENIGN
TX-N-06827,TRANSACTION,BENIGN,BACKGROUND_BENIGN
TX-N-06828,TRANSACTION,BENIGN,BACKGROUND_BENIGN
TX-N-06829,TRANSACTION,BENIGN,BACKGROUND_BENIGN
TX-N-06830,TRANSACTION,BENIGN,BACKGROUND_BENIGN
TX-N-06831,TRANSACTION,BENIGN,BACKGROUND_BENIGN
TX-N-06832,TRANSACTION,BENIGN,BACKGROUND_BENIGN
TX-N-06833,TRANSACTION,BENIGN,BACKGROUND_BENIGN
TX-N-06834,TRANSACTION,BENIGN,BACKGROUND_BENIGN
TX-N-06835,TRANSACTION,BENIGN,BACKGROUND_BENIGN
TX-N-06836,TRANSACTION,BENIGN,BACKGROUND_BENIGN
TX-N-06837,TRANSACTION,BENIGN,BACKGROUND_BENIGN
TX-N-06838,TRANSACTION,BENIGN,BACKGROUND_BENIGN
TX-N-06839,TRANSACTION,BENIGN,BACKGROUND_BENIGN
TX-N-06840,TRANSACTION,BENIGN,BACKGROUND_BENIGN
TX-N-06841,TRANSACTION,BENIGN,BACKGROUND_BENIGN
TX-N-06842,TRANSACTION,BENIGN,BACKGROUND_BENIGN
TX-N-06843,TRANSACTION,BENIGN,BACKGROUND_BENIGN
TX-N-06844,TRANSACTION,BENIGN,BACKGROUND_BENIGN
TX-N-06845,TRANSACTION,BENIGN,BACKGROUND_BENIGN
TX-N-06846,TRANSACTION,BENIGN,BACKGROUND_BENIGN
TX-N-06847,TRANSACTION,BENIGN,BACKGROUND_BENIGN
TX-N-06848,TRANSACTION,BENIGN,BACKGROUND_BENIGN
TX-N-06849,TRANSACTION,BENIGN,BACKGROUND_BENIGN
TX-N-06850,TRANSACTION,BENIGN,BACKGROUND_BENIGN
TX-N-06851,TRANSACTION,BENIGN,BACKGROUND_BENIGN
TX-N-06852,TRANSACTION,BENIGN,BACKGROUND_BENIGN
TX-N-06853,TRANSACTION,BENIGN,BACKGROUND_BENIGN
TX-N-06854,TRANSACTION,BENIGN,BACKGROUND_BENIGN
TX-N-06855,TRANSACTION,BENIGN,BACKGROUND_BENIGN
TX-N-06856,TRANSACTION,BENIGN,BACKGROUND_BENIGN
TX-N-06857,TRANSACTION,BENIGN,BACKGROUND_BENIGN
TX-N-06858,TRANSACTION,BENIGN,BACKGROUND_BENIGN
TX-N-06859,TRANSACTION,BENIGN,BACKGROUND_BENIGN
TX-N-06860,TRANSACTION,BENIGN,BACKGROUND_BENIGN
TX-N-06861,TRANSACTION,BENIGN,BACKGROUND_BENIGN
TX-N-06862,TRANSACTION,BENIGN,BACKGROUND_BENIGN
TX-N-06863,TRANSACTION,BENIGN,BACKGROUND_BENIGN
TX-N-06864,TRANSACTION,BENIGN,BACKGROUND_BENIGN
TX-N-06865,TRANSACTION,BENIGN,BACKGROUND_BENIGN
TX-N-06866,TRANSACTION,BENIGN,BACKGROUND_BENIGN
TX-N-06867,TRANSACTION,BENIGN,BACKGROUND_BENIGN
TX-N-06868,TRANSACTION,BENIGN,BACKGROUND_BENIGN
TX-N-06869,TRANSACTION,BENIGN,BACKGROUND_BENIGN
TX-N-06870,TRANSACTION,BENIGN,BACKGROUND_BENIGN
TX-N-06871,TRANSACTION,BENIGN,BACKGROUND_BENIGN
TX-N-06872,TRANSACTION,BENIGN,BACKGROUND_BENIGN
TX-N-06873,TRANSACTION,BENIGN,BACKGROUND_BENIGN
TX-N-06874,TRANSACTION,BENIGN,BACKGROUND_BENIGN
TX-N-06875,TRANSACTION,BENIGN,BACKGROUND_BENIGN
TX-N-06876,TRANSACTION,BENIGN,BACKGROUND_BENIGN
TX-N-06877,TRANSACTION,BENIGN,BACKGROUND_BENIGN
TX-N-06878,TRANSACTION,BENIGN,BACKGROUND_BENIGN
TX-N-06879,TRANSACTION,BENIGN,BACKGROUND_BENIGN
TX-N-06880,TRANSACTION,BENIGN,BACKGROUND_BENIGN
TX-N-06881,TRANSACTION,BENIGN,BACKGROUND_BENIGN
TX-N-06882,TRANSACTION,BENIGN,BACKGROUND_BENIGN
TX-N-06883,TRANSACTION,BENIGN,BACKGROUND_BENIGN
TX-N-06884,TRANSACTION,BENIGN,BACKGROUND_BENIGN
TX-N-06885,TRANSACTION,BENIGN,BACKGROUND_BENIGN
TX-N-06886,TRANSACTION,BENIGN,BACKGROUND_BENIGN
TX-N-06887,TRANSACTION,BENIGN,BACKGROUND_BENIGN
TX-N-06888,TRANSACTION,BENIGN,BACKGROUND_BENIGN
TX-N-06889,TRANSACTION,BENIGN,BACKGROUND_BENIGN
TX-N-06890,TRANSACTION,BENIGN,BACKGROUND_BENIGN
TX-N-06891,TRANSACTION,BENIGN,BACKGROUND_BENIGN
TX-N-06892,TRANSACTION,BENIGN,BACKGROUND_BENIGN
TX-N-06893,TRANSACTION,BENIGN,BACKGROUND_BENIGN
TX-N-06894,TRANSACTION,BENIGN,BACKGROUND_BENIGN
TX-N-06895,TRANSACTION,BENIGN,BACKGROUND_BENIGN
TX-N-06896,TRANSACTION,BENIGN,BACKGROUND_BENIGN
TX-N-06897,TRANSACTION,BENIGN,BACKGROUND_BENIGN
TX-N-06898,TRANSACTION,BENIGN,BACKGROUND_BENIGN
TX-N-06899,TRANSACTION,BENIGN,BACKGROUND_BENIGN
TX-N-06900,TRANSACTION,BENIGN,BACKGROUND_BENIGN
TX-N-06901,TRANSACTION,BENIGN,BACKGROUND_BENIGN
TX-N-06902,TRANSACTION,BENIGN,BACKGROUND_BENIGN
TX-N-06903,TRANSACTION,BENIGN,BACKGROUND_BENIGN
TX-N-06904,TRANSACTION,BENIGN,BACKGROUND_BENIGN
TX-N-06905,TRANSACTION,BENIGN,BACKGROUND_BENIGN
TX-N-06906,TRANSACTION,BENIGN,BACKGROUND_BENIGN
TX-N-06907,TRANSACTION,BENIGN,BACKGROUND_BENIGN
TX-N-06908,TRANSACTION,BENIGN,BACKGROUND_BENIGN
TX-N-06909,TRANSACTION,BENIGN,BACKGROUND_BENIGN
TX-N-06910,TRANSACTION,BENIGN,BACKGROUND_BENIGN
TX-N-06911,TRANSACTION,BENIGN,BACKGROUND_BENIGN
TX-N-06912,TRANSACTION,BENIGN,BACKGROUND_BENIGN
TX-N-06913,TRANSACTION,BENIGN,BACKGROUND_BENIGN
TX-N-06914,TRANSACTION,BENIGN,BACKGROUND_BENIGN
TX-N-06915,TRANSACTION,BENIGN,BACKGROUND_BENIGN
TX-N-06916,TRANSACTION,BENIGN,BACKGROUND_BENIGN
TX-N-06917,TRANSACTION,BENIGN,BACKGROUND_BENIGN
TX-N-06918,TRANSACTION,BENIGN,BACKGROUND_BENIGN
TX-N-06919,TRANSACTION,BENIGN,BACKGROUND_BENIGN
TX-N-06920,TRANSACTION,BENIGN,BACKGROUND_BENIGN
TX-N-06921,TRANSACTION,BENIGN,BACKGROUND_BENIGN
TX-N-06922,TRANSACTION,BENIGN,BACKGROUND_BENIGN
TX-N-06923,TRANSACTION,BENIGN,BACKGROUND_BENIGN
TX-N-06924,TRANSACTION,BENIGN,BACKGROUND_BENIGN
TX-N-06925,TRANSACTION,BENIGN,BACKGROUND_BENIGN
TX-N-06926,TRANSACTION,BENIGN,BACKGROUND_BENIGN
TX-N-06927,TRANSACTION,BENIGN,BACKGROUND_BENIGN
TX-N-06928,TRANSACTION,BENIGN,BACKGROUND_BENIGN
TX-N-06929,TRANSACTION,BENIGN,BACKGROUND_BENIGN
TX-N-06930,TRANSACTION,BENIGN,BACKGROUND_BENIGN
TX-N-06931,TRANSACTION,BENIGN,BACKGROUND_BENIGN
TX-N-06932,TRANSACTION,BENIGN,BACKGROUND_BENIGN
TX-N-06933,TRANSACTION,BENIGN,BACKGROUND_BENIGN
TX-N-06934,TRANSACTION,BENIGN,BACKGROUND_BENIGN
TX-N-06935,TRANSACTION,BENIGN,BACKGROUND_BENIGN
TX-N-06936,TRANSACTION,BENIGN,BACKGROUND_BENIGN
TX-N-06937,TRANSACTION,BENIGN,BACKGROUND_BENIGN
TX-N-06938,TRANSACTION,BENIGN,BACKGROUND_BENIGN
TX-N-06939,TRANSACTION,BENIGN,BACKGROUND_BENIGN
TX-N-06940,TRANSACTION,BENIGN,BACKGROUND_BENIGN
TX-N-06941,TRANSACTION,BENIGN,BACKGROUND_BENIGN
TX-N-06942,TRANSACTION,BENIGN,BACKGROUND_BENIGN
TX-N-06943,TRANSACTION,BENIGN,BACKGROUND_BENIGN
TX-N-06944,TRANSACTION,BENIGN,BACKGROUND_BENIGN
TX-N-06945,TRANSACTION,BENIGN,BACKGROUND_BENIGN
TX-N-06946,TRANSACTION,BENIGN,BACKGROUND_BENIGN
TX-N-06947,TRANSACTION,BENIGN,BACKGROUND_BENIGN
TX-N-06948,TRANSACTION,BENIGN,BACKGROUND_BENIGN
TX-N-06949,TRANSACTION,BENIGN,BACKGROUND_BENIGN
TX-N-06950,TRANSACTION,BENIGN,BACKGROUND_BENIGN
TX-N-06951,TRANSACTION,BENIGN,BACKGROUND_BENIGN
TX-N-06952,TRANSACTION,BENIGN,BACKGROUND_BENIGN
TX-N-06953,TRANSACTION,BENIGN,BACKGROUND_BENIGN
TX-N-06954,TRANSACTION,BENIGN,BACKGROUND_BENIGN
TX-N-06955,TRANSACTION,BENIGN,BACKGROUND_BENIGN
TX-N-06956,TRANSACTION,BENIGN,BACKGROUND_BENIGN
TX-N-06957,TRANSACTION,BENIGN,BACKGROUND_BENIGN
TX-N-06958,TRANSACTION,BENIGN,BACKGROUND_BENIGN
TX-N-06959,TRANSACTION,BENIGN,BACKGROUND_BENIGN
TX-N-06960,TRANSACTION,BENIGN,BACKGROUND_BENIGN
TX-N-06961,TRANSACTION,BENIGN,BACKGROUND_BENIGN
TX-N-06962,TRANSACTION,BENIGN,BACKGROUND_BENIGN
TX-N-06963,TRANSACTION,BENIGN,BACKGROUND_BENIGN
TX-N-06964,TRANSACTION,BENIGN,BACKGROUND_BENIGN
TX-N-06965,TRANSACTION,BENIGN,BACKGROUND_BENIGN
TX-N-06966,TRANSACTION,BENIGN,BACKGROUND_BENIGN
TX-N-06967,TRANSACTION,BENIGN,BACKGROUND_BENIGN
TX-N-06968,TRANSACTION,BENIGN,BACKGROUND_BENIGN
TX-N-06969,TRANSACTION,BENIGN,BACKGROUND_BENIGN
TX-N-06970,TRANSACTION,BENIGN,BACKGROUND_BENIGN
TX-N-06971,TRANSACTION,BENIGN,BACKGROUND_BENIGN
TX-N-06972,TRANSACTION,BENIGN,BACKGROUND_BENIGN
TX-N-06973,TRANSACTION,BENIGN,BACKGROUND_BENIGN
TX-N-06974,TRANSACTION,BENIGN,BACKGROUND_BENIGN
TX-N-06975,TRANSACTION,BENIGN,BACKGROUND_BENIGN
TX-N-06976,TRANSACTION,BENIGN,BACKGROUND_BENIGN
TX-N-06977,TRANSACTION,BENIGN,BACKGROUND_BENIGN
TX-N-06978,TRANSACTION,BENIGN,BACKGROUND_BENIGN
TX-N-06979,TRANSACTION,BENIGN,BACKGROUND_BENIGN
TX-N-06980,TRANSACTION,BENIGN,BACKGROUND_BENIGN
TX-N-06981,TRANSACTION,BENIGN,BACKGROUND_BENIGN
TX-N-06982,TRANSACTION,BENIGN,BACKGROUND_BENIGN
TX-N-06983,TRANSACTION,BENIGN,BACKGROUND_BENIGN
TX-N-06984,TRANSACTION,BENIGN,BACKGROUND_BENIGN
TX-N-06985,TRANSACTION,BENIGN,BACKGROUND_BENIGN
TX-N-06986,TRANSACTION,BENIGN,BACKGROUND_BENIGN
TX-N-06987,TRANSACTION,BENIGN,BACKGROUND_BENIGN
TX-N-06988,TRANSACTION,BENIGN,BACKGROUND_BENIGN
TX-N-06989,TRANSACTION,BENIGN,BACKGROUND_BENIGN
TX-N-06990,TRANSACTION,BENIGN,BACKGROUND_BENIGN
TX-N-06991,TRANSACTION,BENIGN,BACKGROUND_BENIGN
TX-N-06992,TRANSACTION,BENIGN,BACKGROUND_BENIGN
TX-N-06993,TRANSACTION,BENIGN,BACKGROUND_BENIGN
TX-N-06994,TRANSACTION,BENIGN,BACKGROUND_BENIGN
TX-N-06995,TRANSACTION,BENIGN,BACKGROUND_BENIGN
TX-N-06996,TRANSACTION,BENIGN,BACKGROUND_BENIGN
TX-N-06997,TRANSACTION,BENIGN,BACKGROUND_BENIGN
TX-N-06998,TRANSACTION,BENIGN,BACKGROUND_BENIGN
TX-N-06999,TRANSACTION,BENIGN,BACKGROUND_BENIGN
TX-N-07000,TRANSACTION,BENIGN,BACKGROUND_BENIGN
TX-N-07001,TRANSACTION,BENIGN,BACKGROUND_BENIGN
TX-N-07002,TRANSACTION,BENIGN,BACKGROUND_BENIGN
TX-N-07003,TRANSACTION,BENIGN,BACKGROUND_BENIGN
TX-N-07004,TRANSACTION,BENIGN,BACKGROUND_BENIGN
TX-N-07005,TRANSACTION,BENIGN,BACKGROUND_BENIGN
TX-N-07006,TRANSACTION,BENIGN,BACKGROUND_BENIGN
TX-N-07007,TRANSACTION,BENIGN,BACKGROUND_BENIGN
TX-N-07008,TRANSACTION,BENIGN,BACKGROUND_BENIGN
TX-N-07009,TRANSACTION,BENIGN,BACKGROUND_BENIGN
TX-N-07010,TRANSACTION,BENIGN,BACKGROUND_BENIGN
TX-N-07011,TRANSACTION,BENIGN,BACKGROUND_BENIGN
TX-N-07012,TRANSACTION,BENIGN,BACKGROUND_BENIGN
TX-N-07013,TRANSACTION,BENIGN,BACKGROUND_BENIGN
TX-N-07014,TRANSACTION,BENIGN,BACKGROUND_BENIGN
TX-N-07015,TRANSACTION,BENIGN,BACKGROUND_BENIGN
TX-N-07016,TRANSACTION,BENIGN,BACKGROUND_BENIGN
TX-N-07017,TRANSACTION,BENIGN,BACKGROUND_BENIGN
TX-N-07018,TRANSACTION,BENIGN,BACKGROUND_BENIGN
TX-N-07019,TRANSACTION,BENIGN,BACKGROUND_BENIGN
TX-N-07020,TRANSACTION,BENIGN,BACKGROUND_BENIGN
TX-N-07021,TRANSACTION,BENIGN,BACKGROUND_BENIGN
TX-N-07022,TRANSACTION,BENIGN,BACKGROUND_BENIGN
TX-N-07023,TRANSACTION,BENIGN,BACKGROUND_BENIGN
TX-N-07024,TRANSACTION,BENIGN,BACKGROUND_BENIGN
TX-N-07025,TRANSACTION,BENIGN,BACKGROUND_BENIGN
TX-N-07026,TRANSACTION,BENIGN,BACKGROUND_BENIGN
TX-N-07027,TRANSACTION,BENIGN,BACKGROUND_BENIGN
TX-N-07028,TRANSACTION,BENIGN,BACKGROUND_BENIGN
TX-N-07029,TRANSACTION,BENIGN,BACKGROUND_BENIGN
TX-N-07030,TRANSACTION,BENIGN,BACKGROUND_BENIGN
TX-N-07031,TRANSACTION,BENIGN,BACKGROUND_BENIGN
TX-N-07032,TRANSACTION,BENIGN,BACKGROUND_BENIGN
TX-N-07033,TRANSACTION,BENIGN,BACKGROUND_BENIGN
TX-N-07034,TRANSACTION,BENIGN,BACKGROUND_BENIGN
TX-N-07035,TRANSACTION,BENIGN,BACKGROUND_BENIGN
TX-N-07036,TRANSACTION,BENIGN,BACKGROUND_BENIGN
TX-N-07037,TRANSACTION,BENIGN,BACKGROUND_BENIGN
TX-N-07038,TRANSACTION,BENIGN,BACKGROUND_BENIGN
TX-N-07039,TRANSACTION,BENIGN,BACKGROUND_BENIGN
TX-N-07040,TRANSACTION,BENIGN,BACKGROUND_BENIGN
TX-N-07041,TRANSACTION,BENIGN,BACKGROUND_BENIGN
TX-N-07042,TRANSACTION,BENIGN,BACKGROUND_BENIGN
TX-N-07043,TRANSACTION,BENIGN,BACKGROUND_BENIGN
TX-N-07044,TRANSACTION,BENIGN,BACKGROUND_BENIGN
TX-N-07045,TRANSACTION,BENIGN,BACKGROUND_BENIGN
TX-N-07046,TRANSACTION,BENIGN,BACKGROUND_BENIGN
TX-N-07047,TRANSACTION,BENIGN,BACKGROUND_BENIGN
TX-N-07048,TRANSACTION,BENIGN,BACKGROUND_BENIGN
TX-N-07049,TRANSACTION,BENIGN,BACKGROUND_BENIGN
TX-N-07050,TRANSACTION,BENIGN,BACKGROUND_BENIGN
TX-N-07051,TRANSACTION,BENIGN,BACKGROUND_BENIGN
TX-N-07052,TRANSACTION,BENIGN,BACKGROUND_BENIGN
TX-N-07053,TRANSACTION,BENIGN,BACKGROUND_BENIGN
TX-N-07054,TRANSACTION,BENIGN,BACKGROUND_BENIGN
TX-N-07055,TRANSACTION,BENIGN,BACKGROUND_BENIGN
TX-N-07056,TRANSACTION,BENIGN,BACKGROUND_BENIGN
TX-N-07057,TRANSACTION,BENIGN,BACKGROUND_BENIGN
TX-N-07058,TRANSACTION,BENIGN,BACKGROUND_BENIGN
TX-N-07059,TRANSACTION,BENIGN,BACKGROUND_BENIGN
TX-N-07060,TRANSACTION,BENIGN,BACKGROUND_BENIGN
TX-N-07061,TRANSACTION,BENIGN,BACKGROUND_BENIGN
TX-N-07062,TRANSACTION,BENIGN,BACKGROUND_BENIGN
TX-N-07063,TRANSACTION,BENIGN,BACKGROUND_BENIGN
TX-N-07064,TRANSACTION,BENIGN,BACKGROUND_BENIGN
TX-N-07065,TRANSACTION,BENIGN,BACKGROUND_BENIGN
TX-N-07066,TRANSACTION,BENIGN,BACKGROUND_BENIGN
TX-N-07067,TRANSACTION,BENIGN,BACKGROUND_BENIGN
TX-N-07068,TRANSACTION,BENIGN,BACKGROUND_BENIGN
TX-N-07069,TRANSACTION,BENIGN,BACKGROUND_BENIGN
TX-N-07070,TRANSACTION,BENIGN,BACKGROUND_BENIGN
TX-N-07071,TRANSACTION,BENIGN,BACKGROUND_BENIGN
TX-N-07072,TRANSACTION,BENIGN,BACKGROUND_BENIGN
TX-N-07073,TRANSACTION,BENIGN,BACKGROUND_BENIGN
TX-N-07074,TRANSACTION,BENIGN,BACKGROUND_BENIGN
TX-N-07075,TRANSACTION,BENIGN,BACKGROUND_BENIGN
TX-N-07076,TRANSACTION,BENIGN,BACKGROUND_BENIGN
TX-N-07077,TRANSACTION,BENIGN,BACKGROUND_BENIGN
TX-N-07078,TRANSACTION,BENIGN,BACKGROUND_BENIGN
TX-N-07079,TRANSACTION,BENIGN,BACKGROUND_BENIGN
TX-N-07080,TRANSACTION,BENIGN,BACKGROUND_BENIGN
TX-N-07081,TRANSACTION,BENIGN,BACKGROUND_BENIGN
TX-N-07082,TRANSACTION,BENIGN,BACKGROUND_BENIGN
TX-N-07083,TRANSACTION,BENIGN,BACKGROUND_BENIGN
TX-N-07084,TRANSACTION,BENIGN,BACKGROUND_BENIGN
TX-N-07085,TRANSACTION,BENIGN,BACKGROUND_BENIGN
TX-N-07086,TRANSACTION,BENIGN,BACKGROUND_BENIGN
TX-N-07087,TRANSACTION,BENIGN,BACKGROUND_BENIGN
TX-N-07088,TRANSACTION,BENIGN,BACKGROUND_BENIGN
TX-N-07089,TRANSACTION,BENIGN,BACKGROUND_BENIGN
TX-N-07090,TRANSACTION,BENIGN,BACKGROUND_BENIGN
TX-N-07091,TRANSACTION,BENIGN,BACKGROUND_BENIGN
TX-N-07092,TRANSACTION,BENIGN,BACKGROUND_BENIGN
TX-N-07093,TRANSACTION,BENIGN,BACKGROUND_BENIGN
TX-N-07094,TRANSACTION,BENIGN,BACKGROUND_BENIGN
TX-N-07095,TRANSACTION,BENIGN,BACKGROUND_BENIGN
TX-N-07096,TRANSACTION,BENIGN,BACKGROUND_BENIGN
TX-N-07097,TRANSACTION,BENIGN,BACKGROUND_BENIGN
TX-N-07098,TRANSACTION,BENIGN,BACKGROUND_BENIGN
TX-N-07099,TRANSACTION,BENIGN,BACKGROUND_BENIGN
TX-N-07100,TRANSACTION,BENIGN,BACKGROUND_BENIGN
TX-N-07101,TRANSACTION,BENIGN,BACKGROUND_BENIGN
TX-N-07102,TRANSACTION,BENIGN,BACKGROUND_BENIGN
TX-N-07103,TRANSACTION,BENIGN,BACKGROUND_BENIGN
TX-N-07104,TRANSACTION,BENIGN,BACKGROUND_BENIGN
TX-N-07105,TRANSACTION,BENIGN,BACKGROUND_BENIGN
TX-N-07106,TRANSACTION,BENIGN,BACKGROUND_BENIGN
TX-N-07107,TRANSACTION,BENIGN,BACKGROUND_BENIGN
TX-N-07108,TRANSACTION,BENIGN,BACKGROUND_BENIGN
TX-N-07109,TRANSACTION,BENIGN,BACKGROUND_BENIGN
TX-N-07110,TRANSACTION,BENIGN,BACKGROUND_BENIGN
TX-N-07111,TRANSACTION,BENIGN,BACKGROUND_BENIGN
TX-N-07112,TRANSACTION,BENIGN,BACKGROUND_BENIGN
TX-N-07113,TRANSACTION,BENIGN,BACKGROUND_BENIGN
TX-N-07114,TRANSACTION,BENIGN,BACKGROUND_BENIGN
TX-N-07115,TRANSACTION,BENIGN,BACKGROUND_BENIGN
TX-N-07116,TRANSACTION,BENIGN,BACKGROUND_BENIGN
TX-N-07117,TRANSACTION,BENIGN,BACKGROUND_BENIGN
TX-N-07118,TRANSACTION,BENIGN,BACKGROUND_BENIGN
TX-N-07119,TRANSACTION,BENIGN,BACKGROUND_BENIGN
TX-N-07120,TRANSACTION,BENIGN,BACKGROUND_BENIGN
TX-N-07121,TRANSACTION,BENIGN,BACKGROUND_BENIGN
TX-N-07122,TRANSACTION,BENIGN,BACKGROUND_BENIGN
TX-N-07123,TRANSACTION,BENIGN,BACKGROUND_BENIGN
TX-N-07124,TRANSACTION,BENIGN,BACKGROUND_BENIGN
TX-N-07125,TRANSACTION,BENIGN,BACKGROUND_BENIGN
TX-N-07126,TRANSACTION,BENIGN,BACKGROUND_BENIGN
TX-N-07127,TRANSACTION,BENIGN,BACKGROUND_BENIGN
TX-N-07128,TRANSACTION,BENIGN,BACKGROUND_BENIGN
TX-N-07129,TRANSACTION,BENIGN,BACKGROUND_BENIGN
TX-N-07130,TRANSACTION,BENIGN,BACKGROUND_BENIGN
TX-N-07131,TRANSACTION,BENIGN,BACKGROUND_BENIGN
TX-N-07132,TRANSACTION,BENIGN,BACKGROUND_BENIGN
TX-N-07133,TRANSACTION,BENIGN,BACKGROUND_BENIGN
TX-N-07134,TRANSACTION,BENIGN,BACKGROUND_BENIGN
TX-N-07135,TRANSACTION,BENIGN,BACKGROUND_BENIGN
TX-N-07136,TRANSACTION,BENIGN,BACKGROUND_BENIGN
TX-N-07137,TRANSACTION,BENIGN,BACKGROUND_BENIGN
TX-N-07138,TRANSACTION,BENIGN,BACKGROUND_BENIGN
TX-N-07139,TRANSACTION,BENIGN,BACKGROUND_BENIGN
TX-N-07140,TRANSACTION,BENIGN,BACKGROUND_BENIGN
TX-N-07141,TRANSACTION,BENIGN,BACKGROUND_BENIGN
TX-N-07142,TRANSACTION,BENIGN,BACKGROUND_BENIGN
TX-N-07143,TRANSACTION,BENIGN,BACKGROUND_BENIGN
TX-N-07144,TRANSACTION,BENIGN,BACKGROUND_BENIGN
TX-N-07145,TRANSACTION,BENIGN,BACKGROUND_BENIGN
TX-N-07146,TRANSACTION,BENIGN,BACKGROUND_BENIGN
TX-N-07147,TRANSACTION,BENIGN,BACKGROUND_BENIGN
TX-N-07148,TRANSACTION,BENIGN,BACKGROUND_BENIGN
TX-N-07149,TRANSACTION,BENIGN,BACKGROUND_BENIGN
TX-N-07150,TRANSACTION,BENIGN,BACKGROUND_BENIGN
TX-N-07151,TRANSACTION,BENIGN,BACKGROUND_BENIGN
TX-N-07152,TRANSACTION,BENIGN,BACKGROUND_BENIGN
TX-N-07153,TRANSACTION,BENIGN,BACKGROUND_BENIGN
TX-N-07154,TRANSACTION,BENIGN,BACKGROUND_BENIGN
TX-N-07155,TRANSACTION,BENIGN,BACKGROUND_BENIGN
TX-N-07156,TRANSACTION,BENIGN,BACKGROUND_BENIGN
TX-N-07157,TRANSACTION,BENIGN,BACKGROUND_BENIGN
TX-N-07158,TRANSACTION,BENIGN,BACKGROUND_BENIGN
TX-N-07159,TRANSACTION,BENIGN,BACKGROUND_BENIGN
TX-N-07160,TRANSACTION,BENIGN,BACKGROUND_BENIGN
TX-N-07161,TRANSACTION,BENIGN,BACKGROUND_BENIGN
TX-N-07162,TRANSACTION,BENIGN,BACKGROUND_BENIGN
TX-N-07163,TRANSACTION,BENIGN,BACKGROUND_BENIGN
TX-N-07164,TRANSACTION,BENIGN,BACKGROUND_BENIGN
TX-N-07165,TRANSACTION,BENIGN,BACKGROUND_BENIGN
TX-N-07166,TRANSACTION,BENIGN,BACKGROUND_BENIGN
TX-N-07167,TRANSACTION,BENIGN,BACKGROUND_BENIGN
TX-N-07168,TRANSACTION,BENIGN,BACKGROUND_BENIGN
TX-N-07169,TRANSACTION,BENIGN,BACKGROUND_BENIGN
TX-N-07170,TRANSACTION,BENIGN,BACKGROUND_BENIGN
TX-N-07171,TRANSACTION,BENIGN,BACKGROUND_BENIGN
TX-N-07172,TRANSACTION,BENIGN,BACKGROUND_BENIGN
TX-N-07173,TRANSACTION,BENIGN,BACKGROUND_BENIGN
TX-N-07174,TRANSACTION,BENIGN,BACKGROUND_BENIGN
TX-N-07175,TRANSACTION,BENIGN,BACKGROUND_BENIGN
TX-N-07176,TRANSACTION,BENIGN,BACKGROUND_BENIGN
TX-N-07177,TRANSACTION,BENIGN,BACKGROUND_BENIGN
TX-N-07178,TRANSACTION,BENIGN,BACKGROUND_BENIGN
TX-N-07179,TRANSACTION,BENIGN,BACKGROUND_BENIGN
TX-N-07180,TRANSACTION,BENIGN,BACKGROUND_BENIGN
TX-N-07181,TRANSACTION,BENIGN,BACKGROUND_BENIGN
TX-N-07182,TRANSACTION,BENIGN,BACKGROUND_BENIGN
TX-N-07183,TRANSACTION,BENIGN,BACKGROUND_BENIGN
TX-N-07184,TRANSACTION,BENIGN,BACKGROUND_BENIGN
TX-N-07185,TRANSACTION,BENIGN,BACKGROUND_BENIGN
TX-N-07186,TRANSACTION,BENIGN,BACKGROUND_BENIGN
TX-N-07187,TRANSACTION,BENIGN,BACKGROUND_BENIGN
TX-N-07188,TRANSACTION,BENIGN,BACKGROUND_BENIGN
TX-N-07189,TRANSACTION,BENIGN,BACKGROUND_BENIGN
TX-N-07190,TRANSACTION,BENIGN,BACKGROUND_BENIGN
TX-N-07191,TRANSACTION,BENIGN,BACKGROUND_BENIGN
TX-N-07192,TRANSACTION,BENIGN,BACKGROUND_BENIGN
TX-N-07193,TRANSACTION,BENIGN,BACKGROUND_BENIGN
TX-N-07194,TRANSACTION,BENIGN,BACKGROUND_BENIGN
TX-N-07195,TRANSACTION,BENIGN,BACKGROUND_BENIGN
TX-N-07196,TRANSACTION,BENIGN,BACKGROUND_BENIGN
TX-N-07197,TRANSACTION,BENIGN,BACKGROUND_BENIGN
TX-N-07198,TRANSACTION,BENIGN,BACKGROUND_BENIGN
TX-N-07199,TRANSACTION,BENIGN,BACKGROUND_BENIGN
TX-N-07200,TRANSACTION,BENIGN,BACKGROUND_BENIGN
TX-N-07201,TRANSACTION,BENIGN,BACKGROUND_BENIGN
TX-N-07202,TRANSACTION,BENIGN,BACKGROUND_BENIGN
TX-N-07203,TRANSACTION,BENIGN,BACKGROUND_BENIGN
TX-N-07204,TRANSACTION,BENIGN,BACKGROUND_BENIGN
TX-N-07205,TRANSACTION,BENIGN,BACKGROUND_BENIGN
TX-N-07206,TRANSACTION,BENIGN,BACKGROUND_BENIGN
TX-N-07207,TRANSACTION,BENIGN,BACKGROUND_BENIGN
TX-N-07208,TRANSACTION,BENIGN,BACKGROUND_BENIGN
TX-N-07209,TRANSACTION,BENIGN,BACKGROUND_BENIGN
TX-N-07210,TRANSACTION,BENIGN,BACKGROUND_BENIGN
TX-N-07211,TRANSACTION,BENIGN,BACKGROUND_BENIGN
TX-N-07212,TRANSACTION,BENIGN,BACKGROUND_BENIGN
TX-N-07213,TRANSACTION,BENIGN,BACKGROUND_BENIGN
TX-N-07214,TRANSACTION,BENIGN,BACKGROUND_BENIGN
TX-N-07215,TRANSACTION,BENIGN,BACKGROUND_BENIGN
TX-N-07216,TRANSACTION,BENIGN,BACKGROUND_BENIGN
TX-N-07217,TRANSACTION,BENIGN,BACKGROUND_BENIGN
TX-N-07218,TRANSACTION,BENIGN,BACKGROUND_BENIGN
TX-N-07219,TRANSACTION,BENIGN,BACKGROUND_BENIGN
TX-N-07220,TRANSACTION,BENIGN,BACKGROUND_BENIGN
TX-N-07221,TRANSACTION,BENIGN,BACKGROUND_BENIGN
TX-N-07222,TRANSACTION,BENIGN,BACKGROUND_BENIGN
TX-N-07223,TRANSACTION,BENIGN,BACKGROUND_BENIGN
TX-N-07224,TRANSACTION,BENIGN,BACKGROUND_BENIGN
TX-N-07225,TRANSACTION,BENIGN,BACKGROUND_BENIGN
TX-N-07226,TRANSACTION,BENIGN,BACKGROUND_BENIGN
TX-N-07227,TRANSACTION,BENIGN,BACKGROUND_BENIGN
TX-N-07228,TRANSACTION,BENIGN,BACKGROUND_BENIGN
TX-N-07229,TRANSACTION,BENIGN,BACKGROUND_BENIGN
TX-N-07230,TRANSACTION,BENIGN,BACKGROUND_BENIGN
TX-N-07231,TRANSACTION,BENIGN,BACKGROUND_BENIGN
TX-N-07232,TRANSACTION,BENIGN,BACKGROUND_BENIGN
TX-N-07233,TRANSACTION,BENIGN,BACKGROUND_BENIGN
TX-N-07234,TRANSACTION,BENIGN,BACKGROUND_BENIGN
TX-N-07235,TRANSACTION,BENIGN,BACKGROUND_BENIGN
TX-N-07236,TRANSACTION,BENIGN,BACKGROUND_BENIGN
TX-N-07237,TRANSACTION,BENIGN,BACKGROUND_BENIGN
TX-N-07238,TRANSACTION,BENIGN,BACKGROUND_BENIGN
TX-N-07239,TRANSACTION,BENIGN,BACKGROUND_BENIGN
TX-N-07240,TRANSACTION,BENIGN,BACKGROUND_BENIGN
TX-N-07241,TRANSACTION,BENIGN,BACKGROUND_BENIGN
TX-N-07242,TRANSACTION,BENIGN,BACKGROUND_BENIGN
TX-N-07243,TRANSACTION,BENIGN,BACKGROUND_BENIGN
TX-N-07244,TRANSACTION,BENIGN,BACKGROUND_BENIGN
TX-N-07245,TRANSACTION,BENIGN,BACKGROUND_BENIGN
TX-N-07246,TRANSACTION,BENIGN,BACKGROUND_BENIGN
TX-N-07247,TRANSACTION,BENIGN,BACKGROUND_BENIGN
TX-N-07248,TRANSACTION,BENIGN,BACKGROUND_BENIGN
TX-N-07249,TRANSACTION,BENIGN,BACKGROUND_BENIGN
TX-N-07250,TRANSACTION,BENIGN,BACKGROUND_BENIGN
TX-N-07251,TRANSACTION,BENIGN,BACKGROUND_BENIGN
TX-N-07252,TRANSACTION,BENIGN,BACKGROUND_BENIGN
TX-N-07253,TRANSACTION,BENIGN,BACKGROUND_BENIGN
TX-N-07254,TRANSACTION,BENIGN,BACKGROUND_BENIGN
TX-N-07255,TRANSACTION,BENIGN,BACKGROUND_BENIGN
TX-N-07256,TRANSACTION,BENIGN,BACKGROUND_BENIGN
TX-N-07257,TRANSACTION,BENIGN,BACKGROUND_BENIGN
TX-N-07258,TRANSACTION,BENIGN,BACKGROUND_BENIGN
TX-N-07259,TRANSACTION,BENIGN,BACKGROUND_BENIGN
TX-N-07260,TRANSACTION,BENIGN,BACKGROUND_BENIGN
TX-N-07261,TRANSACTION,BENIGN,BACKGROUND_BENIGN
TX-N-07262,TRANSACTION,BENIGN,BACKGROUND_BENIGN
TX-N-07263,TRANSACTION,BENIGN,BACKGROUND_BENIGN
TX-N-07264,TRANSACTION,BENIGN,BACKGROUND_BENIGN
TX-N-07265,TRANSACTION,BENIGN,BACKGROUND_BENIGN
TX-N-07266,TRANSACTION,BENIGN,BACKGROUND_BENIGN
TX-N-07267,TRANSACTION,BENIGN,BACKGROUND_BENIGN
TX-N-07268,TRANSACTION,BENIGN,BACKGROUND_BENIGN
TX-N-07269,TRANSACTION,BENIGN,BACKGROUND_BENIGN
TX-N-07270,TRANSACTION,BENIGN,BACKGROUND_BENIGN
TX-N-07271,TRANSACTION,BENIGN,BACKGROUND_BENIGN
TX-N-07272,TRANSACTION,BENIGN,BACKGROUND_BENIGN
TX-N-07273,TRANSACTION,BENIGN,BACKGROUND_BENIGN
TX-N-07274,TRANSACTION,BENIGN,BACKGROUND_BENIGN
TX-N-07275,TRANSACTION,BENIGN,BACKGROUND_BENIGN
TX-N-07276,TRANSACTION,BENIGN,BACKGROUND_BENIGN
TX-N-07277,TRANSACTION,BENIGN,BACKGROUND_BENIGN
TX-N-07278,TRANSACTION,BENIGN,BACKGROUND_BENIGN
TX-N-07279,TRANSACTION,BENIGN,BACKGROUND_BENIGN
TX-N-07280,TRANSACTION,BENIGN,BACKGROUND_BENIGN
TX-N-07281,TRANSACTION,BENIGN,BACKGROUND_BENIGN
TX-N-07282,TRANSACTION,BENIGN,BACKGROUND_BENIGN
TX-N-07283,TRANSACTION,BENIGN,BACKGROUND_BENIGN
TX-N-07284,TRANSACTION,BENIGN,BACKGROUND_BENIGN
TX-N-07285,TRANSACTION,BENIGN,BACKGROUND_BENIGN
TX-N-07286,TRANSACTION,BENIGN,BACKGROUND_BENIGN
TX-N-07287,TRANSACTION,BENIGN,BACKGROUND_BENIGN
TX-N-07288,TRANSACTION,BENIGN,BACKGROUND_BENIGN
TX-N-07289,TRANSACTION,BENIGN,BACKGROUND_BENIGN
TX-N-07290,TRANSACTION,BENIGN,BACKGROUND_BENIGN
TX-N-07291,TRANSACTION,BENIGN,BACKGROUND_BENIGN
TX-N-07292,TRANSACTION,BENIGN,BACKGROUND_BENIGN
TX-N-07293,TRANSACTION,BENIGN,BACKGROUND_BENIGN
TX-N-07294,TRANSACTION,BENIGN,BACKGROUND_BENIGN
TX-N-07295,TRANSACTION,BENIGN,BACKGROUND_BENIGN
TX-N-07296,TRANSACTION,BENIGN,BACKGROUND_BENIGN
TX-N-07297,TRANSACTION,BENIGN,BACKGROUND_BENIGN
TX-N-07298,TRANSACTION,BENIGN,BACKGROUND_BENIGN
TX-N-07299,TRANSACTION,BENIGN,BACKGROUND_BENIGN
TX-N-07300,TRANSACTION,BENIGN,BACKGROUND_BENIGN
TX-N-07301,TRANSACTION,BENIGN,BACKGROUND_BENIGN
TX-N-07302,TRANSACTION,BENIGN,BACKGROUND_BENIGN
TX-N-07303,TRANSACTION,BENIGN,BACKGROUND_BENIGN
TX-N-07304,TRANSACTION,BENIGN,BACKGROUND_BENIGN
TX-N-07305,TRANSACTION,BENIGN,BACKGROUND_BENIGN
TX-N-07306,TRANSACTION,BENIGN,BACKGROUND_BENIGN
TX-N-07307,TRANSACTION,BENIGN,BACKGROUND_BENIGN
TX-N-07308,TRANSACTION,BENIGN,BACKGROUND_BENIGN
TX-N-07309,TRANSACTION,BENIGN,BACKGROUND_BENIGN
TX-N-07310,TRANSACTION,BENIGN,BACKGROUND_BENIGN
TX-N-07311,TRANSACTION,BENIGN,BACKGROUND_BENIGN
TX-N-07312,TRANSACTION,BENIGN,BACKGROUND_BENIGN
TX-N-07313,TRANSACTION,BENIGN,BACKGROUND_BENIGN
TX-N-07314,TRANSACTION,BENIGN,BACKGROUND_BENIGN
TX-N-07315,TRANSACTION,BENIGN,BACKGROUND_BENIGN
TX-N-07316,TRANSACTION,BENIGN,BACKGROUND_BENIGN
TX-N-07317,TRANSACTION,BENIGN,BACKGROUND_BENIGN
TX-N-07318,TRANSACTION,BENIGN,BACKGROUND_BENIGN
TX-N-07319,TRANSACTION,BENIGN,BACKGROUND_BENIGN
TX-N-07320,TRANSACTION,BENIGN,BACKGROUND_BENIGN
TX-N-07321,TRANSACTION,BENIGN,BACKGROUND_BENIGN
TX-N-07322,TRANSACTION,BENIGN,BACKGROUND_BENIGN
TX-N-07323,TRANSACTION,BENIGN,BACKGROUND_BENIGN
TX-N-07324,TRANSACTION,BENIGN,BACKGROUND_BENIGN
TX-N-07325,TRANSACTION,BENIGN,BACKGROUND_BENIGN
TX-N-07326,TRANSACTION,BENIGN,BACKGROUND_BENIGN
TX-N-07327,TRANSACTION,BENIGN,BACKGROUND_BENIGN
TX-N-07328,TRANSACTION,BENIGN,BACKGROUND_BENIGN
TX-N-07329,TRANSACTION,BENIGN,BACKGROUND_BENIGN
TX-N-07330,TRANSACTION,BENIGN,BACKGROUND_BENIGN
TX-N-07331,TRANSACTION,BENIGN,BACKGROUND_BENIGN
TX-N-07332,TRANSACTION,BENIGN,BACKGROUND_BENIGN
TX-N-07333,TRANSACTION,BENIGN,BACKGROUND_BENIGN
TX-N-07334,TRANSACTION,BENIGN,BACKGROUND_BENIGN
TX-N-07335,TRANSACTION,BENIGN,BACKGROUND_BENIGN
TX-N-07336,TRANSACTION,BENIGN,BACKGROUND_BENIGN
TX-N-07337,TRANSACTION,BENIGN,BACKGROUND_BENIGN
TX-N-07338,TRANSACTION,BENIGN,BACKGROUND_BENIGN
TX-N-07339,TRANSACTION,BENIGN,BACKGROUND_BENIGN
TX-N-07340,TRANSACTION,BENIGN,BACKGROUND_BENIGN
TX-N-07341,TRANSACTION,BENIGN,BACKGROUND_BENIGN
TX-N-07342,TRANSACTION,BENIGN,BACKGROUND_BENIGN
TX-N-07343,TRANSACTION,BENIGN,BACKGROUND_BENIGN
TX-N-07344,TRANSACTION,BENIGN,BACKGROUND_BENIGN
TX-N-07345,TRANSACTION,BENIGN,BACKGROUND_BENIGN
TX-N-07346,TRANSACTION,BENIGN,BACKGROUND_BENIGN
TX-N-07347,TRANSACTION,BENIGN,BACKGROUND_BENIGN
TX-N-07348,TRANSACTION,BENIGN,BACKGROUND_BENIGN
TX-N-07349,TRANSACTION,BENIGN,BACKGROUND_BENIGN
TX-N-07350,TRANSACTION,BENIGN,BACKGROUND_BENIGN
TX-N-07351,TRANSACTION,BENIGN,BACKGROUND_BENIGN
TX-N-07352,TRANSACTION,BENIGN,BACKGROUND_BENIGN
TX-N-07353,TRANSACTION,BENIGN,BACKGROUND_BENIGN
TX-N-07354,TRANSACTION,BENIGN,BACKGROUND_BENIGN
TX-N-07355,TRANSACTION,BENIGN,BACKGROUND_BENIGN
TX-N-07356,TRANSACTION,BENIGN,BACKGROUND_BENIGN
TX-N-07357,TRANSACTION,BENIGN,BACKGROUND_BENIGN
TX-N-07358,TRANSACTION,BENIGN,BACKGROUND_BENIGN
TX-N-07359,TRANSACTION,BENIGN,BACKGROUND_BENIGN
TX-N-07360,TRANSACTION,BENIGN,BACKGROUND_BENIGN
TX-N-07361,TRANSACTION,BENIGN,BACKGROUND_BENIGN
TX-N-07362,TRANSACTION,BENIGN,BACKGROUND_BENIGN
TX-N-07363,TRANSACTION,BENIGN,BACKGROUND_BENIGN
TX-N-07364,TRANSACTION,BENIGN,BACKGROUND_BENIGN
TX-N-07365,TRANSACTION,BENIGN,BACKGROUND_BENIGN
TX-N-07366,TRANSACTION,BENIGN,BACKGROUND_BENIGN
TX-N-07367,TRANSACTION,BENIGN,BACKGROUND_BENIGN
TX-N-07368,TRANSACTION,BENIGN,BACKGROUND_BENIGN
TX-N-07369,TRANSACTION,BENIGN,BACKGROUND_BENIGN
TX-N-07370,TRANSACTION,BENIGN,BACKGROUND_BENIGN
TX-N-07371,TRANSACTION,BENIGN,BACKGROUND_BENIGN
TX-N-07372,TRANSACTION,BENIGN,BACKGROUND_BENIGN
TX-N-07373,TRANSACTION,BENIGN,BACKGROUND_BENIGN
TX-N-07374,TRANSACTION,BENIGN,BACKGROUND_BENIGN
TX-N-07375,TRANSACTION,BENIGN,BACKGROUND_BENIGN
TX-N-07376,TRANSACTION,BENIGN,BACKGROUND_BENIGN
TX-N-07377,TRANSACTION,BENIGN,BACKGROUND_BENIGN
TX-N-07378,TRANSACTION,BENIGN,BACKGROUND_BENIGN
TX-N-07379,TRANSACTION,BENIGN,BACKGROUND_BENIGN
TX-N-07380,TRANSACTION,BENIGN,BACKGROUND_BENIGN
TX-N-07381,TRANSACTION,BENIGN,BACKGROUND_BENIGN
TX-N-07382,TRANSACTION,BENIGN,BACKGROUND_BENIGN
TX-N-07383,TRANSACTION,BENIGN,BACKGROUND_BENIGN
TX-N-07384,TRANSACTION,BENIGN,BACKGROUND_BENIGN
TX-N-07385,TRANSACTION,BENIGN,BACKGROUND_BENIGN
TX-N-07386,TRANSACTION,BENIGN,BACKGROUND_BENIGN
TX-N-07387,TRANSACTION,BENIGN,BACKGROUND_BENIGN
TX-N-07388,TRANSACTION,BENIGN,BACKGROUND_BENIGN
TX-N-07389,TRANSACTION,BENIGN,BACKGROUND_BENIGN
TX-N-07390,TRANSACTION,BENIGN,BACKGROUND_BENIGN
TX-N-07391,TRANSACTION,BENIGN,BACKGROUND_BENIGN
TX-N-07392,TRANSACTION,BENIGN,BACKGROUND_BENIGN
TX-N-07393,TRANSACTION,BENIGN,BACKGROUND_BENIGN
TX-N-07394,TRANSACTION,BENIGN,BACKGROUND_BENIGN
TX-N-07395,TRANSACTION,BENIGN,BACKGROUND_BENIGN
TX-N-07396,TRANSACTION,BENIGN,BACKGROUND_BENIGN
TX-N-07397,TRANSACTION,BENIGN,BACKGROUND_BENIGN
TX-N-07398,TRANSACTION,BENIGN,BACKGROUND_BENIGN
TX-N-07399,TRANSACTION,BENIGN,BACKGROUND_BENIGN
TX-N-07400,TRANSACTION,BENIGN,BACKGROUND_BENIGN
TX-N-07401,TRANSACTION,BENIGN,BACKGROUND_BENIGN
TX-N-07402,TRANSACTION,BENIGN,BACKGROUND_BENIGN
TX-N-07403,TRANSACTION,BENIGN,BACKGROUND_BENIGN
TX-N-07404,TRANSACTION,BENIGN,BACKGROUND_BENIGN
TX-N-07405,TRANSACTION,BENIGN,BACKGROUND_BENIGN
TX-N-07406,TRANSACTION,BENIGN,BACKGROUND_BENIGN
TX-N-07407,TRANSACTION,BENIGN,BACKGROUND_BENIGN
TX-N-07408,TRANSACTION,BENIGN,BACKGROUND_BENIGN
TX-N-07409,TRANSACTION,BENIGN,BACKGROUND_BENIGN
TX-N-07410,TRANSACTION,BENIGN,BACKGROUND_BENIGN
TX-N-07411,TRANSACTION,BENIGN,BACKGROUND_BENIGN
TX-N-07412,TRANSACTION,BENIGN,BACKGROUND_BENIGN
TX-N-07413,TRANSACTION,BENIGN,BACKGROUND_BENIGN
TX-N-07414,TRANSACTION,BENIGN,BACKGROUND_BENIGN
TX-N-07415,TRANSACTION,BENIGN,BACKGROUND_BENIGN
TX-N-07416,TRANSACTION,BENIGN,BACKGROUND_BENIGN
TX-N-07417,TRANSACTION,BENIGN,BACKGROUND_BENIGN
TX-N-07418,TRANSACTION,BENIGN,BACKGROUND_BENIGN
TX-N-07419,TRANSACTION,BENIGN,BACKGROUND_BENIGN
TX-N-07420,TRANSACTION,BENIGN,BACKGROUND_BENIGN
TX-N-07421,TRANSACTION,BENIGN,BACKGROUND_BENIGN
TX-N-07422,TRANSACTION,BENIGN,BACKGROUND_BENIGN
TX-N-07423,TRANSACTION,BENIGN,BACKGROUND_BENIGN
TX-N-07424,TRANSACTION,BENIGN,BACKGROUND_BENIGN
TX-N-07425,TRANSACTION,BENIGN,BACKGROUND_BENIGN
TX-N-07426,TRANSACTION,BENIGN,BACKGROUND_BENIGN
TX-N-07427,TRANSACTION,BENIGN,BACKGROUND_BENIGN
TX-N-07428,TRANSACTION,BENIGN,BACKGROUND_BENIGN
TX-N-07429,TRANSACTION,BENIGN,BACKGROUND_BENIGN
TX-N-07430,TRANSACTION,BENIGN,BACKGROUND_BENIGN
TX-N-07431,TRANSACTION,BENIGN,BACKGROUND_BENIGN
TX-N-07432,TRANSACTION,BENIGN,BACKGROUND_BENIGN
TX-N-07433,TRANSACTION,BENIGN,BACKGROUND_BENIGN
TX-N-07434,TRANSACTION,BENIGN,BACKGROUND_BENIGN
TX-N-07435,TRANSACTION,BENIGN,BACKGROUND_BENIGN
TX-N-07436,TRANSACTION,BENIGN,BACKGROUND_BENIGN
TX-N-07437,TRANSACTION,BENIGN,BACKGROUND_BENIGN
TX-N-07438,TRANSACTION,BENIGN,BACKGROUND_BENIGN
TX-N-07439,TRANSACTION,BENIGN,BACKGROUND_BENIGN
TX-N-07440,TRANSACTION,BENIGN,BACKGROUND_BENIGN
TX-N-07441,TRANSACTION,BENIGN,BACKGROUND_BENIGN
TX-N-07442,TRANSACTION,BENIGN,BACKGROUND_BENIGN
TX-N-07443,TRANSACTION,BENIGN,BACKGROUND_BENIGN
TX-N-07444,TRANSACTION,BENIGN,BACKGROUND_BENIGN
TX-N-07445,TRANSACTION,BENIGN,BACKGROUND_BENIGN
TX-N-07446,TRANSACTION,BENIGN,BACKGROUND_BENIGN
TX-N-07447,TRANSACTION,BENIGN,BACKGROUND_BENIGN
TX-N-07448,TRANSACTION,BENIGN,BACKGROUND_BENIGN
TX-N-07449,TRANSACTION,BENIGN,BACKGROUND_BENIGN
TX-N-07450,TRANSACTION,BENIGN,BACKGROUND_BENIGN
TX-N-07451,TRANSACTION,BENIGN,BACKGROUND_BENIGN
TX-N-07452,TRANSACTION,BENIGN,BACKGROUND_BENIGN
TX-N-07453,TRANSACTION,BENIGN,BACKGROUND_BENIGN
TX-N-07454,TRANSACTION,BENIGN,BACKGROUND_BENIGN
TX-N-07455,TRANSACTION,BENIGN,BACKGROUND_BENIGN
TX-N-07456,TRANSACTION,BENIGN,BACKGROUND_BENIGN
TX-N-07457,TRANSACTION,BENIGN,BACKGROUND_BENIGN
TX-N-07458,TRANSACTION,BENIGN,BACKGROUND_BENIGN
TX-N-07459,TRANSACTION,BENIGN,BACKGROUND_BENIGN
TX-N-07460,TRANSACTION,BENIGN,BACKGROUND_BENIGN
TX-N-07461,TRANSACTION,BENIGN,BACKGROUND_BENIGN
TX-N-07462,TRANSACTION,BENIGN,BACKGROUND_BENIGN
TX-N-07463,TRANSACTION,BENIGN,BACKGROUND_BENIGN
TX-N-07464,TRANSACTION,BENIGN,BACKGROUND_BENIGN
TX-N-07465,TRANSACTION,BENIGN,BACKGROUND_BENIGN
TX-N-07466,TRANSACTION,BENIGN,BACKGROUND_BENIGN
TX-N-07467,TRANSACTION,BENIGN,BACKGROUND_BENIGN
TX-N-07468,TRANSACTION,BENIGN,BACKGROUND_BENIGN
TX-N-07469,TRANSACTION,BENIGN,BACKGROUND_BENIGN
TX-N-07470,TRANSACTION,BENIGN,BACKGROUND_BENIGN
TX-N-07471,TRANSACTION,BENIGN,BACKGROUND_BENIGN
TX-N-07472,TRANSACTION,BENIGN,BACKGROUND_BENIGN
TX-N-07473,TRANSACTION,BENIGN,BACKGROUND_BENIGN
TX-N-07474,TRANSACTION,BENIGN,BACKGROUND_BENIGN
TX-N-07475,TRANSACTION,BENIGN,BACKGROUND_BENIGN
TX-N-07476,TRANSACTION,BENIGN,BACKGROUND_BENIGN
TX-N-07477,TRANSACTION,BENIGN,BACKGROUND_BENIGN
TX-N-07478,TRANSACTION,BENIGN,BACKGROUND_BENIGN
TX-N-07479,TRANSACTION,BENIGN,BACKGROUND_BENIGN
TX-N-07480,TRANSACTION,BENIGN,BACKGROUND_BENIGN
TX-N-07481,TRANSACTION,BENIGN,BACKGROUND_BENIGN
TX-N-07482,TRANSACTION,BENIGN,BACKGROUND_BENIGN
TX-N-07483,TRANSACTION,BENIGN,BACKGROUND_BENIGN
TX-N-07484,TRANSACTION,BENIGN,BACKGROUND_BENIGN
TX-N-07485,TRANSACTION,BENIGN,BACKGROUND_BENIGN
TX-N-07486,TRANSACTION,BENIGN,BACKGROUND_BENIGN
TX-N-07487,TRANSACTION,BENIGN,BACKGROUND_BENIGN
TX-N-07488,TRANSACTION,BENIGN,BACKGROUND_BENIGN
TX-N-07489,TRANSACTION,BENIGN,BACKGROUND_BENIGN
TX-N-07490,TRANSACTION,BENIGN,BACKGROUND_BENIGN
TX-N-07491,TRANSACTION,BENIGN,BACKGROUND_BENIGN
TX-N-07492,TRANSACTION,BENIGN,BACKGROUND_BENIGN
TX-N-07493,TRANSACTION,BENIGN,BACKGROUND_BENIGN
TX-N-07494,TRANSACTION,BENIGN,BACKGROUND_BENIGN
TX-N-07495,TRANSACTION,BENIGN,BACKGROUND_BENIGN
TX-N-07496,TRANSACTION,BENIGN,BACKGROUND_BENIGN
TX-N-07497,TRANSACTION,BENIGN,BACKGROUND_BENIGN
TX-N-07498,TRANSACTION,BENIGN,BACKGROUND_BENIGN
TX-N-07499,TRANSACTION,BENIGN,BACKGROUND_BENIGN
TX-N-07500,TRANSACTION,BENIGN,BACKGROUND_BENIGN
TX-N-07501,TRANSACTION,BENIGN,BACKGROUND_BENIGN
TX-N-07502,TRANSACTION,BENIGN,BACKGROUND_BENIGN
TX-N-07503,TRANSACTION,BENIGN,BACKGROUND_BENIGN
TX-N-07504,TRANSACTION,BENIGN,BACKGROUND_BENIGN
TX-N-07505,TRANSACTION,BENIGN,BACKGROUND_BENIGN
TX-N-07506,TRANSACTION,BENIGN,BACKGROUND_BENIGN
TX-N-07507,TRANSACTION,BENIGN,BACKGROUND_BENIGN
TX-N-07508,TRANSACTION,BENIGN,BACKGROUND_BENIGN
TX-N-07509,TRANSACTION,BENIGN,BACKGROUND_BENIGN
TX-N-07510,TRANSACTION,BENIGN,BACKGROUND_BENIGN
TX-N-07511,TRANSACTION,BENIGN,BACKGROUND_BENIGN
TX-N-07512,TRANSACTION,BENIGN,BACKGROUND_BENIGN
TX-N-07513,TRANSACTION,BENIGN,BACKGROUND_BENIGN
TX-N-07514,TRANSACTION,BENIGN,BACKGROUND_BENIGN
TX-N-07515,TRANSACTION,BENIGN,BACKGROUND_BENIGN
TX-N-07516,TRANSACTION,BENIGN,BACKGROUND_BENIGN
TX-N-07517,TRANSACTION,BENIGN,BACKGROUND_BENIGN
TX-N-07518,TRANSACTION,BENIGN,BACKGROUND_BENIGN
TX-N-07519,TRANSACTION,BENIGN,BACKGROUND_BENIGN
TX-N-07520,TRANSACTION,BENIGN,BACKGROUND_BENIGN
TX-N-07521,TRANSACTION,BENIGN,BACKGROUND_BENIGN
TX-N-07522,TRANSACTION,BENIGN,BACKGROUND_BENIGN
TX-N-07523,TRANSACTION,BENIGN,BACKGROUND_BENIGN
TX-N-07524,TRANSACTION,BENIGN,BACKGROUND_BENIGN
TX-N-07525,TRANSACTION,BENIGN,BACKGROUND_BENIGN
TX-N-07526,TRANSACTION,BENIGN,BACKGROUND_BENIGN
TX-N-07527,TRANSACTION,BENIGN,BACKGROUND_BENIGN
TX-N-07528,TRANSACTION,BENIGN,BACKGROUND_BENIGN
TX-N-07529,TRANSACTION,BENIGN,BACKGROUND_BENIGN
TX-N-07530,TRANSACTION,BENIGN,BACKGROUND_BENIGN
TX-N-07531,TRANSACTION,BENIGN,BACKGROUND_BENIGN
TX-N-07532,TRANSACTION,BENIGN,BACKGROUND_BENIGN
TX-N-07533,TRANSACTION,BENIGN,BACKGROUND_BENIGN
TX-N-07534,TRANSACTION,BENIGN,BACKGROUND_BENIGN
TX-N-07535,TRANSACTION,BENIGN,BACKGROUND_BENIGN
TX-N-07536,TRANSACTION,BENIGN,BACKGROUND_BENIGN
TX-N-07537,TRANSACTION,BENIGN,BACKGROUND_BENIGN
TX-N-07538,TRANSACTION,BENIGN,BACKGROUND_BENIGN
TX-N-07539,TRANSACTION,BENIGN,BACKGROUND_BENIGN
TX-N-07540,TRANSACTION,BENIGN,BACKGROUND_BENIGN
TX-N-07541,TRANSACTION,BENIGN,BACKGROUND_BENIGN
TX-N-07542,TRANSACTION,BENIGN,BACKGROUND_BENIGN
TX-N-07543,TRANSACTION,BENIGN,BACKGROUND_BENIGN
TX-N-07544,TRANSACTION,BENIGN,BACKGROUND_BENIGN
TX-N-07545,TRANSACTION,BENIGN,BACKGROUND_BENIGN
TX-N-07546,TRANSACTION,BENIGN,BACKGROUND_BENIGN
TX-N-07547,TRANSACTION,BENIGN,BACKGROUND_BENIGN
TX-N-07548,TRANSACTION,BENIGN,BACKGROUND_BENIGN
TX-N-07549,TRANSACTION,BENIGN,BACKGROUND_BENIGN
TX-N-07550,TRANSACTION,BENIGN,BACKGROUND_BENIGN
TX-N-07551,TRANSACTION,BENIGN,BACKGROUND_BENIGN
TX-N-07552,TRANSACTION,BENIGN,BACKGROUND_BENIGN
TX-N-07553,TRANSACTION,BENIGN,BACKGROUND_BENIGN
TX-N-07554,TRANSACTION,BENIGN,BACKGROUND_BENIGN
TX-N-07555,TRANSACTION,BENIGN,BACKGROUND_BENIGN
TX-N-07556,TRANSACTION,BENIGN,BACKGROUND_BENIGN
TX-N-07557,TRANSACTION,BENIGN,BACKGROUND_BENIGN
TX-N-07558,TRANSACTION,BENIGN,BACKGROUND_BENIGN
TX-N-07559,TRANSACTION,BENIGN,BACKGROUND_BENIGN
TX-N-07560,TRANSACTION,BENIGN,BACKGROUND_BENIGN
TX-N-07561,TRANSACTION,BENIGN,BACKGROUND_BENIGN
TX-N-07562,TRANSACTION,BENIGN,BACKGROUND_BENIGN
TX-N-07563,TRANSACTION,BENIGN,BACKGROUND_BENIGN
TX-N-07564,TRANSACTION,BENIGN,BACKGROUND_BENIGN
TX-N-07565,TRANSACTION,BENIGN,BACKGROUND_BENIGN
TX-N-07566,TRANSACTION,BENIGN,BACKGROUND_BENIGN
TX-N-07567,TRANSACTION,BENIGN,BACKGROUND_BENIGN
TX-N-07568,TRANSACTION,BENIGN,BACKGROUND_BENIGN
TX-N-07569,TRANSACTION,BENIGN,BACKGROUND_BENIGN
TX-N-07570,TRANSACTION,BENIGN,BACKGROUND_BENIGN
TX-N-07571,TRANSACTION,BENIGN,BACKGROUND_BENIGN
TX-N-07572,TRANSACTION,BENIGN,BACKGROUND_BENIGN
TX-N-07573,TRANSACTION,BENIGN,BACKGROUND_BENIGN
TX-N-07574,TRANSACTION,BENIGN,BACKGROUND_BENIGN
TX-N-07575,TRANSACTION,BENIGN,BACKGROUND_BENIGN
TX-N-07576,TRANSACTION,BENIGN,BACKGROUND_BENIGN
TX-N-07577,TRANSACTION,BENIGN,BACKGROUND_BENIGN
TX-N-07578,TRANSACTION,BENIGN,BACKGROUND_BENIGN
TX-N-07579,TRANSACTION,BENIGN,BACKGROUND_BENIGN
TX-N-07580,TRANSACTION,BENIGN,BACKGROUND_BENIGN
TX-N-07581,TRANSACTION,BENIGN,BACKGROUND_BENIGN
TX-N-07582,TRANSACTION,BENIGN,BACKGROUND_BENIGN
TX-N-07583,TRANSACTION,BENIGN,BACKGROUND_BENIGN
TX-N-07584,TRANSACTION,BENIGN,BACKGROUND_BENIGN
TX-N-07585,TRANSACTION,BENIGN,BACKGROUND_BENIGN
TX-N-07586,TRANSACTION,BENIGN,BACKGROUND_BENIGN
TX-N-07587,TRANSACTION,BENIGN,BACKGROUND_BENIGN
TX-N-07588,TRANSACTION,BENIGN,BACKGROUND_BENIGN
TX-N-07589,TRANSACTION,BENIGN,BACKGROUND_BENIGN
TX-N-07590,TRANSACTION,BENIGN,BACKGROUND_BENIGN
TX-N-07591,TRANSACTION,BENIGN,BACKGROUND_BENIGN
TX-N-07592,TRANSACTION,BENIGN,BACKGROUND_BENIGN
TX-N-07593,TRANSACTION,BENIGN,BACKGROUND_BENIGN
TX-N-07594,TRANSACTION,BENIGN,BACKGROUND_BENIGN
TX-N-07595,TRANSACTION,BENIGN,BACKGROUND_BENIGN
TX-N-07596,TRANSACTION,BENIGN,BACKGROUND_BENIGN
TX-N-07597,TRANSACTION,BENIGN,BACKGROUND_BENIGN
TX-N-07598,TRANSACTION,BENIGN,BACKGROUND_BENIGN
TX-N-07599,TRANSACTION,BENIGN,BACKGROUND_BENIGN
TX-N-07600,TRANSACTION,BENIGN,BACKGROUND_BENIGN
TX-N-07601,TRANSACTION,BENIGN,BACKGROUND_BENIGN
TX-N-07602,TRANSACTION,BENIGN,BACKGROUND_BENIGN
TX-N-07603,TRANSACTION,BENIGN,BACKGROUND_BENIGN
TX-N-07604,TRANSACTION,BENIGN,BACKGROUND_BENIGN
TX-N-07605,TRANSACTION,BENIGN,BACKGROUND_BENIGN
TX-N-07606,TRANSACTION,BENIGN,BACKGROUND_BENIGN
TX-N-07607,TRANSACTION,BENIGN,BACKGROUND_BENIGN
TX-N-07608,TRANSACTION,BENIGN,BACKGROUND_BENIGN
TX-N-07609,TRANSACTION,BENIGN,BACKGROUND_BENIGN
TX-N-07610,TRANSACTION,BENIGN,BACKGROUND_BENIGN
TX-N-07611,TRANSACTION,BENIGN,BACKGROUND_BENIGN
TX-N-07612,TRANSACTION,BENIGN,BACKGROUND_BENIGN
TX-N-07613,TRANSACTION,BENIGN,BACKGROUND_BENIGN
TX-N-07614,TRANSACTION,BENIGN,BACKGROUND_BENIGN
TX-N-07615,TRANSACTION,BENIGN,BACKGROUND_BENIGN
TX-N-07616,TRANSACTION,BENIGN,BACKGROUND_BENIGN
TX-N-07617,TRANSACTION,BENIGN,BACKGROUND_BENIGN
TX-N-07618,TRANSACTION,BENIGN,BACKGROUND_BENIGN
TX-N-07619,TRANSACTION,BENIGN,BACKGROUND_BENIGN
TX-N-07620,TRANSACTION,BENIGN,BACKGROUND_BENIGN
TX-N-07621,TRANSACTION,BENIGN,BACKGROUND_BENIGN
TX-N-07622,TRANSACTION,BENIGN,BACKGROUND_BENIGN
TX-N-07623,TRANSACTION,BENIGN,BACKGROUND_BENIGN
TX-N-07624,TRANSACTION,BENIGN,BACKGROUND_BENIGN
TX-N-07625,TRANSACTION,BENIGN,BACKGROUND_BENIGN
TX-N-07626,TRANSACTION,BENIGN,BACKGROUND_BENIGN
TX-N-07627,TRANSACTION,BENIGN,BACKGROUND_BENIGN
TX-N-07628,TRANSACTION,BENIGN,BACKGROUND_BENIGN
TX-N-07629,TRANSACTION,BENIGN,BACKGROUND_BENIGN
TX-N-07630,TRANSACTION,BENIGN,BACKGROUND_BENIGN
TX-N-07631,TRANSACTION,BENIGN,BACKGROUND_BENIGN
TX-N-07632,TRANSACTION,BENIGN,BACKGROUND_BENIGN
TX-N-07633,TRANSACTION,BENIGN,BACKGROUND_BENIGN
TX-N-07634,TRANSACTION,BENIGN,BACKGROUND_BENIGN
TX-N-07635,TRANSACTION,BENIGN,BACKGROUND_BENIGN
TX-N-07636,TRANSACTION,BENIGN,BACKGROUND_BENIGN
TX-N-07637,TRANSACTION,BENIGN,BACKGROUND_BENIGN
TX-N-07638,TRANSACTION,BENIGN,BACKGROUND_BENIGN
TX-N-07639,TRANSACTION,BENIGN,BACKGROUND_BENIGN
TX-N-07640,TRANSACTION,BENIGN,BACKGROUND_BENIGN
TX-N-07641,TRANSACTION,BENIGN,BACKGROUND_BENIGN
TX-N-07642,TRANSACTION,BENIGN,BACKGROUND_BENIGN
TX-N-07643,TRANSACTION,BENIGN,BACKGROUND_BENIGN
TX-N-07644,TRANSACTION,BENIGN,BACKGROUND_BENIGN
TX-N-07645,TRANSACTION,BENIGN,BACKGROUND_BENIGN
TX-N-07646,TRANSACTION,BENIGN,BACKGROUND_BENIGN
TX-N-07647,TRANSACTION,BENIGN,BACKGROUND_BENIGN
TX-N-07648,TRANSACTION,BENIGN,BACKGROUND_BENIGN
TX-N-07649,TRANSACTION,BENIGN,BACKGROUND_BENIGN
TX-N-07650,TRANSACTION,BENIGN,BACKGROUND_BENIGN
TX-N-07651,TRANSACTION,BENIGN,BACKGROUND_BENIGN
TX-N-07652,TRANSACTION,BENIGN,BACKGROUND_BENIGN
TX-N-07653,TRANSACTION,BENIGN,BACKGROUND_BENIGN
TX-N-07654,TRANSACTION,BENIGN,BACKGROUND_BENIGN
TX-N-07655,TRANSACTION,BENIGN,BACKGROUND_BENIGN
TX-N-07656,TRANSACTION,BENIGN,BACKGROUND_BENIGN
TX-N-07657,TRANSACTION,BENIGN,BACKGROUND_BENIGN
TX-N-07658,TRANSACTION,BENIGN,BACKGROUND_BENIGN
TX-N-07659,TRANSACTION,BENIGN,BACKGROUND_BENIGN
TX-N-07660,TRANSACTION,BENIGN,BACKGROUND_BENIGN
TX-N-07661,TRANSACTION,BENIGN,BACKGROUND_BENIGN
TX-N-07662,TRANSACTION,BENIGN,BACKGROUND_BENIGN
TX-N-07663,TRANSACTION,BENIGN,BACKGROUND_BENIGN
TX-N-07664,TRANSACTION,BENIGN,BACKGROUND_BENIGN
TX-N-07665,TRANSACTION,BENIGN,BACKGROUND_BENIGN
TX-N-07666,TRANSACTION,BENIGN,BACKGROUND_BENIGN
TX-N-07667,TRANSACTION,BENIGN,BACKGROUND_BENIGN
TX-N-07668,TRANSACTION,BENIGN,BACKGROUND_BENIGN
TX-N-07669,TRANSACTION,BENIGN,BACKGROUND_BENIGN
TX-N-07670,TRANSACTION,BENIGN,BACKGROUND_BENIGN
TX-N-07671,TRANSACTION,BENIGN,BACKGROUND_BENIGN
TX-N-07672,TRANSACTION,BENIGN,BACKGROUND_BENIGN
TX-N-07673,TRANSACTION,BENIGN,BACKGROUND_BENIGN
TX-N-07674,TRANSACTION,BENIGN,BACKGROUND_BENIGN
TX-N-07675,TRANSACTION,BENIGN,BACKGROUND_BENIGN
TX-N-07676,TRANSACTION,BENIGN,BACKGROUND_BENIGN
TX-N-07677,TRANSACTION,BENIGN,BACKGROUND_BENIGN
TX-N-07678,TRANSACTION,BENIGN,BACKGROUND_BENIGN
TX-N-07679,TRANSACTION,BENIGN,BACKGROUND_BENIGN
TX-N-07680,TRANSACTION,BENIGN,BACKGROUND_BENIGN
TX-N-07681,TRANSACTION,BENIGN,BACKGROUND_BENIGN
TX-N-07682,TRANSACTION,BENIGN,BACKGROUND_BENIGN
TX-N-07683,TRANSACTION,BENIGN,BACKGROUND_BENIGN
TX-N-07684,TRANSACTION,BENIGN,BACKGROUND_BENIGN
TX-N-07685,TRANSACTION,BENIGN,BACKGROUND_BENIGN
TX-N-07686,TRANSACTION,BENIGN,BACKGROUND_BENIGN
TX-N-07687,TRANSACTION,BENIGN,BACKGROUND_BENIGN
TX-N-07688,TRANSACTION,BENIGN,BACKGROUND_BENIGN
TX-N-07689,TRANSACTION,BENIGN,BACKGROUND_BENIGN
TX-N-07690,TRANSACTION,BENIGN,BACKGROUND_BENIGN
TX-N-07691,TRANSACTION,BENIGN,BACKGROUND_BENIGN
TX-N-07692,TRANSACTION,BENIGN,BACKGROUND_BENIGN
TX-N-07693,TRANSACTION,BENIGN,BACKGROUND_BENIGN
TX-N-07694,TRANSACTION,BENIGN,BACKGROUND_BENIGN
TX-N-07695,TRANSACTION,BENIGN,BACKGROUND_BENIGN
TX-N-07696,TRANSACTION,BENIGN,BACKGROUND_BENIGN
TX-N-07697,TRANSACTION,BENIGN,BACKGROUND_BENIGN
TX-N-07698,TRANSACTION,BENIGN,BACKGROUND_BENIGN
TX-N-07699,TRANSACTION,BENIGN,BACKGROUND_BENIGN
TX-N-07700,TRANSACTION,BENIGN,BACKGROUND_BENIGN
TX-N-07701,TRANSACTION,BENIGN,BACKGROUND_BENIGN
TX-N-07702,TRANSACTION,BENIGN,BACKGROUND_BENIGN
TX-N-07703,TRANSACTION,BENIGN,BACKGROUND_BENIGN
TX-N-07704,TRANSACTION,BENIGN,BACKGROUND_BENIGN
TX-N-07705,TRANSACTION,BENIGN,BACKGROUND_BENIGN
TX-N-07706,TRANSACTION,BENIGN,BACKGROUND_BENIGN
TX-N-07707,TRANSACTION,BENIGN,BACKGROUND_BENIGN
TX-N-07708,TRANSACTION,BENIGN,BACKGROUND_BENIGN
TX-N-07709,TRANSACTION,BENIGN,BACKGROUND_BENIGN
TX-N-07710,TRANSACTION,BENIGN,BACKGROUND_BENIGN
TX-N-07711,TRANSACTION,BENIGN,BACKGROUND_BENIGN
TX-N-07712,TRANSACTION,BENIGN,BACKGROUND_BENIGN
TX-N-07713,TRANSACTION,BENIGN,BACKGROUND_BENIGN
TX-N-07714,TRANSACTION,BENIGN,BACKGROUND_BENIGN
TX-N-07715,TRANSACTION,BENIGN,BACKGROUND_BENIGN
TX-N-07716,TRANSACTION,BENIGN,BACKGROUND_BENIGN
TX-N-07717,TRANSACTION,BENIGN,BACKGROUND_BENIGN
TX-N-07718,TRANSACTION,BENIGN,BACKGROUND_BENIGN
TX-N-07719,TRANSACTION,BENIGN,BACKGROUND_BENIGN
TX-N-07720,TRANSACTION,BENIGN,BACKGROUND_BENIGN
TX-N-07721,TRANSACTION,BENIGN,BACKGROUND_BENIGN
TX-N-07722,TRANSACTION,BENIGN,BACKGROUND_BENIGN
TX-N-07723,TRANSACTION,BENIGN,BACKGROUND_BENIGN
TX-N-07724,TRANSACTION,BENIGN,BACKGROUND_BENIGN
TX-N-07725,TRANSACTION,BENIGN,BACKGROUND_BENIGN
TX-N-07726,TRANSACTION,BENIGN,BACKGROUND_BENIGN
TX-N-07727,TRANSACTION,BENIGN,BACKGROUND_BENIGN
TX-N-07728,TRANSACTION,BENIGN,BACKGROUND_BENIGN
TX-N-07729,TRANSACTION,BENIGN,BACKGROUND_BENIGN
TX-N-07730,TRANSACTION,BENIGN,BACKGROUND_BENIGN
TX-N-07731,TRANSACTION,BENIGN,BACKGROUND_BENIGN
TX-N-07732,TRANSACTION,BENIGN,BACKGROUND_BENIGN
TX-N-07733,TRANSACTION,BENIGN,BACKGROUND_BENIGN
TX-N-07734,TRANSACTION,BENIGN,BACKGROUND_BENIGN
TX-N-07735,TRANSACTION,BENIGN,BACKGROUND_BENIGN
TX-N-07736,TRANSACTION,BENIGN,BACKGROUND_BENIGN
TX-N-07737,TRANSACTION,BENIGN,BACKGROUND_BENIGN
TX-N-07738,TRANSACTION,BENIGN,BACKGROUND_BENIGN
TX-N-07739,TRANSACTION,BENIGN,BACKGROUND_BENIGN
TX-N-07740,TRANSACTION,BENIGN,BACKGROUND_BENIGN
TX-N-07741,TRANSACTION,BENIGN,BACKGROUND_BENIGN
TX-N-07742,TRANSACTION,BENIGN,BACKGROUND_BENIGN
TX-N-07743,TRANSACTION,BENIGN,BACKGROUND_BENIGN
TX-N-07744,TRANSACTION,BENIGN,BACKGROUND_BENIGN
TX-N-07745,TRANSACTION,BENIGN,BACKGROUND_BENIGN
TX-N-07746,TRANSACTION,BENIGN,BACKGROUND_BENIGN
TX-N-07747,TRANSACTION,BENIGN,BACKGROUND_BENIGN
TX-N-07748,TRANSACTION,BENIGN,BACKGROUND_BENIGN
TX-N-07749,TRANSACTION,BENIGN,BACKGROUND_BENIGN
TX-N-07750,TRANSACTION,BENIGN,BACKGROUND_BENIGN
TX-N-07751,TRANSACTION,BENIGN,BACKGROUND_BENIGN
TX-N-07752,TRANSACTION,BENIGN,BACKGROUND_BENIGN
TX-N-07753,TRANSACTION,BENIGN,BACKGROUND_BENIGN
TX-N-07754,TRANSACTION,BENIGN,BACKGROUND_BENIGN
TX-N-07755,TRANSACTION,BENIGN,BACKGROUND_BENIGN
TX-N-07756,TRANSACTION,BENIGN,BACKGROUND_BENIGN
TX-N-07757,TRANSACTION,BENIGN,BACKGROUND_BENIGN
TX-N-07758,TRANSACTION,BENIGN,BACKGROUND_BENIGN
TX-N-07759,TRANSACTION,BENIGN,BACKGROUND_BENIGN
TX-N-07760,TRANSACTION,BENIGN,BACKGROUND_BENIGN
TX-N-07761,TRANSACTION,BENIGN,BACKGROUND_BENIGN
TX-N-07762,TRANSACTION,BENIGN,BACKGROUND_BENIGN
TX-N-07763,TRANSACTION,BENIGN,BACKGROUND_BENIGN
TX-N-07764,TRANSACTION,BENIGN,BACKGROUND_BENIGN
TX-N-07765,TRANSACTION,BENIGN,BACKGROUND_BENIGN
TX-N-07766,TRANSACTION,BENIGN,BACKGROUND_BENIGN
TX-N-07767,TRANSACTION,BENIGN,BACKGROUND_BENIGN
TX-N-07768,TRANSACTION,BENIGN,BACKGROUND_BENIGN
TX-N-07769,TRANSACTION,BENIGN,BACKGROUND_BENIGN
TX-N-07770,TRANSACTION,BENIGN,BACKGROUND_BENIGN
TX-N-07771,TRANSACTION,BENIGN,BACKGROUND_BENIGN
TX-N-07772,TRANSACTION,BENIGN,BACKGROUND_BENIGN
TX-N-07773,TRANSACTION,BENIGN,BACKGROUND_BENIGN
TX-N-07774,TRANSACTION,BENIGN,BACKGROUND_BENIGN
TX-N-07775,TRANSACTION,BENIGN,BACKGROUND_BENIGN
TX-N-07776,TRANSACTION,BENIGN,BACKGROUND_BENIGN
TX-N-07777,TRANSACTION,BENIGN,BACKGROUND_BENIGN
TX-N-07778,TRANSACTION,BENIGN,BACKGROUND_BENIGN
TX-N-07779,TRANSACTION,BENIGN,BACKGROUND_BENIGN
TX-N-07780,TRANSACTION,BENIGN,BACKGROUND_BENIGN
TX-N-07781,TRANSACTION,BENIGN,BACKGROUND_BENIGN
TX-N-07782,TRANSACTION,BENIGN,BACKGROUND_BENIGN
TX-N-07783,TRANSACTION,BENIGN,BACKGROUND_BENIGN
TX-N-07784,TRANSACTION,BENIGN,BACKGROUND_BENIGN
TX-N-07785,TRANSACTION,BENIGN,BACKGROUND_BENIGN
TX-N-07786,TRANSACTION,BENIGN,BACKGROUND_BENIGN
TX-N-07787,TRANSACTION,BENIGN,BACKGROUND_BENIGN
TX-N-07788,TRANSACTION,BENIGN,BACKGROUND_BENIGN
TX-N-07789,TRANSACTION,BENIGN,BACKGROUND_BENIGN
TX-N-07790,TRANSACTION,BENIGN,BACKGROUND_BENIGN
TX-N-07791,TRANSACTION,BENIGN,BACKGROUND_BENIGN
TX-N-07792,TRANSACTION,BENIGN,BACKGROUND_BENIGN
TX-N-07793,TRANSACTION,BENIGN,BACKGROUND_BENIGN
TX-N-07794,TRANSACTION,BENIGN,BACKGROUND_BENIGN
TX-N-07795,TRANSACTION,BENIGN,BACKGROUND_BENIGN
TX-N-07796,TRANSACTION,BENIGN,BACKGROUND_BENIGN
TX-N-07797,TRANSACTION,BENIGN,BACKGROUND_BENIGN
TX-N-07798,TRANSACTION,BENIGN,BACKGROUND_BENIGN
TX-N-07799,TRANSACTION,BENIGN,BACKGROUND_BENIGN
TX-N-07800,TRANSACTION,BENIGN,BACKGROUND_BENIGN
TX-N-07801,TRANSACTION,BENIGN,BACKGROUND_BENIGN
TX-N-07802,TRANSACTION,BENIGN,BACKGROUND_BENIGN
TX-N-07803,TRANSACTION,BENIGN,BACKGROUND_BENIGN
TX-N-07804,TRANSACTION,BENIGN,BACKGROUND_BENIGN
TX-N-07805,TRANSACTION,BENIGN,BACKGROUND_BENIGN
TX-N-07806,TRANSACTION,BENIGN,BACKGROUND_BENIGN
TX-N-07807,TRANSACTION,BENIGN,BACKGROUND_BENIGN
TX-N-07808,TRANSACTION,BENIGN,BACKGROUND_BENIGN
TX-N-07809,TRANSACTION,BENIGN,BACKGROUND_BENIGN
TX-N-07810,TRANSACTION,BENIGN,BACKGROUND_BENIGN
TX-N-07811,TRANSACTION,BENIGN,BACKGROUND_BENIGN
TX-N-07812,TRANSACTION,BENIGN,BACKGROUND_BENIGN
TX-N-07813,TRANSACTION,BENIGN,BACKGROUND_BENIGN
TX-N-07814,TRANSACTION,BENIGN,BACKGROUND_BENIGN
TX-N-07815,TRANSACTION,BENIGN,BACKGROUND_BENIGN
TX-N-07816,TRANSACTION,BENIGN,BACKGROUND_BENIGN
TX-N-07817,TRANSACTION,BENIGN,BACKGROUND_BENIGN
TX-N-07818,TRANSACTION,BENIGN,BACKGROUND_BENIGN
TX-N-07819,TRANSACTION,BENIGN,BACKGROUND_BENIGN
TX-N-07820,TRANSACTION,BENIGN,BACKGROUND_BENIGN
TX-N-07821,TRANSACTION,BENIGN,BACKGROUND_BENIGN
TX-N-07822,TRANSACTION,BENIGN,BACKGROUND_BENIGN
TX-N-07823,TRANSACTION,BENIGN,BACKGROUND_BENIGN
TX-N-07824,TRANSACTION,BENIGN,BACKGROUND_BENIGN
TX-N-07825,TRANSACTION,BENIGN,BACKGROUND_BENIGN
TX-N-07826,TRANSACTION,BENIGN,BACKGROUND_BENIGN
TX-N-07827,TRANSACTION,BENIGN,BACKGROUND_BENIGN
TX-N-07828,TRANSACTION,BENIGN,BACKGROUND_BENIGN
TX-N-07829,TRANSACTION,BENIGN,BACKGROUND_BENIGN
TX-N-07830,TRANSACTION,BENIGN,BACKGROUND_BENIGN
TX-N-07831,TRANSACTION,BENIGN,BACKGROUND_BENIGN
TX-N-07832,TRANSACTION,BENIGN,BACKGROUND_BENIGN
TX-N-07833,TRANSACTION,BENIGN,BACKGROUND_BENIGN
TX-N-07834,TRANSACTION,BENIGN,BACKGROUND_BENIGN
TX-N-07835,TRANSACTION,BENIGN,BACKGROUND_BENIGN
TX-N-07836,TRANSACTION,BENIGN,BACKGROUND_BENIGN
TX-N-07837,TRANSACTION,BENIGN,BACKGROUND_BENIGN
TX-N-07838,TRANSACTION,BENIGN,BACKGROUND_BENIGN
TX-N-07839,TRANSACTION,BENIGN,BACKGROUND_BENIGN
TX-N-07840,TRANSACTION,BENIGN,BACKGROUND_BENIGN
TX-N-07841,TRANSACTION,BENIGN,BACKGROUND_BENIGN
TX-N-07842,TRANSACTION,BENIGN,BACKGROUND_BENIGN
TX-N-07843,TRANSACTION,BENIGN,BACKGROUND_BENIGN
TX-N-07844,TRANSACTION,BENIGN,BACKGROUND_BENIGN
TX-N-07845,TRANSACTION,BENIGN,BACKGROUND_BENIGN
TX-N-07846,TRANSACTION,BENIGN,BACKGROUND_BENIGN
TX-N-07847,TRANSACTION,BENIGN,BACKGROUND_BENIGN
TX-N-07848,TRANSACTION,BENIGN,BACKGROUND_BENIGN
TX-N-07849,TRANSACTION,BENIGN,BACKGROUND_BENIGN
TX-N-07850,TRANSACTION,BENIGN,BACKGROUND_BENIGN
TX-N-07851,TRANSACTION,BENIGN,BACKGROUND_BENIGN
TX-N-07852,TRANSACTION,BENIGN,BACKGROUND_BENIGN
TX-N-07853,TRANSACTION,BENIGN,BACKGROUND_BENIGN
TX-N-07854,TRANSACTION,BENIGN,BACKGROUND_BENIGN
TX-N-07855,TRANSACTION,BENIGN,BACKGROUND_BENIGN
TX-N-07856,TRANSACTION,BENIGN,BACKGROUND_BENIGN
TX-N-07857,TRANSACTION,BENIGN,BACKGROUND_BENIGN
TX-N-07858,TRANSACTION,BENIGN,BACKGROUND_BENIGN
TX-N-07859,TRANSACTION,BENIGN,BACKGROUND_BENIGN
TX-N-07860,TRANSACTION,BENIGN,BACKGROUND_BENIGN
TX-N-07861,TRANSACTION,BENIGN,BACKGROUND_BENIGN
TX-N-07862,TRANSACTION,BENIGN,BACKGROUND_BENIGN
TX-N-07863,TRANSACTION,BENIGN,BACKGROUND_BENIGN
TX-N-07864,TRANSACTION,BENIGN,BACKGROUND_BENIGN
TX-N-07865,TRANSACTION,BENIGN,BACKGROUND_BENIGN
TX-N-07866,TRANSACTION,BENIGN,BACKGROUND_BENIGN
TX-N-07867,TRANSACTION,BENIGN,BACKGROUND_BENIGN
TX-N-07868,TRANSACTION,BENIGN,BACKGROUND_BENIGN
TX-N-07869,TRANSACTION,BENIGN,BACKGROUND_BENIGN
TX-N-07870,TRANSACTION,BENIGN,BACKGROUND_BENIGN
TX-N-07871,TRANSACTION,BENIGN,BACKGROUND_BENIGN
TX-N-07872,TRANSACTION,BENIGN,BACKGROUND_BENIGN
TX-N-07873,TRANSACTION,BENIGN,BACKGROUND_BENIGN
TX-N-07874,TRANSACTION,BENIGN,BACKGROUND_BENIGN
TX-N-07875,TRANSACTION,BENIGN,BACKGROUND_BENIGN
TX-N-07876,TRANSACTION,BENIGN,BACKGROUND_BENIGN
TX-N-07877,TRANSACTION,BENIGN,BACKGROUND_BENIGN
TX-N-07878,TRANSACTION,BENIGN,BACKGROUND_BENIGN
TX-N-07879,TRANSACTION,BENIGN,BACKGROUND_BENIGN
TX-N-07880,TRANSACTION,BENIGN,BACKGROUND_BENIGN
TX-N-07881,TRANSACTION,BENIGN,BACKGROUND_BENIGN
TX-N-07882,TRANSACTION,BENIGN,BACKGROUND_BENIGN
TX-N-07883,TRANSACTION,BENIGN,BACKGROUND_BENIGN
TX-N-07884,TRANSACTION,BENIGN,BACKGROUND_BENIGN
TX-N-07885,TRANSACTION,BENIGN,BACKGROUND_BENIGN
TX-N-07886,TRANSACTION,BENIGN,BACKGROUND_BENIGN
TX-N-07887,TRANSACTION,BENIGN,BACKGROUND_BENIGN
TX-N-07888,TRANSACTION,BENIGN,BACKGROUND_BENIGN
TX-N-07889,TRANSACTION,BENIGN,BACKGROUND_BENIGN
TX-N-07890,TRANSACTION,BENIGN,BACKGROUND_BENIGN
TX-N-07891,TRANSACTION,BENIGN,BACKGROUND_BENIGN
TX-N-07892,TRANSACTION,BENIGN,BACKGROUND_BENIGN
TX-N-07893,TRANSACTION,BENIGN,BACKGROUND_BENIGN
TX-N-07894,TRANSACTION,BENIGN,BACKGROUND_BENIGN
TX-N-07895,TRANSACTION,BENIGN,BACKGROUND_BENIGN
TX-N-07896,TRANSACTION,BENIGN,BACKGROUND_BENIGN
TX-N-07897,TRANSACTION,BENIGN,BACKGROUND_BENIGN
TX-N-07898,TRANSACTION,BENIGN,BACKGROUND_BENIGN
TX-N-07899,TRANSACTION,BENIGN,BACKGROUND_BENIGN
TX-N-07900,TRANSACTION,BENIGN,BACKGROUND_BENIGN
TX-N-07901,TRANSACTION,BENIGN,BACKGROUND_BENIGN
TX-N-07902,TRANSACTION,BENIGN,BACKGROUND_BENIGN
TX-N-07903,TRANSACTION,BENIGN,BACKGROUND_BENIGN
TX-N-07904,TRANSACTION,BENIGN,BACKGROUND_BENIGN
TX-N-07905,TRANSACTION,BENIGN,BACKGROUND_BENIGN
TX-N-07906,TRANSACTION,BENIGN,BACKGROUND_BENIGN
TX-N-07907,TRANSACTION,BENIGN,BACKGROUND_BENIGN
TX-N-07908,TRANSACTION,BENIGN,BACKGROUND_BENIGN
TX-N-07909,TRANSACTION,BENIGN,BACKGROUND_BENIGN
TX-N-07910,TRANSACTION,BENIGN,BACKGROUND_BENIGN
TX-N-07911,TRANSACTION,BENIGN,BACKGROUND_BENIGN
TX-N-07912,TRANSACTION,BENIGN,BACKGROUND_BENIGN
TX-N-07913,TRANSACTION,BENIGN,BACKGROUND_BENIGN
TX-N-07914,TRANSACTION,BENIGN,BACKGROUND_BENIGN
TX-N-07915,TRANSACTION,BENIGN,BACKGROUND_BENIGN
TX-N-07916,TRANSACTION,BENIGN,BACKGROUND_BENIGN
TX-N-07917,TRANSACTION,BENIGN,BACKGROUND_BENIGN
TX-N-07918,TRANSACTION,BENIGN,BACKGROUND_BENIGN
TX-N-07919,TRANSACTION,BENIGN,BACKGROUND_BENIGN
TX-N-07920,TRANSACTION,BENIGN,BACKGROUND_BENIGN
TX-N-07921,TRANSACTION,BENIGN,BACKGROUND_BENIGN
TX-N-07922,TRANSACTION,BENIGN,BACKGROUND_BENIGN
TX-N-07923,TRANSACTION,BENIGN,BACKGROUND_BENIGN
TX-N-07924,TRANSACTION,BENIGN,BACKGROUND_BENIGN
TX-N-07925,TRANSACTION,BENIGN,BACKGROUND_BENIGN
TX-N-07926,TRANSACTION,BENIGN,BACKGROUND_BENIGN
TX-N-07927,TRANSACTION,BENIGN,BACKGROUND_BENIGN
TX-N-07928,TRANSACTION,BENIGN,BACKGROUND_BENIGN
TX-N-07929,TRANSACTION,BENIGN,BACKGROUND_BENIGN
TX-N-07930,TRANSACTION,BENIGN,BACKGROUND_BENIGN
TX-N-07931,TRANSACTION,BENIGN,BACKGROUND_BENIGN
TX-N-07932,TRANSACTION,BENIGN,BACKGROUND_BENIGN
TX-N-07933,TRANSACTION,BENIGN,BACKGROUND_BENIGN
TX-N-07934,TRANSACTION,BENIGN,BACKGROUND_BENIGN
TX-N-07935,TRANSACTION,BENIGN,BACKGROUND_BENIGN
TX-N-07936,TRANSACTION,BENIGN,BACKGROUND_BENIGN
TX-N-07937,TRANSACTION,BENIGN,BACKGROUND_BENIGN
TX-N-07938,TRANSACTION,BENIGN,BACKGROUND_BENIGN
TX-N-07939,TRANSACTION,BENIGN,BACKGROUND_BENIGN
TX-N-07940,TRANSACTION,BENIGN,BACKGROUND_BENIGN
TX-N-07941,TRANSACTION,BENIGN,BACKGROUND_BENIGN
TX-N-07942,TRANSACTION,BENIGN,BACKGROUND_BENIGN
TX-N-07943,TRANSACTION,BENIGN,BACKGROUND_BENIGN
TX-N-07944,TRANSACTION,BENIGN,BACKGROUND_BENIGN
TX-N-07945,TRANSACTION,BENIGN,BACKGROUND_BENIGN
TX-N-07946,TRANSACTION,BENIGN,BACKGROUND_BENIGN
TX-N-07947,TRANSACTION,BENIGN,BACKGROUND_BENIGN
TX-N-07948,TRANSACTION,BENIGN,BACKGROUND_BENIGN
TX-N-07949,TRANSACTION,BENIGN,BACKGROUND_BENIGN
TX-N-07950,TRANSACTION,BENIGN,BACKGROUND_BENIGN
TX-N-07951,TRANSACTION,BENIGN,BACKGROUND_BENIGN
TX-N-07952,TRANSACTION,BENIGN,BACKGROUND_BENIGN
TX-N-07953,TRANSACTION,BENIGN,BACKGROUND_BENIGN
TX-N-07954,TRANSACTION,BENIGN,BACKGROUND_BENIGN
TX-N-07955,TRANSACTION,BENIGN,BACKGROUND_BENIGN
TX-N-07956,TRANSACTION,BENIGN,BACKGROUND_BENIGN
TX-N-07957,TRANSACTION,BENIGN,BACKGROUND_BENIGN
TX-N-07958,TRANSACTION,BENIGN,BACKGROUND_BENIGN
TX-N-07959,TRANSACTION,BENIGN,BACKGROUND_BENIGN
TX-N-07960,TRANSACTION,BENIGN,BACKGROUND_BENIGN
TX-N-07961,TRANSACTION,BENIGN,BACKGROUND_BENIGN
TX-N-07962,TRANSACTION,BENIGN,BACKGROUND_BENIGN
TX-N-07963,TRANSACTION,BENIGN,BACKGROUND_BENIGN
TX-N-07964,TRANSACTION,BENIGN,BACKGROUND_BENIGN
TX-N-07965,TRANSACTION,BENIGN,BACKGROUND_BENIGN
TX-N-07966,TRANSACTION,BENIGN,BACKGROUND_BENIGN
TX-N-07967,TRANSACTION,BENIGN,BACKGROUND_BENIGN
TX-N-07968,TRANSACTION,BENIGN,BACKGROUND_BENIGN
TX-N-07969,TRANSACTION,BENIGN,BACKGROUND_BENIGN
TX-N-07970,TRANSACTION,BENIGN,BACKGROUND_BENIGN
TX-N-07971,TRANSACTION,BENIGN,BACKGROUND_BENIGN
TX-N-07972,TRANSACTION,BENIGN,BACKGROUND_BENIGN
TX-N-07973,TRANSACTION,BENIGN,BACKGROUND_BENIGN
TX-N-07974,TRANSACTION,BENIGN,BACKGROUND_BENIGN
TX-N-07975,TRANSACTION,BENIGN,BACKGROUND_BENIGN
TX-N-07976,TRANSACTION,BENIGN,BACKGROUND_BENIGN
TX-N-07977,TRANSACTION,BENIGN,BACKGROUND_BENIGN
TX-N-07978,TRANSACTION,BENIGN,BACKGROUND_BENIGN
TX-N-07979,TRANSACTION,BENIGN,BACKGROUND_BENIGN
TX-N-07980,TRANSACTION,BENIGN,BACKGROUND_BENIGN
TX-N-07981,TRANSACTION,BENIGN,BACKGROUND_BENIGN
TX-N-07982,TRANSACTION,BENIGN,BACKGROUND_BENIGN
TX-N-07983,TRANSACTION,BENIGN,BACKGROUND_BENIGN
TX-N-07984,TRANSACTION,BENIGN,BACKGROUND_BENIGN
TX-N-07985,TRANSACTION,BENIGN,BACKGROUND_BENIGN
TX-N-07986,TRANSACTION,BENIGN,BACKGROUND_BENIGN
TX-N-07987,TRANSACTION,BENIGN,BACKGROUND_BENIGN
TX-N-07988,TRANSACTION,BENIGN,BACKGROUND_BENIGN
TX-N-07989,TRANSACTION,BENIGN,BACKGROUND_BENIGN
TX-N-07990,TRANSACTION,BENIGN,BACKGROUND_BENIGN
TX-N-07991,TRANSACTION,BENIGN,BACKGROUND_BENIGN
TX-N-07992,TRANSACTION,BENIGN,BACKGROUND_BENIGN
TX-N-07993,TRANSACTION,BENIGN,BACKGROUND_BENIGN
TX-N-07994,TRANSACTION,BENIGN,BACKGROUND_BENIGN
TX-N-07995,TRANSACTION,BENIGN,BACKGROUND_BENIGN
TX-N-07996,TRANSACTION,BENIGN,BACKGROUND_BENIGN
TX-N-07997,TRANSACTION,BENIGN,BACKGROUND_BENIGN
TX-N-07998,TRANSACTION,BENIGN,BACKGROUND_BENIGN
TX-N-07999,TRANSACTION,BENIGN,BACKGROUND_BENIGN
TX-N-08000,TRANSACTION,BENIGN,BACKGROUND_BENIGN
TX-N-08001,TRANSACTION,BENIGN,BACKGROUND_BENIGN
TX-N-08002,TRANSACTION,BENIGN,BACKGROUND_BENIGN
TX-N-08003,TRANSACTION,BENIGN,BACKGROUND_BENIGN
TX-N-08004,TRANSACTION,BENIGN,BACKGROUND_BENIGN
TX-N-08005,TRANSACTION,BENIGN,BACKGROUND_BENIGN
TX-N-08006,TRANSACTION,BENIGN,BACKGROUND_BENIGN
TX-N-08007,TRANSACTION,BENIGN,BACKGROUND_BENIGN
TX-N-08008,TRANSACTION,BENIGN,BACKGROUND_BENIGN
TX-N-08009,TRANSACTION,BENIGN,BACKGROUND_BENIGN
TX-N-08010,TRANSACTION,BENIGN,BACKGROUND_BENIGN
TX-N-08011,TRANSACTION,BENIGN,BACKGROUND_BENIGN
TX-N-08012,TRANSACTION,BENIGN,BACKGROUND_BENIGN
TX-N-08013,TRANSACTION,BENIGN,BACKGROUND_BENIGN
TX-N-08014,TRANSACTION,BENIGN,BACKGROUND_BENIGN
TX-N-08015,TRANSACTION,BENIGN,BACKGROUND_BENIGN
TX-N-08016,TRANSACTION,BENIGN,BACKGROUND_BENIGN
TX-N-08017,TRANSACTION,BENIGN,BACKGROUND_BENIGN
TX-N-08018,TRANSACTION,BENIGN,BACKGROUND_BENIGN
TX-N-08019,TRANSACTION,BENIGN,BACKGROUND_BENIGN
TX-N-08020,TRANSACTION,BENIGN,BACKGROUND_BENIGN
TX-N-08021,TRANSACTION,BENIGN,BACKGROUND_BENIGN
TX-N-08022,TRANSACTION,BENIGN,BACKGROUND_BENIGN
TX-N-08023,TRANSACTION,BENIGN,BACKGROUND_BENIGN
TX-N-08024,TRANSACTION,BENIGN,BACKGROUND_BENIGN
TX-N-08025,TRANSACTION,BENIGN,BACKGROUND_BENIGN
TX-N-08026,TRANSACTION,BENIGN,BACKGROUND_BENIGN
TX-N-08027,TRANSACTION,BENIGN,BACKGROUND_BENIGN
TX-N-08028,TRANSACTION,BENIGN,BACKGROUND_BENIGN
TX-N-08029,TRANSACTION,BENIGN,BACKGROUND_BENIGN
TX-N-08030,TRANSACTION,BENIGN,BACKGROUND_BENIGN
TX-N-08031,TRANSACTION,BENIGN,BACKGROUND_BENIGN
TX-N-08032,TRANSACTION,BENIGN,BACKGROUND_BENIGN
TX-N-08033,TRANSACTION,BENIGN,BACKGROUND_BENIGN
TX-N-08034,TRANSACTION,BENIGN,BACKGROUND_BENIGN
TX-N-08035,TRANSACTION,BENIGN,BACKGROUND_BENIGN
TX-N-08036,TRANSACTION,BENIGN,BACKGROUND_BENIGN
TX-N-08037,TRANSACTION,BENIGN,BACKGROUND_BENIGN
TX-N-08038,TRANSACTION,BENIGN,BACKGROUND_BENIGN
TX-N-08039,TRANSACTION,BENIGN,BACKGROUND_BENIGN
TX-N-08040,TRANSACTION,BENIGN,BACKGROUND_BENIGN
TX-N-08041,TRANSACTION,BENIGN,BACKGROUND_BENIGN
TX-N-08042,TRANSACTION,BENIGN,BACKGROUND_BENIGN
TX-N-08043,TRANSACTION,BENIGN,BACKGROUND_BENIGN
TX-N-08044,TRANSACTION,BENIGN,BACKGROUND_BENIGN
TX-N-08045,TRANSACTION,BENIGN,BACKGROUND_BENIGN
TX-N-08046,TRANSACTION,BENIGN,BACKGROUND_BENIGN
TX-N-08047,TRANSACTION,BENIGN,BACKGROUND_BENIGN
TX-N-08048,TRANSACTION,BENIGN,BACKGROUND_BENIGN
TX-N-08049,TRANSACTION,BENIGN,BACKGROUND_BENIGN
TX-N-08050,TRANSACTION,BENIGN,BACKGROUND_BENIGN
TX-N-08051,TRANSACTION,BENIGN,BACKGROUND_BENIGN
TX-N-08052,TRANSACTION,BENIGN,BACKGROUND_BENIGN
TX-N-08053,TRANSACTION,BENIGN,BACKGROUND_BENIGN
TX-N-08054,TRANSACTION,BENIGN,BACKGROUND_BENIGN
TX-N-08055,TRANSACTION,BENIGN,BACKGROUND_BENIGN
TX-N-08056,TRANSACTION,BENIGN,BACKGROUND_BENIGN
TX-N-08057,TRANSACTION,BENIGN,BACKGROUND_BENIGN
TX-N-08058,TRANSACTION,BENIGN,BACKGROUND_BENIGN
TX-N-08059,TRANSACTION,BENIGN,BACKGROUND_BENIGN
TX-N-08060,TRANSACTION,BENIGN,BACKGROUND_BENIGN
TX-N-08061,TRANSACTION,BENIGN,BACKGROUND_BENIGN
TX-N-08062,TRANSACTION,BENIGN,BACKGROUND_BENIGN
TX-N-08063,TRANSACTION,BENIGN,BACKGROUND_BENIGN
TX-N-08064,TRANSACTION,BENIGN,BACKGROUND_BENIGN
TX-N-08065,TRANSACTION,BENIGN,BACKGROUND_BENIGN
TX-N-08066,TRANSACTION,BENIGN,BACKGROUND_BENIGN
TX-N-08067,TRANSACTION,BENIGN,BACKGROUND_BENIGN
TX-N-08068,TRANSACTION,BENIGN,BACKGROUND_BENIGN
TX-N-08069,TRANSACTION,BENIGN,BACKGROUND_BENIGN
TX-N-08070,TRANSACTION,BENIGN,BACKGROUND_BENIGN
TX-N-08071,TRANSACTION,BENIGN,BACKGROUND_BENIGN
TX-N-08072,TRANSACTION,BENIGN,BACKGROUND_BENIGN
TX-N-08073,TRANSACTION,BENIGN,BACKGROUND_BENIGN
TX-N-08074,TRANSACTION,BENIGN,BACKGROUND_BENIGN
TX-N-08075,TRANSACTION,BENIGN,BACKGROUND_BENIGN
TX-N-08076,TRANSACTION,BENIGN,BACKGROUND_BENIGN
TX-N-08077,TRANSACTION,BENIGN,BACKGROUND_BENIGN
TX-N-08078,TRANSACTION,BENIGN,BACKGROUND_BENIGN
TX-N-08079,TRANSACTION,BENIGN,BACKGROUND_BENIGN
TX-N-08080,TRANSACTION,BENIGN,BACKGROUND_BENIGN
TX-N-08081,TRANSACTION,BENIGN,BACKGROUND_BENIGN
TX-N-08082,TRANSACTION,BENIGN,BACKGROUND_BENIGN
TX-N-08083,TRANSACTION,BENIGN,BACKGROUND_BENIGN
TX-N-08084,TRANSACTION,BENIGN,BACKGROUND_BENIGN
TX-N-08085,TRANSACTION,BENIGN,BACKGROUND_BENIGN
TX-N-08086,TRANSACTION,BENIGN,BACKGROUND_BENIGN
TX-N-08087,TRANSACTION,BENIGN,BACKGROUND_BENIGN
TX-N-08088,TRANSACTION,BENIGN,BACKGROUND_BENIGN
TX-N-08089,TRANSACTION,BENIGN,BACKGROUND_BENIGN
TX-N-08090,TRANSACTION,BENIGN,BACKGROUND_BENIGN
TX-N-08091,TRANSACTION,BENIGN,BACKGROUND_BENIGN
TX-N-08092,TRANSACTION,BENIGN,BACKGROUND_BENIGN
TX-N-08093,TRANSACTION,BENIGN,BACKGROUND_BENIGN
TX-N-08094,TRANSACTION,BENIGN,BACKGROUND_BENIGN
TX-N-08095,TRANSACTION,BENIGN,BACKGROUND_BENIGN
TX-N-08096,TRANSACTION,BENIGN,BACKGROUND_BENIGN
TX-N-08097,TRANSACTION,BENIGN,BACKGROUND_BENIGN
TX-N-08098,TRANSACTION,BENIGN,BACKGROUND_BENIGN
TX-N-08099,TRANSACTION,BENIGN,BACKGROUND_BENIGN
TX-N-08100,TRANSACTION,BENIGN,BACKGROUND_BENIGN
TX-N-08101,TRANSACTION,BENIGN,BACKGROUND_BENIGN
TX-N-08102,TRANSACTION,BENIGN,BACKGROUND_BENIGN
TX-N-08103,TRANSACTION,BENIGN,BACKGROUND_BENIGN
TX-N-08104,TRANSACTION,BENIGN,BACKGROUND_BENIGN
TX-N-08105,TRANSACTION,BENIGN,BACKGROUND_BENIGN
TX-N-08106,TRANSACTION,BENIGN,BACKGROUND_BENIGN
TX-N-08107,TRANSACTION,BENIGN,BACKGROUND_BENIGN
TX-N-08108,TRANSACTION,BENIGN,BACKGROUND_BENIGN
TX-N-08109,TRANSACTION,BENIGN,BACKGROUND_BENIGN
TX-N-08110,TRANSACTION,BENIGN,BACKGROUND_BENIGN
TX-N-08111,TRANSACTION,BENIGN,BACKGROUND_BENIGN
TX-N-08112,TRANSACTION,BENIGN,BACKGROUND_BENIGN
TX-N-08113,TRANSACTION,BENIGN,BACKGROUND_BENIGN
TX-N-08114,TRANSACTION,BENIGN,BACKGROUND_BENIGN
TX-N-08115,TRANSACTION,BENIGN,BACKGROUND_BENIGN
TX-N-08116,TRANSACTION,BENIGN,BACKGROUND_BENIGN
TX-N-08117,TRANSACTION,BENIGN,BACKGROUND_BENIGN
TX-N-08118,TRANSACTION,BENIGN,BACKGROUND_BENIGN
TX-N-08119,TRANSACTION,BENIGN,BACKGROUND_BENIGN
TX-N-08120,TRANSACTION,BENIGN,BACKGROUND_BENIGN
TX-N-08121,TRANSACTION,BENIGN,BACKGROUND_BENIGN
TX-N-08122,TRANSACTION,BENIGN,BACKGROUND_BENIGN
TX-N-08123,TRANSACTION,BENIGN,BACKGROUND_BENIGN
TX-N-08124,TRANSACTION,BENIGN,BACKGROUND_BENIGN
TX-N-08125,TRANSACTION,BENIGN,BACKGROUND_BENIGN
TX-N-08126,TRANSACTION,BENIGN,BACKGROUND_BENIGN
TX-N-08127,TRANSACTION,BENIGN,BACKGROUND_BENIGN
TX-N-08128,TRANSACTION,BENIGN,BACKGROUND_BENIGN
TX-N-08129,TRANSACTION,BENIGN,BACKGROUND_BENIGN
TX-N-08130,TRANSACTION,BENIGN,BACKGROUND_BENIGN
TX-N-08131,TRANSACTION,BENIGN,BACKGROUND_BENIGN
TX-N-08132,TRANSACTION,BENIGN,BACKGROUND_BENIGN
TX-N-08133,TRANSACTION,BENIGN,BACKGROUND_BENIGN
TX-N-08134,TRANSACTION,BENIGN,BACKGROUND_BENIGN
TX-N-08135,TRANSACTION,BENIGN,BACKGROUND_BENIGN
TX-N-08136,TRANSACTION,BENIGN,BACKGROUND_BENIGN
TX-N-08137,TRANSACTION,BENIGN,BACKGROUND_BENIGN
TX-N-08138,TRANSACTION,BENIGN,BACKGROUND_BENIGN
TX-N-08139,TRANSACTION,BENIGN,BACKGROUND_BENIGN
TX-N-08140,TRANSACTION,BENIGN,BACKGROUND_BENIGN
TX-N-08141,TRANSACTION,BENIGN,BACKGROUND_BENIGN
TX-N-08142,TRANSACTION,BENIGN,BACKGROUND_BENIGN
TX-N-08143,TRANSACTION,BENIGN,BACKGROUND_BENIGN
TX-N-08144,TRANSACTION,BENIGN,BACKGROUND_BENIGN
TX-N-08145,TRANSACTION,BENIGN,BACKGROUND_BENIGN
TX-N-08146,TRANSACTION,BENIGN,BACKGROUND_BENIGN
TX-N-08147,TRANSACTION,BENIGN,BACKGROUND_BENIGN
TX-N-08148,TRANSACTION,BENIGN,BACKGROUND_BENIGN
TX-N-08149,TRANSACTION,BENIGN,BACKGROUND_BENIGN
TX-N-08150,TRANSACTION,BENIGN,BACKGROUND_BENIGN
TX-N-08151,TRANSACTION,BENIGN,BACKGROUND_BENIGN
TX-N-08152,TRANSACTION,BENIGN,BACKGROUND_BENIGN
TX-N-08153,TRANSACTION,BENIGN,BACKGROUND_BENIGN
TX-N-08154,TRANSACTION,BENIGN,BACKGROUND_BENIGN
TX-N-08155,TRANSACTION,BENIGN,BACKGROUND_BENIGN
TX-N-08156,TRANSACTION,BENIGN,BACKGROUND_BENIGN
TX-N-08157,TRANSACTION,BENIGN,BACKGROUND_BENIGN
TX-N-08158,TRANSACTION,BENIGN,BACKGROUND_BENIGN
TX-N-08159,TRANSACTION,BENIGN,BACKGROUND_BENIGN
TX-N-08160,TRANSACTION,BENIGN,BACKGROUND_BENIGN
TX-N-08161,TRANSACTION,BENIGN,BACKGROUND_BENIGN
TX-N-08162,TRANSACTION,BENIGN,BACKGROUND_BENIGN
TX-N-08163,TRANSACTION,BENIGN,BACKGROUND_BENIGN
TX-N-08164,TRANSACTION,BENIGN,BACKGROUND_BENIGN
TX-N-08165,TRANSACTION,BENIGN,BACKGROUND_BENIGN
TX-N-08166,TRANSACTION,BENIGN,BACKGROUND_BENIGN
TX-N-08167,TRANSACTION,BENIGN,BACKGROUND_BENIGN
TX-N-08168,TRANSACTION,BENIGN,BACKGROUND_BENIGN
TX-N-08169,TRANSACTION,BENIGN,BACKGROUND_BENIGN
TX-N-08170,TRANSACTION,BENIGN,BACKGROUND_BENIGN
TX-N-08171,TRANSACTION,BENIGN,BACKGROUND_BENIGN
TX-N-08172,TRANSACTION,BENIGN,BACKGROUND_BENIGN
TX-N-08173,TRANSACTION,BENIGN,BACKGROUND_BENIGN
TX-N-08174,TRANSACTION,BENIGN,BACKGROUND_BENIGN
TX-N-08175,TRANSACTION,BENIGN,BACKGROUND_BENIGN
TX-N-08176,TRANSACTION,BENIGN,BACKGROUND_BENIGN
TX-N-08177,TRANSACTION,BENIGN,BACKGROUND_BENIGN
TX-N-08178,TRANSACTION,BENIGN,BACKGROUND_BENIGN
TX-N-08179,TRANSACTION,BENIGN,BACKGROUND_BENIGN
TX-N-08180,TRANSACTION,BENIGN,BACKGROUND_BENIGN
TX-N-08181,TRANSACTION,BENIGN,BACKGROUND_BENIGN
TX-N-08182,TRANSACTION,BENIGN,BACKGROUND_BENIGN
TX-N-08183,TRANSACTION,BENIGN,BACKGROUND_BENIGN
TX-N-08184,TRANSACTION,BENIGN,BACKGROUND_BENIGN
TX-N-08185,TRANSACTION,BENIGN,BACKGROUND_BENIGN
TX-N-08186,TRANSACTION,BENIGN,BACKGROUND_BENIGN
TX-N-08187,TRANSACTION,BENIGN,BACKGROUND_BENIGN
TX-N-08188,TRANSACTION,BENIGN,BACKGROUND_BENIGN
TX-N-08189,TRANSACTION,BENIGN,BACKGROUND_BENIGN
TX-N-08190,TRANSACTION,BENIGN,BACKGROUND_BENIGN
TX-N-08191,TRANSACTION,BENIGN,BACKGROUND_BENIGN
TX-N-08192,TRANSACTION,BENIGN,BACKGROUND_BENIGN
TX-N-08193,TRANSACTION,BENIGN,BACKGROUND_BENIGN
TX-N-08194,TRANSACTION,BENIGN,BACKGROUND_BENIGN
TX-N-08195,TRANSACTION,BENIGN,BACKGROUND_BENIGN
TX-N-08196,TRANSACTION,BENIGN,BACKGROUND_BENIGN
TX-N-08197,TRANSACTION,BENIGN,BACKGROUND_BENIGN
TX-N-08198,TRANSACTION,BENIGN,BACKGROUND_BENIGN
TX-N-08199,TRANSACTION,BENIGN,BACKGROUND_BENIGN
TX-N-08200,TRANSACTION,BENIGN,BACKGROUND_BENIGN
TX-N-08201,TRANSACTION,BENIGN,BACKGROUND_BENIGN
TX-N-08202,TRANSACTION,BENIGN,BACKGROUND_BENIGN
TX-N-08203,TRANSACTION,BENIGN,BACKGROUND_BENIGN
TX-N-08204,TRANSACTION,BENIGN,BACKGROUND_BENIGN
TX-N-08205,TRANSACTION,BENIGN,BACKGROUND_BENIGN
TX-N-08206,TRANSACTION,BENIGN,BACKGROUND_BENIGN
TX-N-08207,TRANSACTION,BENIGN,BACKGROUND_BENIGN
TX-N-08208,TRANSACTION,BENIGN,BACKGROUND_BENIGN
TX-N-08209,TRANSACTION,BENIGN,BACKGROUND_BENIGN
TX-N-08210,TRANSACTION,BENIGN,BACKGROUND_BENIGN
TX-N-08211,TRANSACTION,BENIGN,BACKGROUND_BENIGN
TX-N-08212,TRANSACTION,BENIGN,BACKGROUND_BENIGN
TX-N-08213,TRANSACTION,BENIGN,BACKGROUND_BENIGN
TX-N-08214,TRANSACTION,BENIGN,BACKGROUND_BENIGN
TX-N-08215,TRANSACTION,BENIGN,BACKGROUND_BENIGN
TX-N-08216,TRANSACTION,BENIGN,BACKGROUND_BENIGN
TX-N-08217,TRANSACTION,BENIGN,BACKGROUND_BENIGN
TX-N-08218,TRANSACTION,BENIGN,BACKGROUND_BENIGN
TX-N-08219,TRANSACTION,BENIGN,BACKGROUND_BENIGN
TX-N-08220,TRANSACTION,BENIGN,BACKGROUND_BENIGN
TX-N-08221,TRANSACTION,BENIGN,BACKGROUND_BENIGN
TX-N-08222,TRANSACTION,BENIGN,BACKGROUND_BENIGN
TX-N-08223,TRANSACTION,BENIGN,BACKGROUND_BENIGN
TX-N-08224,TRANSACTION,BENIGN,BACKGROUND_BENIGN
TX-N-08225,TRANSACTION,BENIGN,BACKGROUND_BENIGN
TX-N-08226,TRANSACTION,BENIGN,BACKGROUND_BENIGN
TX-N-08227,TRANSACTION,BENIGN,BACKGROUND_BENIGN
TX-N-08228,TRANSACTION,BENIGN,BACKGROUND_BENIGN
TX-N-08229,TRANSACTION,BENIGN,BACKGROUND_BENIGN
TX-N-08230,TRANSACTION,BENIGN,BACKGROUND_BENIGN
TX-N-08231,TRANSACTION,BENIGN,BACKGROUND_BENIGN
TX-N-08232,TRANSACTION,BENIGN,BACKGROUND_BENIGN
TX-N-08233,TRANSACTION,BENIGN,BACKGROUND_BENIGN
TX-N-08234,TRANSACTION,BENIGN,BACKGROUND_BENIGN
TX-N-08235,TRANSACTION,BENIGN,BACKGROUND_BENIGN
TX-N-08236,TRANSACTION,BENIGN,BACKGROUND_BENIGN
TX-N-08237,TRANSACTION,BENIGN,BACKGROUND_BENIGN
TX-N-08238,TRANSACTION,BENIGN,BACKGROUND_BENIGN
TX-N-08239,TRANSACTION,BENIGN,BACKGROUND_BENIGN
TX-N-08240,TRANSACTION,BENIGN,BACKGROUND_BENIGN
TX-N-08241,TRANSACTION,BENIGN,BACKGROUND_BENIGN
TX-N-08242,TRANSACTION,BENIGN,BACKGROUND_BENIGN
TX-N-08243,TRANSACTION,BENIGN,BACKGROUND_BENIGN
TX-N-08244,TRANSACTION,BENIGN,BACKGROUND_BENIGN
TX-N-08245,TRANSACTION,BENIGN,BACKGROUND_BENIGN
TX-N-08246,TRANSACTION,BENIGN,BACKGROUND_BENIGN
TX-N-08247,TRANSACTION,BENIGN,BACKGROUND_BENIGN
TX-N-08248,TRANSACTION,BENIGN,BACKGROUND_BENIGN
TX-N-08249,TRANSACTION,BENIGN,BACKGROUND_BENIGN
TX-N-08250,TRANSACTION,BENIGN,BACKGROUND_BENIGN
TX-N-08251,TRANSACTION,BENIGN,BACKGROUND_BENIGN
TX-N-08252,TRANSACTION,BENIGN,BACKGROUND_BENIGN
TX-N-08253,TRANSACTION,BENIGN,BACKGROUND_BENIGN
TX-N-08254,TRANSACTION,BENIGN,BACKGROUND_BENIGN
TX-N-08255,TRANSACTION,BENIGN,BACKGROUND_BENIGN
TX-N-08256,TRANSACTION,BENIGN,BACKGROUND_BENIGN
TX-N-08257,TRANSACTION,BENIGN,BACKGROUND_BENIGN
TX-N-08258,TRANSACTION,BENIGN,BACKGROUND_BENIGN
TX-N-08259,TRANSACTION,BENIGN,BACKGROUND_BENIGN
TX-N-08260,TRANSACTION,BENIGN,BACKGROUND_BENIGN
TX-N-08261,TRANSACTION,BENIGN,BACKGROUND_BENIGN
TX-N-08262,TRANSACTION,BENIGN,BACKGROUND_BENIGN
TX-N-08263,TRANSACTION,BENIGN,BACKGROUND_BENIGN
TX-N-08264,TRANSACTION,BENIGN,BACKGROUND_BENIGN
TX-N-08265,TRANSACTION,BENIGN,BACKGROUND_BENIGN
TX-N-08266,TRANSACTION,BENIGN,BACKGROUND_BENIGN
TX-N-08267,TRANSACTION,BENIGN,BACKGROUND_BENIGN
TX-N-08268,TRANSACTION,BENIGN,BACKGROUND_BENIGN
TX-N-08269,TRANSACTION,BENIGN,BACKGROUND_BENIGN
TX-N-08270,TRANSACTION,BENIGN,BACKGROUND_BENIGN
TX-N-08271,TRANSACTION,BENIGN,BACKGROUND_BENIGN
TX-N-08272,TRANSACTION,BENIGN,BACKGROUND_BENIGN
TX-N-08273,TRANSACTION,BENIGN,BACKGROUND_BENIGN
TX-N-08274,TRANSACTION,BENIGN,BACKGROUND_BENIGN
TX-N-08275,TRANSACTION,BENIGN,BACKGROUND_BENIGN
TX-N-08276,TRANSACTION,BENIGN,BACKGROUND_BENIGN
TX-N-08277,TRANSACTION,BENIGN,BACKGROUND_BENIGN
TX-N-08278,TRANSACTION,BENIGN,BACKGROUND_BENIGN
TX-N-08279,TRANSACTION,BENIGN,BACKGROUND_BENIGN
TX-N-08280,TRANSACTION,BENIGN,BACKGROUND_BENIGN
TX-N-08281,TRANSACTION,BENIGN,BACKGROUND_BENIGN
TX-N-08282,TRANSACTION,BENIGN,BACKGROUND_BENIGN
TX-N-08283,TRANSACTION,BENIGN,BACKGROUND_BENIGN
TX-N-08284,TRANSACTION,BENIGN,BACKGROUND_BENIGN
TX-N-08285,TRANSACTION,BENIGN,BACKGROUND_BENIGN
TX-N-08286,TRANSACTION,BENIGN,BACKGROUND_BENIGN
TX-N-08287,TRANSACTION,BENIGN,BACKGROUND_BENIGN
TX-N-08288,TRANSACTION,BENIGN,BACKGROUND_BENIGN
TX-N-08289,TRANSACTION,BENIGN,BACKGROUND_BENIGN
TX-N-08290,TRANSACTION,BENIGN,BACKGROUND_BENIGN
TX-N-08291,TRANSACTION,BENIGN,BACKGROUND_BENIGN
TX-N-08292,TRANSACTION,BENIGN,BACKGROUND_BENIGN
TX-N-08293,TRANSACTION,BENIGN,BACKGROUND_BENIGN
TX-N-08294,TRANSACTION,BENIGN,BACKGROUND_BENIGN
TX-N-08295,TRANSACTION,BENIGN,BACKGROUND_BENIGN
TX-N-08296,TRANSACTION,BENIGN,BACKGROUND_BENIGN
TX-N-08297,TRANSACTION,BENIGN,BACKGROUND_BENIGN
TX-N-08298,TRANSACTION,BENIGN,BACKGROUND_BENIGN
TX-N-08299,TRANSACTION,BENIGN,BACKGROUND_BENIGN
TX-N-08300,TRANSACTION,BENIGN,BACKGROUND_BENIGN
TX-N-08301,TRANSACTION,BENIGN,BACKGROUND_BENIGN
TX-N-08302,TRANSACTION,BENIGN,BACKGROUND_BENIGN
TX-N-08303,TRANSACTION,BENIGN,BACKGROUND_BENIGN
TX-N-08304,TRANSACTION,BENIGN,BACKGROUND_BENIGN
TX-N-08305,TRANSACTION,BENIGN,BACKGROUND_BENIGN
TX-N-08306,TRANSACTION,BENIGN,BACKGROUND_BENIGN
TX-N-08307,TRANSACTION,BENIGN,BACKGROUND_BENIGN
TX-N-08308,TRANSACTION,BENIGN,BACKGROUND_BENIGN
TX-N-08309,TRANSACTION,BENIGN,BACKGROUND_BENIGN
TX-N-08310,TRANSACTION,BENIGN,BACKGROUND_BENIGN
TX-N-08311,TRANSACTION,BENIGN,BACKGROUND_BENIGN
TX-N-08312,TRANSACTION,BENIGN,BACKGROUND_BENIGN
TX-N-08313,TRANSACTION,BENIGN,BACKGROUND_BENIGN
TX-N-08314,TRANSACTION,BENIGN,BACKGROUND_BENIGN
TX-N-08315,TRANSACTION,BENIGN,BACKGROUND_BENIGN
TX-N-08316,TRANSACTION,BENIGN,BACKGROUND_BENIGN
TX-N-08317,TRANSACTION,BENIGN,BACKGROUND_BENIGN
TX-N-08318,TRANSACTION,BENIGN,BACKGROUND_BENIGN
TX-N-08319,TRANSACTION,BENIGN,BACKGROUND_BENIGN
TX-N-08320,TRANSACTION,BENIGN,BACKGROUND_BENIGN
TX-N-08321,TRANSACTION,BENIGN,BACKGROUND_BENIGN
TX-N-08322,TRANSACTION,BENIGN,BACKGROUND_BENIGN
TX-N-08323,TRANSACTION,BENIGN,BACKGROUND_BENIGN
TX-N-08324,TRANSACTION,BENIGN,BACKGROUND_BENIGN
TX-N-08325,TRANSACTION,BENIGN,BACKGROUND_BENIGN
TX-N-08326,TRANSACTION,BENIGN,BACKGROUND_BENIGN
TX-N-08327,TRANSACTION,BENIGN,BACKGROUND_BENIGN
TX-N-08328,TRANSACTION,BENIGN,BACKGROUND_BENIGN
TX-N-08329,TRANSACTION,BENIGN,BACKGROUND_BENIGN
TX-N-08330,TRANSACTION,BENIGN,BACKGROUND_BENIGN
TX-N-08331,TRANSACTION,BENIGN,BACKGROUND_BENIGN
TX-N-08332,TRANSACTION,BENIGN,BACKGROUND_BENIGN
TX-N-08333,TRANSACTION,BENIGN,BACKGROUND_BENIGN
TX-N-08334,TRANSACTION,BENIGN,BACKGROUND_BENIGN
TX-N-08335,TRANSACTION,BENIGN,BACKGROUND_BENIGN
TX-N-08336,TRANSACTION,BENIGN,BACKGROUND_BENIGN
TX-N-08337,TRANSACTION,BENIGN,BACKGROUND_BENIGN
TX-N-08338,TRANSACTION,BENIGN,BACKGROUND_BENIGN
TX-N-08339,TRANSACTION,BENIGN,BACKGROUND_BENIGN
TX-N-08340,TRANSACTION,BENIGN,BACKGROUND_BENIGN
TX-N-08341,TRANSACTION,BENIGN,BACKGROUND_BENIGN
TX-N-08342,TRANSACTION,BENIGN,BACKGROUND_BENIGN
TX-N-08343,TRANSACTION,BENIGN,BACKGROUND_BENIGN
TX-N-08344,TRANSACTION,BENIGN,BACKGROUND_BENIGN
TX-N-08345,TRANSACTION,BENIGN,BACKGROUND_BENIGN
TX-N-08346,TRANSACTION,BENIGN,BACKGROUND_BENIGN
TX-N-08347,TRANSACTION,BENIGN,BACKGROUND_BENIGN
TX-N-08348,TRANSACTION,BENIGN,BACKGROUND_BENIGN
TX-N-08349,TRANSACTION,BENIGN,BACKGROUND_BENIGN
TX-N-08350,TRANSACTION,BENIGN,BACKGROUND_BENIGN
TX-N-08351,TRANSACTION,BENIGN,BACKGROUND_BENIGN
TX-N-08352,TRANSACTION,BENIGN,BACKGROUND_BENIGN
TX-N-08353,TRANSACTION,BENIGN,BACKGROUND_BENIGN
TX-N-08354,TRANSACTION,BENIGN,BACKGROUND_BENIGN
TX-N-08355,TRANSACTION,BENIGN,BACKGROUND_BENIGN
TX-N-08356,TRANSACTION,BENIGN,BACKGROUND_BENIGN
TX-N-08357,TRANSACTION,BENIGN,BACKGROUND_BENIGN
TX-N-08358,TRANSACTION,BENIGN,BACKGROUND_BENIGN
TX-N-08359,TRANSACTION,BENIGN,BACKGROUND_BENIGN
TX-N-08360,TRANSACTION,BENIGN,BACKGROUND_BENIGN
TX-N-08361,TRANSACTION,BENIGN,BACKGROUND_BENIGN
TX-N-08362,TRANSACTION,BENIGN,BACKGROUND_BENIGN
TX-N-08363,TRANSACTION,BENIGN,BACKGROUND_BENIGN
TX-N-08364,TRANSACTION,BENIGN,BACKGROUND_BENIGN
TX-N-08365,TRANSACTION,BENIGN,BACKGROUND_BENIGN
TX-N-08366,TRANSACTION,BENIGN,BACKGROUND_BENIGN
TX-N-08367,TRANSACTION,BENIGN,BACKGROUND_BENIGN
TX-N-08368,TRANSACTION,BENIGN,BACKGROUND_BENIGN
TX-N-08369,TRANSACTION,BENIGN,BACKGROUND_BENIGN
TX-N-08370,TRANSACTION,BENIGN,BACKGROUND_BENIGN
TX-N-08371,TRANSACTION,BENIGN,BACKGROUND_BENIGN
TX-N-08372,TRANSACTION,BENIGN,BACKGROUND_BENIGN
TX-N-08373,TRANSACTION,BENIGN,BACKGROUND_BENIGN
TX-N-08374,TRANSACTION,BENIGN,BACKGROUND_BENIGN
TX-N-08375,TRANSACTION,BENIGN,BACKGROUND_BENIGN
TX-N-08376,TRANSACTION,BENIGN,BACKGROUND_BENIGN
TX-N-08377,TRANSACTION,BENIGN,BACKGROUND_BENIGN
TX-N-08378,TRANSACTION,BENIGN,BACKGROUND_BENIGN
TX-N-08379,TRANSACTION,BENIGN,BACKGROUND_BENIGN
TX-N-08380,TRANSACTION,BENIGN,BACKGROUND_BENIGN
TX-N-08381,TRANSACTION,BENIGN,BACKGROUND_BENIGN
TX-N-08382,TRANSACTION,BENIGN,BACKGROUND_BENIGN
TX-N-08383,TRANSACTION,BENIGN,BACKGROUND_BENIGN
TX-N-08384,TRANSACTION,BENIGN,BACKGROUND_BENIGN
TX-N-08385,TRANSACTION,BENIGN,BACKGROUND_BENIGN
TX-N-08386,TRANSACTION,BENIGN,BACKGROUND_BENIGN
TX-N-08387,TRANSACTION,BENIGN,BACKGROUND_BENIGN
TX-N-08388,TRANSACTION,BENIGN,BACKGROUND_BENIGN
TX-N-08389,TRANSACTION,BENIGN,BACKGROUND_BENIGN
TX-N-08390,TRANSACTION,BENIGN,BACKGROUND_BENIGN
TX-N-08391,TRANSACTION,BENIGN,BACKGROUND_BENIGN
TX-N-08392,TRANSACTION,BENIGN,BACKGROUND_BENIGN
TX-N-08393,TRANSACTION,BENIGN,BACKGROUND_BENIGN
TX-N-08394,TRANSACTION,BENIGN,BACKGROUND_BENIGN
TX-N-08395,TRANSACTION,BENIGN,BACKGROUND_BENIGN
TX-N-08396,TRANSACTION,BENIGN,BACKGROUND_BENIGN
TX-N-08397,TRANSACTION,BENIGN,BACKGROUND_BENIGN
TX-N-08398,TRANSACTION,BENIGN,BACKGROUND_BENIGN
TX-N-08399,TRANSACTION,BENIGN,BACKGROUND_BENIGN
TX-N-08400,TRANSACTION,BENIGN,BACKGROUND_BENIGN
TX-N-08401,TRANSACTION,BENIGN,BACKGROUND_BENIGN
TX-N-08402,TRANSACTION,BENIGN,BACKGROUND_BENIGN
TX-N-08403,TRANSACTION,BENIGN,BACKGROUND_BENIGN
TX-N-08404,TRANSACTION,BENIGN,BACKGROUND_BENIGN
TX-N-08405,TRANSACTION,BENIGN,BACKGROUND_BENIGN
TX-N-08406,TRANSACTION,BENIGN,BACKGROUND_BENIGN
TX-N-08407,TRANSACTION,BENIGN,BACKGROUND_BENIGN
TX-N-08408,TRANSACTION,BENIGN,BACKGROUND_BENIGN
TX-N-08409,TRANSACTION,BENIGN,BACKGROUND_BENIGN
TX-N-08410,TRANSACTION,BENIGN,BACKGROUND_BENIGN
TX-N-08411,TRANSACTION,BENIGN,BACKGROUND_BENIGN
TX-N-08412,TRANSACTION,BENIGN,BACKGROUND_BENIGN
TX-N-08413,TRANSACTION,BENIGN,BACKGROUND_BENIGN
TX-N-08414,TRANSACTION,BENIGN,BACKGROUND_BENIGN
TX-N-08415,TRANSACTION,BENIGN,BACKGROUND_BENIGN
TX-N-08416,TRANSACTION,BENIGN,BACKGROUND_BENIGN
TX-N-08417,TRANSACTION,BENIGN,BACKGROUND_BENIGN
TX-N-08418,TRANSACTION,BENIGN,BACKGROUND_BENIGN
TX-N-08419,TRANSACTION,BENIGN,BACKGROUND_BENIGN
TX-N-08420,TRANSACTION,BENIGN,BACKGROUND_BENIGN
TX-N-08421,TRANSACTION,BENIGN,BACKGROUND_BENIGN
TX-N-08422,TRANSACTION,BENIGN,BACKGROUND_BENIGN
TX-N-08423,TRANSACTION,BENIGN,BACKGROUND_BENIGN
TX-N-08424,TRANSACTION,BENIGN,BACKGROUND_BENIGN
TX-N-08425,TRANSACTION,BENIGN,BACKGROUND_BENIGN
TX-N-08426,TRANSACTION,BENIGN,BACKGROUND_BENIGN
TX-N-08427,TRANSACTION,BENIGN,BACKGROUND_BENIGN
TX-N-08428,TRANSACTION,BENIGN,BACKGROUND_BENIGN
TX-N-08429,TRANSACTION,BENIGN,BACKGROUND_BENIGN
TX-N-08430,TRANSACTION,BENIGN,BACKGROUND_BENIGN
TX-N-08431,TRANSACTION,BENIGN,BACKGROUND_BENIGN
TX-N-08432,TRANSACTION,BENIGN,BACKGROUND_BENIGN
TX-N-08433,TRANSACTION,BENIGN,BACKGROUND_BENIGN
TX-N-08434,TRANSACTION,BENIGN,BACKGROUND_BENIGN
TX-N-08435,TRANSACTION,BENIGN,BACKGROUND_BENIGN
TX-N-08436,TRANSACTION,BENIGN,BACKGROUND_BENIGN
TX-N-08437,TRANSACTION,BENIGN,BACKGROUND_BENIGN
TX-N-08438,TRANSACTION,BENIGN,BACKGROUND_BENIGN
TX-N-08439,TRANSACTION,BENIGN,BACKGROUND_BENIGN
TX-N-08440,TRANSACTION,BENIGN,BACKGROUND_BENIGN
TX-N-08441,TRANSACTION,BENIGN,BACKGROUND_BENIGN
TX-N-08442,TRANSACTION,BENIGN,BACKGROUND_BENIGN
TX-N-08443,TRANSACTION,BENIGN,BACKGROUND_BENIGN
TX-N-08444,TRANSACTION,BENIGN,BACKGROUND_BENIGN
TX-N-08445,TRANSACTION,BENIGN,BACKGROUND_BENIGN
TX-N-08446,TRANSACTION,BENIGN,BACKGROUND_BENIGN
TX-N-08447,TRANSACTION,BENIGN,BACKGROUND_BENIGN
TX-N-08448,TRANSACTION,BENIGN,BACKGROUND_BENIGN
TX-N-08449,TRANSACTION,BENIGN,BACKGROUND_BENIGN
TX-N-08450,TRANSACTION,BENIGN,BACKGROUND_BENIGN
TX-N-08451,TRANSACTION,BENIGN,BACKGROUND_BENIGN
TX-N-08452,TRANSACTION,BENIGN,BACKGROUND_BENIGN
TX-N-08453,TRANSACTION,BENIGN,BACKGROUND_BENIGN
TX-N-08454,TRANSACTION,BENIGN,BACKGROUND_BENIGN
TX-N-08455,TRANSACTION,BENIGN,BACKGROUND_BENIGN
TX-N-08456,TRANSACTION,BENIGN,BACKGROUND_BENIGN
TX-N-08457,TRANSACTION,BENIGN,BACKGROUND_BENIGN
TX-N-08458,TRANSACTION,BENIGN,BACKGROUND_BENIGN
TX-N-08459,TRANSACTION,BENIGN,BACKGROUND_BENIGN
TX-N-08460,TRANSACTION,BENIGN,BACKGROUND_BENIGN
TX-N-08461,TRANSACTION,BENIGN,BACKGROUND_BENIGN
TX-N-08462,TRANSACTION,BENIGN,BACKGROUND_BENIGN
TX-N-08463,TRANSACTION,BENIGN,BACKGROUND_BENIGN
TX-N-08464,TRANSACTION,BENIGN,BACKGROUND_BENIGN
TX-N-08465,TRANSACTION,BENIGN,BACKGROUND_BENIGN
TX-N-08466,TRANSACTION,BENIGN,BACKGROUND_BENIGN
TX-N-08467,TRANSACTION,BENIGN,BACKGROUND_BENIGN
TX-N-08468,TRANSACTION,BENIGN,BACKGROUND_BENIGN
TX-N-08469,TRANSACTION,BENIGN,BACKGROUND_BENIGN
TX-N-08470,TRANSACTION,BENIGN,BACKGROUND_BENIGN
TX-N-08471,TRANSACTION,BENIGN,BACKGROUND_BENIGN
TX-N-08472,TRANSACTION,BENIGN,BACKGROUND_BENIGN
TX-N-08473,TRANSACTION,BENIGN,BACKGROUND_BENIGN
TX-N-08474,TRANSACTION,BENIGN,BACKGROUND_BENIGN
TX-N-08475,TRANSACTION,BENIGN,BACKGROUND_BENIGN
TX-N-08476,TRANSACTION,BENIGN,BACKGROUND_BENIGN
TX-N-08477,TRANSACTION,BENIGN,BACKGROUND_BENIGN
TX-N-08478,TRANSACTION,BENIGN,BACKGROUND_BENIGN
TX-N-08479,TRANSACTION,BENIGN,BACKGROUND_BENIGN
TX-N-08480,TRANSACTION,BENIGN,BACKGROUND_BENIGN
TX-N-08481,TRANSACTION,BENIGN,BACKGROUND_BENIGN
TX-N-08482,TRANSACTION,BENIGN,BACKGROUND_BENIGN
TX-N-08483,TRANSACTION,BENIGN,BACKGROUND_BENIGN
TX-N-08484,TRANSACTION,BENIGN,BACKGROUND_BENIGN
TX-N-08485,TRANSACTION,BENIGN,BACKGROUND_BENIGN
TX-N-08486,TRANSACTION,BENIGN,BACKGROUND_BENIGN
TX-N-08487,TRANSACTION,BENIGN,BACKGROUND_BENIGN
TX-N-08488,TRANSACTION,BENIGN,BACKGROUND_BENIGN
TX-N-08489,TRANSACTION,BENIGN,BACKGROUND_BENIGN
TX-N-08490,TRANSACTION,BENIGN,BACKGROUND_BENIGN
TX-N-08491,TRANSACTION,BENIGN,BACKGROUND_BENIGN
TX-N-08492,TRANSACTION,BENIGN,BACKGROUND_BENIGN
TX-N-08493,TRANSACTION,BENIGN,BACKGROUND_BENIGN
TX-N-08494,TRANSACTION,BENIGN,BACKGROUND_BENIGN
TX-N-08495,TRANSACTION,BENIGN,BACKGROUND_BENIGN
TX-N-08496,TRANSACTION,BENIGN,BACKGROUND_BENIGN
TX-N-08497,TRANSACTION,BENIGN,BACKGROUND_BENIGN
TX-N-08498,TRANSACTION,BENIGN,BACKGROUND_BENIGN
TX-N-08499,TRANSACTION,BENIGN,BACKGROUND_BENIGN
TX-N-08500,TRANSACTION,BENIGN,BACKGROUND_BENIGN
TX-N-08501,TRANSACTION,BENIGN,BACKGROUND_BENIGN
TX-N-08502,TRANSACTION,BENIGN,BACKGROUND_BENIGN
TX-N-08503,TRANSACTION,BENIGN,BACKGROUND_BENIGN
TX-N-08504,TRANSACTION,BENIGN,BACKGROUND_BENIGN
TX-N-08505,TRANSACTION,BENIGN,BACKGROUND_BENIGN
TX-N-08506,TRANSACTION,BENIGN,BACKGROUND_BENIGN
TX-N-08507,TRANSACTION,BENIGN,BACKGROUND_BENIGN
TX-N-08508,TRANSACTION,BENIGN,BACKGROUND_BENIGN
TX-N-08509,TRANSACTION,BENIGN,BACKGROUND_BENIGN
TX-N-08510,TRANSACTION,BENIGN,BACKGROUND_BENIGN
TX-N-08511,TRANSACTION,BENIGN,BACKGROUND_BENIGN
TX-N-08512,TRANSACTION,BENIGN,BACKGROUND_BENIGN
TX-N-08513,TRANSACTION,BENIGN,BACKGROUND_BENIGN
TX-N-08514,TRANSACTION,BENIGN,BACKGROUND_BENIGN
TX-N-08515,TRANSACTION,BENIGN,BACKGROUND_BENIGN
TX-N-08516,TRANSACTION,BENIGN,BACKGROUND_BENIGN
TX-N-08517,TRANSACTION,BENIGN,BACKGROUND_BENIGN
TX-N-08518,TRANSACTION,BENIGN,BACKGROUND_BENIGN
TX-N-08519,TRANSACTION,BENIGN,BACKGROUND_BENIGN
TX-N-08520,TRANSACTION,BENIGN,BACKGROUND_BENIGN
TX-N-08521,TRANSACTION,BENIGN,BACKGROUND_BENIGN
TX-N-08522,TRANSACTION,BENIGN,BACKGROUND_BENIGN
TX-N-08523,TRANSACTION,BENIGN,BACKGROUND_BENIGN
TX-N-08524,TRANSACTION,BENIGN,BACKGROUND_BENIGN
TX-N-08525,TRANSACTION,BENIGN,BACKGROUND_BENIGN
TX-N-08526,TRANSACTION,BENIGN,BACKGROUND_BENIGN
TX-N-08527,TRANSACTION,BENIGN,BACKGROUND_BENIGN
TX-N-08528,TRANSACTION,BENIGN,BACKGROUND_BENIGN
TX-N-08529,TRANSACTION,BENIGN,BACKGROUND_BENIGN
TX-N-08530,TRANSACTION,BENIGN,BACKGROUND_BENIGN
TX-N-08531,TRANSACTION,BENIGN,BACKGROUND_BENIGN
TX-N-08532,TRANSACTION,BENIGN,BACKGROUND_BENIGN
TX-N-08533,TRANSACTION,BENIGN,BACKGROUND_BENIGN
TX-N-08534,TRANSACTION,BENIGN,BACKGROUND_BENIGN
TX-N-08535,TRANSACTION,BENIGN,BACKGROUND_BENIGN
TX-N-08536,TRANSACTION,BENIGN,BACKGROUND_BENIGN
TX-N-08537,TRANSACTION,BENIGN,BACKGROUND_BENIGN
TX-N-08538,TRANSACTION,BENIGN,BACKGROUND_BENIGN
TX-N-08539,TRANSACTION,BENIGN,BACKGROUND_BENIGN
TX-N-08540,TRANSACTION,BENIGN,BACKGROUND_BENIGN
TX-N-08541,TRANSACTION,BENIGN,BACKGROUND_BENIGN
TX-N-08542,TRANSACTION,BENIGN,BACKGROUND_BENIGN
TX-N-08543,TRANSACTION,BENIGN,BACKGROUND_BENIGN
TX-N-08544,TRANSACTION,BENIGN,BACKGROUND_BENIGN
TX-N-08545,TRANSACTION,BENIGN,BACKGROUND_BENIGN
TX-N-08546,TRANSACTION,BENIGN,BACKGROUND_BENIGN
TX-N-08547,TRANSACTION,BENIGN,BACKGROUND_BENIGN
TX-N-08548,TRANSACTION,BENIGN,BACKGROUND_BENIGN
TX-N-08549,TRANSACTION,BENIGN,BACKGROUND_BENIGN
TX-N-08550,TRANSACTION,BENIGN,BACKGROUND_BENIGN
TX-N-08551,TRANSACTION,BENIGN,BACKGROUND_BENIGN
TX-N-08552,TRANSACTION,BENIGN,BACKGROUND_BENIGN
TX-N-08553,TRANSACTION,BENIGN,BACKGROUND_BENIGN
TX-N-08554,TRANSACTION,BENIGN,BACKGROUND_BENIGN
TX-N-08555,TRANSACTION,BENIGN,BACKGROUND_BENIGN
TX-N-08556,TRANSACTION,BENIGN,BACKGROUND_BENIGN
TX-N-08557,TRANSACTION,BENIGN,BACKGROUND_BENIGN
TX-N-08558,TRANSACTION,BENIGN,BACKGROUND_BENIGN
TX-N-08559,TRANSACTION,BENIGN,BACKGROUND_BENIGN
TX-N-08560,TRANSACTION,BENIGN,BACKGROUND_BENIGN
TX-N-08561,TRANSACTION,BENIGN,BACKGROUND_BENIGN
TX-N-08562,TRANSACTION,BENIGN,BACKGROUND_BENIGN
TX-N-08563,TRANSACTION,BENIGN,BACKGROUND_BENIGN
TX-N-08564,TRANSACTION,BENIGN,BACKGROUND_BENIGN
TX-N-08565,TRANSACTION,BENIGN,BACKGROUND_BENIGN
TX-N-08566,TRANSACTION,BENIGN,BACKGROUND_BENIGN
TX-N-08567,TRANSACTION,BENIGN,BACKGROUND_BENIGN
TX-N-08568,TRANSACTION,BENIGN,BACKGROUND_BENIGN
TX-N-08569,TRANSACTION,BENIGN,BACKGROUND_BENIGN
TX-N-08570,TRANSACTION,BENIGN,BACKGROUND_BENIGN
TX-N-08571,TRANSACTION,BENIGN,BACKGROUND_BENIGN
TX-N-08572,TRANSACTION,BENIGN,BACKGROUND_BENIGN
TX-N-08573,TRANSACTION,BENIGN,BACKGROUND_BENIGN
TX-N-08574,TRANSACTION,BENIGN,BACKGROUND_BENIGN
TX-N-08575,TRANSACTION,BENIGN,BACKGROUND_BENIGN
TX-N-08576,TRANSACTION,BENIGN,BACKGROUND_BENIGN
TX-N-08577,TRANSACTION,BENIGN,BACKGROUND_BENIGN
TX-N-08578,TRANSACTION,BENIGN,BACKGROUND_BENIGN
TX-N-08579,TRANSACTION,BENIGN,BACKGROUND_BENIGN
TX-N-08580,TRANSACTION,BENIGN,BACKGROUND_BENIGN
TX-N-08581,TRANSACTION,BENIGN,BACKGROUND_BENIGN
TX-N-08582,TRANSACTION,BENIGN,BACKGROUND_BENIGN
TX-N-08583,TRANSACTION,BENIGN,BACKGROUND_BENIGN
TX-N-08584,TRANSACTION,BENIGN,BACKGROUND_BENIGN
TX-N-08585,TRANSACTION,BENIGN,BACKGROUND_BENIGN
TX-N-08586,TRANSACTION,BENIGN,BACKGROUND_BENIGN
TX-N-08587,TRANSACTION,BENIGN,BACKGROUND_BENIGN
TX-N-08588,TRANSACTION,BENIGN,BACKGROUND_BENIGN
TX-N-08589,TRANSACTION,BENIGN,BACKGROUND_BENIGN
TX-N-08590,TRANSACTION,BENIGN,BACKGROUND_BENIGN
TX-N-08591,TRANSACTION,BENIGN,BACKGROUND_BENIGN
TX-N-08592,TRANSACTION,BENIGN,BACKGROUND_BENIGN
TX-N-08593,TRANSACTION,BENIGN,BACKGROUND_BENIGN
TX-N-08594,TRANSACTION,BENIGN,BACKGROUND_BENIGN
TX-N-08595,TRANSACTION,BENIGN,BACKGROUND_BENIGN
TX-N-08596,TRANSACTION,BENIGN,BACKGROUND_BENIGN
TX-N-08597,TRANSACTION,BENIGN,BACKGROUND_BENIGN
TX-N-08598,TRANSACTION,BENIGN,BACKGROUND_BENIGN
TX-N-08599,TRANSACTION,BENIGN,BACKGROUND_BENIGN
TX-N-08600,TRANSACTION,BENIGN,BACKGROUND_BENIGN
TX-N-08601,TRANSACTION,BENIGN,BACKGROUND_BENIGN
TX-N-08602,TRANSACTION,BENIGN,BACKGROUND_BENIGN
TX-N-08603,TRANSACTION,BENIGN,BACKGROUND_BENIGN
TX-N-08604,TRANSACTION,BENIGN,BACKGROUND_BENIGN
TX-N-08605,TRANSACTION,BENIGN,BACKGROUND_BENIGN
TX-N-08606,TRANSACTION,BENIGN,BACKGROUND_BENIGN
TX-N-08607,TRANSACTION,BENIGN,BACKGROUND_BENIGN
TX-N-08608,TRANSACTION,BENIGN,BACKGROUND_BENIGN
TX-N-08609,TRANSACTION,BENIGN,BACKGROUND_BENIGN
TX-N-08610,TRANSACTION,BENIGN,BACKGROUND_BENIGN
TX-N-08611,TRANSACTION,BENIGN,BACKGROUND_BENIGN
TX-N-08612,TRANSACTION,BENIGN,BACKGROUND_BENIGN
TX-N-08613,TRANSACTION,BENIGN,BACKGROUND_BENIGN
TX-N-08614,TRANSACTION,BENIGN,BACKGROUND_BENIGN
TX-N-08615,TRANSACTION,BENIGN,BACKGROUND_BENIGN
TX-N-08616,TRANSACTION,BENIGN,BACKGROUND_BENIGN
TX-N-08617,TRANSACTION,BENIGN,BACKGROUND_BENIGN
TX-N-08618,TRANSACTION,BENIGN,BACKGROUND_BENIGN
TX-N-08619,TRANSACTION,BENIGN,BACKGROUND_BENIGN
TX-N-08620,TRANSACTION,BENIGN,BACKGROUND_BENIGN
TX-N-08621,TRANSACTION,BENIGN,BACKGROUND_BENIGN
TX-N-08622,TRANSACTION,BENIGN,BACKGROUND_BENIGN
TX-N-08623,TRANSACTION,BENIGN,BACKGROUND_BENIGN
TX-N-08624,TRANSACTION,BENIGN,BACKGROUND_BENIGN
TX-N-08625,TRANSACTION,BENIGN,BACKGROUND_BENIGN
TX-N-08626,TRANSACTION,BENIGN,BACKGROUND_BENIGN
TX-N-08627,TRANSACTION,BENIGN,BACKGROUND_BENIGN
TX-N-08628,TRANSACTION,BENIGN,BACKGROUND_BENIGN
TX-N-08629,TRANSACTION,BENIGN,BACKGROUND_BENIGN
TX-N-08630,TRANSACTION,BENIGN,BACKGROUND_BENIGN
TX-N-08631,TRANSACTION,BENIGN,BACKGROUND_BENIGN
TX-N-08632,TRANSACTION,BENIGN,BACKGROUND_BENIGN
TX-N-08633,TRANSACTION,BENIGN,BACKGROUND_BENIGN
TX-N-08634,TRANSACTION,BENIGN,BACKGROUND_BENIGN
TX-N-08635,TRANSACTION,BENIGN,BACKGROUND_BENIGN
TX-N-08636,TRANSACTION,BENIGN,BACKGROUND_BENIGN
TX-N-08637,TRANSACTION,BENIGN,BACKGROUND_BENIGN
TX-N-08638,TRANSACTION,BENIGN,BACKGROUND_BENIGN
TX-N-08639,TRANSACTION,BENIGN,BACKGROUND_BENIGN
TX-N-08640,TRANSACTION,BENIGN,BACKGROUND_BENIGN
TX-N-08641,TRANSACTION,BENIGN,BACKGROUND_BENIGN
TX-N-08642,TRANSACTION,BENIGN,BACKGROUND_BENIGN
TX-N-08643,TRANSACTION,BENIGN,BACKGROUND_BENIGN
TX-N-08644,TRANSACTION,BENIGN,BACKGROUND_BENIGN
TX-N-08645,TRANSACTION,BENIGN,BACKGROUND_BENIGN
TX-N-08646,TRANSACTION,BENIGN,BACKGROUND_BENIGN
TX-N-08647,TRANSACTION,BENIGN,BACKGROUND_BENIGN
TX-N-08648,TRANSACTION,BENIGN,BACKGROUND_BENIGN
TX-N-08649,TRANSACTION,BENIGN,BACKGROUND_BENIGN
TX-N-08650,TRANSACTION,BENIGN,BACKGROUND_BENIGN
TX-N-08651,TRANSACTION,BENIGN,BACKGROUND_BENIGN
TX-N-08652,TRANSACTION,BENIGN,BACKGROUND_BENIGN
TX-N-08653,TRANSACTION,BENIGN,BACKGROUND_BENIGN
TX-N-08654,TRANSACTION,BENIGN,BACKGROUND_BENIGN
TX-N-08655,TRANSACTION,BENIGN,BACKGROUND_BENIGN
TX-N-08656,TRANSACTION,BENIGN,BACKGROUND_BENIGN
TX-N-08657,TRANSACTION,BENIGN,BACKGROUND_BENIGN
TX-N-08658,TRANSACTION,BENIGN,BACKGROUND_BENIGN
TX-N-08659,TRANSACTION,BENIGN,BACKGROUND_BENIGN
TX-N-08660,TRANSACTION,BENIGN,BACKGROUND_BENIGN
TX-N-08661,TRANSACTION,BENIGN,BACKGROUND_BENIGN
TX-N-08662,TRANSACTION,BENIGN,BACKGROUND_BENIGN
TX-N-08663,TRANSACTION,BENIGN,BACKGROUND_BENIGN
TX-N-08664,TRANSACTION,BENIGN,BACKGROUND_BENIGN
TX-N-08665,TRANSACTION,BENIGN,BACKGROUND_BENIGN
TX-N-08666,TRANSACTION,BENIGN,BACKGROUND_BENIGN
TX-N-08667,TRANSACTION,BENIGN,BACKGROUND_BENIGN
TX-N-08668,TRANSACTION,BENIGN,BACKGROUND_BENIGN
TX-N-08669,TRANSACTION,BENIGN,BACKGROUND_BENIGN
TX-N-08670,TRANSACTION,BENIGN,BACKGROUND_BENIGN
TX-N-08671,TRANSACTION,BENIGN,BACKGROUND_BENIGN
TX-N-08672,TRANSACTION,BENIGN,BACKGROUND_BENIGN
TX-N-08673,TRANSACTION,BENIGN,BACKGROUND_BENIGN
TX-N-08674,TRANSACTION,BENIGN,BACKGROUND_BENIGN
TX-N-08675,TRANSACTION,BENIGN,BACKGROUND_BENIGN
TX-N-08676,TRANSACTION,BENIGN,BACKGROUND_BENIGN
TX-N-08677,TRANSACTION,BENIGN,BACKGROUND_BENIGN
TX-N-08678,TRANSACTION,BENIGN,BACKGROUND_BENIGN
TX-N-08679,TRANSACTION,BENIGN,BACKGROUND_BENIGN
TX-N-08680,TRANSACTION,BENIGN,BACKGROUND_BENIGN
TX-N-08681,TRANSACTION,BENIGN,BACKGROUND_BENIGN
TX-N-08682,TRANSACTION,BENIGN,BACKGROUND_BENIGN
TX-N-08683,TRANSACTION,BENIGN,BACKGROUND_BENIGN
TX-N-08684,TRANSACTION,BENIGN,BACKGROUND_BENIGN
TX-N-08685,TRANSACTION,BENIGN,BACKGROUND_BENIGN
TX-N-08686,TRANSACTION,BENIGN,BACKGROUND_BENIGN
TX-N-08687,TRANSACTION,BENIGN,BACKGROUND_BENIGN
TX-N-08688,TRANSACTION,BENIGN,BACKGROUND_BENIGN
TX-N-08689,TRANSACTION,BENIGN,BACKGROUND_BENIGN
TX-N-08690,TRANSACTION,BENIGN,BACKGROUND_BENIGN
TX-N-08691,TRANSACTION,BENIGN,BACKGROUND_BENIGN
TX-N-08692,TRANSACTION,BENIGN,BACKGROUND_BENIGN
TX-N-08693,TRANSACTION,BENIGN,BACKGROUND_BENIGN
TX-N-08694,TRANSACTION,BENIGN,BACKGROUND_BENIGN
TX-N-08695,TRANSACTION,BENIGN,BACKGROUND_BENIGN
TX-N-08696,TRANSACTION,BENIGN,BACKGROUND_BENIGN
TX-N-08697,TRANSACTION,BENIGN,BACKGROUND_BENIGN
TX-N-08698,TRANSACTION,BENIGN,BACKGROUND_BENIGN
TX-N-08699,TRANSACTION,BENIGN,BACKGROUND_BENIGN
TX-N-08700,TRANSACTION,BENIGN,BACKGROUND_BENIGN
TX-N-08701,TRANSACTION,BENIGN,BACKGROUND_BENIGN
TX-N-08702,TRANSACTION,BENIGN,BACKGROUND_BENIGN
TX-N-08703,TRANSACTION,BENIGN,BACKGROUND_BENIGN
TX-N-08704,TRANSACTION,BENIGN,BACKGROUND_BENIGN
TX-N-08705,TRANSACTION,BENIGN,BACKGROUND_BENIGN
TX-N-08706,TRANSACTION,BENIGN,BACKGROUND_BENIGN
TX-N-08707,TRANSACTION,BENIGN,BACKGROUND_BENIGN
TX-N-08708,TRANSACTION,BENIGN,BACKGROUND_BENIGN
TX-N-08709,TRANSACTION,BENIGN,BACKGROUND_BENIGN
TX-N-08710,TRANSACTION,BENIGN,BACKGROUND_BENIGN
TX-N-08711,TRANSACTION,BENIGN,BACKGROUND_BENIGN
TX-N-08712,TRANSACTION,BENIGN,BACKGROUND_BENIGN
TX-N-08713,TRANSACTION,BENIGN,BACKGROUND_BENIGN
TX-N-08714,TRANSACTION,BENIGN,BACKGROUND_BENIGN
TX-N-08715,TRANSACTION,BENIGN,BACKGROUND_BENIGN
TX-N-08716,TRANSACTION,BENIGN,BACKGROUND_BENIGN
TX-N-08717,TRANSACTION,BENIGN,BACKGROUND_BENIGN
TX-N-08718,TRANSACTION,BENIGN,BACKGROUND_BENIGN
TX-N-08719,TRANSACTION,BENIGN,BACKGROUND_BENIGN
TX-N-08720,TRANSACTION,BENIGN,BACKGROUND_BENIGN
TX-N-08721,TRANSACTION,BENIGN,BACKGROUND_BENIGN
TX-N-08722,TRANSACTION,BENIGN,BACKGROUND_BENIGN
TX-N-08723,TRANSACTION,BENIGN,BACKGROUND_BENIGN
TX-N-08724,TRANSACTION,BENIGN,BACKGROUND_BENIGN
TX-N-08725,TRANSACTION,BENIGN,BACKGROUND_BENIGN
TX-N-08726,TRANSACTION,BENIGN,BACKGROUND_BENIGN
TX-N-08727,TRANSACTION,BENIGN,BACKGROUND_BENIGN
TX-N-08728,TRANSACTION,BENIGN,BACKGROUND_BENIGN
TX-N-08729,TRANSACTION,BENIGN,BACKGROUND_BENIGN
TX-N-08730,TRANSACTION,BENIGN,BACKGROUND_BENIGN
TX-N-08731,TRANSACTION,BENIGN,BACKGROUND_BENIGN
TX-N-08732,TRANSACTION,BENIGN,BACKGROUND_BENIGN
TX-N-08733,TRANSACTION,BENIGN,BACKGROUND_BENIGN
TX-N-08734,TRANSACTION,BENIGN,BACKGROUND_BENIGN
TX-N-08735,TRANSACTION,BENIGN,BACKGROUND_BENIGN
TX-N-08736,TRANSACTION,BENIGN,BACKGROUND_BENIGN
TX-N-08737,TRANSACTION,BENIGN,BACKGROUND_BENIGN
TX-N-08738,TRANSACTION,BENIGN,BACKGROUND_BENIGN
TX-N-08739,TRANSACTION,BENIGN,BACKGROUND_BENIGN
TX-N-08740,TRANSACTION,BENIGN,BACKGROUND_BENIGN
TX-N-08741,TRANSACTION,BENIGN,BACKGROUND_BENIGN
TX-N-08742,TRANSACTION,BENIGN,BACKGROUND_BENIGN
TX-N-08743,TRANSACTION,BENIGN,BACKGROUND_BENIGN
TX-N-08744,TRANSACTION,BENIGN,BACKGROUND_BENIGN
TX-N-08745,TRANSACTION,BENIGN,BACKGROUND_BENIGN
TX-N-08746,TRANSACTION,BENIGN,BACKGROUND_BENIGN
TX-N-08747,TRANSACTION,BENIGN,BACKGROUND_BENIGN
TX-N-08748,TRANSACTION,BENIGN,BACKGROUND_BENIGN
TX-N-08749,TRANSACTION,BENIGN,BACKGROUND_BENIGN
TX-N-08750,TRANSACTION,BENIGN,BACKGROUND_BENIGN
TX-N-08751,TRANSACTION,BENIGN,BACKGROUND_BENIGN
TX-N-08752,TRANSACTION,BENIGN,BACKGROUND_BENIGN
TX-N-08753,TRANSACTION,BENIGN,BACKGROUND_BENIGN
TX-N-08754,TRANSACTION,BENIGN,BACKGROUND_BENIGN
TX-N-08755,TRANSACTION,BENIGN,BACKGROUND_BENIGN
TX-N-08756,TRANSACTION,BENIGN,BACKGROUND_BENIGN
TX-N-08757,TRANSACTION,BENIGN,BACKGROUND_BENIGN
TX-N-08758,TRANSACTION,BENIGN,BACKGROUND_BENIGN
TX-N-08759,TRANSACTION,BENIGN,BACKGROUND_BENIGN
TX-N-08760,TRANSACTION,BENIGN,BACKGROUND_BENIGN
TX-N-08761,TRANSACTION,BENIGN,BACKGROUND_BENIGN
TX-N-08762,TRANSACTION,BENIGN,BACKGROUND_BENIGN
TX-N-08763,TRANSACTION,BENIGN,BACKGROUND_BENIGN
TX-N-08764,TRANSACTION,BENIGN,BACKGROUND_BENIGN
TX-N-08765,TRANSACTION,BENIGN,BACKGROUND_BENIGN
TX-N-08766,TRANSACTION,BENIGN,BACKGROUND_BENIGN
TX-N-08767,TRANSACTION,BENIGN,BACKGROUND_BENIGN
TX-N-08768,TRANSACTION,BENIGN,BACKGROUND_BENIGN
TX-N-08769,TRANSACTION,BENIGN,BACKGROUND_BENIGN
TX-N-08770,TRANSACTION,BENIGN,BACKGROUND_BENIGN
TX-N-08771,TRANSACTION,BENIGN,BACKGROUND_BENIGN
TX-N-08772,TRANSACTION,BENIGN,BACKGROUND_BENIGN
TX-N-08773,TRANSACTION,BENIGN,BACKGROUND_BENIGN
TX-N-08774,TRANSACTION,BENIGN,BACKGROUND_BENIGN
TX-N-08775,TRANSACTION,BENIGN,BACKGROUND_BENIGN
TX-N-08776,TRANSACTION,BENIGN,BACKGROUND_BENIGN
TX-N-08777,TRANSACTION,BENIGN,BACKGROUND_BENIGN
TX-N-08778,TRANSACTION,BENIGN,BACKGROUND_BENIGN
TX-N-08779,TRANSACTION,BENIGN,BACKGROUND_BENIGN
TX-N-08780,TRANSACTION,BENIGN,BACKGROUND_BENIGN
TX-N-08781,TRANSACTION,BENIGN,BACKGROUND_BENIGN
TX-N-08782,TRANSACTION,BENIGN,BACKGROUND_BENIGN
TX-N-08783,TRANSACTION,BENIGN,BACKGROUND_BENIGN
TX-N-08784,TRANSACTION,BENIGN,BACKGROUND_BENIGN
TX-N-08785,TRANSACTION,BENIGN,BACKGROUND_BENIGN
TX-N-08786,TRANSACTION,BENIGN,BACKGROUND_BENIGN
TX-N-08787,TRANSACTION,BENIGN,BACKGROUND_BENIGN
TX-N-08788,TRANSACTION,BENIGN,BACKGROUND_BENIGN
TX-N-08789,TRANSACTION,BENIGN,BACKGROUND_BENIGN
TX-N-08790,TRANSACTION,BENIGN,BACKGROUND_BENIGN
TX-N-08791,TRANSACTION,BENIGN,BACKGROUND_BENIGN
TX-N-08792,TRANSACTION,BENIGN,BACKGROUND_BENIGN
TX-N-08793,TRANSACTION,BENIGN,BACKGROUND_BENIGN
TX-N-08794,TRANSACTION,BENIGN,BACKGROUND_BENIGN
TX-N-08795,TRANSACTION,BENIGN,BACKGROUND_BENIGN
TX-N-08796,TRANSACTION,BENIGN,BACKGROUND_BENIGN
TX-N-08797,TRANSACTION,BENIGN,BACKGROUND_BENIGN
TX-N-08798,TRANSACTION,BENIGN,BACKGROUND_BENIGN
TX-N-08799,TRANSACTION,BENIGN,BACKGROUND_BENIGN
TX-N-08800,TRANSACTION,BENIGN,BACKGROUND_BENIGN
TX-N-08801,TRANSACTION,BENIGN,BACKGROUND_BENIGN
TX-N-08802,TRANSACTION,BENIGN,BACKGROUND_BENIGN
TX-N-08803,TRANSACTION,BENIGN,BACKGROUND_BENIGN
TX-N-08804,TRANSACTION,BENIGN,BACKGROUND_BENIGN
TX-N-08805,TRANSACTION,BENIGN,BACKGROUND_BENIGN
TX-N-08806,TRANSACTION,BENIGN,BACKGROUND_BENIGN
TX-N-08807,TRANSACTION,BENIGN,BACKGROUND_BENIGN
TX-N-08808,TRANSACTION,BENIGN,BACKGROUND_BENIGN
TX-N-08809,TRANSACTION,BENIGN,BACKGROUND_BENIGN
TX-N-08810,TRANSACTION,BENIGN,BACKGROUND_BENIGN
TX-N-08811,TRANSACTION,BENIGN,BACKGROUND_BENIGN
TX-N-08812,TRANSACTION,BENIGN,BACKGROUND_BENIGN
TX-N-08813,TRANSACTION,BENIGN,BACKGROUND_BENIGN
TX-N-08814,TRANSACTION,BENIGN,BACKGROUND_BENIGN
TX-N-08815,TRANSACTION,BENIGN,BACKGROUND_BENIGN
TX-N-08816,TRANSACTION,BENIGN,BACKGROUND_BENIGN
TX-N-08817,TRANSACTION,BENIGN,BACKGROUND_BENIGN
TX-N-08818,TRANSACTION,BENIGN,BACKGROUND_BENIGN
TX-N-08819,TRANSACTION,BENIGN,BACKGROUND_BENIGN
TX-N-08820,TRANSACTION,BENIGN,BACKGROUND_BENIGN
TX-N-08821,TRANSACTION,BENIGN,BACKGROUND_BENIGN
TX-N-08822,TRANSACTION,BENIGN,BACKGROUND_BENIGN
TX-N-08823,TRANSACTION,BENIGN,BACKGROUND_BENIGN
TX-N-08824,TRANSACTION,BENIGN,BACKGROUND_BENIGN
TX-N-08825,TRANSACTION,BENIGN,BACKGROUND_BENIGN
TX-N-08826,TRANSACTION,BENIGN,BACKGROUND_BENIGN
TX-N-08827,TRANSACTION,BENIGN,BACKGROUND_BENIGN
TX-N-08828,TRANSACTION,BENIGN,BACKGROUND_BENIGN
TX-N-08829,TRANSACTION,BENIGN,BACKGROUND_BENIGN
TX-N-08830,TRANSACTION,BENIGN,BACKGROUND_BENIGN
TX-N-08831,TRANSACTION,BENIGN,BACKGROUND_BENIGN
TX-N-08832,TRANSACTION,BENIGN,BACKGROUND_BENIGN
TX-N-08833,TRANSACTION,BENIGN,BACKGROUND_BENIGN
TX-N-08834,TRANSACTION,BENIGN,BACKGROUND_BENIGN
TX-N-08835,TRANSACTION,BENIGN,BACKGROUND_BENIGN
TX-N-08836,TRANSACTION,BENIGN,BACKGROUND_BENIGN
TX-N-08837,TRANSACTION,BENIGN,BACKGROUND_BENIGN
TX-N-08838,TRANSACTION,BENIGN,BACKGROUND_BENIGN
TX-N-08839,TRANSACTION,BENIGN,BACKGROUND_BENIGN
TX-N-08840,TRANSACTION,BENIGN,BACKGROUND_BENIGN
TX-N-08841,TRANSACTION,BENIGN,BACKGROUND_BENIGN
TX-N-08842,TRANSACTION,BENIGN,BACKGROUND_BENIGN
TX-N-08843,TRANSACTION,BENIGN,BACKGROUND_BENIGN
TX-N-08844,TRANSACTION,BENIGN,BACKGROUND_BENIGN
TX-N-08845,TRANSACTION,BENIGN,BACKGROUND_BENIGN
TX-N-08846,TRANSACTION,BENIGN,BACKGROUND_BENIGN
TX-N-08847,TRANSACTION,BENIGN,BACKGROUND_BENIGN
TX-N-08848,TRANSACTION,BENIGN,BACKGROUND_BENIGN
TX-N-08849,TRANSACTION,BENIGN,BACKGROUND_BENIGN
TX-N-08850,TRANSACTION,BENIGN,BACKGROUND_BENIGN
TX-N-08851,TRANSACTION,BENIGN,BACKGROUND_BENIGN
TX-N-08852,TRANSACTION,BENIGN,BACKGROUND_BENIGN
TX-N-08853,TRANSACTION,BENIGN,BACKGROUND_BENIGN
TX-N-08854,TRANSACTION,BENIGN,BACKGROUND_BENIGN
TX-N-08855,TRANSACTION,BENIGN,BACKGROUND_BENIGN
TX-N-08856,TRANSACTION,BENIGN,BACKGROUND_BENIGN
TX-N-08857,TRANSACTION,BENIGN,BACKGROUND_BENIGN
TX-N-08858,TRANSACTION,BENIGN,BACKGROUND_BENIGN
TX-N-08859,TRANSACTION,BENIGN,BACKGROUND_BENIGN
TX-N-08860,TRANSACTION,BENIGN,BACKGROUND_BENIGN
TX-N-08861,TRANSACTION,BENIGN,BACKGROUND_BENIGN
TX-N-08862,TRANSACTION,BENIGN,BACKGROUND_BENIGN
TX-N-08863,TRANSACTION,BENIGN,BACKGROUND_BENIGN
TX-N-08864,TRANSACTION,BENIGN,BACKGROUND_BENIGN
TX-N-08865,TRANSACTION,BENIGN,BACKGROUND_BENIGN
TX-N-08866,TRANSACTION,BENIGN,BACKGROUND_BENIGN
TX-N-08867,TRANSACTION,BENIGN,BACKGROUND_BENIGN
TX-N-08868,TRANSACTION,BENIGN,BACKGROUND_BENIGN
TX-N-08869,TRANSACTION,BENIGN,BACKGROUND_BENIGN
TX-N-08870,TRANSACTION,BENIGN,BACKGROUND_BENIGN
TX-N-08871,TRANSACTION,BENIGN,BACKGROUND_BENIGN
TX-N-08872,TRANSACTION,BENIGN,BACKGROUND_BENIGN
TX-N-08873,TRANSACTION,BENIGN,BACKGROUND_BENIGN
TX-N-08874,TRANSACTION,BENIGN,BACKGROUND_BENIGN
TX-N-08875,TRANSACTION,BENIGN,BACKGROUND_BENIGN
TX-N-08876,TRANSACTION,BENIGN,BACKGROUND_BENIGN
TX-N-08877,TRANSACTION,BENIGN,BACKGROUND_BENIGN
TX-N-08878,TRANSACTION,BENIGN,BACKGROUND_BENIGN
TX-N-08879,TRANSACTION,BENIGN,BACKGROUND_BENIGN
TX-N-08880,TRANSACTION,BENIGN,BACKGROUND_BENIGN
TX-N-08881,TRANSACTION,BENIGN,BACKGROUND_BENIGN
TX-N-08882,TRANSACTION,BENIGN,BACKGROUND_BENIGN
TX-N-08883,TRANSACTION,BENIGN,BACKGROUND_BENIGN
TX-N-08884,TRANSACTION,BENIGN,BACKGROUND_BENIGN
TX-N-08885,TRANSACTION,BENIGN,BACKGROUND_BENIGN
TX-N-08886,TRANSACTION,BENIGN,BACKGROUND_BENIGN
TX-N-08887,TRANSACTION,BENIGN,BACKGROUND_BENIGN
TX-N-08888,TRANSACTION,BENIGN,BACKGROUND_BENIGN
TX-N-08889,TRANSACTION,BENIGN,BACKGROUND_BENIGN
TX-N-08890,TRANSACTION,BENIGN,BACKGROUND_BENIGN
TX-N-08891,TRANSACTION,BENIGN,BACKGROUND_BENIGN
TX-N-08892,TRANSACTION,BENIGN,BACKGROUND_BENIGN
TX-N-08893,TRANSACTION,BENIGN,BACKGROUND_BENIGN
TX-N-08894,TRANSACTION,BENIGN,BACKGROUND_BENIGN
TX-N-08895,TRANSACTION,BENIGN,BACKGROUND_BENIGN
TX-N-08896,TRANSACTION,BENIGN,BACKGROUND_BENIGN
TX-N-08897,TRANSACTION,BENIGN,BACKGROUND_BENIGN
TX-N-08898,TRANSACTION,BENIGN,BACKGROUND_BENIGN
TX-N-08899,TRANSACTION,BENIGN,BACKGROUND_BENIGN
TX-N-08900,TRANSACTION,BENIGN,BACKGROUND_BENIGN
TX-N-08901,TRANSACTION,BENIGN,BACKGROUND_BENIGN
TX-N-08902,TRANSACTION,BENIGN,BACKGROUND_BENIGN
TX-N-08903,TRANSACTION,BENIGN,BACKGROUND_BENIGN
TX-N-08904,TRANSACTION,BENIGN,BACKGROUND_BENIGN
TX-N-08905,TRANSACTION,BENIGN,BACKGROUND_BENIGN
TX-N-08906,TRANSACTION,BENIGN,BACKGROUND_BENIGN
TX-N-08907,TRANSACTION,BENIGN,BACKGROUND_BENIGN
TX-N-08908,TRANSACTION,BENIGN,BACKGROUND_BENIGN
TX-N-08909,TRANSACTION,BENIGN,BACKGROUND_BENIGN
TX-N-08910,TRANSACTION,BENIGN,BACKGROUND_BENIGN
TX-N-08911,TRANSACTION,BENIGN,BACKGROUND_BENIGN
TX-N-08912,TRANSACTION,BENIGN,BACKGROUND_BENIGN
TX-N-08913,TRANSACTION,BENIGN,BACKGROUND_BENIGN
TX-N-08914,TRANSACTION,BENIGN,BACKGROUND_BENIGN
TX-N-08915,TRANSACTION,BENIGN,BACKGROUND_BENIGN
TX-N-08916,TRANSACTION,BENIGN,BACKGROUND_BENIGN
TX-N-08917,TRANSACTION,BENIGN,BACKGROUND_BENIGN
TX-N-08918,TRANSACTION,BENIGN,BACKGROUND_BENIGN
TX-N-08919,TRANSACTION,BENIGN,BACKGROUND_BENIGN
TX-N-08920,TRANSACTION,BENIGN,BACKGROUND_BENIGN
TX-N-08921,TRANSACTION,BENIGN,BACKGROUND_BENIGN
TX-N-08922,TRANSACTION,BENIGN,BACKGROUND_BENIGN
TX-N-08923,TRANSACTION,BENIGN,BACKGROUND_BENIGN
TX-N-08924,TRANSACTION,BENIGN,BACKGROUND_BENIGN
TX-N-08925,TRANSACTION,BENIGN,BACKGROUND_BENIGN
TX-N-08926,TRANSACTION,BENIGN,BACKGROUND_BENIGN
TX-N-08927,TRANSACTION,BENIGN,BACKGROUND_BENIGN
TX-N-08928,TRANSACTION,BENIGN,BACKGROUND_BENIGN
TX-N-08929,TRANSACTION,BENIGN,BACKGROUND_BENIGN
TX-N-08930,TRANSACTION,BENIGN,BACKGROUND_BENIGN
TX-N-08931,TRANSACTION,BENIGN,BACKGROUND_BENIGN
TX-N-08932,TRANSACTION,BENIGN,BACKGROUND_BENIGN
TX-N-08933,TRANSACTION,BENIGN,BACKGROUND_BENIGN
TX-N-08934,TRANSACTION,BENIGN,BACKGROUND_BENIGN
TX-N-08935,TRANSACTION,BENIGN,BACKGROUND_BENIGN
TX-N-08936,TRANSACTION,BENIGN,BACKGROUND_BENIGN
TX-N-08937,TRANSACTION,BENIGN,BACKGROUND_BENIGN
TX-N-08938,TRANSACTION,BENIGN,BACKGROUND_BENIGN
TX-N-08939,TRANSACTION,BENIGN,BACKGROUND_BENIGN
TX-N-08940,TRANSACTION,BENIGN,BACKGROUND_BENIGN
TX-N-08941,TRANSACTION,BENIGN,BACKGROUND_BENIGN
TX-N-08942,TRANSACTION,BENIGN,BACKGROUND_BENIGN
TX-N-08943,TRANSACTION,BENIGN,BACKGROUND_BENIGN
TX-N-08944,TRANSACTION,BENIGN,BACKGROUND_BENIGN
TX-N-08945,TRANSACTION,BENIGN,BACKGROUND_BENIGN
TX-N-08946,TRANSACTION,BENIGN,BACKGROUND_BENIGN
TX-N-08947,TRANSACTION,BENIGN,BACKGROUND_BENIGN
TX-N-08948,TRANSACTION,BENIGN,BACKGROUND_BENIGN
TX-N-08949,TRANSACTION,BENIGN,BACKGROUND_BENIGN
TX-N-08950,TRANSACTION,BENIGN,BACKGROUND_BENIGN
TX-N-08951,TRANSACTION,BENIGN,BACKGROUND_BENIGN
TX-N-08952,TRANSACTION,BENIGN,BACKGROUND_BENIGN
TX-N-08953,TRANSACTION,BENIGN,BACKGROUND_BENIGN
TX-N-08954,TRANSACTION,BENIGN,BACKGROUND_BENIGN
TX-N-08955,TRANSACTION,BENIGN,BACKGROUND_BENIGN
TX-N-08956,TRANSACTION,BENIGN,BACKGROUND_BENIGN
TX-N-08957,TRANSACTION,BENIGN,BACKGROUND_BENIGN
TX-N-08958,TRANSACTION,BENIGN,BACKGROUND_BENIGN
TX-N-08959,TRANSACTION,BENIGN,BACKGROUND_BENIGN
TX-N-08960,TRANSACTION,BENIGN,BACKGROUND_BENIGN
TX-N-08961,TRANSACTION,BENIGN,BACKGROUND_BENIGN
TX-N-08962,TRANSACTION,BENIGN,BACKGROUND_BENIGN
TX-N-08963,TRANSACTION,BENIGN,BACKGROUND_BENIGN
TX-N-08964,TRANSACTION,BENIGN,BACKGROUND_BENIGN
TX-N-08965,TRANSACTION,BENIGN,BACKGROUND_BENIGN
TX-N-08966,TRANSACTION,BENIGN,BACKGROUND_BENIGN
TX-N-08967,TRANSACTION,BENIGN,BACKGROUND_BENIGN
TX-N-08968,TRANSACTION,BENIGN,BACKGROUND_BENIGN
TX-N-08969,TRANSACTION,BENIGN,BACKGROUND_BENIGN
TX-N-08970,TRANSACTION,BENIGN,BACKGROUND_BENIGN
TX-N-08971,TRANSACTION,BENIGN,BACKGROUND_BENIGN
TX-N-08972,TRANSACTION,BENIGN,BACKGROUND_BENIGN
TX-N-08973,TRANSACTION,BENIGN,BACKGROUND_BENIGN
TX-N-08974,TRANSACTION,BENIGN,BACKGROUND_BENIGN
TX-N-08975,TRANSACTION,BENIGN,BACKGROUND_BENIGN
TX-N-08976,TRANSACTION,BENIGN,BACKGROUND_BENIGN
TX-N-08977,TRANSACTION,BENIGN,BACKGROUND_BENIGN
TX-N-08978,TRANSACTION,BENIGN,BACKGROUND_BENIGN
TX-N-08979,TRANSACTION,BENIGN,BACKGROUND_BENIGN
TX-N-08980,TRANSACTION,BENIGN,BACKGROUND_BENIGN
TX-N-08981,TRANSACTION,BENIGN,BACKGROUND_BENIGN
TX-N-08982,TRANSACTION,BENIGN,BACKGROUND_BENIGN
TX-N-08983,TRANSACTION,BENIGN,BACKGROUND_BENIGN
TX-N-08984,TRANSACTION,BENIGN,BACKGROUND_BENIGN
TX-N-08985,TRANSACTION,BENIGN,BACKGROUND_BENIGN
TX-N-08986,TRANSACTION,BENIGN,BACKGROUND_BENIGN
TX-N-08987,TRANSACTION,BENIGN,BACKGROUND_BENIGN
TX-N-08988,TRANSACTION,BENIGN,BACKGROUND_BENIGN
TX-N-08989,TRANSACTION,BENIGN,BACKGROUND_BENIGN
TX-N-08990,TRANSACTION,BENIGN,BACKGROUND_BENIGN
TX-N-08991,TRANSACTION,BENIGN,BACKGROUND_BENIGN
TX-N-08992,TRANSACTION,BENIGN,BACKGROUND_BENIGN
TX-N-08993,TRANSACTION,BENIGN,BACKGROUND_BENIGN
TX-N-08994,TRANSACTION,BENIGN,BACKGROUND_BENIGN
TX-N-08995,TRANSACTION,BENIGN,BACKGROUND_BENIGN
TX-N-08996,TRANSACTION,BENIGN,BACKGROUND_BENIGN
TX-N-08997,TRANSACTION,BENIGN,BACKGROUND_BENIGN
TX-N-08998,TRANSACTION,BENIGN,BACKGROUND_BENIGN
TX-N-08999,TRANSACTION,BENIGN,BACKGROUND_BENIGN
TX-N-09000,TRANSACTION,BENIGN,BACKGROUND_BENIGN
TX-N-09001,TRANSACTION,BENIGN,BACKGROUND_BENIGN
TX-N-09002,TRANSACTION,BENIGN,BACKGROUND_BENIGN
TX-N-09003,TRANSACTION,BENIGN,BACKGROUND_BENIGN
TX-N-09004,TRANSACTION,BENIGN,BACKGROUND_BENIGN
TX-N-09005,TRANSACTION,BENIGN,BACKGROUND_BENIGN
TX-N-09006,TRANSACTION,BENIGN,BACKGROUND_BENIGN
TX-N-09007,TRANSACTION,BENIGN,BACKGROUND_BENIGN
TX-N-09008,TRANSACTION,BENIGN,BACKGROUND_BENIGN
TX-N-09009,TRANSACTION,BENIGN,BACKGROUND_BENIGN
TX-N-09010,TRANSACTION,BENIGN,BACKGROUND_BENIGN
TX-N-09011,TRANSACTION,BENIGN,BACKGROUND_BENIGN
TX-N-09012,TRANSACTION,BENIGN,BACKGROUND_BENIGN
TX-N-09013,TRANSACTION,BENIGN,BACKGROUND_BENIGN
TX-N-09014,TRANSACTION,BENIGN,BACKGROUND_BENIGN
TX-N-09015,TRANSACTION,BENIGN,BACKGROUND_BENIGN
TX-N-09016,TRANSACTION,BENIGN,BACKGROUND_BENIGN
TX-N-09017,TRANSACTION,BENIGN,BACKGROUND_BENIGN
TX-N-09018,TRANSACTION,BENIGN,BACKGROUND_BENIGN
TX-N-09019,TRANSACTION,BENIGN,BACKGROUND_BENIGN
TX-N-09020,TRANSACTION,BENIGN,BACKGROUND_BENIGN
TX-N-09021,TRANSACTION,BENIGN,BACKGROUND_BENIGN
TX-N-09022,TRANSACTION,BENIGN,BACKGROUND_BENIGN
TX-N-09023,TRANSACTION,BENIGN,BACKGROUND_BENIGN
TX-N-09024,TRANSACTION,BENIGN,BACKGROUND_BENIGN
TX-N-09025,TRANSACTION,BENIGN,BACKGROUND_BENIGN
TX-N-09026,TRANSACTION,BENIGN,BACKGROUND_BENIGN
TX-N-09027,TRANSACTION,BENIGN,BACKGROUND_BENIGN
TX-N-09028,TRANSACTION,BENIGN,BACKGROUND_BENIGN
TX-N-09029,TRANSACTION,BENIGN,BACKGROUND_BENIGN
TX-N-09030,TRANSACTION,BENIGN,BACKGROUND_BENIGN
TX-N-09031,TRANSACTION,BENIGN,BACKGROUND_BENIGN
TX-N-09032,TRANSACTION,BENIGN,BACKGROUND_BENIGN
TX-N-09033,TRANSACTION,BENIGN,BACKGROUND_BENIGN
TX-N-09034,TRANSACTION,BENIGN,BACKGROUND_BENIGN
TX-N-09035,TRANSACTION,BENIGN,BACKGROUND_BENIGN
TX-N-09036,TRANSACTION,BENIGN,BACKGROUND_BENIGN
TX-N-09037,TRANSACTION,BENIGN,BACKGROUND_BENIGN
TX-N-09038,TRANSACTION,BENIGN,BACKGROUND_BENIGN
TX-N-09039,TRANSACTION,BENIGN,BACKGROUND_BENIGN
TX-N-09040,TRANSACTION,BENIGN,BACKGROUND_BENIGN
TX-N-09041,TRANSACTION,BENIGN,BACKGROUND_BENIGN
TX-N-09042,TRANSACTION,BENIGN,BACKGROUND_BENIGN
TX-N-09043,TRANSACTION,BENIGN,BACKGROUND_BENIGN
TX-N-09044,TRANSACTION,BENIGN,BACKGROUND_BENIGN
TX-N-09045,TRANSACTION,BENIGN,BACKGROUND_BENIGN
TX-N-09046,TRANSACTION,BENIGN,BACKGROUND_BENIGN
TX-N-09047,TRANSACTION,BENIGN,BACKGROUND_BENIGN
TX-N-09048,TRANSACTION,BENIGN,BACKGROUND_BENIGN
TX-N-09049,TRANSACTION,BENIGN,BACKGROUND_BENIGN
TX-N-09050,TRANSACTION,BENIGN,BACKGROUND_BENIGN
TX-N-09051,TRANSACTION,BENIGN,BACKGROUND_BENIGN
TX-N-09052,TRANSACTION,BENIGN,BACKGROUND_BENIGN
TX-N-09053,TRANSACTION,BENIGN,BACKGROUND_BENIGN
TX-N-09054,TRANSACTION,BENIGN,BACKGROUND_BENIGN
TX-N-09055,TRANSACTION,BENIGN,BACKGROUND_BENIGN
TX-N-09056,TRANSACTION,BENIGN,BACKGROUND_BENIGN
TX-N-09057,TRANSACTION,BENIGN,BACKGROUND_BENIGN
TX-N-09058,TRANSACTION,BENIGN,BACKGROUND_BENIGN
TX-N-09059,TRANSACTION,BENIGN,BACKGROUND_BENIGN
TX-N-09060,TRANSACTION,BENIGN,BACKGROUND_BENIGN
TX-N-09061,TRANSACTION,BENIGN,BACKGROUND_BENIGN
TX-N-09062,TRANSACTION,BENIGN,BACKGROUND_BENIGN
TX-N-09063,TRANSACTION,BENIGN,BACKGROUND_BENIGN
TX-N-09064,TRANSACTION,BENIGN,BACKGROUND_BENIGN
TX-N-09065,TRANSACTION,BENIGN,BACKGROUND_BENIGN
TX-N-09066,TRANSACTION,BENIGN,BACKGROUND_BENIGN
TX-N-09067,TRANSACTION,BENIGN,BACKGROUND_BENIGN
TX-N-09068,TRANSACTION,BENIGN,BACKGROUND_BENIGN
TX-N-09069,TRANSACTION,BENIGN,BACKGROUND_BENIGN
TX-N-09070,TRANSACTION,BENIGN,BACKGROUND_BENIGN
TX-N-09071,TRANSACTION,BENIGN,BACKGROUND_BENIGN
TX-N-09072,TRANSACTION,BENIGN,BACKGROUND_BENIGN
TX-N-09073,TRANSACTION,BENIGN,BACKGROUND_BENIGN
TX-N-09074,TRANSACTION,BENIGN,BACKGROUND_BENIGN
TX-N-09075,TRANSACTION,BENIGN,BACKGROUND_BENIGN
TX-N-09076,TRANSACTION,BENIGN,BACKGROUND_BENIGN
TX-N-09077,TRANSACTION,BENIGN,BACKGROUND_BENIGN
TX-N-09078,TRANSACTION,BENIGN,BACKGROUND_BENIGN
TX-N-09079,TRANSACTION,BENIGN,BACKGROUND_BENIGN
TX-N-09080,TRANSACTION,BENIGN,BACKGROUND_BENIGN
TX-N-09081,TRANSACTION,BENIGN,BACKGROUND_BENIGN
TX-N-09082,TRANSACTION,BENIGN,BACKGROUND_BENIGN
TX-N-09083,TRANSACTION,BENIGN,BACKGROUND_BENIGN
TX-N-09084,TRANSACTION,BENIGN,BACKGROUND_BENIGN
TX-N-09085,TRANSACTION,BENIGN,BACKGROUND_BENIGN
TX-N-09086,TRANSACTION,BENIGN,BACKGROUND_BENIGN
TX-N-09087,TRANSACTION,BENIGN,BACKGROUND_BENIGN
TX-N-09088,TRANSACTION,BENIGN,BACKGROUND_BENIGN
TX-N-09089,TRANSACTION,BENIGN,BACKGROUND_BENIGN
TX-N-09090,TRANSACTION,BENIGN,BACKGROUND_BENIGN
TX-N-09091,TRANSACTION,BENIGN,BACKGROUND_BENIGN
TX-N-09092,TRANSACTION,BENIGN,BACKGROUND_BENIGN
TX-N-09093,TRANSACTION,BENIGN,BACKGROUND_BENIGN
TX-N-09094,TRANSACTION,BENIGN,BACKGROUND_BENIGN
TX-N-09095,TRANSACTION,BENIGN,BACKGROUND_BENIGN
TX-N-09096,TRANSACTION,BENIGN,BACKGROUND_BENIGN
TX-N-09097,TRANSACTION,BENIGN,BACKGROUND_BENIGN
TX-N-09098,TRANSACTION,BENIGN,BACKGROUND_BENIGN
TX-N-09099,TRANSACTION,BENIGN,BACKGROUND_BENIGN
TX-N-09100,TRANSACTION,BENIGN,BACKGROUND_BENIGN
TX-N-09101,TRANSACTION,BENIGN,BACKGROUND_BENIGN
TX-N-09102,TRANSACTION,BENIGN,BACKGROUND_BENIGN
TX-N-09103,TRANSACTION,BENIGN,BACKGROUND_BENIGN
TX-N-09104,TRANSACTION,BENIGN,BACKGROUND_BENIGN
TX-N-09105,TRANSACTION,BENIGN,BACKGROUND_BENIGN
TX-N-09106,TRANSACTION,BENIGN,BACKGROUND_BENIGN
TX-N-09107,TRANSACTION,BENIGN,BACKGROUND_BENIGN
TX-N-09108,TRANSACTION,BENIGN,BACKGROUND_BENIGN
TX-N-09109,TRANSACTION,BENIGN,BACKGROUND_BENIGN
TX-N-09110,TRANSACTION,BENIGN,BACKGROUND_BENIGN
TX-N-09111,TRANSACTION,BENIGN,BACKGROUND_BENIGN
TX-N-09112,TRANSACTION,BENIGN,BACKGROUND_BENIGN
TX-N-09113,TRANSACTION,BENIGN,BACKGROUND_BENIGN
TX-N-09114,TRANSACTION,BENIGN,BACKGROUND_BENIGN
TX-N-09115,TRANSACTION,BENIGN,BACKGROUND_BENIGN
TX-N-09116,TRANSACTION,BENIGN,BACKGROUND_BENIGN
TX-N-09117,TRANSACTION,BENIGN,BACKGROUND_BENIGN
TX-N-09118,TRANSACTION,BENIGN,BACKGROUND_BENIGN
TX-N-09119,TRANSACTION,BENIGN,BACKGROUND_BENIGN
TX-N-09120,TRANSACTION,BENIGN,BACKGROUND_BENIGN
TX-N-09121,TRANSACTION,BENIGN,BACKGROUND_BENIGN
TX-N-09122,TRANSACTION,BENIGN,BACKGROUND_BENIGN
TX-N-09123,TRANSACTION,BENIGN,BACKGROUND_BENIGN
TX-N-09124,TRANSACTION,BENIGN,BACKGROUND_BENIGN
TX-N-09125,TRANSACTION,BENIGN,BACKGROUND_BENIGN
TX-N-09126,TRANSACTION,BENIGN,BACKGROUND_BENIGN
TX-N-09127,TRANSACTION,BENIGN,BACKGROUND_BENIGN
TX-N-09128,TRANSACTION,BENIGN,BACKGROUND_BENIGN
TX-N-09129,TRANSACTION,BENIGN,BACKGROUND_BENIGN
TX-N-09130,TRANSACTION,BENIGN,BACKGROUND_BENIGN
TX-N-09131,TRANSACTION,BENIGN,BACKGROUND_BENIGN
TX-N-09132,TRANSACTION,BENIGN,BACKGROUND_BENIGN
TX-N-09133,TRANSACTION,BENIGN,BACKGROUND_BENIGN
TX-N-09134,TRANSACTION,BENIGN,BACKGROUND_BENIGN
TX-N-09135,TRANSACTION,BENIGN,BACKGROUND_BENIGN
TX-N-09136,TRANSACTION,BENIGN,BACKGROUND_BENIGN
TX-N-09137,TRANSACTION,BENIGN,BACKGROUND_BENIGN
TX-N-09138,TRANSACTION,BENIGN,BACKGROUND_BENIGN
TX-N-09139,TRANSACTION,BENIGN,BACKGROUND_BENIGN
TX-N-09140,TRANSACTION,BENIGN,BACKGROUND_BENIGN
TX-N-09141,TRANSACTION,BENIGN,BACKGROUND_BENIGN
TX-N-09142,TRANSACTION,BENIGN,BACKGROUND_BENIGN
TX-N-09143,TRANSACTION,BENIGN,BACKGROUND_BENIGN
TX-N-09144,TRANSACTION,BENIGN,BACKGROUND_BENIGN
TX-N-09145,TRANSACTION,BENIGN,BACKGROUND_BENIGN
TX-N-09146,TRANSACTION,BENIGN,BACKGROUND_BENIGN
TX-N-09147,TRANSACTION,BENIGN,BACKGROUND_BENIGN
TX-N-09148,TRANSACTION,BENIGN,BACKGROUND_BENIGN
TX-N-09149,TRANSACTION,BENIGN,BACKGROUND_BENIGN
TX-N-09150,TRANSACTION,BENIGN,BACKGROUND_BENIGN
TX-N-09151,TRANSACTION,BENIGN,BACKGROUND_BENIGN
TX-N-09152,TRANSACTION,BENIGN,BACKGROUND_BENIGN
TX-N-09153,TRANSACTION,BENIGN,BACKGROUND_BENIGN
TX-N-09154,TRANSACTION,BENIGN,BACKGROUND_BENIGN
TX-N-09155,TRANSACTION,BENIGN,BACKGROUND_BENIGN
TX-N-09156,TRANSACTION,BENIGN,BACKGROUND_BENIGN
TX-N-09157,TRANSACTION,BENIGN,BACKGROUND_BENIGN
TX-N-09158,TRANSACTION,BENIGN,BACKGROUND_BENIGN
TX-N-09159,TRANSACTION,BENIGN,BACKGROUND_BENIGN
TX-N-09160,TRANSACTION,BENIGN,BACKGROUND_BENIGN
TX-N-09161,TRANSACTION,BENIGN,BACKGROUND_BENIGN
TX-N-09162,TRANSACTION,BENIGN,BACKGROUND_BENIGN
TX-N-09163,TRANSACTION,BENIGN,BACKGROUND_BENIGN
TX-N-09164,TRANSACTION,BENIGN,BACKGROUND_BENIGN
TX-N-09165,TRANSACTION,BENIGN,BACKGROUND_BENIGN
TX-N-09166,TRANSACTION,BENIGN,BACKGROUND_BENIGN
TX-N-09167,TRANSACTION,BENIGN,BACKGROUND_BENIGN
TX-N-09168,TRANSACTION,BENIGN,BACKGROUND_BENIGN
TX-N-09169,TRANSACTION,BENIGN,BACKGROUND_BENIGN
TX-N-09170,TRANSACTION,BENIGN,BACKGROUND_BENIGN
TX-N-09171,TRANSACTION,BENIGN,BACKGROUND_BENIGN
TX-N-09172,TRANSACTION,BENIGN,BACKGROUND_BENIGN
TX-N-09173,TRANSACTION,BENIGN,BACKGROUND_BENIGN
TX-N-09174,TRANSACTION,BENIGN,BACKGROUND_BENIGN
TX-N-09175,TRANSACTION,BENIGN,BACKGROUND_BENIGN
TX-N-09176,TRANSACTION,BENIGN,BACKGROUND_BENIGN
TX-N-09177,TRANSACTION,BENIGN,BACKGROUND_BENIGN
TX-N-09178,TRANSACTION,BENIGN,BACKGROUND_BENIGN
TX-N-09179,TRANSACTION,BENIGN,BACKGROUND_BENIGN
TX-N-09180,TRANSACTION,BENIGN,BACKGROUND_BENIGN
TX-N-09181,TRANSACTION,BENIGN,BACKGROUND_BENIGN
TX-N-09182,TRANSACTION,BENIGN,BACKGROUND_BENIGN
TX-N-09183,TRANSACTION,BENIGN,BACKGROUND_BENIGN
TX-N-09184,TRANSACTION,BENIGN,BACKGROUND_BENIGN
TX-N-09185,TRANSACTION,BENIGN,BACKGROUND_BENIGN
TX-N-09186,TRANSACTION,BENIGN,BACKGROUND_BENIGN
TX-N-09187,TRANSACTION,BENIGN,BACKGROUND_BENIGN
TX-N-09188,TRANSACTION,BENIGN,BACKGROUND_BENIGN
TX-N-09189,TRANSACTION,BENIGN,BACKGROUND_BENIGN
TX-N-09190,TRANSACTION,BENIGN,BACKGROUND_BENIGN
TX-N-09191,TRANSACTION,BENIGN,BACKGROUND_BENIGN
TX-N-09192,TRANSACTION,BENIGN,BACKGROUND_BENIGN
TX-N-09193,TRANSACTION,BENIGN,BACKGROUND_BENIGN
TX-N-09194,TRANSACTION,BENIGN,BACKGROUND_BENIGN
TX-N-09195,TRANSACTION,BENIGN,BACKGROUND_BENIGN
TX-N-09196,TRANSACTION,BENIGN,BACKGROUND_BENIGN
TX-N-09197,TRANSACTION,BENIGN,BACKGROUND_BENIGN
TX-N-09198,TRANSACTION,BENIGN,BACKGROUND_BENIGN
TX-N-09199,TRANSACTION,BENIGN,BACKGROUND_BENIGN
TX-N-09200,TRANSACTION,BENIGN,BACKGROUND_BENIGN
TX-N-09201,TRANSACTION,BENIGN,BACKGROUND_BENIGN
TX-N-09202,TRANSACTION,BENIGN,BACKGROUND_BENIGN
TX-N-09203,TRANSACTION,BENIGN,BACKGROUND_BENIGN
TX-N-09204,TRANSACTION,BENIGN,BACKGROUND_BENIGN
TX-N-09205,TRANSACTION,BENIGN,BACKGROUND_BENIGN
TX-N-09206,TRANSACTION,BENIGN,BACKGROUND_BENIGN
TX-N-09207,TRANSACTION,BENIGN,BACKGROUND_BENIGN
TX-N-09208,TRANSACTION,BENIGN,BACKGROUND_BENIGN
TX-N-09209,TRANSACTION,BENIGN,BACKGROUND_BENIGN
TX-N-09210,TRANSACTION,BENIGN,BACKGROUND_BENIGN
TX-N-09211,TRANSACTION,BENIGN,BACKGROUND_BENIGN
TX-N-09212,TRANSACTION,BENIGN,BACKGROUND_BENIGN
TX-N-09213,TRANSACTION,BENIGN,BACKGROUND_BENIGN
TX-N-09214,TRANSACTION,BENIGN,BACKGROUND_BENIGN
TX-N-09215,TRANSACTION,BENIGN,BACKGROUND_BENIGN
TX-N-09216,TRANSACTION,BENIGN,BACKGROUND_BENIGN
TX-N-09217,TRANSACTION,BENIGN,BACKGROUND_BENIGN
TX-N-09218,TRANSACTION,BENIGN,BACKGROUND_BENIGN
TX-N-09219,TRANSACTION,BENIGN,BACKGROUND_BENIGN
TX-N-09220,TRANSACTION,BENIGN,BACKGROUND_BENIGN
TX-N-09221,TRANSACTION,BENIGN,BACKGROUND_BENIGN
TX-N-09222,TRANSACTION,BENIGN,BACKGROUND_BENIGN
TX-N-09223,TRANSACTION,BENIGN,BACKGROUND_BENIGN
TX-N-09224,TRANSACTION,BENIGN,BACKGROUND_BENIGN
TX-N-09225,TRANSACTION,BENIGN,BACKGROUND_BENIGN
TX-N-09226,TRANSACTION,BENIGN,BACKGROUND_BENIGN
TX-N-09227,TRANSACTION,BENIGN,BACKGROUND_BENIGN
TX-N-09228,TRANSACTION,BENIGN,BACKGROUND_BENIGN
TX-N-09229,TRANSACTION,BENIGN,BACKGROUND_BENIGN
TX-N-09230,TRANSACTION,BENIGN,BACKGROUND_BENIGN
TX-N-09231,TRANSACTION,BENIGN,BACKGROUND_BENIGN
TX-N-09232,TRANSACTION,BENIGN,BACKGROUND_BENIGN
TX-N-09233,TRANSACTION,BENIGN,BACKGROUND_BENIGN
TX-N-09234,TRANSACTION,BENIGN,BACKGROUND_BENIGN
TX-N-09235,TRANSACTION,BENIGN,BACKGROUND_BENIGN
TX-N-09236,TRANSACTION,BENIGN,BACKGROUND_BENIGN
TX-N-09237,TRANSACTION,BENIGN,BACKGROUND_BENIGN
TX-N-09238,TRANSACTION,BENIGN,BACKGROUND_BENIGN
TX-N-09239,TRANSACTION,BENIGN,BACKGROUND_BENIGN
TX-N-09240,TRANSACTION,BENIGN,BACKGROUND_BENIGN
TX-N-09241,TRANSACTION,BENIGN,BACKGROUND_BENIGN
TX-N-09242,TRANSACTION,BENIGN,BACKGROUND_BENIGN
TX-N-09243,TRANSACTION,BENIGN,BACKGROUND_BENIGN
TX-N-09244,TRANSACTION,BENIGN,BACKGROUND_BENIGN
TX-N-09245,TRANSACTION,BENIGN,BACKGROUND_BENIGN
TX-N-09246,TRANSACTION,BENIGN,BACKGROUND_BENIGN
TX-N-09247,TRANSACTION,BENIGN,BACKGROUND_BENIGN
TX-N-09248,TRANSACTION,BENIGN,BACKGROUND_BENIGN
TX-N-09249,TRANSACTION,BENIGN,BACKGROUND_BENIGN
TX-N-09250,TRANSACTION,BENIGN,BACKGROUND_BENIGN
TX-N-09251,TRANSACTION,BENIGN,BACKGROUND_BENIGN
TX-N-09252,TRANSACTION,BENIGN,BACKGROUND_BENIGN
TX-N-09253,TRANSACTION,BENIGN,BACKGROUND_BENIGN
TX-N-09254,TRANSACTION,BENIGN,BACKGROUND_BENIGN
TX-N-09255,TRANSACTION,BENIGN,BACKGROUND_BENIGN
TX-N-09256,TRANSACTION,BENIGN,BACKGROUND_BENIGN
TX-N-09257,TRANSACTION,BENIGN,BACKGROUND_BENIGN
TX-N-09258,TRANSACTION,BENIGN,BACKGROUND_BENIGN
TX-N-09259,TRANSACTION,BENIGN,BACKGROUND_BENIGN
TX-N-09260,TRANSACTION,BENIGN,BACKGROUND_BENIGN
TX-N-09261,TRANSACTION,BENIGN,BACKGROUND_BENIGN
TX-N-09262,TRANSACTION,BENIGN,BACKGROUND_BENIGN
TX-N-09263,TRANSACTION,BENIGN,BACKGROUND_BENIGN
TX-N-09264,TRANSACTION,BENIGN,BACKGROUND_BENIGN
TX-N-09265,TRANSACTION,BENIGN,BACKGROUND_BENIGN
TX-N-09266,TRANSACTION,BENIGN,BACKGROUND_BENIGN
TX-N-09267,TRANSACTION,BENIGN,BACKGROUND_BENIGN
TX-N-09268,TRANSACTION,BENIGN,BACKGROUND_BENIGN
TX-N-09269,TRANSACTION,BENIGN,BACKGROUND_BENIGN
TX-N-09270,TRANSACTION,BENIGN,BACKGROUND_BENIGN
TX-N-09271,TRANSACTION,BENIGN,BACKGROUND_BENIGN
TX-N-09272,TRANSACTION,BENIGN,BACKGROUND_BENIGN
TX-N-09273,TRANSACTION,BENIGN,BACKGROUND_BENIGN
TX-N-09274,TRANSACTION,BENIGN,BACKGROUND_BENIGN
TX-N-09275,TRANSACTION,BENIGN,BACKGROUND_BENIGN
TX-N-09276,TRANSACTION,BENIGN,BACKGROUND_BENIGN
TX-N-09277,TRANSACTION,BENIGN,BACKGROUND_BENIGN
TX-N-09278,TRANSACTION,BENIGN,BACKGROUND_BENIGN
TX-N-09279,TRANSACTION,BENIGN,BACKGROUND_BENIGN
TX-N-09280,TRANSACTION,BENIGN,BACKGROUND_BENIGN
TX-N-09281,TRANSACTION,BENIGN,BACKGROUND_BENIGN
TX-N-09282,TRANSACTION,BENIGN,BACKGROUND_BENIGN
TX-N-09283,TRANSACTION,BENIGN,BACKGROUND_BENIGN
TX-N-09284,TRANSACTION,BENIGN,BACKGROUND_BENIGN
TX-N-09285,TRANSACTION,BENIGN,BACKGROUND_BENIGN
TX-N-09286,TRANSACTION,BENIGN,BACKGROUND_BENIGN
TX-N-09287,TRANSACTION,BENIGN,BACKGROUND_BENIGN
TX-N-09288,TRANSACTION,BENIGN,BACKGROUND_BENIGN
TX-N-09289,TRANSACTION,BENIGN,BACKGROUND_BENIGN
TX-N-09290,TRANSACTION,BENIGN,BACKGROUND_BENIGN
TX-N-09291,TRANSACTION,BENIGN,BACKGROUND_BENIGN
TX-N-09292,TRANSACTION,BENIGN,BACKGROUND_BENIGN
TX-N-09293,TRANSACTION,BENIGN,BACKGROUND_BENIGN
TX-N-09294,TRANSACTION,BENIGN,BACKGROUND_BENIGN
TX-N-09295,TRANSACTION,BENIGN,BACKGROUND_BENIGN
TX-N-09296,TRANSACTION,BENIGN,BACKGROUND_BENIGN
TX-N-09297,TRANSACTION,BENIGN,BACKGROUND_BENIGN
TX-N-09298,TRANSACTION,BENIGN,BACKGROUND_BENIGN
TX-N-09299,TRANSACTION,BENIGN,BACKGROUND_BENIGN
TX-N-09300,TRANSACTION,BENIGN,BACKGROUND_BENIGN
TX-N-09301,TRANSACTION,BENIGN,BACKGROUND_BENIGN
TX-N-09302,TRANSACTION,BENIGN,BACKGROUND_BENIGN
TX-N-09303,TRANSACTION,BENIGN,BACKGROUND_BENIGN
TX-N-09304,TRANSACTION,BENIGN,BACKGROUND_BENIGN
TX-N-09305,TRANSACTION,BENIGN,BACKGROUND_BENIGN
TX-N-09306,TRANSACTION,BENIGN,BACKGROUND_BENIGN
TX-N-09307,TRANSACTION,BENIGN,BACKGROUND_BENIGN
TX-N-09308,TRANSACTION,BENIGN,BACKGROUND_BENIGN
TX-N-09309,TRANSACTION,BENIGN,BACKGROUND_BENIGN
TX-N-09310,TRANSACTION,BENIGN,BACKGROUND_BENIGN
TX-N-09311,TRANSACTION,BENIGN,BACKGROUND_BENIGN
TX-N-09312,TRANSACTION,BENIGN,BACKGROUND_BENIGN
TX-N-09313,TRANSACTION,BENIGN,BACKGROUND_BENIGN
TX-N-09314,TRANSACTION,BENIGN,BACKGROUND_BENIGN
TX-N-09315,TRANSACTION,BENIGN,BACKGROUND_BENIGN
TX-N-09316,TRANSACTION,BENIGN,BACKGROUND_BENIGN
TX-N-09317,TRANSACTION,BENIGN,BACKGROUND_BENIGN
TX-N-09318,TRANSACTION,BENIGN,BACKGROUND_BENIGN
TX-N-09319,TRANSACTION,BENIGN,BACKGROUND_BENIGN
TX-N-09320,TRANSACTION,BENIGN,BACKGROUND_BENIGN
TX-N-09321,TRANSACTION,BENIGN,BACKGROUND_BENIGN
TX-N-09322,TRANSACTION,BENIGN,BACKGROUND_BENIGN
TX-N-09323,TRANSACTION,BENIGN,BACKGROUND_BENIGN
TX-N-09324,TRANSACTION,BENIGN,BACKGROUND_BENIGN
TX-N-09325,TRANSACTION,BENIGN,BACKGROUND_BENIGN
TX-N-09326,TRANSACTION,BENIGN,BACKGROUND_BENIGN
TX-N-09327,TRANSACTION,BENIGN,BACKGROUND_BENIGN
TX-N-09328,TRANSACTION,BENIGN,BACKGROUND_BENIGN
TX-N-09329,TRANSACTION,BENIGN,BACKGROUND_BENIGN
TX-N-09330,TRANSACTION,BENIGN,BACKGROUND_BENIGN
TX-N-09331,TRANSACTION,BENIGN,BACKGROUND_BENIGN
TX-N-09332,TRANSACTION,BENIGN,BACKGROUND_BENIGN
TX-N-09333,TRANSACTION,BENIGN,BACKGROUND_BENIGN
TX-N-09334,TRANSACTION,BENIGN,BACKGROUND_BENIGN
TX-N-09335,TRANSACTION,BENIGN,BACKGROUND_BENIGN
TX-N-09336,TRANSACTION,BENIGN,BACKGROUND_BENIGN
TX-N-09337,TRANSACTION,BENIGN,BACKGROUND_BENIGN
TX-N-09338,TRANSACTION,BENIGN,BACKGROUND_BENIGN
TX-N-09339,TRANSACTION,BENIGN,BACKGROUND_BENIGN
TX-N-09340,TRANSACTION,BENIGN,BACKGROUND_BENIGN
TX-N-09341,TRANSACTION,BENIGN,BACKGROUND_BENIGN
TX-N-09342,TRANSACTION,BENIGN,BACKGROUND_BENIGN
TX-N-09343,TRANSACTION,BENIGN,BACKGROUND_BENIGN
TX-N-09344,TRANSACTION,BENIGN,BACKGROUND_BENIGN
TX-N-09345,TRANSACTION,BENIGN,BACKGROUND_BENIGN
TX-N-09346,TRANSACTION,BENIGN,BACKGROUND_BENIGN
TX-N-09347,TRANSACTION,BENIGN,BACKGROUND_BENIGN
TX-N-09348,TRANSACTION,BENIGN,BACKGROUND_BENIGN
TX-N-09349,TRANSACTION,BENIGN,BACKGROUND_BENIGN
TX-N-09350,TRANSACTION,BENIGN,BACKGROUND_BENIGN
TX-N-09351,TRANSACTION,BENIGN,BACKGROUND_BENIGN
TX-N-09352,TRANSACTION,BENIGN,BACKGROUND_BENIGN
TX-N-09353,TRANSACTION,BENIGN,BACKGROUND_BENIGN
TX-N-09354,TRANSACTION,BENIGN,BACKGROUND_BENIGN
TX-N-09355,TRANSACTION,BENIGN,BACKGROUND_BENIGN
TX-N-09356,TRANSACTION,BENIGN,BACKGROUND_BENIGN
TX-N-09357,TRANSACTION,BENIGN,BACKGROUND_BENIGN
TX-N-09358,TRANSACTION,BENIGN,BACKGROUND_BENIGN
TX-N-09359,TRANSACTION,BENIGN,BACKGROUND_BENIGN
TX-N-09360,TRANSACTION,BENIGN,BACKGROUND_BENIGN
TX-N-09361,TRANSACTION,BENIGN,BACKGROUND_BENIGN
TX-N-09362,TRANSACTION,BENIGN,BACKGROUND_BENIGN
TX-N-09363,TRANSACTION,BENIGN,BACKGROUND_BENIGN
TX-N-09364,TRANSACTION,BENIGN,BACKGROUND_BENIGN
TX-N-09365,TRANSACTION,BENIGN,BACKGROUND_BENIGN
TX-N-09366,TRANSACTION,BENIGN,BACKGROUND_BENIGN
TX-N-09367,TRANSACTION,BENIGN,BACKGROUND_BENIGN
TX-N-09368,TRANSACTION,BENIGN,BACKGROUND_BENIGN
TX-N-09369,TRANSACTION,BENIGN,BACKGROUND_BENIGN
TX-N-09370,TRANSACTION,BENIGN,BACKGROUND_BENIGN
TX-N-09371,TRANSACTION,BENIGN,BACKGROUND_BENIGN
TX-N-09372,TRANSACTION,BENIGN,BACKGROUND_BENIGN
TX-N-09373,TRANSACTION,BENIGN,BACKGROUND_BENIGN
TX-N-09374,TRANSACTION,BENIGN,BACKGROUND_BENIGN
TX-N-09375,TRANSACTION,BENIGN,BACKGROUND_BENIGN
TX-N-09376,TRANSACTION,BENIGN,BACKGROUND_BENIGN
TX-N-09377,TRANSACTION,BENIGN,BACKGROUND_BENIGN
TX-N-09378,TRANSACTION,BENIGN,BACKGROUND_BENIGN
TX-N-09379,TRANSACTION,BENIGN,BACKGROUND_BENIGN
TX-N-09380,TRANSACTION,BENIGN,BACKGROUND_BENIGN
TX-N-09381,TRANSACTION,BENIGN,BACKGROUND_BENIGN
TX-N-09382,TRANSACTION,BENIGN,BACKGROUND_BENIGN
TX-N-09383,TRANSACTION,BENIGN,BACKGROUND_BENIGN
TX-N-09384,TRANSACTION,BENIGN,BACKGROUND_BENIGN
TX-N-09385,TRANSACTION,BENIGN,BACKGROUND_BENIGN
TX-N-09386,TRANSACTION,BENIGN,BACKGROUND_BENIGN
TX-N-09387,TRANSACTION,BENIGN,BACKGROUND_BENIGN
TX-N-09388,TRANSACTION,BENIGN,BACKGROUND_BENIGN
TX-N-09389,TRANSACTION,BENIGN,BACKGROUND_BENIGN
TX-N-09390,TRANSACTION,BENIGN,BACKGROUND_BENIGN
TX-N-09391,TRANSACTION,BENIGN,BACKGROUND_BENIGN
TX-N-09392,TRANSACTION,BENIGN,BACKGROUND_BENIGN
TX-N-09393,TRANSACTION,BENIGN,BACKGROUND_BENIGN
TX-N-09394,TRANSACTION,BENIGN,BACKGROUND_BENIGN
TX-N-09395,TRANSACTION,BENIGN,BACKGROUND_BENIGN
TX-N-09396,TRANSACTION,BENIGN,BACKGROUND_BENIGN
TX-N-09397,TRANSACTION,BENIGN,BACKGROUND_BENIGN
TX-N-09398,TRANSACTION,BENIGN,BACKGROUND_BENIGN
TX-N-09399,TRANSACTION,BENIGN,BACKGROUND_BENIGN
TX-N-09400,TRANSACTION,BENIGN,BACKGROUND_BENIGN
TX-N-09401,TRANSACTION,BENIGN,BACKGROUND_BENIGN
TX-N-09402,TRANSACTION,BENIGN,BACKGROUND_BENIGN
TX-N-09403,TRANSACTION,BENIGN,BACKGROUND_BENIGN
TX-N-09404,TRANSACTION,BENIGN,BACKGROUND_BENIGN
TX-N-09405,TRANSACTION,BENIGN,BACKGROUND_BENIGN
TX-N-09406,TRANSACTION,BENIGN,BACKGROUND_BENIGN
TX-N-09407,TRANSACTION,BENIGN,BACKGROUND_BENIGN
TX-N-09408,TRANSACTION,BENIGN,BACKGROUND_BENIGN
TX-N-09409,TRANSACTION,BENIGN,BACKGROUND_BENIGN
TX-N-09410,TRANSACTION,BENIGN,BACKGROUND_BENIGN
TX-N-09411,TRANSACTION,BENIGN,BACKGROUND_BENIGN
TX-N-09412,TRANSACTION,BENIGN,BACKGROUND_BENIGN
TX-N-09413,TRANSACTION,BENIGN,BACKGROUND_BENIGN
TX-N-09414,TRANSACTION,BENIGN,BACKGROUND_BENIGN
TX-N-09415,TRANSACTION,BENIGN,BACKGROUND_BENIGN
TX-N-09416,TRANSACTION,BENIGN,BACKGROUND_BENIGN
TX-N-09417,TRANSACTION,BENIGN,BACKGROUND_BENIGN
TX-N-09418,TRANSACTION,BENIGN,BACKGROUND_BENIGN
TX-N-09419,TRANSACTION,BENIGN,BACKGROUND_BENIGN
TX-N-09420,TRANSACTION,BENIGN,BACKGROUND_BENIGN
TX-N-09421,TRANSACTION,BENIGN,BACKGROUND_BENIGN
TX-N-09422,TRANSACTION,BENIGN,BACKGROUND_BENIGN
TX-N-09423,TRANSACTION,BENIGN,BACKGROUND_BENIGN
TX-N-09424,TRANSACTION,BENIGN,BACKGROUND_BENIGN
TX-N-09425,TRANSACTION,BENIGN,BACKGROUND_BENIGN
TX-N-09426,TRANSACTION,BENIGN,BACKGROUND_BENIGN
TX-N-09427,TRANSACTION,BENIGN,BACKGROUND_BENIGN
TX-N-09428,TRANSACTION,BENIGN,BACKGROUND_BENIGN
TX-N-09429,TRANSACTION,BENIGN,BACKGROUND_BENIGN
TX-N-09430,TRANSACTION,BENIGN,BACKGROUND_BENIGN
TX-N-09431,TRANSACTION,BENIGN,BACKGROUND_BENIGN
TX-N-09432,TRANSACTION,BENIGN,BACKGROUND_BENIGN
TX-N-09433,TRANSACTION,BENIGN,BACKGROUND_BENIGN
TX-N-09434,TRANSACTION,BENIGN,BACKGROUND_BENIGN
TX-N-09435,TRANSACTION,BENIGN,BACKGROUND_BENIGN
TX-N-09436,TRANSACTION,BENIGN,BACKGROUND_BENIGN
TX-N-09437,TRANSACTION,BENIGN,BACKGROUND_BENIGN
TX-N-09438,TRANSACTION,BENIGN,BACKGROUND_BENIGN
TX-N-09439,TRANSACTION,BENIGN,BACKGROUND_BENIGN
TX-N-09440,TRANSACTION,BENIGN,BACKGROUND_BENIGN
TX-N-09441,TRANSACTION,BENIGN,BACKGROUND_BENIGN
TX-N-09442,TRANSACTION,BENIGN,BACKGROUND_BENIGN
TX-N-09443,TRANSACTION,BENIGN,BACKGROUND_BENIGN
TX-N-09444,TRANSACTION,BENIGN,BACKGROUND_BENIGN
TX-N-09445,TRANSACTION,BENIGN,BACKGROUND_BENIGN
TX-N-09446,TRANSACTION,BENIGN,BACKGROUND_BENIGN
TX-N-09447,TRANSACTION,BENIGN,BACKGROUND_BENIGN
TX-N-09448,TRANSACTION,BENIGN,BACKGROUND_BENIGN
TX-N-09449,TRANSACTION,BENIGN,BACKGROUND_BENIGN
TX-N-09450,TRANSACTION,BENIGN,BACKGROUND_BENIGN
TX-N-09451,TRANSACTION,BENIGN,BACKGROUND_BENIGN
TX-N-09452,TRANSACTION,BENIGN,BACKGROUND_BENIGN
TX-N-09453,TRANSACTION,BENIGN,BACKGROUND_BENIGN
TX-N-09454,TRANSACTION,BENIGN,BACKGROUND_BENIGN
TX-N-09455,TRANSACTION,BENIGN,BACKGROUND_BENIGN
TX-N-09456,TRANSACTION,BENIGN,BACKGROUND_BENIGN
TX-N-09457,TRANSACTION,BENIGN,BACKGROUND_BENIGN
TX-N-09458,TRANSACTION,BENIGN,BACKGROUND_BENIGN
TX-N-09459,TRANSACTION,BENIGN,BACKGROUND_BENIGN
TX-N-09460,TRANSACTION,BENIGN,BACKGROUND_BENIGN
TX-N-09461,TRANSACTION,BENIGN,BACKGROUND_BENIGN
TX-N-09462,TRANSACTION,BENIGN,BACKGROUND_BENIGN
TX-N-09463,TRANSACTION,BENIGN,BACKGROUND_BENIGN
TX-N-09464,TRANSACTION,BENIGN,BACKGROUND_BENIGN
TX-N-09465,TRANSACTION,BENIGN,BACKGROUND_BENIGN
TX-N-09466,TRANSACTION,BENIGN,BACKGROUND_BENIGN
TX-N-09467,TRANSACTION,BENIGN,BACKGROUND_BENIGN
TX-N-09468,TRANSACTION,BENIGN,BACKGROUND_BENIGN
TX-N-09469,TRANSACTION,BENIGN,BACKGROUND_BENIGN
TX-N-09470,TRANSACTION,BENIGN,BACKGROUND_BENIGN
TX-N-09471,TRANSACTION,BENIGN,BACKGROUND_BENIGN
TX-N-09472,TRANSACTION,BENIGN,BACKGROUND_BENIGN
TX-N-09473,TRANSACTION,BENIGN,BACKGROUND_BENIGN
TX-N-09474,TRANSACTION,BENIGN,BACKGROUND_BENIGN
TX-N-09475,TRANSACTION,BENIGN,BACKGROUND_BENIGN
TX-N-09476,TRANSACTION,BENIGN,BACKGROUND_BENIGN
TX-N-09477,TRANSACTION,BENIGN,BACKGROUND_BENIGN
TX-N-09478,TRANSACTION,BENIGN,BACKGROUND_BENIGN
TX-N-09479,TRANSACTION,BENIGN,BACKGROUND_BENIGN
TX-N-09480,TRANSACTION,BENIGN,BACKGROUND_BENIGN
TX-N-09481,TRANSACTION,BENIGN,BACKGROUND_BENIGN
TX-N-09482,TRANSACTION,BENIGN,BACKGROUND_BENIGN
TX-N-09483,TRANSACTION,BENIGN,BACKGROUND_BENIGN
TX-N-09484,TRANSACTION,BENIGN,BACKGROUND_BENIGN
TX-N-09485,TRANSACTION,BENIGN,BACKGROUND_BENIGN
TX-N-09486,TRANSACTION,BENIGN,BACKGROUND_BENIGN
TX-N-09487,TRANSACTION,BENIGN,BACKGROUND_BENIGN
TX-N-09488,TRANSACTION,BENIGN,BACKGROUND_BENIGN
TX-N-09489,TRANSACTION,BENIGN,BACKGROUND_BENIGN
TX-N-09490,TRANSACTION,BENIGN,BACKGROUND_BENIGN
TX-N-09491,TRANSACTION,BENIGN,BACKGROUND_BENIGN
TX-N-09492,TRANSACTION,BENIGN,BACKGROUND_BENIGN
TX-N-09493,TRANSACTION,BENIGN,BACKGROUND_BENIGN
TX-N-09494,TRANSACTION,BENIGN,BACKGROUND_BENIGN
TX-N-09495,TRANSACTION,BENIGN,BACKGROUND_BENIGN
TX-N-09496,TRANSACTION,BENIGN,BACKGROUND_BENIGN
TX-N-09497,TRANSACTION,BENIGN,BACKGROUND_BENIGN
TX-N-09498,TRANSACTION,BENIGN,BACKGROUND_BENIGN
TX-N-09499,TRANSACTION,BENIGN,BACKGROUND_BENIGN
TX-N-09500,TRANSACTION,BENIGN,BACKGROUND_BENIGN
TX-N-09501,TRANSACTION,BENIGN,BACKGROUND_BENIGN
TX-N-09502,TRANSACTION,BENIGN,BACKGROUND_BENIGN
TX-N-09503,TRANSACTION,BENIGN,BACKGROUND_BENIGN
TX-N-09504,TRANSACTION,BENIGN,BACKGROUND_BENIGN
TX-N-09505,TRANSACTION,BENIGN,BACKGROUND_BENIGN
TX-N-09506,TRANSACTION,BENIGN,BACKGROUND_BENIGN
TX-N-09507,TRANSACTION,BENIGN,BACKGROUND_BENIGN
TX-N-09508,TRANSACTION,BENIGN,BACKGROUND_BENIGN
TX-N-09509,TRANSACTION,BENIGN,BACKGROUND_BENIGN
TX-N-09510,TRANSACTION,BENIGN,BACKGROUND_BENIGN
TX-N-09511,TRANSACTION,BENIGN,BACKGROUND_BENIGN
TX-N-09512,TRANSACTION,BENIGN,BACKGROUND_BENIGN
TX-N-09513,TRANSACTION,BENIGN,BACKGROUND_BENIGN
TX-N-09514,TRANSACTION,BENIGN,BACKGROUND_BENIGN
TX-N-09515,TRANSACTION,BENIGN,BACKGROUND_BENIGN
TX-N-09516,TRANSACTION,BENIGN,BACKGROUND_BENIGN
TX-N-09517,TRANSACTION,BENIGN,BACKGROUND_BENIGN
TX-N-09518,TRANSACTION,BENIGN,BACKGROUND_BENIGN
TX-N-09519,TRANSACTION,BENIGN,BACKGROUND_BENIGN
TX-N-09520,TRANSACTION,BENIGN,BACKGROUND_BENIGN
TX-N-09521,TRANSACTION,BENIGN,BACKGROUND_BENIGN
TX-N-09522,TRANSACTION,BENIGN,BACKGROUND_BENIGN
TX-N-09523,TRANSACTION,BENIGN,BACKGROUND_BENIGN
TX-N-09524,TRANSACTION,BENIGN,BACKGROUND_BENIGN
TX-N-09525,TRANSACTION,BENIGN,BACKGROUND_BENIGN
TX-N-09526,TRANSACTION,BENIGN,BACKGROUND_BENIGN
TX-N-09527,TRANSACTION,BENIGN,BACKGROUND_BENIGN
TX-N-09528,TRANSACTION,BENIGN,BACKGROUND_BENIGN
TX-N-09529,TRANSACTION,BENIGN,BACKGROUND_BENIGN
TX-N-09530,TRANSACTION,BENIGN,BACKGROUND_BENIGN
TX-N-09531,TRANSACTION,BENIGN,BACKGROUND_BENIGN
TX-N-09532,TRANSACTION,BENIGN,BACKGROUND_BENIGN
TX-N-09533,TRANSACTION,BENIGN,BACKGROUND_BENIGN
TX-N-09534,TRANSACTION,BENIGN,BACKGROUND_BENIGN
TX-N-09535,TRANSACTION,BENIGN,BACKGROUND_BENIGN
TX-N-09536,TRANSACTION,BENIGN,BACKGROUND_BENIGN
TX-N-09537,TRANSACTION,BENIGN,BACKGROUND_BENIGN
TX-N-09538,TRANSACTION,BENIGN,BACKGROUND_BENIGN
TX-N-09539,TRANSACTION,BENIGN,BACKGROUND_BENIGN
TX-N-09540,TRANSACTION,BENIGN,BACKGROUND_BENIGN
TX-N-09541,TRANSACTION,BENIGN,BACKGROUND_BENIGN
TX-N-09542,TRANSACTION,BENIGN,BACKGROUND_BENIGN
TX-N-09543,TRANSACTION,BENIGN,BACKGROUND_BENIGN
TX-N-09544,TRANSACTION,BENIGN,BACKGROUND_BENIGN
TX-N-09545,TRANSACTION,BENIGN,BACKGROUND_BENIGN
TX-N-09546,TRANSACTION,BENIGN,BACKGROUND_BENIGN
TX-N-09547,TRANSACTION,BENIGN,BACKGROUND_BENIGN
TX-N-09548,TRANSACTION,BENIGN,BACKGROUND_BENIGN
TX-N-09549,TRANSACTION,BENIGN,BACKGROUND_BENIGN
TX-N-09550,TRANSACTION,BENIGN,BACKGROUND_BENIGN
TX-N-09551,TRANSACTION,BENIGN,BACKGROUND_BENIGN
TX-N-09552,TRANSACTION,BENIGN,BACKGROUND_BENIGN
TX-N-09553,TRANSACTION,BENIGN,BACKGROUND_BENIGN
TX-N-09554,TRANSACTION,BENIGN,BACKGROUND_BENIGN
TX-N-09555,TRANSACTION,BENIGN,BACKGROUND_BENIGN
TX-N-09556,TRANSACTION,BENIGN,BACKGROUND_BENIGN
TX-N-09557,TRANSACTION,BENIGN,BACKGROUND_BENIGN
TX-N-09558,TRANSACTION,BENIGN,BACKGROUND_BENIGN
TX-N-09559,TRANSACTION,BENIGN,BACKGROUND_BENIGN
TX-N-09560,TRANSACTION,BENIGN,BACKGROUND_BENIGN
TX-N-09561,TRANSACTION,BENIGN,BACKGROUND_BENIGN
TX-N-09562,TRANSACTION,BENIGN,BACKGROUND_BENIGN
TX-N-09563,TRANSACTION,BENIGN,BACKGROUND_BENIGN
TX-N-09564,TRANSACTION,BENIGN,BACKGROUND_BENIGN
TX-N-09565,TRANSACTION,BENIGN,BACKGROUND_BENIGN
TX-N-09566,TRANSACTION,BENIGN,BACKGROUND_BENIGN
TX-N-09567,TRANSACTION,BENIGN,BACKGROUND_BENIGN
TX-N-09568,TRANSACTION,BENIGN,BACKGROUND_BENIGN
TX-N-09569,TRANSACTION,BENIGN,BACKGROUND_BENIGN
TX-N-09570,TRANSACTION,BENIGN,BACKGROUND_BENIGN
TX-N-09571,TRANSACTION,BENIGN,BACKGROUND_BENIGN
TX-N-09572,TRANSACTION,BENIGN,BACKGROUND_BENIGN
TX-N-09573,TRANSACTION,BENIGN,BACKGROUND_BENIGN
TX-N-09574,TRANSACTION,BENIGN,BACKGROUND_BENIGN
TX-N-09575,TRANSACTION,BENIGN,BACKGROUND_BENIGN
TX-N-09576,TRANSACTION,BENIGN,BACKGROUND_BENIGN
TX-N-09577,TRANSACTION,BENIGN,BACKGROUND_BENIGN
TX-N-09578,TRANSACTION,BENIGN,BACKGROUND_BENIGN
TX-N-09579,TRANSACTION,BENIGN,BACKGROUND_BENIGN
TX-N-09580,TRANSACTION,BENIGN,BACKGROUND_BENIGN
TX-N-09581,TRANSACTION,BENIGN,BACKGROUND_BENIGN
TX-N-09582,TRANSACTION,BENIGN,BACKGROUND_BENIGN
TX-N-09583,TRANSACTION,BENIGN,BACKGROUND_BENIGN
TX-N-09584,TRANSACTION,BENIGN,BACKGROUND_BENIGN
TX-N-09585,TRANSACTION,BENIGN,BACKGROUND_BENIGN
TX-N-09586,TRANSACTION,BENIGN,BACKGROUND_BENIGN
TX-N-09587,TRANSACTION,BENIGN,BACKGROUND_BENIGN
TX-N-09588,TRANSACTION,BENIGN,BACKGROUND_BENIGN
TX-N-09589,TRANSACTION,BENIGN,BACKGROUND_BENIGN
TX-N-09590,TRANSACTION,BENIGN,BACKGROUND_BENIGN
TX-N-09591,TRANSACTION,BENIGN,BACKGROUND_BENIGN
TX-N-09592,TRANSACTION,BENIGN,BACKGROUND_BENIGN
TX-N-09593,TRANSACTION,BENIGN,BACKGROUND_BENIGN
TX-N-09594,TRANSACTION,BENIGN,BACKGROUND_BENIGN
TX-N-09595,TRANSACTION,BENIGN,BACKGROUND_BENIGN
TX-N-09596,TRANSACTION,BENIGN,BACKGROUND_BENIGN
TX-N-09597,TRANSACTION,BENIGN,BACKGROUND_BENIGN
TX-N-09598,TRANSACTION,BENIGN,BACKGROUND_BENIGN
TX-N-09599,TRANSACTION,BENIGN,BACKGROUND_BENIGN
TX-N-09600,TRANSACTION,BENIGN,BACKGROUND_BENIGN
TX-N-09601,TRANSACTION,BENIGN,BACKGROUND_BENIGN
TX-N-09602,TRANSACTION,BENIGN,BACKGROUND_BENIGN
TX-N-09603,TRANSACTION,BENIGN,BACKGROUND_BENIGN
TX-N-09604,TRANSACTION,BENIGN,BACKGROUND_BENIGN
TX-N-09605,TRANSACTION,BENIGN,BACKGROUND_BENIGN
TX-N-09606,TRANSACTION,BENIGN,BACKGROUND_BENIGN
TX-N-09607,TRANSACTION,BENIGN,BACKGROUND_BENIGN
TX-N-09608,TRANSACTION,BENIGN,BACKGROUND_BENIGN
TX-N-09609,TRANSACTION,BENIGN,BACKGROUND_BENIGN
TX-N-09610,TRANSACTION,BENIGN,BACKGROUND_BENIGN
TX-N-09611,TRANSACTION,BENIGN,BACKGROUND_BENIGN
TX-N-09612,TRANSACTION,BENIGN,BACKGROUND_BENIGN
TX-N-09613,TRANSACTION,BENIGN,BACKGROUND_BENIGN
TX-N-09614,TRANSACTION,BENIGN,BACKGROUND_BENIGN
TX-N-09615,TRANSACTION,BENIGN,BACKGROUND_BENIGN
TX-N-09616,TRANSACTION,BENIGN,BACKGROUND_BENIGN
TX-N-09617,TRANSACTION,BENIGN,BACKGROUND_BENIGN
TX-N-09618,TRANSACTION,BENIGN,BACKGROUND_BENIGN
TX-N-09619,TRANSACTION,BENIGN,BACKGROUND_BENIGN
TX-N-09620,TRANSACTION,BENIGN,BACKGROUND_BENIGN
TX-N-09621,TRANSACTION,BENIGN,BACKGROUND_BENIGN
TX-N-09622,TRANSACTION,BENIGN,BACKGROUND_BENIGN
TX-N-09623,TRANSACTION,BENIGN,BACKGROUND_BENIGN
TX-N-09624,TRANSACTION,BENIGN,BACKGROUND_BENIGN
TX-N-09625,TRANSACTION,BENIGN,BACKGROUND_BENIGN
TX-N-09626,TRANSACTION,BENIGN,BACKGROUND_BENIGN
TX-N-09627,TRANSACTION,BENIGN,BACKGROUND_BENIGN
TX-N-09628,TRANSACTION,BENIGN,BACKGROUND_BENIGN
TX-N-09629,TRANSACTION,BENIGN,BACKGROUND_BENIGN
TX-N-09630,TRANSACTION,BENIGN,BACKGROUND_BENIGN
TX-N-09631,TRANSACTION,BENIGN,BACKGROUND_BENIGN
TX-N-09632,TRANSACTION,BENIGN,BACKGROUND_BENIGN
TX-N-09633,TRANSACTION,BENIGN,BACKGROUND_BENIGN
TX-N-09634,TRANSACTION,BENIGN,BACKGROUND_BENIGN
TX-N-09635,TRANSACTION,BENIGN,BACKGROUND_BENIGN
TX-N-09636,TRANSACTION,BENIGN,BACKGROUND_BENIGN
TX-N-09637,TRANSACTION,BENIGN,BACKGROUND_BENIGN
TX-N-09638,TRANSACTION,BENIGN,BACKGROUND_BENIGN
TX-N-09639,TRANSACTION,BENIGN,BACKGROUND_BENIGN
TX-N-09640,TRANSACTION,BENIGN,BACKGROUND_BENIGN
TX-N-09641,TRANSACTION,BENIGN,BACKGROUND_BENIGN
TX-N-09642,TRANSACTION,BENIGN,BACKGROUND_BENIGN
TX-N-09643,TRANSACTION,BENIGN,BACKGROUND_BENIGN
TX-N-09644,TRANSACTION,BENIGN,BACKGROUND_BENIGN
TX-N-09645,TRANSACTION,BENIGN,BACKGROUND_BENIGN
TX-N-09646,TRANSACTION,BENIGN,BACKGROUND_BENIGN
TX-N-09647,TRANSACTION,BENIGN,BACKGROUND_BENIGN
TX-N-09648,TRANSACTION,BENIGN,BACKGROUND_BENIGN
TX-N-09649,TRANSACTION,BENIGN,BACKGROUND_BENIGN
TX-N-09650,TRANSACTION,BENIGN,BACKGROUND_BENIGN
TX-N-09651,TRANSACTION,BENIGN,BACKGROUND_BENIGN
TX-N-09652,TRANSACTION,BENIGN,BACKGROUND_BENIGN
TX-N-09653,TRANSACTION,BENIGN,BACKGROUND_BENIGN
TX-N-09654,TRANSACTION,BENIGN,BACKGROUND_BENIGN
TX-N-09655,TRANSACTION,BENIGN,BACKGROUND_BENIGN
TX-N-09656,TRANSACTION,BENIGN,BACKGROUND_BENIGN
TX-N-09657,TRANSACTION,BENIGN,BACKGROUND_BENIGN
TX-N-09658,TRANSACTION,BENIGN,BACKGROUND_BENIGN
TX-N-09659,TRANSACTION,BENIGN,BACKGROUND_BENIGN
TX-N-09660,TRANSACTION,BENIGN,BACKGROUND_BENIGN
TX-N-09661,TRANSACTION,BENIGN,BACKGROUND_BENIGN
TX-N-09662,TRANSACTION,BENIGN,BACKGROUND_BENIGN
TX-N-09663,TRANSACTION,BENIGN,BACKGROUND_BENIGN
TX-N-09664,TRANSACTION,BENIGN,BACKGROUND_BENIGN
TX-N-09665,TRANSACTION,BENIGN,BACKGROUND_BENIGN
TX-N-09666,TRANSACTION,BENIGN,BACKGROUND_BENIGN
TX-N-09667,TRANSACTION,BENIGN,BACKGROUND_BENIGN
TX-N-09668,TRANSACTION,BENIGN,BACKGROUND_BENIGN
TX-N-09669,TRANSACTION,BENIGN,BACKGROUND_BENIGN
TX-N-09670,TRANSACTION,BENIGN,BACKGROUND_BENIGN
TX-N-09671,TRANSACTION,BENIGN,BACKGROUND_BENIGN
TX-N-09672,TRANSACTION,BENIGN,BACKGROUND_BENIGN
TX-N-09673,TRANSACTION,BENIGN,BACKGROUND_BENIGN
TX-N-09674,TRANSACTION,BENIGN,BACKGROUND_BENIGN
TX-N-09675,TRANSACTION,BENIGN,BACKGROUND_BENIGN
TX-N-09676,TRANSACTION,BENIGN,BACKGROUND_BENIGN
TX-N-09677,TRANSACTION,BENIGN,BACKGROUND_BENIGN
TX-N-09678,TRANSACTION,BENIGN,BACKGROUND_BENIGN
TX-N-09679,TRANSACTION,BENIGN,BACKGROUND_BENIGN
TX-N-09680,TRANSACTION,BENIGN,BACKGROUND_BENIGN
TX-N-09681,TRANSACTION,BENIGN,BACKGROUND_BENIGN
TX-N-09682,TRANSACTION,BENIGN,BACKGROUND_BENIGN
