tx_id,sender_account,receiver_account,amount,timestamp,type
TX-A-001,ACC-A-DORMANT-001,EXT-A-120482,9500.0,2026-01-01T00:20:00+00:00,WIRE
TX-A-002,ACC-A-DORMANT-001,EXT-A-307484,9500.0,2026-01-01T00:40:00+00:00,WIRE
TX-A-003,ACC-A-DORMANT-001,EXT-A-867458,9500.0,2026-01-01T01:00:00+00:00,WIRE
TX-A-004,ACC-A-DORMANT-001,EXT-A-908166,9500.0,2026-01-01T01:20:00+00:00,WIRE
TX-B-001,ACC-B-A,ACC-B-B,245000.0,2026-01-01T16:00:00+00:00,INTERNAL_TRANSFER
TX-B-002,ACC-B-B,ACC-B-C,255000.0,2026-01-02T08:00:00+00:00,INTERNAL_TRANSFER
TX-B-003,ACC-B-C,ACC-B-A,195000.0,2026-01-03T00:00:00+00:00,INTERNAL_TRANSFER
TX-C-PAY-001,ACC-C-CORP,ACC-C-PAY-01,5250.0,2026-01-01T08:02:00+00:00,INTERNAL_TRANSFER
TX-C-PAY-002,ACC-C-CORP,ACC-C-PAY-02,5850.0,2026-01-01T08:04:00+00:00,INTERNAL_TRANSFER
TX-C-PAY-003,ACC-C-CORP,ACC-C-PAY-03,7500.0,2026-01-01T08:06:00+00:00,INTERNAL_TRANSFER
TX-C-PAY-004,ACC-C-CORP,ACC-C-PAY-04,3700.0,2026-01-01T08:08:00+00:00,INTERNAL_TRANSFER
TX-C-PAY-005,ACC-C-CORP,ACC-C-PAY-05,4250.0,2026-01-01T08:10:00+00:00,INTERNAL_TRANSFER
TX-C-PAY-006,ACC-C-CORP,ACC-C-PAY-06,7350.0,2026-01-01T08:12:00+00:00,INTERNAL_TRANSFER
TX-C-PAY-007,ACC-C-CORP,ACC-C-PAY-07,6450.0,2026-01-01T08:14:00+00:00,INTERNAL_TRANSFER
TX-C-PAY-008,ACC-C-CORP,ACC-C-PAY-08,3800.0,2026-01-01T08:16:00+00:00,INTERNAL_TRANSFER
TX-C-PAY-009,ACC-C-CORP,ACC-C-PAY-09,5100.0,2026-01-01T08:18:00+00:00,INTERNAL_TRANSFER
TX-C-PAY-010,ACC-C-CORP,ACC-C-PAY-10,7100.0,2026-01-01T08:20:00+00:00,INTERNAL_TRANSFER
TX-C-PAY-011,ACC-C-CORP,ACC-C-PAY-11,4900.0,2026-01-01T08:22:00+00:00,INTERNAL_TRANSFER
TX-C-PAY-012,ACC-C-CORP,ACC-C-PAY-12,6800.0,2026-01-01T08:24:00+00:00,INTERNAL_TRANSFER
TX-C-HNW-001,ACC-C-HNW-01,ACC-C-HNW-02,1200000.0,2026-01-02T00:00:00+00:00,WIRE
TX-C-HNW-002,ACC-C-HNW-02,ACC-C-HNW-03,1000000.0,2026-01-02T03:00:00+00:00,WIRE
TX-C-HNW-003,ACC-C-HNW-03,ACC-C-HNW-04,175000.0,2026-01-02T06:00:00+00:00,WIRE
TX-C-HNW-004,ACC-C-HNW-04,ACC-C-HNW-05,1075000.0,2026-01-02T09:00:00+00:00,WIRE
TX-C-HNW-005,ACC-C-HNW-05,ACC-C-HNW-06,1075000.0,2026-01-02T12:00:00+00:00,WIRE
TX-C-HNW-006,ACC-C-HNW-06,ACC-C-HNW-01,200000.0,2026-01-02T15:00:00+00:00,WIRE
TX-A-002-1,ACC-A-DORMANT-002,EXT-A-002-1,9500.0,2026-01-04T00:20:00+00:00,WIRE
TX-A-002-2,ACC-A-DORMANT-002,EXT-A-002-2,9500.0,2026-01-04T00:40:00+00:00,WIRE
TX-A-002-3,ACC-A-DORMANT-002,EXT-A-002-3,9500.0,2026-01-04T01:00:00+00:00,WIRE
TX-A-002-4,ACC-A-DORMANT-002,EXT-A-002-4,9500.0,2026-01-04T01:20:00+00:00,WIRE
TX-A-003-1,ACC-A-DORMANT-003,EXT-A-003-1,9500.0,2026-01-07T00:20:00+00:00,WIRE
TX-A-003-2,ACC-A-DORMANT-003,EXT-A-003-2,9500.0,2026-01-07T00:40:00+00:00,WIRE
TX-A-003-3,ACC-A-DORMANT-003,EXT-A-003-3,9500.0,2026-01-07T01:00:00+00:00,WIRE
TX-A-003-4,ACC-A-DORMANT-003,EXT-A-003-4,9500.0,2026-01-07T01:20:00+00:00,WIRE
TX-A-004-1,ACC-A-DORMANT-004,EXT-A-004-1,9500.0,2026-01-10T00:20:00+00:00,WIRE
TX-A-004-2,ACC-A-DORMANT-004,EXT-A-004-2,9500.0,2026-01-10T00:40:00+00:00,WIRE
TX-A-004-3,ACC-A-DORMANT-004,EXT-A-004-3,9500.0,2026-01-10T01:00:00+00:00,WIRE
TX-A-004-4,ACC-A-DORMANT-004,EXT-A-004-4,9500.0,2026-01-10T01:20:00+00:00,WIRE
TX-A-005-1,ACC-A-DORMANT-005,EXT-A-005-1,9500.0,2026-01-13T00:20:00+00:00,WIRE
TX-A-005-2,ACC-A-DORMANT-005,EXT-A-005-2,9500.0,2026-01-13T00:40:00+00:00,WIRE
TX-A-005-3,ACC-A-DORMANT-005,EXT-A-005-3,9500.0,2026-01-13T01:00:00+00:00,WIRE
TX-A-005-4,ACC-A-DORMANT-005,EXT-A-005-4,9500.0,2026-01-13T01:20:00+00:00,WIRE
TX-A-006-1,ACC-A-DORMANT-006,EXT-A-006-1,9500.0,2026-01-16T00:20:00+00:00,WIRE
TX-A-006-2,ACC-A-DORMANT-006,EXT-A-006-2,9500.0,2026-01-16T00:40:00+00:00,WIRE
TX-A-006-3,ACC-A-DORMANT-006,EXT-A-006-3,9500.0,2026-01-16T01:00:00+00:00,WIRE
TX-A-006-4,ACC-A-DORMANT-006,EXT-A-006-4,9500.0,2026-01-16T01:20:00+00:00,WIRE
TX-A-007-1,ACC-A-DORMANT-007,EXT-A-007-1,9500.0,2026-01-19T00:20:00+00:00,WIRE
TX-A-007-2,ACC-A-DORMANT-007,EXT-A-007-2,9500.0,2026-01-19T00:40:00+00:00,WIRE
TX-A-007-3,ACC-A-DORMANT-007,EXT-A-007-3,9500.0,2026-01-19T01:00:00+00:00,WIRE
TX-A-007-4,ACC-A-DORMANT-007,EXT-A-007-4,9500.0,2026-01-19T01:20:00+00:00,WIRE
TX-A-008-1,ACC-A-DORMANT-008,EXT-A-008-1,9500.0,2026-01-22T00:20:00+00:00,WIRE
TX-A-008-2,ACC-A-DORMANT-008,EXT-A-008-2,9500.0,2026-01-22T00:40:00+00:00,WIRE
TX-A-008-3,ACC-A-DORMANT-008,EXT-A-008-3,9500.0,2026-01-22T01:00:00+00:00,WIRE
TX-A-008-4,ACC-A-DORMANT-008,EXT-A-008-4,9500.0,2026-01-22T01:20:00+00:00,WIRE
TX-A-009-1,ACC-A-DORMANT-009,EXT-A-009-1,9500.0,2026-01-25T00:20:00+00:00,WIRE
TX-A-009-2,ACC-A-DORMANT-009,EXT-A-009-2,9500.0,2026-01-25T00:40:00+00:00,WIRE
TX-A-009-3,ACC-A-DORMANT-009,EXT-A-009-3,9500.0,2026-01-25T01:00:00+00:00,WIRE
TX-A-009-4,ACC-A-DORMANT-009,EXT-A-009-4,9500.0,2026-01-25T01:20:00+00:00,WIRE
TX-A-010-1,ACC-A-DORMANT-010,EXT-A-010-1,9500.0,2026-01-28T00:20:00+00:00,WIRE
TX-A-010-2,ACC-A-DORMANT-010,EXT-A-010-2,9500.0,2026-01-28T00:40:00+00:00,WIRE
TX-A-010-3,ACC-A-DORMANT-010,EXT-A-010-3,9500.0,2026-01-28T01:00:00+00:00,WIRE
TX-A-010-4,ACC-A-DORMANT-010,EXT-A-010-4,9500.0,2026-01-28T01:20:00+00:00,WIRE
TX-A-011-1,ACC-A-DORMANT-011,EXT-A-011-1,9500.0,2026-01-31T00:20:00+00:00,WIRE
TX-A-011-2,ACC-A-DORMANT-011,EXT-A-011-2,9500.0,2026-01-31T00:40:00+00:00,WIRE
TX-A-011-3,ACC-A-DORMANT-011,EXT-A-011-3,9500.0,2026-01-31T01:00:00+00:00,WIRE
TX-A-011-4,ACC-A-DORMANT-011,EXT-A-011-4,9500.0,2026-01-31T01:20:00+00:00,WIRE
TX-A-012-1,ACC-A-DORMANT-012,EXT-A-012-1,9500.0,2026-02-03T00:20:00+00:00,WIRE
TX-A-012-2,ACC-A-DORMANT-012,EXT-A-012-2,9500.0,2026-02-03T00:40:00+00:00,WIRE
TX-A-012-3,ACC-A-DORMANT-012,EXT-A-012-3,9500.0,2026-02-03T01:00:00+00:00,WIRE
TX-A-012-4,ACC-A-DORMANT-012,EXT-A-012-4,9500.0,2026-02-03T01:20:00+00:00,WIRE
TX-A-013-1,ACC-A-DORMANT-013,EXT-A-013-1,9500.0,2026-02-06T00:20:00+00:00,WIRE
TX-A-013-2,ACC-A-DORMANT-013,EXT-A-013-2,9500.0,2026-02-06T00:40:00+00:00,WIRE
TX-A-013-3,ACC-A-DORMANT-013,EXT-A-013-3,9500.0,2026-02-06T01:00:00+00:00,WIRE
TX-A-013-4,ACC-A-DORMANT-013,EXT-A-013-4,9500.0,2026-02-06T01:20:00+00:00,WIRE
TX-A-014-1,ACC-A-DORMANT-014,EXT-A-014-1,9500.0,2026-02-09T00:20:00+00:00,WIRE
TX-A-014-2,ACC-A-DORMANT-014,EXT-A-014-2,9500.0,2026-02-09T00:40:00+00:00,WIRE
TX-A-014-3,ACC-A-DORMANT-014,EXT-A-014-3,9500.0,2026-02-09T01:00:00+00:00,WIRE
TX-A-014-4,ACC-A-DORMANT-014,EXT-A-014-4,9500.0,2026-02-09T01:20:00+00:00,WIRE
TX-A-015-1,ACC-A-DORMANT-015,EXT-A-015-1,9500.0,2026-02-12T00:20:00+00:00,WIRE
TX-A-015-2,ACC-A-DORMANT-015,EXT-A-015-2,9500.0,2026-02-12T00:40:00+00:00,WIRE
TX-A-015-3,ACC-A-DORMANT-015,EXT-A-015-3,9500.0,2026-02-12T01:00:00+00:00,WIRE
TX-A-015-4,ACC-A-DORMANT-015,EXT-A-015-4,9500.0,2026-02-12T01:20:00+00:00,WIRE
TX-A-016-1,ACC-A-DORMANT-016,EXT-A-016-1,9500.0,2026-02-15T00:20:00+00:00,WIRE
TX-A-016-2,ACC-A-DORMANT-016,EXT-A-016-2,9500.0,2026-02-15T00:40:00+00:00,WIRE
TX-A-016-3,ACC-A-DORMANT-016,EXT-A-016-3,9500.0,2026-02-15T01:00:00+00:00,WIRE
TX-A-016-4,ACC-A-DORMANT-016,EXT-A-016-4,9500.0,2026-02-15T01:20:00+00:00,WIRE
TX-A-017-1,ACC-A-DORMANT-017,EXT-A-017-1,9500.0,2026-02-18T00:20:00+00:00,WIRE
TX-A-017-2,ACC-A-DORMANT-017,EXT-A-017-2,9500.0,2026-02-18T00:40:00+00:00,WIRE
TX-A-017-3,ACC-A-DORMANT-017,EXT-A-017-3,9500.0,2026-02-18T01:00:00+00:00,WIRE
TX-A-017-4,ACC-A-DORMANT-017,EXT-A-017-4,9500.0,2026-02-18T01:20:00+00:00,WIRE
TX-A-018-1,ACC-A-DORMANT-018,EXT-A-018-1,9500.0,2026-02-21T00:20:00+00:00,WIRE
TX-A-018-2,ACC-A-DORMANT-018,EXT-A-018-2,9500.0,2026-02-21T00:40:00+00:00,WIRE
TX-A-018-3,ACC-A-DORMANT-018,EXT-A-018-3,9500.0,2026-02-21T01:00:00+00:00,WIRE
TX-A-018-4,ACC-A-DORMANT-018,EXT-A-018-4,9500.0,2026-02-21T01:20:00+00:00,WIRE
TX-A-019-1,ACC-A-DORMANT-019,EXT-A-019-1,9500.0,2026-02-24T00:20:00+00:00,WIRE
TX-A-019-2,ACC-A-DORMANT-019,EXT-A-019-2,9500.0,2026-02-24T00:40:00+00:00,WIRE
TX-A-019-3,ACC-A-DORMANT-019,EXT-A-019-3,9500.0,2026-02-24T01:00:00+00:00,WIRE
TX-A-019-4,ACC-A-DORMANT-019,EXT-A-019-4,9500.0,2026-02-24T01:20:00+00:00,WIRE
TX-A-020-1,ACC-A-DORMANT-020,EXT-A-020-1,9500.0,2026-02-27T00:20:00+00:00,WIRE
TX-A-020-2,ACC-A-DORMANT-020,EXT-A-020-2,9500.0,2026-02-27T00:40:00+00:00,WIRE
TX-A-020-3,ACC-A-DORMANT-020,EXT-A-020-3,9500.0,2026-02-27T01:00:00+00:00,WIRE
TX-A-020-4,ACC-A-DORMANT-020,EXT-A-020-4,9500.0,2026-02-27T01:20:00+00:00,WIRE
TX-A-021-1,ACC-A-DORMANT-021,EXT-A-021-1,9500.0,2026-03-02T00:20:00+00:00,WIRE
TX-A-021-2,ACC-A-DORMANT-021,EXT-A-021-2,9500.0,2026-03-02T00:40:00+00:00,WIRE
TX-A-021-3,ACC-A-DORMANT-021,EXT-A-021-3,9500.0,2026-03-02T01:00:00+00:00,WIRE
TX-A-021-4,ACC-A-DORMANT-021,EXT-A-021-4,9500.0,2026-03-02T01:20:00+00:00,WIRE
TX-A-022-1,ACC-A-DORMANT-022,EXT-A-022-1,9500.0,2026-03-05T00:20:00+00:00,WIRE
TX-A-022-2,ACC-A-DORMANT-022,EXT-A-022-2,9500.0,2026-03-05T00:40:00+00:00,WIRE
TX-A-022-3,ACC-A-DORMANT-022,EXT-A-022-3,9500.0,2026-03-05T01:00:00+00:00,WIRE
TX-A-022-4,ACC-A-DORMANT-022,EXT-A-022-4,9500.0,2026-03-05T01:20:00+00:00,WIRE
TX-A-023-1,ACC-A-DORMANT-023,EXT-A-023-1,9500.0,2026-03-08T00:20:00+00:00,WIRE
TX-A-023-2,ACC-A-DORMANT-023,EXT-A-023-2,9500.0,2026-03-08T00:40:00+00:00,WIRE
TX-A-023-3,ACC-A-DORMANT-023,EXT-A-023-3,9500.0,2026-03-08T01:00:00+00:00,WIRE
TX-A-023-4,ACC-A-DORMANT-023,EXT-A-023-4,9500.0,2026-03-08T01:20:00+00:00,WIRE
TX-A-024-1,ACC-A-DORMANT-024,EXT-A-024-1,9500.0,2026-03-11T00:20:00+00:00,WIRE
TX-A-024-2,ACC-A-DORMANT-024,EXT-A-024-2,9500.0,2026-03-11T00:40:00+00:00,WIRE
TX-A-024-3,ACC-A-DORMANT-024,EXT-A-024-3,9500.0,2026-03-11T01:00:00+00:00,WIRE
TX-A-024-4,ACC-A-DORMANT-024,EXT-A-024-4,9500.0,2026-03-11T01:20:00+00:00,WIRE
TX-A-025-1,ACC-A-DORMANT-025,EXT-A-025-1,9500.0,2026-03-14T00:20:00+00:00,WIRE
TX-A-025-2,ACC-A-DORMANT-025,EXT-A-025-2,9500.0,2026-03-14T00:40:00+00:00,WIRE
TX-A-025-3,ACC-A-DORMANT-025,EXT-A-025-3,9500.0,2026-03-14T01:00:00+00:00,WIRE
TX-A-025-4,ACC-A-DORMANT-025,EXT-A-025-4,9500.0,2026-03-14T01:20:00+00:00,WIRE
TX-A-026-1,ACC-A-DORMANT-026,EXT-A-026-1,9500.0,2026-03-17T00:20:00+00:00,WIRE
TX-A-026-2,ACC-A-DORMANT-026,EXT-A-026-2,9500.0,2026-03-17T00:40:00+00:00,WIRE
TX-A-026-3,ACC-A-DORMANT-026,EXT-A-026-3,9500.0,2026-03-17T01:00:00+00:00,WIRE
TX-A-026-4,ACC-A-DORMANT-026,EXT-A-026-4,9500.0,2026-03-17T01:20:00+00:00,WIRE
TX-A-027-1,ACC-A-DORMANT-027,EXT-A-027-1,9500.0,2026-03-20T00:20:00+00:00,WIRE
TX-A-027-2,ACC-A-DORMANT-027,EXT-A-027-2,9500.0,2026-03-20T00:40:00+00:00,WIRE
TX-A-027-3,ACC-A-DORMANT-027,EXT-A-027-3,9500.0,2026-03-20T01:00:00+00:00,WIRE
TX-A-027-4,ACC-A-DORMANT-027,EXT-A-027-4,9500.0,2026-03-20T01:20:00+00:00,WIRE
TX-A-028-1,ACC-A-DORMANT-028,EXT-A-028-1,9500.0,2026-03-23T00:20:00+00:00,WIRE
TX-A-028-2,ACC-A-DORMANT-028,EXT-A-028-2,9500.0,2026-03-23T00:40:00+00:00,WIRE
TX-A-028-3,ACC-A-DORMANT-028,EXT-A-028-3,9500.0,2026-03-23T01:00:00+00:00,WIRE
TX-A-028-4,ACC-A-DORMANT-028,EXT-A-028-4,9500.0,2026-03-23T01:20:00+00:00,WIRE
TX-A-029-1,ACC-A-DORMANT-029,EXT-A-029-1,9500.0,2026-03-26T00:20:00+00:00,WIRE
TX-A-029-2,ACC-A-DORMANT-029,EXT-A-029-2,9500.0,2026-03-26T00:40:00+00:00,WIRE
TX-A-029-3,ACC-A-DORMANT-029,EXT-A-029-3,9500.0,2026-03-26T01:00:00+00:00,WIRE
TX-A-029-4,ACC-A-DORMANT-029,EXT-A-029-4,9500.0,2026-03-26T01:20:00+00:00,WIRE
TX-A-030-1,ACC-A-DORMANT-030,EXT-A-030-1,9500.0,2026-03-29T00:20:00+00:00,WIRE
TX-A-030-2,ACC-A-DORMANT-030,EXT-A-030-2,9500.0,2026-03-29T00:40:00+00:00,WIRE
TX-A-030-3,ACC-A-DORMANT-030,EXT-A-030-3,9500.0,2026-03-29T01:00:00+00:00,WIRE
TX-A-030-4,ACC-A-DORMANT-030,EXT-A-030-4,9500.0,2026-03-29T01:20:00+00:00,WIRE
TX-A-031-1,ACC-A-DORMANT-031,EXT-A-031-1,9500.0,2026-04-01T00:20:00+00:00,WIRE
TX-A-031-2,ACC-A-DORMANT-031,EXT-A-031-2,9500.0,2026-04-01T00:40:00+00:00,WIRE
TX-A-031-3,ACC-A-DORMANT-031,EXT-A-031-3,9500.0,2026-04-01T01:00:00+00:00,WIRE
TX-A-031-4,ACC-A-DORMANT-031,EXT-A-031-4,9500.0,2026-04-01T01:20:00+00:00,WIRE
TX-A-032-1,ACC-A-DORMANT-032,EXT-A-032-1,9500.0,2026-04-04T00:20:00+00:00,WIRE
TX-A-032-2,ACC-A-DORMANT-032,EXT-A-032-2,9500.0,2026-04-04T00:40:00+00:00,WIRE
TX-A-032-3,ACC-A-DORMANT-032,EXT-A-032-3,9500.0,2026-04-04T01:00:00+00:00,WIRE
TX-A-032-4,ACC-A-DORMANT-032,EXT-A-032-4,9500.0,2026-04-04T01:20:00+00:00,WIRE
TX-A-033-1,ACC-A-DORMANT-033,EXT-A-033-1,9500.0,2026-04-07T00:20:00+00:00,WIRE
TX-A-033-2,ACC-A-DORMANT-033,EXT-A-033-2,9500.0,2026-04-07T00:40:00+00:00,WIRE
TX-A-033-3,ACC-A-DORMANT-033,EXT-A-033-3,9500.0,2026-04-07T01:00:00+00:00,WIRE
TX-A-033-4,ACC-A-DORMANT-033,EXT-A-033-4,9500.0,2026-04-07T01:20:00+00:00,WIRE
TX-A-034-1,ACC-A-DORMANT-034,EXT-A-034-1,9500.0,2026-04-10T00:20:00+00:00,WIRE
TX-A-034-2,ACC-A-DORMANT-034,EXT-A-034-2,9500.0,2026-04-10T00:40:00+00:00,WIRE
TX-A-034-3,ACC-A-DORMANT-034,EXT-A-034-3,9500.0,2026-04-10T01:00:00+00:00,WIRE
TX-A-034-4,ACC-A-DORMANT-034,EXT-A-034-4,9500.0,2026-04-10T01:20:00+00:00,WIRE
TX-A-035-1,ACC-A-DORMANT-035,EXT-A-035-1,9500.0,2026-04-13T00:20:00+00:00,WIRE
TX-A-035-2,ACC-A-DORMANT-035,EXT-A-035-2,9500.0,2026-04-13T00:40:00+00:00,WIRE
TX-A-035-3,ACC-A-DORMANT-035,EXT-A-035-3,9500.0,2026-04-13T01:00:00+00:00,WIRE
TX-A-035-4,ACC-A-DORMANT-035,EXT-A-035-4,9500.0,2026-04-13T01:20:00+00:00,WIRE
TX-A-036-1,ACC-A-DORMANT-036,EXT-A-036-1,9500.0,2026-04-16T00:20:00+00:00,WIRE
TX-A-036-2,ACC-A-DORMANT-036,EXT-A-036-2,9500.0,2026-04-16T00:40:00+00:00,WIRE
TX-A-036-3,ACC-A-DORMANT-036,EXT-A-036-3,9500.0,2026-04-16T01:00:00+00:00,WIRE
TX-A-036-4,ACC-A-DORMANT-036,EXT-A-036-4,9500.0,2026-04-16T01:20:00+00:00,WIRE
TX-A-037-1,ACC-A-DORMANT-037,EXT-A-037-1,9500.0,2026-04-19T00:20:00+00:00,WIRE
TX-A-037-2,ACC-A-DORMANT-037,EXT-A-037-2,9500.0,2026-04-19T00:40:00+00:00,WIRE
TX-A-037-3,ACC-A-DORMANT-037,EXT-A-037-3,9500.0,2026-04-19T01:00:00+00:00,WIRE
TX-A-037-4,ACC-A-DORMANT-037,EXT-A-037-4,9500.0,2026-04-19T01:20:00+00:00,WIRE
TX-A-038-1,ACC-A-DORMANT-038,EXT-A-038-1,9500.0,2026-04-22T00:20:00+00:00,WIRE
TX-A-038-2,ACC-A-DORMANT-038,EXT-A-038-2,9500.0,2026-04-22T00:40:00+00:00,WIRE
TX-A-038-3,ACC-A-DORMANT-038,EXT-A-038-3,9500.0,2026-04-22T01:00:00+00:00,WIRE
TX-A-038-4,ACC-A-DORMANT-038,EXT-A-038-4,9500.0,2026-04-22T01:20:00+00:00,WIRE
TX-A-039-1,ACC-A-DORMANT-039,EXT-A-039-1,9500.0,2026-04-25T00:20:00+00:00,WIRE
TX-A-039-2,ACC-A-DORMANT-039,EXT-A-039-2,9500.0,2026-04-25T00:40:00+00:00,WIRE
TX-A-039-3,ACC-A-DORMANT-039,EXT-A-039-3,9500.0,2026-04-25T01:00:00+00:00,WIRE
TX-A-039-4,ACC-A-DORMANT-039,EXT-A-039-4,9500.0,2026-04-25T01:20:00+00:00,WIRE
TX-A-040-1,ACC-A-DORMANT-040,EXT-A-040-1,9500.0,2026-04-28T00:20:00+00:00,WIRE
TX-A-040-2,ACC-A-DORMANT-040,EXT-A-040-2,9500.0,2026-04-28T00:40:00+00:00,WIRE
TX-A-040-3,ACC-A-DORMANT-040,EXT-A-040-3,9500.0,2026-04-28T01:00:00+00:00,WIRE
TX-A-040-4,ACC-A-DORMANT-040,EXT-A-040-4,9500.0,2026-04-28T01:20:00+00:00,WIRE
TX-A-041-1,ACC-A-DORMANT-041,EXT-A-041-1,9500.0,2026-05-01T00:20:00+00:00,WIRE
TX-A-041-2,ACC-A-DORMANT-041,EXT-A-041-2,9500.0,2026-05-01T00:40:00+00:00,WIRE
TX-A-041-3,ACC-A-DORMANT-041,EXT-A-041-3,9500.0,2026-05-01T01:00:00+00:00,WIRE
TX-A-041-4,ACC-A-DORMANT-041,EXT-A-041-4,9500.0,2026-05-01T01:20:00+00:00,WIRE
TX-A-042-1,ACC-A-DORMANT-042,EXT-A-042-1,9500.0,2026-05-04T00:20:00+00:00,WIRE
TX-A-042-2,ACC-A-DORMANT-042,EXT-A-042-2,9500.0,2026-05-04T00:40:00+00:00,WIRE
TX-A-042-3,ACC-A-DORMANT-042,EXT-A-042-3,9500.0,2026-05-04T01:00:00+00:00,WIRE
TX-A-042-4,ACC-A-DORMANT-042,EXT-A-042-4,9500.0,2026-05-04T01:20:00+00:00,WIRE
TX-A-043-1,ACC-A-DORMANT-043,EXT-A-043-1,9500.0,2026-05-07T00:20:00+00:00,WIRE
TX-A-043-2,ACC-A-DORMANT-043,EXT-A-043-2,9500.0,2026-05-07T00:40:00+00:00,WIRE
TX-A-043-3,ACC-A-DORMANT-043,EXT-A-043-3,9500.0,2026-05-07T01:00:00+00:00,WIRE
TX-A-043-4,ACC-A-DORMANT-043,EXT-A-043-4,9500.0,2026-05-07T01:20:00+00:00,WIRE
TX-A-044-1,ACC-A-DORMANT-044,EXT-A-044-1,9500.0,2026-05-10T00:20:00+00:00,WIRE
TX-A-044-2,ACC-A-DORMANT-044,EXT-A-044-2,9500.0,2026-05-10T00:40:00+00:00,WIRE
TX-A-044-3,ACC-A-DORMANT-044,EXT-A-044-3,9500.0,2026-05-10T01:00:00+00:00,WIRE
TX-A-044-4,ACC-A-DORMANT-044,EXT-A-044-4,9500.0,2026-05-10T01:20:00+00:00,WIRE
TX-A-045-1,ACC-A-DORMANT-045,EXT-A-045-1,9500.0,2026-05-13T00:20:00+00:00,WIRE
TX-A-045-2,ACC-A-DORMANT-045,EXT-A-045-2,9500.0,2026-05-13T00:40:00+00:00,WIRE
TX-A-045-3,ACC-A-DORMANT-045,EXT-A-045-3,9500.0,2026-05-13T01:00:00+00:00,WIRE
TX-A-045-4,ACC-A-DORMANT-045,EXT-A-045-4,9500.0,2026-05-13T01:20:00+00:00,WIRE
TX-A-046-1,ACC-A-DORMANT-046,EXT-A-046-1,9500.0,2026-05-16T00:20:00+00:00,WIRE
TX-A-046-2,ACC-A-DORMANT-046,EXT-A-046-2,9500.0,2026-05-16T00:40:00+00:00,WIRE
TX-A-046-3,ACC-A-DORMANT-046,EXT-A-046-3,9500.0,2026-05-16T01:00:00+00:00,WIRE
TX-A-046-4,ACC-A-DORMANT-046,EXT-A-046-4,9500.0,2026-05-16T01:20:00+00:00,WIRE
TX-A-047-1,ACC-A-DORMANT-047,EXT-A-047-1,9500.0,2026-05-19T00:20:00+00:00,WIRE
TX-A-047-2,ACC-A-DORMANT-047,EXT-A-047-2,9500.0,2026-05-19T00:40:00+00:00,WIRE
TX-A-047-3,ACC-A-DORMANT-047,EXT-A-047-3,9500.0,2026-05-19T01:00:00+00:00,WIRE
TX-A-047-4,ACC-A-DORMANT-047,EXT-A-047-4,9500.0,2026-05-19T01:20:00+00:00,WIRE
TX-A-048-1,ACC-A-DORMANT-048,EXT-A-048-1,9500.0,2026-05-22T00:20:00+00:00,WIRE
TX-A-048-2,ACC-A-DORMANT-048,EXT-A-048-2,9500.0,2026-05-22T00:40:00+00:00,WIRE
TX-A-048-3,ACC-A-DORMANT-048,EXT-A-048-3,9500.0,2026-05-22T01:00:00+00:00,WIRE
TX-A-048-4,ACC-A-DORMANT-048,EXT-A-048-4,9500.0,2026-05-22T01:20:00+00:00,WIRE
TX-A-049-1,ACC-A-DORMANT-049,EXT-A-049-1,9500.0,2026-05-25T00:20:00+00:00,WIRE
TX-A-049-2,ACC-A-DORMANT-049,EXT-A-049-2,9500.0,2026-05-25T00:40:00+00:00,WIRE
TX-A-049-3,ACC-A-DORMANT-049,EXT-A-049-3,9500.0,2026-05-25T01:00:00+00:00,WIRE
TX-A-049-4,ACC-A-DORMANT-049,EXT-A-049-4,9500.0,2026-05-25T01:20:00+00:00,WIRE
TX-A-050-1,ACC-A-DORMANT-050,EXT-A-050-1,9500.0,2026-05-28T00:20:00+00:00,WIRE
TX-A-050-2,ACC-A-DORMANT-050,EXT-A-050-2,9500.0,2026-05-28T00:40:00+00:00,WIRE
TX-A-050-3,ACC-A-DORMANT-050,EXT-A-050-3,9500.0,2026-05-28T01:00:00+00:00,WIRE
TX-A-050-4,ACC-A-DORMANT-050,EXT-A-050-4,9500.0,2026-05-28T01:20:00+00:00,WIRE
TX-A-051-1,ACC-A-DORMANT-051,EXT-A-051-1,9500.0,2026-05-31T00:20:00+00:00,WIRE
TX-A-051-2,ACC-A-DORMANT-051,EXT-A-051-2,9500.0,2026-05-31T00:40:00+00:00,WIRE
TX-A-051-3,ACC-A-DORMANT-051,EXT-A-051-3,9500.0,2026-05-31T01:00:00+00:00,WIRE
TX-A-051-4,ACC-A-DORMANT-051,EXT-A-051-4,9500.0,2026-05-31T01:20:00+00:00,WIRE
TX-A-052-1,ACC-A-DORMANT-052,EXT-A-052-1,9500.0,2026-06-03T00:20:00+00:00,WIRE
TX-A-052-2,ACC-A-DORMANT-052,EXT-A-052-2,9500.0,2026-06-03T00:40:00+00:00,WIRE
TX-A-052-3,ACC-A-DORMANT-052,EXT-A-052-3,9500.0,2026-06-03T01:00:00+00:00,WIRE
TX-A-052-4,ACC-A-DORMANT-052,EXT-A-052-4,9500.0,2026-06-03T01:20:00+00:00,WIRE
TX-A-053-1,ACC-A-DORMANT-053,EXT-A-053-1,9500.0,2026-06-06T00:20:00+00:00,WIRE
TX-A-053-2,ACC-A-DORMANT-053,EXT-A-053-2,9500.0,2026-06-06T00:40:00+00:00,WIRE
TX-A-053-3,ACC-A-DORMANT-053,EXT-A-053-3,9500.0,2026-06-06T01:00:00+00:00,WIRE
TX-A-053-4,ACC-A-DORMANT-053,EXT-A-053-4,9500.0,2026-06-06T01:20:00+00:00,WIRE
TX-A-054-1,ACC-A-DORMANT-054,EXT-A-054-1,9500.0,2026-06-09T00:20:00+00:00,WIRE
TX-A-054-2,ACC-A-DORMANT-054,EXT-A-054-2,9500.0,2026-06-09T00:40:00+00:00,WIRE
TX-A-054-3,ACC-A-DORMANT-054,EXT-A-054-3,9500.0,2026-06-09T01:00:00+00:00,WIRE
TX-A-054-4,ACC-A-DORMANT-054,EXT-A-054-4,9500.0,2026-06-09T01:20:00+00:00,WIRE
TX-A-055-1,ACC-A-DORMANT-055,EXT-A-055-1,9500.0,2026-06-12T00:20:00+00:00,WIRE
TX-A-055-2,ACC-A-DORMANT-055,EXT-A-055-2,9500.0,2026-06-12T00:40:00+00:00,WIRE
TX-A-055-3,ACC-A-DORMANT-055,EXT-A-055-3,9500.0,2026-06-12T01:00:00+00:00,WIRE
TX-A-055-4,ACC-A-DORMANT-055,EXT-A-055-4,9500.0,2026-06-12T01:20:00+00:00,WIRE
TX-A-056-1,ACC-A-DORMANT-056,EXT-A-056-1,9500.0,2026-06-15T00:20:00+00:00,WIRE
TX-A-056-2,ACC-A-DORMANT-056,EXT-A-056-2,9500.0,2026-06-15T00:40:00+00:00,WIRE
TX-A-056-3,ACC-A-DORMANT-056,EXT-A-056-3,9500.0,2026-06-15T01:00:00+00:00,WIRE
TX-A-056-4,ACC-A-DORMANT-056,EXT-A-056-4,9500.0,2026-06-15T01:20:00+00:00,WIRE
TX-A-057-1,ACC-A-DORMANT-057,EXT-A-057-1,9500.0,2026-06-18T00:20:00+00:00,WIRE
TX-A-057-2,ACC-A-DORMANT-057,EXT-A-057-2,9500.0,2026-06-18T00:40:00+00:00,WIRE
TX-A-057-3,ACC-A-DORMANT-057,EXT-A-057-3,9500.0,2026-06-18T01:00:00+00:00,WIRE
TX-A-057-4,ACC-A-DORMANT-057,EXT-A-057-4,9500.0,2026-06-18T01:20:00+00:00,WIRE
TX-A-058-1,ACC-A-DORMANT-058,EXT-A-058-1,9500.0,2026-06-21T00:20:00+00:00,WIRE
TX-A-058-2,ACC-A-DORMANT-058,EXT-A-058-2,9500.0,2026-06-21T00:40:00+00:00,WIRE
TX-A-058-3,ACC-A-DORMANT-058,EXT-A-058-3,9500.0,2026-06-21T01:00:00+00:00,WIRE
TX-A-058-4,ACC-A-DORMANT-058,EXT-A-058-4,9500.0,2026-06-21T01:20:00+00:00,WIRE
TX-A-059-1,ACC-A-DORMANT-059,EXT-A-059-1,9500.0,2026-06-24T00:20:00+00:00,WIRE
TX-A-059-2,ACC-A-DORMANT-059,EXT-A-059-2,9500.0,2026-06-24T00:40:00+00:00,WIRE
TX-A-059-3,ACC-A-DORMANT-059,EXT-A-059-3,9500.0,2026-06-24T01:00:00+00:00,WIRE
TX-A-059-4,ACC-A-DORMANT-059,EXT-A-059-4,9500.0,2026-06-24T01:20:00+00:00,WIRE
TX-A-060-1,ACC-A-DORMANT-060,EXT-A-060-1,9500.0,2026-06-27T00:20:00+00:00,WIRE
TX-A-060-2,ACC-A-DORMANT-060,EXT-A-060-2,9500.0,2026-06-27T00:40:00+00:00,WIRE
TX-A-060-3,ACC-A-DORMANT-060,EXT-A-060-3,9500.0,2026-06-27T01:00:00+00:00,WIRE
TX-A-060-4,ACC-A-DORMANT-060,EXT-A-060-4,9500.0,2026-06-27T01:20:00+00:00,WIRE
TX-A-061-1,ACC-A-DORMANT-061,EXT-A-061-1,9500.0,2026-06-30T00:20:00+00:00,WIRE
TX-A-061-2,ACC-A-DORMANT-061,EXT-A-061-2,9500.0,2026-06-30T00:40:00+00:00,WIRE
TX-A-061-3,ACC-A-DORMANT-061,EXT-A-061-3,9500.0,2026-06-30T01:00:00+00:00,WIRE
TX-A-061-4,ACC-A-DORMANT-061,EXT-A-061-4,9500.0,2026-06-30T01:20:00+00:00,WIRE
TX-A-062-1,ACC-A-DORMANT-062,EXT-A-062-1,9500.0,2026-07-03T00:20:00+00:00,WIRE
TX-A-062-2,ACC-A-DORMANT-062,EXT-A-062-2,9500.0,2026-07-03T00:40:00+00:00,WIRE
TX-A-062-3,ACC-A-DORMANT-062,EXT-A-062-3,9500.0,2026-07-03T01:00:00+00:00,WIRE
TX-A-062-4,ACC-A-DORMANT-062,EXT-A-062-4,9500.0,2026-07-03T01:20:00+00:00,WIRE
TX-A-063-1,ACC-A-DORMANT-063,EXT-A-063-1,9500.0,2026-07-06T00:20:00+00:00,WIRE
TX-A-063-2,ACC-A-DORMANT-063,EXT-A-063-2,9500.0,2026-07-06T00:40:00+00:00,WIRE
TX-A-063-3,ACC-A-DORMANT-063,EXT-A-063-3,9500.0,2026-07-06T01:00:00+00:00,WIRE
TX-A-063-4,ACC-A-DORMANT-063,EXT-A-063-4,9500.0,2026-07-06T01:20:00+00:00,WIRE
TX-A-064-1,ACC-A-DORMANT-064,EXT-A-064-1,9500.0,2026-07-09T00:20:00+00:00,WIRE
TX-A-064-2,ACC-A-DORMANT-064,EXT-A-064-2,9500.0,2026-07-09T00:40:00+00:00,WIRE
TX-A-064-3,ACC-A-DORMANT-064,EXT-A-064-3,9500.0,2026-07-09T01:00:00+00:00,WIRE
TX-A-064-4,ACC-A-DORMANT-064,EXT-A-064-4,9500.0,2026-07-09T01:20:00+00:00,WIRE
TX-A-065-1,ACC-A-DORMANT-065,EXT-A-065-1,9500.0,2026-07-12T00:20:00+00:00,WIRE
TX-A-065-2,ACC-A-DORMANT-065,EXT-A-065-2,9500.0,2026-07-12T00:40:00+00:00,WIRE
TX-A-065-3,ACC-A-DORMANT-065,EXT-A-065-3,9500.0,2026-07-12T01:00:00+00:00,WIRE
TX-A-065-4,ACC-A-DORMANT-065,EXT-A-065-4,9500.0,2026-07-12T01:20:00+00:00,WIRE
TX-A-066-1,ACC-A-DORMANT-066,EXT-A-066-1,9500.0,2026-07-15T00:20:00+00:00,WIRE
TX-A-066-2,ACC-A-DORMANT-066,EXT-A-066-2,9500.0,2026-07-15T00:40:00+00:00,WIRE
TX-A-066-3,ACC-A-DORMANT-066,EXT-A-066-3,9500.0,2026-07-15T01:00:00+00:00,WIRE
TX-A-066-4,ACC-A-DORMANT-066,EXT-A-066-4,9500.0,2026-07-15T01:20:00+00:00,WIRE
TX-A-067-1,ACC-A-DORMANT-067,EXT-A-067-1,9500.0,2026-07-18T00:20:00+00:00,WIRE
TX-A-067-2,ACC-A-DORMANT-067,EXT-A-067-2,9500.0,2026-07-18T00:40:00+00:00,WIRE
TX-A-067-3,ACC-A-DORMANT-067,EXT-A-067-3,9500.0,2026-07-18T01:00:00+00:00,WIRE
TX-A-067-4,ACC-A-DORMANT-067,EXT-A-067-4,9500.0,2026-07-18T01:20:00+00:00,WIRE
TX-A-068-1,ACC-A-DORMANT-068,EXT-A-068-1,9500.0,2026-07-21T00:20:00+00:00,WIRE
TX-A-068-2,ACC-A-DORMANT-068,EXT-A-068-2,9500.0,2026-07-21T00:40:00+00:00,WIRE
TX-A-068-3,ACC-A-DORMANT-068,EXT-A-068-3,9500.0,2026-07-21T01:00:00+00:00,WIRE
TX-A-068-4,ACC-A-DORMANT-068,EXT-A-068-4,9500.0,2026-07-21T01:20:00+00:00,WIRE
TX-A-069-1,ACC-A-DORMANT-069,EXT-A-069-1,9500.0,2026-07-24T00:20:00+00:00,WIRE
TX-A-069-2,ACC-A-DORMANT-069,EXT-A-069-2,9500.0,2026-07-24T00:40:00+00:00,WIRE
TX-A-069-3,ACC-A-DORMANT-069,EXT-A-069-3,9500.0,2026-07-24T01:00:00+00:00,WIRE
TX-A-069-4,ACC-A-DORMANT-069,EXT-A-069-4,9500.0,2026-07-24T01:20:00+00:00,WIRE
TX-A-070-1,ACC-A-DORMANT-070,EXT-A-070-1,9500.0,2026-07-27T00:20:00+00:00,WIRE
TX-A-070-2,ACC-A-DORMANT-070,EXT-A-070-2,9500.0,2026-07-27T00:40:00+00:00,WIRE
TX-A-070-3,ACC-A-DORMANT-070,EXT-A-070-3,9500.0,2026-07-27T01:00:00+00:00,WIRE
TX-A-070-4,ACC-A-DORMANT-070,EXT-A-070-4,9500.0,2026-07-27T01:20:00+00:00,WIRE
TX-A-071-1,ACC-A-DORMANT-071,EXT-A-071-1,9500.0,2026-07-30T00:20:00+00:00,WIRE
TX-A-071-2,ACC-A-DORMANT-071,EXT-A-071-2,9500.0,2026-07-30T00:40:00+00:00,WIRE
TX-A-071-3,ACC-A-DORMANT-071,EXT-A-071-3,9500.0,2026-07-30T01:00:00+00:00,WIRE
TX-A-071-4,ACC-A-DORMANT-071,EXT-A-071-4,9500.0,2026-07-30T01:20:00+00:00,WIRE
TX-A-072-1,ACC-A-DORMANT-072,EXT-A-072-1,9500.0,2026-08-02T00:20:00+00:00,WIRE
TX-A-072-2,ACC-A-DORMANT-072,EXT-A-072-2,9500.0,2026-08-02T00:40:00+00:00,WIRE
TX-A-072-3,ACC-A-DORMANT-072,EXT-A-072-3,9500.0,2026-08-02T01:00:00+00:00,WIRE
TX-A-072-4,ACC-A-DORMANT-072,EXT-A-072-4,9500.0,2026-08-02T01:20:00+00:00,WIRE
TX-B-02-1,ACC-B-02-A,ACC-B-02-B,185000.0,2026-01-22T16:00:00+00:00,INTERNAL_TRANSFER
TX-B-02-2,ACC-B-02-B,ACC-B-02-C,240000.0,2026-01-23T08:00:00+00:00,INTERNAL_TRANSFER
TX-B-02-3,ACC-B-02-C,ACC-B-02-A,230000.0,2026-01-24T00:00:00+00:00,INTERNAL_TRANSFER
TX-B-03-1,ACC-B-03-A,ACC-B-03-B,215000.0,2026-02-12T16:00:00+00:00,INTERNAL_TRANSFER
TX-B-03-2,ACC-B-03-B,ACC-B-03-C,210000.0,2026-02-13T08:00:00+00:00,INTERNAL_TRANSFER
TX-B-03-3,ACC-B-03-C,ACC-B-03-A,245000.0,2026-02-14T00:00:00+00:00,INTERNAL_TRANSFER
TX-B-04-1,ACC-B-04-A,ACC-B-04-B,185000.0,2026-03-05T16:00:00+00:00,INTERNAL_TRANSFER
TX-B-04-2,ACC-B-04-B,ACC-B-04-C,235000.0,2026-03-06T08:00:00+00:00,INTERNAL_TRANSFER
TX-B-04-3,ACC-B-04-C,ACC-B-04-A,195000.0,2026-03-07T00:00:00+00:00,INTERNAL_TRANSFER
TX-N-00001,EXT-A-043-1,ACC-N-0835,5252.03,2026-08-07T19:35:36+00:00,ATM
TX-N-00002,ACC-N-0990,EXT-A-004-4,2720.65,2026-12-07T15:47:51+00:00,INTERNAL_TRANSFER
TX-N-00003,EXT-A-061-3,EXT-A-009-4,8611.68,2026-06-24T19:23:32+00:00,INTERNAL_TRANSFER
TX-N-00004,ACC-N-0899,EXT-A-021-1,10136.75,2026-10-06T23:38:46+00:00,ATM
TX-N-00005,ACC-N-0503,EXT-A-060-2,22486.43,2026-06-12T14:33:38+00:00,WIRE
TX-N-00006,ACC-N-0773,EXT-A-053-4,10001.28,2026-09-02T02:25:58+00:00,INTERNAL_TRANSFER
TX-N-00007,ACC-N-0773,ACC-N-0806,1480.82,2026-05-08T00:42:50+00:00,INTERNAL_TRANSFER
TX-N-00008,ACC-N-0978,EXT-A-016-1,7488.77,2026-08-29T14:51:40+00:00,INTERNAL_TRANSFER
TX-N-00009,ACC-N-0971,ACC-N-0461,3387.44,2026-01-18T14:53:47+00:00,INTERNAL_TRANSFER
TX-N-00010,ACC-N-0884,ACC-N-0865,10008.27,2026-10-04T07:04:50+00:00,INTERNAL_TRANSFER
TX-N-00011,EXT-A-006-2,EXT-A-064-3,4774.55,2026-05-17T16:21:13+00:00,WIRE
TX-N-00012,ACC-N-0769,ACC-N-0511,2565.83,2026-07-21T04:40:20+00:00,INTERNAL_TRANSFER
TX-N-00013,ACC-N-0965,ACC-N-0428,51778.87,2026-01-03T18:26:18+00:00,ATM
TX-N-00014,ACC-N-0788,ACC-N-0584,3074.5,2026-12-05T04:50:25+00:00,WIRE
TX-N-00015,ACC-N-0534,EXT-A-043-2,16681.75,2026-04-26T12:50:08+00:00,ATM
TX-N-00016,ACC-N-0940,EXT-A-050-4,6727.44,2026-05-20T21:35:13+00:00,WIRE
TX-N-00017,ACC-N-0724,EXT-A-066-3,11889.34,2026-01-05T11:17:58+00:00,INTERNAL_TRANSFER
TX-N-00018,EXT-A-057-3,EXT-A-009-3,9586.08,2026-05-19T08:16:15+00:00,ATM
TX-N-00019,EXT-A-020-2,EXT-A-050-3,8358.27,2026-04-06T03:13:39+00:00,INTERNAL_TRANSFER
TX-N-00020,EXT-A-063-3,EXT-A-065-4,2036.41,2026-06-21T21:54:48+00:00,WIRE
TX-N-00021,EXT-A-028-2,ACC-N-0725,8169.15,2026-04-25T18:48:24+00:00,INTERNAL_TRANSFER
TX-N-00022,ACC-N-0876,ACC-N-0774,16474.55,2026-11-24T20:47:10+00:00,ATM
TX-N-00023,EXT-A-019-3,ACC-N-0663,2328.59,2026-04-30T01:38:54+00:00,INTERNAL_TRANSFER
TX-N-00024,ACC-N-0740,EXT-A-070-2,1239.63,2026-07-21T03:15:49+00:00,INTERNAL_TRANSFER
TX-N-00025,ACC-N-0901,ACC-N-0487,7578.84,2026-08-04T17:40:14+00:00,INTERNAL_TRANSFER
TX-N-00026,EXT-A-017-1,EXT-A-003-3,5688.22,2026-06-12T16:36:06+00:00,ATM
TX-N-00027,EXT-A-015-2,ACC-N-0893,4528.75,2026-06-28T04:24:46+00:00,INTERNAL_TRANSFER
TX-N-00028,ACC-N-0939,EXT-A-024-1,7914.34,2026-06-20T14:22:37+00:00,WIRE
TX-N-00029,ACC-N-0480,EXT-A-057-4,4622.29,2026-08-31T13:49:35+00:00,WIRE
TX-N-00030,ACC-N-0702,ACC-N-0398,4513.26,2026-05-01T08:54:25+00:00,INTERNAL_TRANSFER
TX-N-00031,ACC-N-0400,ACC-N-0699,3693.38,2026-01-07T03:26:51+00:00,INTERNAL_TRANSFER
TX-N-00032,ACC-N-0392,EXT-A-051-2,3264.74,2026-02-14T20:42:14+00:00,INTERNAL_TRANSFER
TX-N-00033,EXT-A-069-3,ACC-N-0911,2818.86,2026-12-28T11:41:11+00:00,ATM
TX-N-00034,ACC-N-0804,ACC-N-0702,28774.27,2026-06-11T22:58:01+00:00,WIRE
TX-N-00035,ACC-N-0568,ACC-N-0708,4011.91,2026-01-30T13:20:12+00:00,INTERNAL_TRANSFER
TX-N-00036,ACC-N-0726,ACC-N-0604,1984.71,2026-06-12T21:21:47+00:00,INTERNAL_TRANSFER
TX-N-00037,ACC-N-0756,ACC-N-0533,5687.43,2026-02-06T03:34:41+00:00,WIRE
TX-N-00038,ACC-N-0563,EXT-A-028-2,5950.04,2026-06-28T06:06:03+00:00,WIRE
TX-N-00039,ACC-N-0901,ACC-N-0435,23434.65,2026-04-23T22:32:15+00:00,WIRE
TX-N-00040,EXT-A-038-3,ACC-N-0505,4045.25,2026-01-31T09:25:25+00:00,INTERNAL_TRANSFER
TX-N-00041,EXT-A-037-3,EXT-A-036-2,1907.8,2026-08-03T03:56:36+00:00,INTERNAL_TRANSFER
TX-N-00042,ACC-N-0612,ACC-N-0616,2317.99,2026-01-27T13:54:28+00:00,WIRE
TX-N-00043,ACC-N-0902,ACC-N-0731,15122.75,2026-12-27T16:06:21+00:00,INTERNAL_TRANSFER
TX-N-00044,EXT-A-039-4,ACC-N-0948,364.92,2026-11-15T09:42:35+00:00,INTERNAL_TRANSFER
TX-N-00045,ACC-N-0451,ACC-N-0791,5761.87,2026-04-17T20:44:34+00:00,INTERNAL_TRANSFER
TX-N-00046,ACC-N-0603,ACC-N-0625,1950.77,2026-05-24T03:25:29+00:00,WIRE
TX-N-00047,ACC-N-0765,ACC-N-0397,10186.67,2026-04-11T06:23:55+00:00,INTERNAL_TRANSFER
TX-N-00048,ACC-N-0828,EXT-A-032-1,2756.58,2026-11-04T13:43:50+00:00,WIRE
TX-N-00049,ACC-C-HNW-03,EXT-A-002-2,11542.75,2026-04-17T22:35:05+00:00,ATM
TX-N-00050,EXT-A-065-2,EXT-A-050-4,32225.03,2026-02-18T14:17:27+00:00,INTERNAL_TRANSFER
TX-N-00051,ACC-N-0579,ACC-N-0835,4509.87,2026-04-25T02:11:56+00:00,WIRE
TX-N-00052,ACC-N-0739,ACC-N-0829,6510.42,2026-03-18T20:04:52+00:00,INTERNAL_TRANSFER
TX-N-00053,ACC-N-0873,ACC-N-0563,846.11,2026-04-29T13:40:01+00:00,WIRE
TX-N-00054,EXT-A-031-2,ACC-N-0526,2841.44,2026-01-03T21:50:39+00:00,WIRE
TX-N-00055,ACC-N-0726,ACC-N-0990,2023.33,2026-01-28T12:04:42+00:00,WIRE
TX-N-00056,ACC-N-0892,EXT-A-014-1,1746.69,2026-09-26T06:28:51+00:00,INTERNAL_TRANSFER
TX-N-00057,ACC-N-0772,EXT-A-044-4,2649.48,2026-11-20T13:33:27+00:00,INTERNAL_TRANSFER
TX-N-00058,ACC-N-0499,ACC-N-0893,5851.72,2026-07-28T20:08:48+00:00,WIRE
TX-N-00059,EXT-A-056-3,ACC-N-0833,4716.09,2026-02-10T22:36:33+00:00,INTERNAL_TRANSFER
TX-N-00060,ACC-N-0766,ACC-N-0673,6803.77,2026-01-23T09:10:28+00:00,INTERNAL_TRANSFER
TX-N-00061,EXT-A-051-2,EXT-A-072-3,16658.37,2026-09-12T02:57:55+00:00,INTERNAL_TRANSFER
TX-N-00062,ACC-N-0871,EXT-A-059-4,7650.59,2026-10-22T06:48:48+00:00,INTERNAL_TRANSFER
TX-N-00063,ACC-N-0580,ACC-N-0876,12703.82,2026-12-20T00:01:20+00:00,INTERNAL_TRANSFER
TX-N-00064,ACC-N-0452,ACC-N-0849,4292.89,2026-02-11T10:27:06+00:00,INTERNAL_TRANSFER
TX-N-00065,EXT-A-005-2,EXT-A-032-4,10681.32,2026-05-03T10:55:10+00:00,WIRE
TX-N-00066,ACC-N-0748,ACC-N-0852,3642.5,2026-11-05T04:17:26+00:00,WIRE
TX-N-00067,EXT-A-071-1,EXT-A-060-1,1606.33,2026-12-21T11:12:45+00:00,WIRE
TX-N-00068,ACC-N-0512,EXT-A-049-3,9768.61,2026-08-12T07:45:37+00:00,INTERNAL_TRANSFER
TX-N-00069,ACC-N-0602,ACC-N-0698,5472.19,2026-05-23T07:09:21+00:00,INTERNAL_TRANSFER
TX-N-00070,ACC-N-0808,ACC-N-0535,6249.08,2026-11-15T12:25:03+00:00,ATM
TX-N-00071,EXT-A-064-4,ACC-N-0546,1559.43,2026-07-02T06:48:23+00:00,INTERNAL_TRANSFER
TX-N-00072,ACC-N-0921,ACC-N-0432,21038.39,2026-05-23T06:03:24+00:00,INTERNAL_TRANSFER
TX-N-00073,EXT-A-024-2,EXT-A-045-2,10181.76,2026-10-06T11:54:35+00:00,WIRE
TX-N-00074,EXT-A-021-3,ACC-N-0752,23684.06,2026-02-25T22:09:04+00:00,INTERNAL_TRANSFER
TX-N-00075,EXT-A-017-4,ACC-N-0903,2134.58,2026-11-05T18:40:17+00:00,INTERNAL_TRANSFER
TX-N-00076,ACC-N-0638,EXT-A-007-4,10197.09,2026-11-17T22:21:20+00:00,INTERNAL_TRANSFER
TX-N-00077,ACC-N-0590,ACC-N-0924,2333.7,2026-01-22T14:38:02+00:00,INTERNAL_TRANSFER
TX-N-00078,ACC-N-0427,ACC-N-0592,4241.85,2026-05-19T17:10:21+00:00,WIRE
TX-N-00079,ACC-B-B,ACC-N-0998,6150.2,2026-05-04T07:23:42+00:00,INTERNAL_TRANSFER
TX-N-00080,EXT-A-007-3,ACC-N-0492,3668.5,2026-11-07T10:23:31+00:00,INTERNAL_TRANSFER
TX-N-00081,ACC-N-0587,EXT-A-068-2,12446.57,2026-03-11T01:45:03+00:00,INTERNAL_TRANSFER
TX-N-00082,ACC-N-0648,ACC-N-0803,8141.94,2026-01-10T04:12:27+00:00,WIRE
TX-N-00083,EXT-A-017-3,ACC-N-0610,3064.63,2026-12-23T09:36:46+00:00,INTERNAL_TRANSFER
TX-N-00084,EXT-A-065-2,ACC-N-0878,23259.33,2026-03-08T12:00:24+00:00,INTERNAL_TRANSFER
TX-N-00085,EXT-A-042-1,ACC-N-0903,18482.9,2026-12-17T16:38:40+00:00,INTERNAL_TRANSFER
TX-N-00086,ACC-N-0730,ACC-N-0596,386.27,2026-01-14T01:54:11+00:00,INTERNAL_TRANSFER
TX-N-00087,EXT-A-051-2,ACC-N-0726,2814.34,2026-10-13T17:04:37+00:00,WIRE
TX-N-00088,EXT-A-029-2,EXT-A-025-3,2426.75,2026-05-20T07:41:38+00:00,INTERNAL_TRANSFER
TX-N-00089,ACC-N-0946,ACC-N-0513,13081.58,2026-01-14T12:51:27+00:00,INTERNAL_TRANSFER
TX-N-00090,ACC-N-0816,ACC-N-0839,1626.34,2026-07-29T07:42:17+00:00,INTERNAL_TRANSFER
TX-N-00091,EXT-A-018-4,ACC-N-0904,5944.58,2026-03-12T06:14:49+00:00,ATM
TX-N-00092,EXT-A-006-1,ACC-N-0933,8100.92,2026-12-28T21:18:41+00:00,WIRE
TX-N-00093,ACC-N-0558,ACC-N-0748,68446.49,2026-03-14T05:19:27+00:00,INTERNAL_TRANSFER
TX-N-00094,EXT-A-002-3,ACC-N-0777,10509.76,2026-09-19T10:42:38+00:00,WIRE
TX-N-00095,EXT-A-053-4,ACC-N-0604,1865.04,2026-01-21T11:56:51+00:00,INTERNAL_TRANSFER
TX-N-00096,ACC-N-0886,ACC-N-0539,2357.06,2026-11-15T07:46:08+00:00,WIRE
TX-N-00097,ACC-N-0706,EXT-A-020-3,1120.1,2026-05-12T11:12:02+00:00,INTERNAL_TRANSFER
TX-N-00098,EXT-A-026-1,ACC-N-0918,1972.8,2026-05-09T06:57:22+00:00,INTERNAL_TRANSFER
TX-N-00099,ACC-N-0811,EXT-A-029-4,4523.02,2026-04-17T12:16:35+00:00,WIRE
TX-N-00100,ACC-N-0914,ACC-N-0963,8212.21,2026-12-12T19:01:41+00:00,INTERNAL_TRANSFER
TX-N-00101,ACC-N-0832,ACC-N-0544,5554.14,2026-07-07T14:38:49+00:00,WIRE
TX-N-00102,ACC-N-0696,EXT-A-002-4,1762.87,2026-03-05T17:24:15+00:00,INTERNAL_TRANSFER
TX-N-00103,EXT-A-065-1,ACC-N-0783,3944.04,2026-04-26T10:22:26+00:00,INTERNAL_TRANSFER
TX-N-00104,ACC-N-0529,ACC-N-0515,4436.57,2026-01-18T00:26:10+00:00,WIRE
TX-N-00105,ACC-N-0622,ACC-N-0968,1998.01,2026-07-20T19:11:18+00:00,INTERNAL_TRANSFER
TX-N-00106,ACC-N-0549,EXT-A-018-2,444.89,2026-04-29T21:50:13+00:00,INTERNAL_TRANSFER
TX-N-00107,ACC-N-0993,EXT-A-055-3,5775.38,2026-04-04T05:08:45+00:00,WIRE
TX-N-00108,ACC-N-0475,ACC-N-0817,11677.22,2026-02-12T02:58:44+00:00,INTERNAL_TRANSFER
TX-N-00109,ACC-N-0747,ACC-N-0683,3221.22,2026-06-23T22:14:17+00:00,WIRE
TX-N-00110,EXT-A-004-1,ACC-N-0471,10353.96,2026-05-18T16:28:47+00:00,INTERNAL_TRANSFER
TX-N-00111,ACC-C-PAY-06,ACC-N-0647,20086.31,2026-05-16T02:30:50+00:00,INTERNAL_TRANSFER
TX-N-00112,ACC-N-0551,EXT-A-050-3,28894.56,2026-12-06T02:45:27+00:00,ATM
TX-N-00113,ACC-N-0395,EXT-A-021-1,671.49,2026-05-10T13:42:35+00:00,WIRE
TX-N-00114,EXT-A-069-4,EXT-A-011-3,3010.95,2026-11-13T11:21:08+00:00,WIRE
TX-N-00115,EXT-A-037-3,EXT-A-065-4,7858.14,2026-11-08T23:00:44+00:00,INTERNAL_TRANSFER
TX-N-00116,ACC-N-0769,ACC-N-0783,13332.0,2026-09-25T13:37:46+00:00,WIRE
TX-N-00117,ACC-B-02-C,ACC-N-0915,8628.28,2026-07-27T11:45:42+00:00,INTERNAL_TRANSFER
TX-N-00118,ACC-N-0950,ACC-N-0839,10166.54,2026-09-15T13:06:40+00:00,WIRE
TX-N-00119,EXT-A-016-4,ACC-N-0754,37111.11,2026-10-21T09:00:13+00:00,INTERNAL_TRANSFER
TX-N-00120,EXT-A-006-2,EXT-A-044-2,3969.34,2026-12-03T05:41:04+00:00,INTERNAL_TRANSFER
TX-N-00121,ACC-N-0819,EXT-A-061-1,2983.82,2026-02-19T08:26:00+00:00,WIRE
TX-N-00122,ACC-N-0504,ACC-B-04-B,21261.02,2026-11-30T13:48:18+00:00,INTERNAL_TRANSFER
TX-N-00123,ACC-N-0904,ACC-N-0911,26016.93,2026-08-02T06:14:20+00:00,INTERNAL_TRANSFER
TX-N-00124,EXT-A-026-4,ACC-N-0932,7055.0,2026-05-07T02:19:56+00:00,INTERNAL_TRANSFER
TX-N-00125,ACC-N-0677,EXT-A-067-3,8707.44,2026-08-03T21:39:32+00:00,INTERNAL_TRANSFER
TX-N-00126,ACC-N-0506,ACC-N-0550,6636.47,2026-03-09T11:37:07+00:00,INTERNAL_TRANSFER
TX-N-00127,ACC-N-0622,ACC-N-0443,18787.73,2026-05-18T20:55:56+00:00,INTERNAL_TRANSFER
TX-N-00128,EXT-A-037-2,ACC-N-0829,6353.74,2026-04-15T16:33:37+00:00,INTERNAL_TRANSFER
TX-N-00129,ACC-N-0866,ACC-N-0832,19548.82,2026-12-03T16:10:59+00:00,INTERNAL_TRANSFER
TX-N-00130,ACC-N-0802,EXT-A-031-2,42898.49,2026-03-06T17:23:58+00:00,INTERNAL_TRANSFER
TX-N-00131,ACC-N-0435,ACC-N-0406,1874.62,2026-11-29T12:48:53+00:00,INTERNAL_TRANSFER
TX-N-00132,ACC-N-0927,ACC-N-0424,13229.5,2026-10-06T08:57:42+00:00,INTERNAL_TRANSFER
TX-N-00133,ACC-N-0696,EXT-A-043-1,5513.43,2026-07-26T09:44:22+00:00,INTERNAL_TRANSFER
TX-N-00134,EXT-A-047-2,ACC-N-0569,3618.0,2026-08-10T16:41:12+00:00,INTERNAL_TRANSFER
TX-N-00135,ACC-N-0403,EXT-A-010-2,10560.83,2026-07-26T22:29:41+00:00,INTERNAL_TRANSFER
TX-N-00136,ACC-N-0507,ACC-N-0460,2179.98,2026-03-24T16:33:38+00:00,INTERNAL_TRANSFER
TX-N-00137,ACC-N-0509,ACC-N-0788,25342.67,2026-01-25T01:43:15+00:00,INTERNAL_TRANSFER
TX-N-00138,EXT-A-067-2,ACC-N-0588,5552.66,2026-02-01T12:41:36+00:00,INTERNAL_TRANSFER
TX-N-00139,ACC-N-0587,ACC-N-0788,20733.64,2026-09-28T22:41:58+00:00,INTERNAL_TRANSFER
TX-N-00140,ACC-N-0678,ACC-N-0497,1578.84,2026-05-22T20:33:49+00:00,INTERNAL_TRANSFER
TX-N-00141,ACC-N-0395,EXT-A-045-1,15800.49,2026-07-18T05:29:53+00:00,INTERNAL_TRANSFER
TX-N-00142,EXT-A-002-2,ACC-N-0937,2405.59,2026-09-03T17:40:34+00:00,INTERNAL_TRANSFER
TX-N-00143,ACC-N-0539,ACC-N-0733,1628.35,2026-01-08T22:28:55+00:00,INTERNAL_TRANSFER
TX-N-00144,EXT-A-061-1,ACC-N-0479,2593.29,2026-07-23T19:47:44+00:00,ATM
TX-N-00145,EXT-A-011-1,ACC-N-0649,606.25,2026-01-11T20:30:31+00:00,INTERNAL_TRANSFER
TX-N-00146,ACC-N-0864,EXT-A-065-3,2403.75,2026-05-28T12:23:05+00:00,INTERNAL_TRANSFER
TX-N-00147,ACC-C-PAY-03,ACC-N-0526,7131.71,2026-04-02T20:57:31+00:00,INTERNAL_TRANSFER
TX-N-00148,ACC-N-0444,EXT-A-070-2,992.02,2026-11-04T16:04:35+00:00,WIRE
TX-N-00149,EXT-A-029-1,ACC-N-0788,3344.44,2026-11-25T01:43:47+00:00,INTERNAL_TRANSFER
TX-N-00150,EXT-A-867458,EXT-A-037-1,20085.97,2026-07-21T13:28:45+00:00,INTERNAL_TRANSFER
TX-N-00151,ACC-N-0803,EXT-A-052-4,6527.39,2026-04-04T18:23:56+00:00,INTERNAL_TRANSFER
TX-N-00152,ACC-N-0990,ACC-N-0710,7163.08,2026-07-14T18:01:34+00:00,INTERNAL_TRANSFER
TX-N-00153,ACC-N-0865,EXT-A-032-2,2154.64,2026-03-06T13:53:03+00:00,WIRE
TX-N-00154,ACC-N-0774,EXT-A-038-4,3457.29,2026-12-12T06:33:44+00:00,INTERNAL_TRANSFER
TX-N-00155,EXT-A-042-4,ACC-N-0539,1504.73,2026-07-27T01:06:08+00:00,INTERNAL_TRANSFER
TX-N-00156,ACC-N-0886,ACC-N-0908,12113.38,2026-07-11T20:50:07+00:00,INTERNAL_TRANSFER
TX-N-00157,ACC-N-0680,ACC-N-0452,1798.88,2026-08-12T19:52:56+00:00,INTERNAL_TRANSFER
TX-N-00158,ACC-C-HNW-03,EXT-A-016-3,15451.32,2026-07-04T12:48:18+00:00,INTERNAL_TRANSFER
TX-N-00159,ACC-N-0458,EXT-A-007-1,220.39,2026-04-14T18:18:29+00:00,INTERNAL_TRANSFER
TX-N-00160,EXT-A-029-3,EXT-A-041-3,9338.11,2026-03-22T01:34:21+00:00,INTERNAL_TRANSFER
TX-N-00161,ACC-N-0754,ACC-N-0665,4773.97,2026-02-07T01:04:55+00:00,WIRE
TX-N-00162,ACC-N-0486,EXT-A-050-1,1421.78,2026-02-03T18:38:29+00:00,INTERNAL_TRANSFER
TX-N-00163,EXT-A-061-3,ACC-N-0644,5370.25,2026-03-29T03:41:00+00:00,INTERNAL_TRANSFER
TX-N-00164,ACC-N-0693,ACC-N-0584,3721.83,2026-07-16T17:38:56+00:00,WIRE
TX-N-00165,ACC-N-0837,ACC-N-0472,1133.39,2026-10-22T23:01:38+00:00,INTERNAL_TRANSFER
TX-N-00166,ACC-N-0848,ACC-N-0535,2913.41,2026-07-14T21:39:15+00:00,INTERNAL_TRANSFER
TX-N-00167,ACC-N-0685,EXT-A-066-3,19180.98,2026-08-11T04:48:22+00:00,INTERNAL_TRANSFER
TX-N-00168,ACC-N-0613,EXT-A-008-2,688.71,2026-08-22T13:43:05+00:00,INTERNAL_TRANSFER
TX-N-00169,ACC-N-0802,EXT-A-064-3,2715.26,2026-01-08T23:38:55+00:00,INTERNAL_TRANSFER
TX-N-00170,EXT-A-004-4,EXT-A-039-2,6708.1,2026-06-12T02:39:26+00:00,INTERNAL_TRANSFER
TX-N-00171,ACC-N-0530,ACC-C-HNW-04,13807.4,2026-04-03T23:55:01+00:00,ATM
TX-N-00172,ACC-N-0754,ACC-N-0448,9775.71,2026-08-11T12:46:02+00:00,ATM
TX-N-00173,EXT-A-006-4,ACC-N-0974,2539.71,2026-01-21T18:14:26+00:00,WIRE
TX-N-00174,ACC-N-0476,ACC-N-0834,656.93,2026-02-17T05:15:00+00:00,INTERNAL_TRANSFER
TX-N-00175,ACC-N-0552,EXT-A-042-1,12284.72,2026-10-04T18:43:46+00:00,INTERNAL_TRANSFER
TX-N-00176,ACC-N-0689,ACC-N-0955,2838.57,2026-07-10T19:47:30+00:00,WIRE
TX-N-00177,ACC-B-02-C,EXT-A-035-3,7250.11,2026-07-18T12:33:05+00:00,INTERNAL_TRANSFER
TX-N-00178,ACC-N-0761,ACC-N-0452,7526.16,2026-11-20T09:10:13+00:00,WIRE
TX-N-00179,EXT-A-044-2,EXT-A-011-2,4497.79,2026-08-16T09:16:49+00:00,INTERNAL_TRANSFER
TX-N-00180,ACC-N-0394,EXT-A-061-1,21027.15,2026-07-15T16:42:10+00:00,ATM
TX-N-00181,ACC-N-0760,ACC-N-0475,14120.59,2026-03-14T22:25:06+00:00,INTERNAL_TRANSFER
TX-N-00182,ACC-N-0979,ACC-N-0748,3393.45,2026-03-20T08:35:24+00:00,WIRE
TX-N-00183,ACC-N-0429,EXT-A-062-2,12311.57,2026-11-04T13:59:19+00:00,INTERNAL_TRANSFER
TX-N-00184,ACC-N-0425,EXT-A-058-3,4984.74,2026-10-01T19:05:14+00:00,INTERNAL_TRANSFER
TX-N-00185,ACC-C-PAY-07,ACC-N-0629,1048.54,2026-11-18T11:55:28+00:00,INTERNAL_TRANSFER
TX-N-00186,EXT-A-025-4,EXT-A-041-1,2538.97,2026-07-16T00:42:23+00:00,WIRE
TX-N-00187,EXT-A-036-3,EXT-A-120482,10085.59,2026-04-23T17:53:46+00:00,INTERNAL_TRANSFER
TX-N-00188,EXT-A-065-2,EXT-A-064-4,6086.72,2026-06-29T18:55:23+00:00,WIRE
TX-N-00189,ACC-N-0711,ACC-N-0940,3936.0,2026-11-19T12:54:42+00:00,INTERNAL_TRANSFER
TX-N-00190,ACC-N-0979,ACC-N-0652,60999.65,2026-09-25T14:14:17+00:00,ATM
TX-N-00191,ACC-N-0418,EXT-A-014-1,1563.25,2026-07-25T08:07:10+00:00,INTERNAL_TRANSFER
TX-N-00192,ACC-N-0435,ACC-N-0452,5665.81,2026-06-06T01:08:44+00:00,INTERNAL_TRANSFER
TX-N-00193,ACC-N-0997,ACC-N-0675,14056.88,2026-08-05T10:11:57+00:00,ATM
TX-N-00194,EXT-A-007-3,ACC-N-0406,1483.97,2026-11-15T09:29:32+00:00,INTERNAL_TRANSFER
TX-N-00195,EXT-A-026-4,EXT-A-027-3,12391.71,2026-05-01T12:58:49+00:00,INTERNAL_TRANSFER
TX-N-00196,EXT-A-028-1,EXT-A-049-2,5742.03,2026-04-12T10:11:44+00:00,ATM
TX-N-00197,ACC-N-0562,ACC-N-0711,5076.99,2026-02-14T02:10:38+00:00,WIRE
TX-N-00198,ACC-N-0680,EXT-A-031-1,8643.06,2026-05-31T07:02:38+00:00,INTERNAL_TRANSFER
TX-N-00199,ACC-N-0593,EXT-A-067-3,1187.67,2026-07-30T17:13:40+00:00,INTERNAL_TRANSFER
TX-N-00200,EXT-A-039-1,ACC-N-0722,8110.01,2026-10-15T07:08:00+00:00,INTERNAL_TRANSFER
TX-N-00201,ACC-N-0716,ACC-N-0482,608.02,2026-08-28T15:29:47+00:00,ATM
TX-N-00202,ACC-N-0836,ACC-C-PAY-02,2529.93,2026-12-28T09:52:43+00:00,INTERNAL_TRANSFER
TX-N-00203,ACC-N-0746,EXT-A-030-4,11367.22,2026-07-16T14:20:15+00:00,ATM
TX-N-00204,ACC-N-0802,ACC-N-0657,6115.86,2026-02-04T05:04:48+00:00,WIRE
TX-N-00205,ACC-N-0779,ACC-N-0479,3136.73,2026-03-13T16:55:02+00:00,WIRE
TX-N-00206,ACC-N-0533,EXT-A-066-2,2216.46,2026-08-28T09:52:40+00:00,WIRE
TX-N-00207,ACC-N-0968,ACC-N-0745,4829.74,2026-12-05T08:01:57+00:00,INTERNAL_TRANSFER
TX-N-00208,ACC-N-0840,ACC-N-0549,1015.54,2026-12-29T06:23:19+00:00,INTERNAL_TRANSFER
TX-N-00209,EXT-A-034-1,EXT-A-037-3,4643.57,2026-04-06T08:42:41+00:00,INTERNAL_TRANSFER
TX-N-00210,ACC-N-0930,ACC-N-0413,7872.03,2026-09-06T05:15:08+00:00,INTERNAL_TRANSFER
TX-N-00211,ACC-N-0713,ACC-N-0618,425.48,2026-10-30T19:38:11+00:00,WIRE
TX-N-00212,EXT-A-054-1,ACC-N-0722,30409.25,2026-09-30T02:28:48+00:00,WIRE
TX-N-00213,EXT-A-046-2,ACC-N-0964,5627.97,2026-03-17T02:44:51+00:00,INTERNAL_TRANSFER
TX-N-00214,ACC-N-0615,ACC-N-0929,11424.13,2026-11-30T13:05:27+00:00,INTERNAL_TRANSFER
TX-N-00215,EXT-A-005-4,ACC-N-0556,3206.0,2026-02-18T11:08:48+00:00,ATM
TX-N-00216,ACC-N-0754,EXT-A-039-3,13483.27,2026-08-22T16:06:20+00:00,INTERNAL_TRANSFER
TX-N-00217,ACC-N-0600,EXT-A-054-3,19785.57,2026-05-25T18:47:36+00:00,INTERNAL_TRANSFER
TX-N-00218,ACC-N-0541,ACC-N-0778,16787.97,2026-10-04T17:27:44+00:00,INTERNAL_TRANSFER
TX-N-00219,ACC-N-0751,EXT-A-062-2,5644.97,2026-06-13T19:43:38+00:00,INTERNAL_TRANSFER
TX-N-00220,ACC-N-0702,ACC-N-0882,15179.99,2026-04-01T19:13:41+00:00,INTERNAL_TRANSFER
TX-N-00221,ACC-N-0451,EXT-A-014-4,3151.0,2026-05-08T22:52:10+00:00,INTERNAL_TRANSFER
TX-N-00222,ACC-N-0744,EXT-A-019-2,7768.13,2026-06-01T10:34:44+00:00,INTERNAL_TRANSFER
TX-N-00223,EXT-A-025-1,ACC-N-0853,1173.16,2026-08-22T19:13:37+00:00,INTERNAL_TRANSFER
TX-N-00224,ACC-N-1000,ACC-B-04-C,4581.32,2026-05-20T16:38:52+00:00,ATM
TX-N-00225,EXT-A-043-4,EXT-A-022-3,37532.79,2026-11-29T16:21:29+00:00,WIRE
TX-N-00226,ACC-B-A,ACC-N-0583,4305.8,2026-03-28T02:28:21+00:00,INTERNAL_TRANSFER
TX-N-00227,ACC-N-0459,ACC-N-0925,1951.84,2026-04-25T20:00:48+00:00,INTERNAL_TRANSFER
TX-N-00228,ACC-N-0794,ACC-N-0649,4047.21,2026-06-28T01:44:44+00:00,INTERNAL_TRANSFER
TX-N-00229,EXT-A-016-1,ACC-C-HNW-02,1110.5,2026-11-12T16:51:04+00:00,INTERNAL_TRANSFER
TX-N-00230,EXT-A-037-1,ACC-N-0505,23512.89,2026-07-04T02:03:24+00:00,INTERNAL_TRANSFER
TX-N-00231,ACC-N-0806,EXT-A-052-2,24557.47,2026-03-02T01:39:53+00:00,INTERNAL_TRANSFER
TX-N-00232,EXT-A-010-2,ACC-N-0887,1988.66,2026-08-26T16:53:37+00:00,INTERNAL_TRANSFER
TX-N-00233,EXT-A-009-2,EXT-A-033-4,3131.21,2026-07-13T21:22:01+00:00,INTERNAL_TRANSFER
TX-N-00234,ACC-N-0963,ACC-N-0546,875.48,2026-01-05T04:00:34+00:00,INTERNAL_TRANSFER
TX-N-00235,ACC-N-0908,ACC-B-B,13539.19,2026-10-10T04:45:13+00:00,INTERNAL_TRANSFER
TX-N-00236,EXT-A-042-4,EXT-A-051-4,3068.96,2026-04-21T10:02:57+00:00,INTERNAL_TRANSFER
TX-N-00237,ACC-N-0546,ACC-N-0783,2452.72,2026-06-19T13:05:58+00:00,INTERNAL_TRANSFER
TX-N-00238,ACC-N-0465,ACC-N-0803,519.59,2026-05-23T10:33:59+00:00,INTERNAL_TRANSFER
TX-N-00239,ACC-N-0905,ACC-N-0964,1997.59,2026-04-28T06:21:25+00:00,INTERNAL_TRANSFER
TX-N-00240,EXT-A-028-4,ACC-N-0403,9628.86,2026-03-22T19:30:06+00:00,ATM
TX-N-00241,EXT-A-036-3,ACC-N-0710,4004.5,2026-01-22T19:55:51+00:00,INTERNAL_TRANSFER
TX-N-00242,ACC-N-0682,ACC-N-0714,13990.91,2026-01-09T14:26:29+00:00,INTERNAL_TRANSFER
TX-N-00243,ACC-N-0687,ACC-N-0937,1850.86,2026-08-06T07:29:32+00:00,INTERNAL_TRANSFER
TX-N-00244,ACC-N-0663,ACC-N-0485,1747.09,2026-10-06T06:54:06+00:00,INTERNAL_TRANSFER
TX-N-00245,ACC-N-0998,ACC-N-0679,7402.47,2026-12-02T06:05:04+00:00,INTERNAL_TRANSFER
TX-N-00246,ACC-N-0795,EXT-A-065-2,12653.03,2026-09-07T10:55:39+00:00,INTERNAL_TRANSFER
TX-N-00247,EXT-A-048-4,EXT-A-036-1,2769.07,2026-09-25T13:30:11+00:00,INTERNAL_TRANSFER
TX-N-00248,ACC-N-0944,EXT-A-044-4,2196.37,2026-09-10T15:12:53+00:00,INTERNAL_TRANSFER
TX-N-00249,EXT-A-004-3,ACC-N-0514,59599.33,2026-07-25T08:04:38+00:00,INTERNAL_TRANSFER
TX-N-00250,EXT-A-003-3,EXT-A-007-2,5821.52,2026-08-06T05:24:00+00:00,ATM
TX-N-00251,EXT-A-010-2,EXT-A-031-4,10959.9,2026-05-29T02:47:14+00:00,INTERNAL_TRANSFER
TX-N-00252,ACC-N-0645,EXT-A-009-3,16831.46,2026-04-19T02:07:30+00:00,WIRE
TX-N-00253,EXT-A-034-1,EXT-A-030-2,1185.9,2026-10-22T15:19:50+00:00,WIRE
TX-N-00254,ACC-N-0495,EXT-A-021-3,5658.61,2026-11-08T02:26:51+00:00,INTERNAL_TRANSFER
TX-N-00255,ACC-N-0477,EXT-A-007-2,1313.14,2026-02-13T22:56:32+00:00,WIRE
TX-N-00256,ACC-N-0963,EXT-A-007-1,16318.72,2026-01-24T15:15:56+00:00,WIRE
TX-N-00257,EXT-A-009-3,ACC-N-0696,30258.12,2026-10-20T19:54:52+00:00,ATM
TX-N-00258,ACC-N-0608,ACC-N-0667,36824.14,2026-07-24T02:32:17+00:00,INTERNAL_TRANSFER
TX-N-00259,EXT-A-067-2,ACC-N-0984,10099.49,2026-09-27T09:56:44+00:00,WIRE
TX-N-00260,EXT-A-072-2,EXT-A-003-2,9860.29,2026-10-05T06:36:49+00:00,INTERNAL_TRANSFER
TX-N-00261,ACC-N-0829,EXT-A-049-3,5692.34,2026-12-28T16:08:33+00:00,INTERNAL_TRANSFER
TX-N-00262,EXT-A-012-2,EXT-A-026-2,6012.86,2026-07-30T01:34:17+00:00,WIRE
TX-N-00263,ACC-N-0613,EXT-A-056-1,1871.81,2026-06-27T14:07:46+00:00,INTERNAL_TRANSFER
TX-N-00264,ACC-N-0763,ACC-N-0704,9154.81,2026-07-31T06:49:24+00:00,WIRE
TX-N-00265,EXT-A-015-2,ACC-N-0574,4252.16,2026-04-24T01:00:31+00:00,INTERNAL_TRANSFER
TX-N-00266,ACC-N-0923,ACC-N-0744,8971.77,2026-11-06T14:09:56+00:00,WIRE
TX-N-00267,EXT-A-044-3,ACC-N-0430,2558.48,2026-12-25T02:00:56+00:00,INTERNAL_TRANSFER
TX-N-00268,EXT-A-015-3,EXT-A-032-1,7818.95,2026-12-22T23:05:40+00:00,WIRE
TX-N-00269,ACC-N-0595,ACC-N-0856,1935.33,2026-08-11T23:23:51+00:00,INTERNAL_TRANSFER
TX-N-00270,EXT-A-011-2,ACC-C-PAY-03,6574.42,2026-07-16T19:18:37+00:00,INTERNAL_TRANSFER
TX-N-00271,ACC-N-0813,EXT-A-056-2,5716.47,2026-10-15T17:29:29+00:00,INTERNAL_TRANSFER
TX-N-00272,ACC-N-0477,ACC-N-0810,3863.28,2026-05-07T07:51:40+00:00,INTERNAL_TRANSFER
TX-N-00273,EXT-A-045-3,ACC-N-0495,3372.3,2026-05-14T17:51:02+00:00,WIRE
TX-N-00274,ACC-C-PAY-06,EXT-A-016-3,7895.12,2026-03-30T05:02:47+00:00,INTERNAL_TRANSFER
TX-N-00275,ACC-N-0721,EXT-A-055-2,6357.96,2026-12-12T08:33:18+00:00,INTERNAL_TRANSFER
TX-N-00276,ACC-N-0791,ACC-N-0569,1276.9,2026-11-18T22:46:35+00:00,INTERNAL_TRANSFER
TX-N-00277,ACC-N-0563,EXT-A-054-4,4634.48,2026-04-21T03:31:40+00:00,ATM
TX-N-00278,ACC-N-0482,ACC-N-0520,5356.02,2026-12-13T04:01:56+00:00,WIRE
TX-N-00279,ACC-N-0499,EXT-A-053-3,922.47,2026-10-23T14:11:14+00:00,INTERNAL_TRANSFER
TX-N-00280,EXT-A-036-3,EXT-A-060-2,1057.5,2026-02-27T20:43:55+00:00,WIRE
TX-N-00281,ACC-C-PAY-05,ACC-N-0701,1064.06,2026-01-24T07:20:04+00:00,WIRE
TX-N-00282,EXT-A-043-3,ACC-N-0977,1287.39,2026-04-29T15:10:57+00:00,ATM
TX-N-00283,EXT-A-025-1,EXT-A-061-2,3580.41,2026-09-09T21:26:19+00:00,INTERNAL_TRANSFER
TX-N-00284,ACC-N-0713,ACC-N-0562,15088.24,2026-06-01T23:37:21+00:00,INTERNAL_TRANSFER
TX-N-00285,ACC-N-0956,ACC-N-0540,3102.65,2026-06-23T04:45:27+00:00,INTERNAL_TRANSFER
TX-N-00286,EXT-A-017-1,EXT-A-002-3,2500.48,2026-11-03T01:02:46+00:00,INTERNAL_TRANSFER
TX-N-00287,EXT-A-024-2,ACC-N-0644,1515.59,2026-02-18T09:31:59+00:00,INTERNAL_TRANSFER
TX-N-00288,ACC-N-0447,ACC-N-0627,15814.4,2026-07-19T03:04:14+00:00,INTERNAL_TRANSFER
TX-N-00289,ACC-N-0501,ACC-C-PAY-01,4864.11,2026-12-16T04:43:37+00:00,INTERNAL_TRANSFER
TX-N-00290,EXT-A-023-2,ACC-N-0506,2388.5,2026-06-23T09:56:57+00:00,INTERNAL_TRANSFER
TX-N-00291,EXT-A-062-3,ACC-N-0875,1138.07,2026-05-03T11:51:26+00:00,WIRE
TX-N-00292,EXT-A-038-4,EXT-A-005-2,21706.44,2026-04-28T01:05:46+00:00,ATM
TX-N-00293,EXT-A-010-3,ACC-N-0809,7887.89,2026-10-14T21:19:55+00:00,INTERNAL_TRANSFER
TX-N-00294,ACC-N-0497,ACC-N-0623,1327.2,2026-11-13T20:09:08+00:00,WIRE
TX-N-00295,ACC-N-0796,EXT-A-016-4,5832.25,2026-12-21T23:58:25+00:00,INTERNAL_TRANSFER
TX-N-00296,ACC-N-0448,EXT-A-025-2,1077.76,2026-03-15T02:46:04+00:00,INTERNAL_TRANSFER
TX-N-00297,ACC-N-0849,EXT-A-014-4,4243.02,2026-07-31T09:20:34+00:00,ATM
TX-N-00298,ACC-N-0495,EXT-A-042-2,6368.4,2026-01-30T04:16:28+00:00,INTERNAL_TRANSFER
TX-N-00299,EXT-A-034-4,EXT-A-046-3,3120.34,2026-07-25T09:36:57+00:00,INTERNAL_TRANSFER
TX-N-00300,ACC-N-0887,ACC-N-0905,24161.26,2026-09-28T17:50:21+00:00,WIRE
TX-N-00301,EXT-A-035-4,ACC-N-0822,4268.95,2026-06-14T16:21:44+00:00,INTERNAL_TRANSFER
TX-N-00302,ACC-N-0678,EXT-A-024-2,3157.21,2026-05-01T05:39:17+00:00,WIRE
TX-N-00303,ACC-N-0533,ACC-N-0405,1354.81,2026-01-09T12:54:23+00:00,INTERNAL_TRANSFER
TX-N-00304,EXT-A-058-3,EXT-A-064-3,2922.79,2026-12-08T05:59:50+00:00,INTERNAL_TRANSFER
TX-N-00305,ACC-N-0491,EXT-A-032-1,17496.21,2026-03-07T02:15:31+00:00,INTERNAL_TRANSFER
TX-N-00306,EXT-A-068-2,ACC-N-0869,13724.27,2026-09-09T14:24:02+00:00,INTERNAL_TRANSFER
TX-N-00307,EXT-A-065-1,EXT-A-064-4,5950.39,2026-05-16T20:18:50+00:00,INTERNAL_TRANSFER
TX-N-00308,ACC-N-0536,ACC-N-0455,8530.4,2026-01-05T09:32:45+00:00,INTERNAL_TRANSFER
TX-N-00309,ACC-N-0729,EXT-A-029-4,5214.08,2026-08-29T08:48:12+00:00,INTERNAL_TRANSFER
TX-N-00310,ACC-N-0917,EXT-A-058-1,12391.79,2026-02-20T15:04:57+00:00,ATM
TX-N-00311,ACC-N-0871,ACC-N-0673,9313.46,2026-07-25T03:32:31+00:00,INTERNAL_TRANSFER
TX-N-00312,ACC-N-0691,ACC-N-0939,8777.92,2026-02-22T02:04:53+00:00,WIRE
TX-N-00313,EXT-A-052-1,ACC-N-0410,11007.24,2026-08-26T01:28:50+00:00,INTERNAL_TRANSFER
TX-N-00314,ACC-C-HNW-04,ACC-N-0867,10022.48,2026-09-24T08:03:31+00:00,INTERNAL_TRANSFER
TX-N-00315,EXT-A-018-3,ACC-N-0489,10074.59,2026-07-12T13:10:07+00:00,INTERNAL_TRANSFER
TX-N-00316,ACC-N-0836,ACC-N-0507,4756.86,2026-10-25T23:30:57+00:00,INTERNAL_TRANSFER
TX-N-00317,ACC-B-02-B,ACC-N-0814,4288.05,2026-09-22T00:30:46+00:00,INTERNAL_TRANSFER
TX-N-00318,ACC-N-0998,EXT-A-016-3,3309.53,2026-07-16T12:22:51+00:00,INTERNAL_TRANSFER
TX-N-00319,ACC-N-0625,EXT-A-006-4,804.77,2026-01-24T09:02:15+00:00,WIRE
TX-N-00320,ACC-N-0790,EXT-A-009-1,10109.54,2026-07-02T05:27:11+00:00,INTERNAL_TRANSFER
TX-N-00321,EXT-A-018-3,EXT-A-067-3,5358.67,2026-05-09T18:43:29+00:00,WIRE
TX-N-00322,ACC-N-0536,ACC-N-0878,6914.24,2026-06-06T04:48:24+00:00,INTERNAL_TRANSFER
TX-N-00323,ACC-N-0822,EXT-A-033-2,260.08,2026-06-13T13:03:50+00:00,WIRE
TX-N-00324,EXT-A-047-3,EXT-A-027-2,1524.52,2026-06-11T19:31:08+00:00,WIRE
TX-N-00325,EXT-A-063-2,ACC-N-0601,5576.31,2026-10-05T23:39:31+00:00,WIRE
TX-N-00326,ACC-N-0887,EXT-A-035-1,4589.41,2026-02-24T05:56:12+00:00,INTERNAL_TRANSFER
TX-N-00327,EXT-A-066-2,ACC-N-0704,3401.86,2026-12-09T09:55:48+00:00,INTERNAL_TRANSFER
TX-N-00328,ACC-N-0822,ACC-N-0815,4408.57,2026-01-11T23:15:32+00:00,ATM
TX-N-00329,EXT-A-002-4,ACC-N-0641,1614.43,2026-03-14T14:29:34+00:00,WIRE
TX-N-00330,ACC-N-0904,EXT-A-012-1,31961.84,2026-06-22T00:42:06+00:00,WIRE
TX-N-00331,ACC-N-0399,ACC-N-0793,4339.03,2026-02-03T13:33:00+00:00,INTERNAL_TRANSFER
TX-N-00332,ACC-N-0403,ACC-N-0796,1440.31,2026-10-17T18:14:43+00:00,INTERNAL_TRANSFER
TX-N-00333,ACC-N-0512,ACC-N-0966,8208.91,2026-06-20T20:46:31+00:00,INTERNAL_TRANSFER
TX-N-00334,ACC-N-0695,ACC-N-0424,631.97,2026-06-06T14:43:37+00:00,ATM
TX-N-00335,ACC-N-0910,EXT-A-057-2,2103.38,2026-05-05T02:56:21+00:00,INTERNAL_TRANSFER
TX-N-00336,ACC-N-0708,ACC-N-0906,9368.84,2026-03-14T15:53:26+00:00,INTERNAL_TRANSFER
TX-N-00337,ACC-N-0750,EXT-A-059-4,7465.92,2026-08-14T08:43:40+00:00,INTERNAL_TRANSFER
TX-N-00338,ACC-N-0993,ACC-N-0507,443.66,2026-07-13T05:18:47+00:00,WIRE
TX-N-00339,ACC-N-0615,ACC-N-0576,1392.52,2026-10-01T00:56:08+00:00,INTERNAL_TRANSFER
TX-N-00340,ACC-N-0760,ACC-N-0430,5132.93,2026-12-21T01:00:00+00:00,WIRE
TX-N-00341,ACC-N-0575,ACC-N-0618,13595.96,2026-01-11T19:56:47+00:00,INTERNAL_TRANSFER
TX-N-00342,ACC-N-0572,ACC-N-0444,6633.39,2026-06-19T09:33:07+00:00,ATM
TX-N-00343,EXT-A-054-1,ACC-N-0608,824.43,2026-03-31T07:35:41+00:00,INTERNAL_TRANSFER
TX-N-00344,ACC-N-0969,ACC-N-0895,1160.71,2026-11-06T19:15:55+00:00,INTERNAL_TRANSFER
TX-N-00345,EXT-A-031-3,ACC-N-0812,3300.06,2026-08-11T14:14:27+00:00,WIRE
TX-N-00346,ACC-N-0602,ACC-N-0873,4756.07,2026-12-28T20:09:59+00:00,WIRE
TX-N-00347,ACC-N-0933,ACC-N-0447,2857.2,2026-12-20T02:35:30+00:00,WIRE
TX-N-00348,ACC-N-0978,ACC-N-0495,845.24,2026-01-02T07:49:32+00:00,INTERNAL_TRANSFER
TX-N-00349,EXT-A-030-1,EXT-A-058-2,20638.0,2026-09-18T01:00:04+00:00,WIRE
TX-N-00350,EXT-A-044-1,ACC-N-0598,3501.15,2026-09-25T09:03:48+00:00,INTERNAL_TRANSFER
TX-N-00351,ACC-N-0460,ACC-N-0550,1117.91,2026-08-27T10:50:59+00:00,INTERNAL_TRANSFER
TX-N-00352,ACC-N-0481,ACC-N-0974,18593.76,2026-03-31T04:08:27+00:00,INTERNAL_TRANSFER
TX-N-00353,ACC-N-0854,ACC-N-0655,877.81,2026-02-23T22:00:25+00:00,INTERNAL_TRANSFER
TX-N-00354,ACC-N-0528,EXT-A-003-4,1124.9,2026-07-15T15:38:32+00:00,INTERNAL_TRANSFER
TX-N-00355,ACC-N-0926,ACC-N-0443,14689.01,2026-08-09T12:40:56+00:00,INTERNAL_TRANSFER
TX-N-00356,ACC-N-0892,ACC-N-0512,12375.69,2026-04-28T04:30:19+00:00,INTERNAL_TRANSFER
TX-N-00357,ACC-C-PAY-06,ACC-N-0813,9600.34,2026-03-23T22:19:56+00:00,INTERNAL_TRANSFER
TX-N-00358,ACC-N-1000,EXT-A-060-1,1245.15,2026-11-21T11:54:16+00:00,INTERNAL_TRANSFER
TX-N-00359,ACC-N-0604,ACC-N-0459,20188.19,2026-06-04T02:45:49+00:00,INTERNAL_TRANSFER
TX-N-00360,EXT-A-028-1,EXT-A-049-3,3487.64,2026-08-17T09:29:44+00:00,INTERNAL_TRANSFER
TX-N-00361,ACC-N-0795,ACC-N-0595,8670.1,2026-11-25T08:33:01+00:00,INTERNAL_TRANSFER
TX-N-00362,EXT-A-019-3,ACC-N-0804,3676.47,2026-05-22T19:25:56+00:00,INTERNAL_TRANSFER
TX-N-00363,EXT-A-008-2,EXT-A-057-1,7602.58,2026-06-21T10:12:10+00:00,WIRE
TX-N-00364,EXT-A-013-4,ACC-N-0485,6467.82,2026-03-29T02:30:30+00:00,INTERNAL_TRANSFER
TX-N-00365,EXT-A-051-1,ACC-N-0453,4506.19,2026-12-27T04:00:04+00:00,ATM
TX-N-00366,ACC-N-0777,EXT-A-041-4,3203.88,2026-04-01T03:53:15+00:00,WIRE
TX-N-00367,EXT-A-048-3,EXT-A-047-2,6660.56,2026-05-26T23:42:33+00:00,INTERNAL_TRANSFER
TX-N-00368,EXT-A-064-2,ACC-C-PAY-05,22908.1,2026-07-29T17:31:05+00:00,INTERNAL_TRANSFER
TX-N-00369,EXT-A-069-4,ACC-N-0699,7294.04,2026-04-14T19:21:11+00:00,INTERNAL_TRANSFER
TX-N-00370,EXT-A-047-1,ACC-N-0963,11006.56,2026-02-23T22:14:37+00:00,INTERNAL_TRANSFER
TX-N-00371,ACC-N-0837,EXT-A-067-2,3782.97,2026-03-17T16:20:17+00:00,INTERNAL_TRANSFER
TX-N-00372,EXT-A-025-3,ACC-N-0679,23998.76,2026-10-03T02:41:54+00:00,INTERNAL_TRANSFER
TX-N-00373,ACC-N-0778,ACC-N-0964,2038.94,2026-04-22T04:40:18+00:00,INTERNAL_TRANSFER
TX-N-00374,EXT-A-010-4,EXT-A-008-3,11768.7,2026-07-04T04:17:22+00:00,INTERNAL_TRANSFER
TX-N-00375,ACC-N-0717,ACC-N-0540,8186.64,2026-08-29T05:52:59+00:00,WIRE
TX-N-00376,EXT-A-032-3,ACC-N-0679,1189.33,2026-03-28T10:31:30+00:00,INTERNAL_TRANSFER
TX-N-00377,ACC-N-0402,ACC-N-0445,9444.76,2026-12-11T03:20:03+00:00,INTERNAL_TRANSFER
TX-N-00378,ACC-N-0547,EXT-A-039-3,9528.03,2026-11-15T11:43:15+00:00,WIRE
TX-N-00379,ACC-N-0893,EXT-A-012-4,4241.79,2026-07-15T12:10:47+00:00,WIRE
TX-N-00380,EXT-A-007-3,ACC-N-0917,5406.49,2026-03-31T19:05:50+00:00,INTERNAL_TRANSFER
TX-N-00381,EXT-A-048-1,ACC-N-0685,38456.09,2026-05-02T23:07:03+00:00,INTERNAL_TRANSFER
TX-N-00382,EXT-A-022-3,EXT-A-018-1,37569.73,2026-11-05T12:19:11+00:00,INTERNAL_TRANSFER
TX-N-00383,EXT-A-003-2,ACC-N-0616,2504.0,2026-10-14T05:15:18+00:00,INTERNAL_TRANSFER
TX-N-00384,ACC-N-0883,ACC-N-0926,7119.19,2026-11-17T04:57:54+00:00,INTERNAL_TRANSFER
TX-N-00385,EXT-A-307484,EXT-A-006-3,2441.35,2026-09-23T14:19:48+00:00,WIRE
TX-N-00386,ACC-N-0764,ACC-N-0498,56313.85,2026-05-16T03:48:11+00:00,INTERNAL_TRANSFER
TX-N-00387,EXT-A-069-2,ACC-N-0951,10367.23,2026-03-28T14:45:53+00:00,WIRE
TX-N-00388,ACC-N-0605,ACC-N-0793,4269.04,2026-12-28T16:04:59+00:00,INTERNAL_TRANSFER
TX-N-00389,ACC-N-0599,ACC-N-0438,2733.62,2026-01-15T01:57:48+00:00,INTERNAL_TRANSFER
TX-N-00390,EXT-A-013-4,ACC-N-0445,10991.16,2026-12-27T06:33:36+00:00,WIRE
TX-N-00391,EXT-A-012-3,ACC-N-0691,3365.0,2026-03-29T22:39:41+00:00,INTERNAL_TRANSFER
TX-N-00392,ACC-N-0677,ACC-N-0887,13422.38,2026-03-09T02:09:34+00:00,ATM
TX-N-00393,ACC-N-0760,ACC-N-0584,1681.8,2026-11-24T16:39:29+00:00,INTERNAL_TRANSFER
TX-N-00394,ACC-N-0834,ACC-N-0425,15523.82,2026-08-03T17:40:39+00:00,INTERNAL_TRANSFER
TX-N-00395,ACC-N-0485,ACC-N-0572,1146.78,2026-02-24T06:22:01+00:00,INTERNAL_TRANSFER
TX-N-00396,ACC-N-0446,ACC-N-0782,1082.07,2026-08-10T22:39:12+00:00,INTERNAL_TRANSFER
TX-N-00397,EXT-A-047-4,EXT-A-016-3,2253.45,2026-03-19T07:35:42+00:00,INTERNAL_TRANSFER
TX-N-00398,ACC-N-0908,ACC-N-0668,2943.32,2026-09-24T09:43:33+00:00,INTERNAL_TRANSFER
TX-N-00399,ACC-N-0973,ACC-N-0485,5822.76,2026-10-17T19:36:16+00:00,WIRE
TX-N-00400,ACC-N-0475,ACC-N-0455,6408.18,2026-10-21T17:25:29+00:00,WIRE
TX-N-00401,ACC-N-0519,EXT-A-019-1,4467.23,2026-11-11T07:13:12+00:00,INTERNAL_TRANSFER
TX-N-00402,ACC-N-0585,ACC-N-0881,6188.72,2026-09-29T16:58:31+00:00,INTERNAL_TRANSFER
TX-N-00403,ACC-N-0519,EXT-A-028-4,1400.25,2026-05-17T01:04:56+00:00,INTERNAL_TRANSFER
TX-N-00404,EXT-A-055-1,EXT-A-067-4,7731.3,2026-03-28T08:11:30+00:00,ATM
TX-N-00405,ACC-N-0486,EXT-A-030-1,35319.75,2026-04-25T11:43:19+00:00,WIRE
TX-N-00406,EXT-A-047-4,ACC-N-0440,4835.1,2026-03-23T05:20:10+00:00,INTERNAL_TRANSFER
TX-N-00407,EXT-A-066-2,EXT-A-057-1,2777.47,2026-05-16T04:16:26+00:00,INTERNAL_TRANSFER
TX-N-00408,ACC-N-0961,ACC-N-0670,6966.41,2026-05-10T16:44:55+00:00,INTERNAL_TRANSFER
TX-N-00409,ACC-N-0626,ACC-N-0501,4064.77,2026-02-08T03:52:36+00:00,WIRE
TX-N-00410,ACC-N-0961,ACC-N-0502,1940.61,2026-06-02T17:13:32+00:00,INTERNAL_TRANSFER
TX-N-00411,EXT-A-043-1,ACC-N-0695,1226.47,2026-07-12T14:39:39+00:00,INTERNAL_TRANSFER
TX-N-00412,EXT-A-022-2,ACC-N-0629,1958.14,2026-09-08T13:21:26+00:00,WIRE
TX-N-00413,ACC-N-0829,EXT-A-063-4,8323.13,2026-02-13T09:53:04+00:00,INTERNAL_TRANSFER
TX-N-00414,ACC-N-0659,ACC-N-0502,8969.7,2026-01-06T14:43:16+00:00,WIRE
TX-N-00415,ACC-N-1000,EXT-A-053-1,1801.33,2026-07-04T21:30:38+00:00,WIRE
TX-N-00416,EXT-A-006-1,EXT-A-033-1,5972.36,2026-10-15T17:50:56+00:00,ATM
TX-N-00417,ACC-N-0636,EXT-A-049-2,11577.16,2026-11-03T19:15:31+00:00,INTERNAL_TRANSFER
TX-N-00418,EXT-A-042-1,EXT-A-024-2,8638.59,2026-04-24T03:37:48+00:00,INTERNAL_TRANSFER
TX-N-00419,EXT-A-012-1,ACC-N-0403,9287.44,2026-10-20T03:29:52+00:00,INTERNAL_TRANSFER
TX-N-00420,ACC-N-0844,ACC-N-0432,2783.56,2026-07-23T11:24:57+00:00,INTERNAL_TRANSFER
TX-N-00421,EXT-A-002-1,EXT-A-072-4,2703.26,2026-02-17T06:21:49+00:00,ATM
TX-N-00422,EXT-A-064-3,ACC-N-0642,8633.41,2026-06-04T09:47:33+00:00,INTERNAL_TRANSFER
TX-N-00423,ACC-N-0572,ACC-N-0627,11441.47,2026-01-29T18:01:57+00:00,INTERNAL_TRANSFER
TX-N-00424,ACC-N-0985,ACC-N-0454,2290.66,2026-06-09T07:10:00+00:00,INTERNAL_TRANSFER
TX-N-00425,EXT-A-055-1,ACC-N-0866,2639.75,2026-01-26T18:25:29+00:00,ATM
TX-N-00426,ACC-N-0613,ACC-N-0893,1169.76,2026-08-21T17:13:23+00:00,INTERNAL_TRANSFER
TX-N-00427,EXT-A-010-4,ACC-N-0708,9870.98,2026-07-04T19:46:03+00:00,INTERNAL_TRANSFER
TX-N-00428,ACC-N-0849,EXT-A-053-4,15187.58,2026-04-07T01:02:25+00:00,INTERNAL_TRANSFER
TX-N-00429,EXT-A-025-4,EXT-A-041-4,9778.53,2026-06-08T13:24:09+00:00,INTERNAL_TRANSFER
TX-N-00430,ACC-N-0812,EXT-A-012-3,7890.33,2026-01-03T22:34:04+00:00,ATM
TX-N-00431,ACC-N-0562,EXT-A-067-4,7207.63,2026-01-02T20:37:43+00:00,INTERNAL_TRANSFER
TX-N-00432,ACC-N-0677,EXT-A-049-3,635.85,2026-11-04T15:48:25+00:00,WIRE
TX-N-00433,ACC-N-0818,EXT-A-038-2,1240.86,2026-08-23T06:16:24+00:00,WIRE
TX-N-00434,ACC-N-0427,EXT-A-028-2,2650.46,2026-10-25T20:47:32+00:00,INTERNAL_TRANSFER
TX-N-00435,ACC-N-0434,ACC-N-0531,9493.02,2026-11-17T18:50:18+00:00,ATM
TX-N-00436,EXT-A-043-2,ACC-N-0475,778.54,2026-02-01T13:12:00+00:00,ATM
TX-N-00437,ACC-N-0437,ACC-N-0852,3180.96,2026-11-04T15:22:11+00:00,INTERNAL_TRANSFER
TX-N-00438,ACC-N-0671,ACC-N-0716,12482.24,2026-12-13T16:09:41+00:00,INTERNAL_TRANSFER
TX-N-00439,EXT-A-003-3,ACC-N-0627,4008.59,2026-07-19T04:26:36+00:00,WIRE
TX-N-00440,EXT-A-035-4,ACC-N-0738,2557.55,2026-03-27T19:56:22+00:00,INTERNAL_TRANSFER
TX-N-00441,ACC-N-0537,ACC-N-0514,2061.92,2026-06-17T12:00:22+00:00,INTERNAL_TRANSFER
TX-N-00442,ACC-N-0885,ACC-N-0698,3244.37,2026-01-11T22:24:11+00:00,INTERNAL_TRANSFER
TX-N-00443,EXT-A-055-2,ACC-N-0484,3564.38,2026-03-06T23:58:21+00:00,INTERNAL_TRANSFER
TX-N-00444,EXT-A-059-3,ACC-N-0923,5667.82,2026-10-10T03:58:07+00:00,WIRE
TX-N-00445,ACC-N-0445,ACC-N-0871,42218.73,2026-04-10T06:15:53+00:00,WIRE
TX-N-00446,ACC-N-0924,EXT-A-061-4,5978.34,2026-09-30T17:42:10+00:00,WIRE
TX-N-00447,ACC-N-0830,EXT-A-015-3,3721.69,2026-10-16T16:23:36+00:00,INTERNAL_TRANSFER
TX-N-00448,ACC-N-0707,ACC-N-0590,31038.59,2026-01-26T08:52:34+00:00,INTERNAL_TRANSFER
TX-N-00449,EXT-A-050-4,EXT-A-056-3,78942.84,2026-10-19T09:14:46+00:00,WIRE
TX-N-00450,ACC-N-0928,EXT-A-015-1,2040.37,2026-04-29T06:44:08+00:00,WIRE
TX-N-00451,ACC-N-0613,EXT-A-040-2,622.81,2026-09-29T09:15:29+00:00,INTERNAL_TRANSFER
TX-N-00452,ACC-N-0861,EXT-A-014-3,6731.49,2026-05-03T02:53:49+00:00,ATM
TX-N-00453,ACC-N-0959,ACC-N-0751,24956.04,2026-01-17T23:15:40+00:00,ATM
TX-N-00454,ACC-N-0599,EXT-A-023-2,25525.8,2026-01-22T08:03:05+00:00,INTERNAL_TRANSFER
TX-N-00455,ACC-N-0536,ACC-N-0409,1513.65,2026-12-28T11:06:24+00:00,INTERNAL_TRANSFER
TX-N-00456,EXT-A-066-2,EXT-A-053-1,6780.71,2026-03-10T20:57:11+00:00,WIRE
TX-N-00457,ACC-N-0446,ACC-N-0636,6070.54,2026-12-28T17:04:40+00:00,WIRE
TX-N-00458,ACC-N-0584,ACC-N-0530,16278.04,2026-11-28T23:21:08+00:00,WIRE
TX-N-00459,ACC-N-0694,EXT-A-007-1,2880.49,2026-05-16T18:42:13+00:00,INTERNAL_TRANSFER
TX-N-00460,EXT-A-013-4,EXT-A-006-3,1008.08,2026-01-04T06:28:48+00:00,WIRE
TX-N-00461,ACC-N-0450,ACC-B-03-A,830.13,2026-01-24T01:58:45+00:00,ATM
TX-N-00462,ACC-N-0988,ACC-N-0886,6229.79,2026-09-20T18:14:41+00:00,INTERNAL_TRANSFER
TX-N-00463,ACC-B-C,EXT-A-012-2,3489.06,2026-09-02T00:46:32+00:00,INTERNAL_TRANSFER
TX-N-00464,ACC-N-0722,EXT-A-015-3,1479.96,2026-08-24T17:53:45+00:00,INTERNAL_TRANSFER
TX-N-00465,ACC-N-0718,ACC-N-0946,56589.02,2026-04-20T23:51:36+00:00,WIRE
TX-N-00466,EXT-A-009-2,ACC-N-0544,3441.58,2026-05-30T01:11:36+00:00,INTERNAL_TRANSFER
TX-N-00467,EXT-A-055-4,EXT-A-029-3,6734.05,2026-03-11T02:09:17+00:00,WIRE
TX-N-00468,ACC-N-0929,ACC-N-0440,8947.46,2026-08-25T16:58:48+00:00,INTERNAL_TRANSFER
TX-N-00469,ACC-N-0964,EXT-A-048-2,999.39,2026-11-23T15:27:37+00:00,WIRE
TX-N-00470,ACC-N-0430,EXT-A-042-1,9828.23,2026-09-25T09:08:21+00:00,ATM
TX-N-00471,ACC-N-0800,ACC-N-0451,5536.3,2026-08-08T15:44:30+00:00,INTERNAL_TRANSFER
TX-N-00472,ACC-N-0491,ACC-N-0403,21046.21,2026-10-09T19:08:14+00:00,INTERNAL_TRANSFER
TX-N-00473,ACC-N-0814,ACC-N-0647,5473.2,2026-08-28T15:21:20+00:00,INTERNAL_TRANSFER
TX-N-00474,ACC-N-0539,EXT-A-061-2,17558.82,2026-11-23T18:40:29+00:00,INTERNAL_TRANSFER
TX-N-00475,ACC-N-0701,ACC-N-0456,2072.8,2026-10-02T00:00:18+00:00,INTERNAL_TRANSFER
TX-N-00476,ACC-N-0670,ACC-N-0491,4569.96,2026-01-31T06:52:55+00:00,ATM
TX-N-00477,ACC-N-0721,EXT-A-033-3,2297.57,2026-06-29T04:06:38+00:00,INTERNAL_TRANSFER
TX-N-00478,ACC-N-0461,EXT-A-062-1,7652.9,2026-04-24T09:28:23+00:00,INTERNAL_TRANSFER
TX-N-00479,ACC-N-0952,ACC-N-0439,1564.76,2026-09-28T05:12:09+00:00,WIRE
TX-N-00480,ACC-N-0707,ACC-N-0462,861.01,2026-02-19T13:18:52+00:00,INTERNAL_TRANSFER
TX-N-00481,ACC-N-0793,ACC-N-0740,2204.48,2026-11-19T00:22:14+00:00,INTERNAL_TRANSFER
TX-N-00482,EXT-A-033-3,ACC-N-0416,9716.2,2026-12-31T19:29:24+00:00,WIRE
TX-N-00483,ACC-N-0816,EXT-A-032-2,3055.18,2026-06-08T22:03:59+00:00,WIRE
TX-N-00484,ACC-N-0933,ACC-N-0579,1366.26,2026-05-03T04:44:42+00:00,INTERNAL_TRANSFER
TX-N-00485,EXT-A-018-1,EXT-A-053-1,5988.6,2026-11-18T09:13:50+00:00,INTERNAL_TRANSFER
TX-N-00486,ACC-N-0924,ACC-C-PAY-11,8366.5,2026-09-03T04:16:20+00:00,WIRE
TX-N-00487,EXT-A-032-4,ACC-N-0747,2248.27,2026-06-09T10:23:27+00:00,WIRE
TX-N-00488,EXT-A-037-3,EXT-A-034-3,5925.3,2026-02-24T03:38:55+00:00,INTERNAL_TRANSFER
TX-N-00489,ACC-N-0629,ACC-N-0521,3184.57,2026-08-04T00:40:52+00:00,INTERNAL_TRANSFER
TX-N-00490,ACC-N-0481,ACC-N-0666,6500.8,2026-09-04T11:55:54+00:00,INTERNAL_TRANSFER
TX-N-00491,EXT-A-015-3,EXT-A-006-1,5321.46,2026-06-28T14:53:35+00:00,INTERNAL_TRANSFER
TX-N-00492,ACC-N-0527,ACC-N-0625,3174.71,2026-08-11T13:35:55+00:00,INTERNAL_TRANSFER
TX-N-00493,EXT-A-062-3,ACC-N-0509,1070.17,2026-05-10T06:58:02+00:00,INTERNAL_TRANSFER
TX-N-00494,ACC-N-0530,ACC-N-0869,2261.96,2026-07-20T05:06:56+00:00,INTERNAL_TRANSFER
TX-N-00495,ACC-N-0419,ACC-N-0802,1229.65,2026-08-12T04:13:30+00:00,INTERNAL_TRANSFER
TX-N-00496,ACC-N-0809,EXT-A-027-3,2078.08,2026-07-08T11:10:34+00:00,INTERNAL_TRANSFER
TX-N-00497,ACC-N-0910,ACC-N-0785,2147.7,2026-02-21T15:25:11+00:00,INTERNAL_TRANSFER
TX-N-00498,EXT-A-067-4,ACC-N-0517,4303.04,2026-01-29T18:26:38+00:00,INTERNAL_TRANSFER
TX-N-00499,ACC-N-0859,EXT-A-031-4,3738.61,2026-01-01T03:38:09+00:00,WIRE
TX-N-00500,EXT-A-006-3,ACC-N-0536,11315.0,2026-06-05T13:32:29+00:00,WIRE
TX-N-00501,EXT-A-049-1,EXT-A-016-2,8108.76,2026-01-29T06:11:08+00:00,INTERNAL_TRANSFER
TX-N-00502,ACC-N-0430,ACC-N-0502,11038.1,2026-06-22T04:26:29+00:00,INTERNAL_TRANSFER
TX-N-00503,EXT-A-006-4,ACC-N-0484,5751.33,2026-01-14T11:11:40+00:00,INTERNAL_TRANSFER
TX-N-00504,EXT-A-044-1,EXT-A-010-2,5380.32,2026-08-21T22:53:18+00:00,INTERNAL_TRANSFER
TX-N-00505,EXT-A-062-1,EXT-A-054-2,4029.11,2026-01-12T20:47:50+00:00,WIRE
TX-N-00506,ACC-N-0988,EXT-A-047-4,3758.19,2026-08-22T07:14:30+00:00,ATM
TX-N-00507,ACC-N-0471,EXT-A-037-3,286.34,2026-04-03T11:02:57+00:00,INTERNAL_TRANSFER
TX-N-00508,EXT-A-057-3,EXT-A-022-3,14229.34,2026-07-23T04:57:29+00:00,INTERNAL_TRANSFER
TX-N-00509,ACC-N-0985,ACC-N-0685,13062.48,2026-10-09T19:23:33+00:00,INTERNAL_TRANSFER
TX-N-00510,EXT-A-068-3,EXT-A-022-2,2797.89,2026-12-20T18:34:51+00:00,WIRE
TX-N-00511,ACC-N-0918,ACC-N-0809,1990.97,2026-12-12T22:16:29+00:00,WIRE
TX-N-00512,ACC-N-0503,ACC-N-0427,7925.67,2026-08-10T14:28:52+00:00,INTERNAL_TRANSFER
TX-N-00513,ACC-N-0837,ACC-N-0993,8048.07,2026-02-05T13:28:09+00:00,WIRE
TX-N-00514,ACC-N-0899,ACC-N-0888,3074.01,2026-01-26T18:26:27+00:00,WIRE
TX-N-00515,ACC-N-0808,EXT-A-015-1,20789.47,2026-12-01T05:10:33+00:00,WIRE
TX-N-00516,ACC-N-0686,ACC-N-0751,2264.43,2026-09-29T18:38:54+00:00,INTERNAL_TRANSFER
TX-N-00517,EXT-A-045-4,EXT-A-038-1,14520.12,2026-04-06T02:51:32+00:00,INTERNAL_TRANSFER
TX-N-00518,EXT-A-013-3,EXT-A-019-2,2257.75,2026-05-04T09:09:11+00:00,ATM
TX-N-00519,EXT-A-010-2,EXT-A-049-2,9741.88,2026-04-23T04:42:00+00:00,INTERNAL_TRANSFER
TX-N-00520,ACC-N-0508,ACC-C-PAY-04,3552.66,2026-07-26T16:38:37+00:00,INTERNAL_TRANSFER
TX-N-00521,ACC-N-0892,ACC-N-0876,6420.56,2026-05-30T14:20:42+00:00,ATM
TX-N-00522,ACC-N-0696,EXT-A-049-2,18996.61,2026-05-26T01:32:22+00:00,WIRE
TX-N-00523,ACC-N-0565,ACC-N-0775,3814.56,2026-10-22T12:26:26+00:00,INTERNAL_TRANSFER
TX-N-00524,ACC-N-0872,ACC-N-0633,2981.98,2026-12-25T10:07:52+00:00,INTERNAL_TRANSFER
TX-N-00525,ACC-N-0830,ACC-N-0473,36103.67,2026-06-03T16:05:43+00:00,INTERNAL_TRANSFER
TX-N-00526,EXT-A-061-1,EXT-A-050-4,20480.82,2026-08-09T00:55:03+00:00,INTERNAL_TRANSFER
TX-N-00527,EXT-A-054-3,ACC-N-0803,2470.84,2026-06-17T04:31:02+00:00,INTERNAL_TRANSFER
TX-N-00528,ACC-N-0682,ACC-N-0537,7178.26,2026-07-24T14:13:09+00:00,ATM
TX-N-00529,ACC-N-0928,ACC-N-0476,1082.75,2026-09-24T00:47:04+00:00,INTERNAL_TRANSFER
TX-N-00530,ACC-N-0891,ACC-N-0519,1517.05,2026-09-15T21:09:44+00:00,INTERNAL_TRANSFER
TX-N-00531,ACC-N-0519,ACC-N-0507,8411.93,2026-01-10T23:41:05+00:00,ATM
TX-N-00532,ACC-N-0482,ACC-N-0758,2031.43,2026-09-14T01:22:15+00:00,WIRE
TX-N-00533,ACC-N-0883,ACC-N-0866,6332.53,2026-12-09T21:21:53+00:00,INTERNAL_TRANSFER
TX-N-00534,ACC-N-0860,ACC-N-0593,4832.77,2026-12-23T14:45:20+00:00,INTERNAL_TRANSFER
TX-N-00535,ACC-N-0785,EXT-A-070-2,6657.84,2026-12-07T19:16:51+00:00,INTERNAL_TRANSFER
TX-N-00536,ACC-N-0998,EXT-A-028-2,41264.54,2026-11-26T11:09:16+00:00,WIRE
TX-N-00537,EXT-A-050-1,ACC-N-0609,1550.79,2026-10-06T05:08:34+00:00,INTERNAL_TRANSFER
TX-N-00538,ACC-N-0426,ACC-N-0595,795.24,2026-03-05T16:46:05+00:00,INTERNAL_TRANSFER
TX-N-00539,ACC-N-0595,EXT-A-058-3,550.8,2026-04-02T08:51:18+00:00,ATM
TX-N-00540,EXT-A-062-2,ACC-N-0717,3394.18,2026-03-16T01:07:10+00:00,INTERNAL_TRANSFER
TX-N-00541,EXT-A-033-2,EXT-A-021-4,3100.4,2026-01-06T05:05:11+00:00,INTERNAL_TRANSFER
TX-N-00542,ACC-N-0634,ACC-N-0885,3867.14,2026-10-13T23:34:45+00:00,WIRE
TX-N-00543,ACC-N-0821,ACC-N-0458,15835.3,2026-10-24T23:08:35+00:00,INTERNAL_TRANSFER
TX-N-00544,ACC-N-0757,ACC-N-0791,24443.56,2026-11-27T18:30:17+00:00,INTERNAL_TRANSFER
TX-N-00545,ACC-N-0686,ACC-N-0557,2156.38,2026-11-22T00:27:32+00:00,WIRE
TX-N-00546,ACC-N-0557,ACC-C-PAY-08,2204.39,2026-03-26T03:22:58+00:00,WIRE
TX-N-00547,ACC-N-0921,ACC-N-0655,1621.25,2026-11-16T13:13:01+00:00,INTERNAL_TRANSFER
TX-N-00548,ACC-N-0685,ACC-N-0484,5511.35,2026-12-15T12:40:51+00:00,INTERNAL_TRANSFER
TX-N-00549,ACC-C-HNW-02,ACC-N-0588,4594.85,2026-01-07T12:36:29+00:00,INTERNAL_TRANSFER
TX-N-00550,EXT-A-013-1,EXT-A-021-3,1478.79,2026-05-06T08:14:05+00:00,INTERNAL_TRANSFER
TX-N-00551,ACC-N-0949,ACC-N-0466,5575.35,2026-06-11T23:31:03+00:00,WIRE
TX-N-00552,ACC-N-1000,ACC-N-0834,3357.34,2026-08-02T22:49:35+00:00,INTERNAL_TRANSFER
TX-N-00553,EXT-A-006-2,EXT-A-045-4,1939.02,2026-07-08T09:22:49+00:00,INTERNAL_TRANSFER
TX-N-00554,EXT-A-061-3,ACC-N-0634,21735.31,2026-10-03T20:46:42+00:00,INTERNAL_TRANSFER
TX-N-00555,ACC-N-0548,ACC-N-0895,2724.04,2026-05-21T22:26:43+00:00,INTERNAL_TRANSFER
TX-N-00556,ACC-N-0454,ACC-N-0485,1921.18,2026-01-14T04:36:33+00:00,WIRE
TX-N-00557,EXT-A-055-2,ACC-N-0420,1170.5,2026-12-10T04:46:48+00:00,WIRE
TX-N-00558,ACC-N-0596,ACC-N-0440,6723.82,2026-09-22T20:29:27+00:00,WIRE
TX-N-00559,ACC-N-0899,ACC-N-0960,2989.32,2026-04-20T04:43:03+00:00,INTERNAL_TRANSFER
TX-N-00560,EXT-A-042-4,EXT-A-017-4,10277.91,2026-07-03T07:11:02+00:00,WIRE
TX-N-00561,EXT-A-059-2,ACC-N-0826,2100.99,2026-07-16T08:49:34+00:00,INTERNAL_TRANSFER
TX-N-00562,EXT-A-037-4,EXT-A-051-1,2796.3,2026-01-18T21:08:15+00:00,INTERNAL_TRANSFER
TX-N-00563,ACC-N-0619,EXT-A-071-1,4810.3,2026-05-02T18:20:46+00:00,INTERNAL_TRANSFER
TX-N-00564,EXT-A-028-3,ACC-N-0686,25885.75,2026-07-05T22:36:09+00:00,INTERNAL_TRANSFER
TX-N-00565,ACC-N-0777,ACC-C-PAY-09,2082.91,2026-07-20T22:40:09+00:00,INTERNAL_TRANSFER
TX-N-00566,ACC-N-0920,ACC-B-03-A,5840.62,2026-06-29T18:12:25+00:00,WIRE
TX-N-00567,ACC-B-02-C,ACC-N-0718,6264.25,2026-08-18T01:12:15+00:00,INTERNAL_TRANSFER
TX-N-00568,EXT-A-049-3,ACC-N-0957,5757.42,2026-04-16T19:49:49+00:00,INTERNAL_TRANSFER
TX-N-00569,EXT-A-056-1,EXT-A-307484,2516.98,2026-07-07T19:31:34+00:00,INTERNAL_TRANSFER
TX-N-00570,ACC-N-0619,EXT-A-070-1,4940.15,2026-07-18T08:34:26+00:00,WIRE
TX-N-00571,EXT-A-025-3,EXT-A-034-4,2794.49,2026-12-17T23:40:27+00:00,INTERNAL_TRANSFER
TX-N-00572,EXT-A-060-2,ACC-N-0804,692.45,2026-09-30T08:35:05+00:00,INTERNAL_TRANSFER
TX-N-00573,ACC-N-0580,ACC-N-0808,12998.91,2026-04-23T23:42:05+00:00,INTERNAL_TRANSFER
TX-N-00574,ACC-N-0470,EXT-A-057-4,2712.25,2026-02-25T23:15:49+00:00,INTERNAL_TRANSFER
TX-N-00575,ACC-N-0568,ACC-N-0883,14441.67,2026-09-07T19:37:46+00:00,INTERNAL_TRANSFER
TX-N-00576,ACC-N-0395,EXT-A-055-3,6479.4,2026-02-17T18:46:13+00:00,ATM
TX-N-00577,ACC-N-0845,ACC-N-0609,7669.89,2026-05-01T07:29:30+00:00,INTERNAL_TRANSFER
TX-N-00578,ACC-N-0686,ACC-N-0535,955.51,2026-04-23T13:26:43+00:00,INTERNAL_TRANSFER
TX-N-00579,ACC-N-0733,EXT-A-004-4,3038.92,2026-05-11T18:21:30+00:00,ATM
TX-N-00580,ACC-N-0674,EXT-A-064-2,6348.31,2026-08-05T16:37:23+00:00,INTERNAL_TRANSFER
TX-N-00581,EXT-A-030-2,ACC-N-1000,12297.82,2026-02-04T03:07:04+00:00,INTERNAL_TRANSFER
TX-N-00582,ACC-N-0907,ACC-C-PAY-09,9633.01,2026-12-09T01:24:42+00:00,INTERNAL_TRANSFER
TX-N-00583,ACC-N-0505,ACC-B-02-B,28569.21,2026-08-24T23:21:02+00:00,ATM
TX-N-00584,ACC-N-0461,ACC-N-0830,3870.11,2026-11-14T01:52:13+00:00,INTERNAL_TRANSFER
TX-N-00585,ACC-N-0794,ACC-N-0412,6174.4,2026-04-30T11:36:34+00:00,WIRE
TX-N-00586,ACC-N-0767,ACC-N-0779,2982.58,2026-12-31T04:51:55+00:00,INTERNAL_TRANSFER
TX-N-00587,ACC-N-0532,EXT-A-040-1,23786.64,2026-01-03T04:53:40+00:00,INTERNAL_TRANSFER
TX-N-00588,ACC-N-0997,EXT-A-052-3,1686.95,2026-03-21T23:21:15+00:00,INTERNAL_TRANSFER
TX-N-00589,ACC-N-0459,ACC-N-0859,2730.85,2026-10-09T14:49:37+00:00,INTERNAL_TRANSFER
TX-N-00590,ACC-B-C,ACC-N-0625,2727.48,2026-10-17T22:37:23+00:00,WIRE
TX-N-00591,ACC-N-0426,ACC-N-0398,16874.27,2026-10-02T10:15:39+00:00,INTERNAL_TRANSFER
TX-N-00592,ACC-N-0593,ACC-N-0864,748.07,2026-08-04T18:49:16+00:00,INTERNAL_TRANSFER
TX-N-00593,ACC-N-0652,EXT-A-019-3,2019.02,2026-08-14T06:55:51+00:00,INTERNAL_TRANSFER
TX-N-00594,ACC-N-0737,ACC-N-0765,6167.07,2026-12-16T20:53:49+00:00,INTERNAL_TRANSFER
TX-N-00595,ACC-N-0777,ACC-N-0426,9932.92,2026-01-18T06:20:55+00:00,INTERNAL_TRANSFER
TX-N-00596,ACC-N-0844,ACC-N-0726,9546.31,2026-09-04T04:11:34+00:00,INTERNAL_TRANSFER
TX-N-00597,ACC-N-0773,ACC-N-0618,926.29,2026-07-03T03:45:55+00:00,WIRE
TX-N-00598,ACC-N-0511,ACC-C-PAY-10,6613.45,2026-02-06T12:38:30+00:00,WIRE
TX-N-00599,EXT-A-034-4,EXT-A-072-3,10498.35,2026-09-07T13:20:19+00:00,INTERNAL_TRANSFER
TX-N-00600,ACC-N-0533,ACC-N-0503,461.2,2026-03-17T04:03:07+00:00,INTERNAL_TRANSFER
TX-N-00601,ACC-N-0474,EXT-A-048-3,1434.22,2026-06-23T19:08:05+00:00,WIRE
TX-N-00602,ACC-N-0689,ACC-N-0484,4478.62,2026-02-26T07:36:01+00:00,INTERNAL_TRANSFER
TX-N-00603,ACC-N-0747,ACC-N-0527,6812.02,2026-05-15T03:58:15+00:00,ATM
TX-N-00604,ACC-N-0998,ACC-N-0707,3357.04,2026-11-16T18:59:09+00:00,WIRE
TX-N-00605,ACC-N-0814,ACC-N-0570,4204.69,2026-03-19T07:51:10+00:00,INTERNAL_TRANSFER
TX-N-00606,EXT-A-003-2,ACC-N-0924,7827.69,2026-02-01T11:42:50+00:00,WIRE
TX-N-00607,ACC-N-0708,ACC-N-0881,1885.86,2026-11-04T08:08:51+00:00,INTERNAL_TRANSFER
TX-N-00608,ACC-N-0920,EXT-A-035-3,11284.3,2026-08-04T11:07:54+00:00,INTERNAL_TRANSFER
TX-N-00609,EXT-A-011-2,ACC-N-0671,2585.16,2026-09-29T20:18:17+00:00,INTERNAL_TRANSFER
TX-N-00610,ACC-N-0979,ACC-N-0548,4255.57,2026-06-05T05:48:43+00:00,INTERNAL_TRANSFER
TX-N-00611,ACC-N-0914,EXT-A-034-2,2268.63,2026-11-15T04:08:38+00:00,INTERNAL_TRANSFER
TX-N-00612,EXT-A-002-4,ACC-N-0506,3177.17,2026-02-18T08:05:35+00:00,INTERNAL_TRANSFER
TX-N-00613,EXT-A-040-4,ACC-N-0976,1606.3,2026-01-05T14:21:17+00:00,INTERNAL_TRANSFER
TX-N-00614,ACC-N-0410,EXT-A-066-4,464.06,2026-05-14T23:04:09+00:00,INTERNAL_TRANSFER
TX-N-00615,ACC-N-0747,ACC-N-0658,13903.42,2026-11-23T11:48:04+00:00,WIRE
TX-N-00616,EXT-A-041-2,EXT-A-017-3,23900.39,2026-06-07T05:50:06+00:00,INTERNAL_TRANSFER
TX-N-00617,ACC-N-0725,EXT-A-059-2,8398.44,2026-07-21T08:41:50+00:00,WIRE
TX-N-00618,EXT-A-055-4,ACC-N-0486,2026.12,2026-08-23T21:41:11+00:00,WIRE
TX-N-00619,ACC-N-0520,ACC-N-0656,3760.87,2026-12-03T08:37:35+00:00,WIRE
TX-N-00620,ACC-N-0902,ACC-N-0641,10143.72,2026-11-14T12:46:25+00:00,WIRE
TX-N-00621,EXT-A-033-1,EXT-A-065-1,4811.06,2026-02-25T08:19:12+00:00,INTERNAL_TRANSFER
TX-N-00622,ACC-N-0540,ACC-N-0460,5421.6,2026-12-17T10:07:57+00:00,INTERNAL_TRANSFER
TX-N-00623,EXT-A-006-3,EXT-A-009-2,6030.83,2026-12-24T13:45:42+00:00,WIRE
TX-N-00624,EXT-A-021-3,EXT-A-042-1,6533.21,2026-06-08T09:50:31+00:00,INTERNAL_TRANSFER
TX-N-00625,EXT-A-003-3,ACC-N-0576,9182.78,2026-03-12T03:53:46+00:00,INTERNAL_TRANSFER
TX-N-00626,ACC-N-0852,EXT-A-040-4,1611.41,2026-07-20T22:01:20+00:00,WIRE
TX-N-00627,ACC-N-0687,ACC-N-0805,3232.47,2026-10-16T21:47:52+00:00,INTERNAL_TRANSFER
TX-N-00628,EXT-A-018-4,ACC-N-0874,12641.03,2026-06-14T12:14:53+00:00,INTERNAL_TRANSFER
TX-N-00629,EXT-A-028-2,ACC-N-0823,28856.5,2026-03-01T14:29:23+00:00,INTERNAL_TRANSFER
TX-N-00630,EXT-A-017-2,EXT-A-012-4,10209.5,2026-12-09T13:08:58+00:00,INTERNAL_TRANSFER
TX-N-00631,ACC-N-0699,EXT-A-067-1,8746.04,2026-06-13T21:36:00+00:00,WIRE
TX-N-00632,ACC-N-0861,EXT-A-060-1,7527.13,2026-09-05T11:34:27+00:00,WIRE
TX-N-00633,ACC-N-0424,EXT-A-025-2,8727.73,2026-10-15T22:54:35+00:00,ATM
TX-N-00634,ACC-N-0939,ACC-N-0879,3992.95,2026-05-04T23:14:37+00:00,ATM
TX-N-00635,EXT-A-065-1,ACC-N-0739,6166.84,2026-04-13T09:26:10+00:00,INTERNAL_TRANSFER
TX-N-00636,ACC-N-0465,ACC-N-0778,1732.09,2026-09-24T07:17:06+00:00,INTERNAL_TRANSFER
TX-N-00637,EXT-A-046-4,ACC-N-0798,3069.44,2026-05-20T16:30:53+00:00,INTERNAL_TRANSFER
TX-N-00638,EXT-A-030-4,ACC-N-0675,3261.76,2026-11-21T08:40:42+00:00,ATM
TX-N-00639,ACC-N-0979,ACC-N-0779,741.02,2026-11-17T16:55:52+00:00,WIRE
TX-N-00640,ACC-N-0846,ACC-B-03-B,22543.26,2026-07-02T19:44:24+00:00,WIRE
TX-N-00641,EXT-A-011-1,ACC-N-0443,6514.18,2026-06-18T19:06:07+00:00,INTERNAL_TRANSFER
TX-N-00642,EXT-A-047-2,ACC-N-0451,6290.67,2026-01-24T07:48:10+00:00,INTERNAL_TRANSFER
TX-N-00643,EXT-A-036-2,ACC-N-0436,4658.02,2026-05-07T08:30:24+00:00,INTERNAL_TRANSFER
TX-N-00644,EXT-A-026-4,EXT-A-034-4,5426.9,2026-12-19T18:48:30+00:00,WIRE
TX-N-00645,ACC-N-0769,ACC-N-0618,2825.05,2026-04-02T09:29:39+00:00,INTERNAL_TRANSFER
TX-N-00646,ACC-N-0778,EXT-A-050-1,2209.86,2026-05-28T00:54:53+00:00,INTERNAL_TRANSFER
TX-N-00647,ACC-N-0644,ACC-N-0918,1551.73,2026-05-19T17:45:02+00:00,INTERNAL_TRANSFER
TX-N-00648,EXT-A-034-4,ACC-N-0747,4255.58,2026-04-17T16:46:16+00:00,WIRE
TX-N-00649,ACC-C-PAY-07,ACC-N-0644,6687.39,2026-05-14T06:38:48+00:00,WIRE
TX-N-00650,EXT-A-043-1,EXT-A-055-3,1502.67,2026-08-01T15:08:32+00:00,INTERNAL_TRANSFER
TX-N-00651,ACC-N-0921,ACC-N-0623,1291.19,2026-04-01T16:04:06+00:00,INTERNAL_TRANSFER
TX-N-00652,EXT-A-036-3,ACC-N-0537,1486.07,2026-03-19T10:43:48+00:00,INTERNAL_TRANSFER
TX-N-00653,ACC-N-0550,ACC-N-0640,2335.03,2026-12-01T07:52:53+00:00,INTERNAL_TRANSFER
TX-N-00654,ACC-N-0932,ACC-N-0867,1849.83,2026-10-30T12:19:59+00:00,INTERNAL_TRANSFER
TX-N-00655,ACC-N-0683,ACC-N-0515,3470.1,2026-02-01T00:46:54+00:00,WIRE
TX-N-00656,ACC-N-0574,ACC-N-0556,2778.13,2026-04-05T19:21:24+00:00,WIRE
TX-N-00657,ACC-C-PAY-07,ACC-N-0410,4788.73,2026-10-15T21:44:02+00:00,INTERNAL_TRANSFER
TX-N-00658,ACC-N-0479,EXT-A-011-2,3051.72,2026-10-09T10:24:57+00:00,INTERNAL_TRANSFER
TX-N-00659,ACC-N-0661,ACC-N-0659,11270.79,2026-03-22T04:36:57+00:00,ATM
TX-N-00660,ACC-N-0589,ACC-N-0950,1946.23,2026-09-17T14:46:18+00:00,WIRE
TX-N-00661,ACC-N-0750,EXT-A-024-2,7991.47,2026-10-25T14:35:57+00:00,INTERNAL_TRANSFER
TX-N-00662,ACC-C-PAY-07,ACC-N-0933,6641.95,2026-03-27T02:40:12+00:00,WIRE
TX-N-00663,ACC-N-0460,EXT-A-033-3,24217.23,2026-07-23T16:02:51+00:00,INTERNAL_TRANSFER
TX-N-00664,EXT-A-028-3,ACC-N-0760,2249.4,2026-04-26T11:19:43+00:00,INTERNAL_TRANSFER
TX-N-00665,ACC-N-0474,ACC-N-0967,3623.68,2026-09-24T10:01:10+00:00,INTERNAL_TRANSFER
TX-N-00666,ACC-N-0600,ACC-N-0420,5875.72,2026-03-17T03:24:05+00:00,INTERNAL_TRANSFER
TX-N-00667,ACC-N-0686,ACC-N-0400,9433.34,2026-01-11T12:08:59+00:00,INTERNAL_TRANSFER
TX-N-00668,ACC-C-PAY-06,ACC-N-0725,10223.96,2026-11-26T15:20:03+00:00,INTERNAL_TRANSFER
TX-N-00669,ACC-N-0462,ACC-N-0559,9524.19,2026-05-18T01:53:51+00:00,INTERNAL_TRANSFER
TX-N-00670,EXT-A-057-3,ACC-N-0707,1906.29,2026-12-22T09:24:47+00:00,INTERNAL_TRANSFER
TX-N-00671,ACC-N-0428,ACC-N-0788,14255.46,2026-02-06T03:16:42+00:00,INTERNAL_TRANSFER
TX-N-00672,EXT-A-058-3,ACC-N-0613,11070.19,2026-09-04T20:44:53+00:00,WIRE
TX-N-00673,ACC-N-0416,ACC-N-0828,248.91,2026-10-28T02:00:39+00:00,INTERNAL_TRANSFER
TX-N-00674,ACC-N-0453,EXT-A-028-2,5764.41,2026-09-10T03:22:32+00:00,INTERNAL_TRANSFER
TX-N-00675,ACC-B-B,ACC-N-0444,6254.74,2026-02-13T06:29:19+00:00,WIRE
TX-N-00676,ACC-N-0663,ACC-N-0749,46813.63,2026-05-16T04:13:34+00:00,INTERNAL_TRANSFER
TX-N-00677,EXT-A-062-4,ACC-N-0733,1958.24,2026-02-17T07:06:08+00:00,INTERNAL_TRANSFER
TX-N-00678,ACC-N-0949,ACC-N-0694,3346.91,2026-07-21T09:11:54+00:00,INTERNAL_TRANSFER
TX-N-00679,EXT-A-054-1,EXT-A-021-3,3650.43,2026-12-08T17:46:50+00:00,INTERNAL_TRANSFER
TX-N-00680,ACC-N-0913,ACC-N-0778,1475.57,2026-05-26T10:11:54+00:00,INTERNAL_TRANSFER
TX-N-00681,EXT-A-045-3,ACC-N-0921,7559.28,2026-07-13T09:20:37+00:00,INTERNAL_TRANSFER
TX-N-00682,EXT-A-046-4,EXT-A-046-3,5306.12,2026-04-17T13:35:19+00:00,INTERNAL_TRANSFER
TX-N-00683,ACC-N-0561,ACC-N-0580,5367.57,2026-11-21T10:23:50+00:00,WIRE
TX-N-00684,EXT-A-072-1,ACC-N-0927,15771.45,2026-05-10T18:04:54+00:00,INTERNAL_TRANSFER
TX-N-00685,EXT-A-067-1,EXT-A-022-2,922.4,2026-02-09T11:30:56+00:00,INTERNAL_TRANSFER
TX-N-00686,ACC-N-0700,ACC-N-0648,30654.77,2026-12-28T22:34:44+00:00,INTERNAL_TRANSFER
TX-N-00687,ACC-N-0532,EXT-A-054-3,9421.56,2026-03-15T04:53:36+00:00,INTERNAL_TRANSFER
TX-N-00688,ACC-N-0491,ACC-N-0987,4596.93,2026-09-18T12:23:01+00:00,INTERNAL_TRANSFER
TX-N-00689,ACC-N-0640,ACC-N-0796,6178.46,2026-11-19T16:43:20+00:00,INTERNAL_TRANSFER
TX-N-00690,ACC-N-0883,ACC-N-0990,4503.03,2026-07-07T01:59:29+00:00,INTERNAL_TRANSFER
TX-N-00691,ACC-N-0467,EXT-A-021-1,169.69,2026-03-21T23:01:32+00:00,INTERNAL_TRANSFER
TX-N-00692,ACC-N-0477,ACC-N-0913,1763.84,2026-01-24T16:15:59+00:00,INTERNAL_TRANSFER
TX-N-00693,ACC-N-0816,EXT-A-020-3,2779.88,2026-02-07T04:54:20+00:00,INTERNAL_TRANSFER
TX-N-00694,ACC-N-0666,ACC-N-0422,7862.11,2026-07-28T20:39:24+00:00,INTERNAL_TRANSFER
TX-N-00695,EXT-A-035-3,ACC-N-0884,1102.33,2026-08-28T13:12:39+00:00,INTERNAL_TRANSFER
TX-N-00696,EXT-A-071-4,ACC-N-0496,4150.18,2026-11-12T09:52:01+00:00,INTERNAL_TRANSFER
TX-N-00697,EXT-A-052-1,ACC-N-0636,4265.22,2026-08-24T18:55:29+00:00,INTERNAL_TRANSFER
TX-N-00698,EXT-A-027-4,ACC-N-0883,3809.86,2026-07-12T12:51:38+00:00,INTERNAL_TRANSFER
TX-N-00699,ACC-N-0396,EXT-A-035-1,2195.29,2026-08-18T15:00:05+00:00,INTERNAL_TRANSFER
TX-N-00700,ACC-N-0982,ACC-N-0562,2246.34,2026-06-23T00:15:26+00:00,INTERNAL_TRANSFER
TX-N-00701,ACC-N-0786,ACC-N-0666,611.34,2026-04-14T20:25:50+00:00,INTERNAL_TRANSFER
TX-N-00702,ACC-N-0743,ACC-N-0884,1896.6,2026-12-09T11:20:08+00:00,INTERNAL_TRANSFER
TX-N-00703,ACC-N-0529,EXT-A-045-2,1527.08,2026-09-03T07:30:17+00:00,WIRE
TX-N-00704,ACC-N-0706,ACC-N-0717,1551.66,2026-07-28T09:11:12+00:00,INTERNAL_TRANSFER
TX-N-00705,EXT-A-067-4,EXT-A-046-4,11065.48,2026-01-08T06:21:22+00:00,WIRE
TX-N-00706,EXT-A-062-2,ACC-N-0625,4563.19,2026-10-23T08:54:41+00:00,INTERNAL_TRANSFER
TX-N-00707,EXT-A-010-2,ACC-N-0695,699.17,2026-05-30T16:35:55+00:00,INTERNAL_TRANSFER
TX-N-00708,ACC-N-0521,ACC-N-0426,2262.14,2026-04-21T05:41:02+00:00,INTERNAL_TRANSFER
TX-N-00709,ACC-N-0772,ACC-N-0915,8308.63,2026-10-19T21:39:46+00:00,INTERNAL_TRANSFER
TX-N-00710,EXT-A-037-3,EXT-A-029-2,4869.94,2026-07-22T04:27:22+00:00,INTERNAL_TRANSFER
TX-N-00711,EXT-A-048-2,EXT-A-035-2,4917.13,2026-05-06T01:38:40+00:00,INTERNAL_TRANSFER
TX-N-00712,ACC-N-0500,ACC-N-0857,1262.74,2026-04-27T03:43:37+00:00,WIRE
TX-N-00713,ACC-N-0960,EXT-A-042-3,8162.6,2026-07-26T09:50:30+00:00,WIRE
TX-N-00714,ACC-N-0622,ACC-N-0529,5917.1,2026-08-22T04:33:26+00:00,WIRE
TX-N-00715,ACC-N-0661,EXT-A-030-3,3083.4,2026-09-08T19:52:33+00:00,INTERNAL_TRANSFER
TX-N-00716,ACC-N-0815,ACC-N-0657,15341.31,2026-08-12T10:03:32+00:00,WIRE
TX-N-00717,ACC-N-0538,ACC-N-0967,1853.3,2026-01-24T10:35:04+00:00,INTERNAL_TRANSFER
TX-N-00718,ACC-N-0789,EXT-A-056-4,16612.59,2026-12-17T00:12:55+00:00,INTERNAL_TRANSFER
TX-N-00719,ACC-N-0452,ACC-B-03-A,4789.2,2026-06-20T18:02:35+00:00,INTERNAL_TRANSFER
TX-N-00720,ACC-N-0636,EXT-A-064-2,16360.52,2026-06-06T16:05:25+00:00,INTERNAL_TRANSFER
TX-N-00721,ACC-N-0526,EXT-A-063-2,4025.54,2026-11-07T08:10:30+00:00,WIRE
TX-N-00722,ACC-N-0854,ACC-N-0785,1418.39,2026-03-28T07:27:19+00:00,INTERNAL_TRANSFER
TX-N-00723,ACC-N-0769,EXT-A-037-1,4213.67,2026-12-14T08:10:18+00:00,INTERNAL_TRANSFER
TX-N-00724,EXT-A-041-3,ACC-N-0765,10607.7,2026-07-22T18:16:23+00:00,INTERNAL_TRANSFER
TX-N-00725,ACC-N-0411,EXT-A-027-2,14453.44,2026-10-23T15:30:13+00:00,WIRE
TX-N-00726,ACC-N-0833,ACC-N-0647,13486.44,2026-11-22T22:58:18+00:00,INTERNAL_TRANSFER
TX-N-00727,ACC-N-0775,ACC-N-0437,7809.66,2026-07-20T04:53:26+00:00,INTERNAL_TRANSFER
TX-N-00728,EXT-A-053-2,ACC-N-0707,769.23,2026-07-05T12:04:56+00:00,WIRE
TX-N-00729,ACC-N-0727,EXT-A-007-1,2571.64,2026-06-08T09:41:59+00:00,ATM
TX-N-00730,EXT-A-026-1,EXT-A-055-2,32333.16,2026-01-16T04:46:27+00:00,INTERNAL_TRANSFER
TX-N-00731,EXT-A-070-4,EXT-A-046-2,10790.39,2026-05-31T17:43:35+00:00,INTERNAL_TRANSFER
TX-N-00732,EXT-A-067-4,ACC-N-0944,656.51,2026-08-12T23:14:04+00:00,INTERNAL_TRANSFER
TX-N-00733,ACC-N-0485,EXT-A-042-3,477.58,2026-11-30T16:56:04+00:00,WIRE
TX-N-00734,ACC-N-0719,ACC-N-0429,8586.15,2026-05-12T07:46:25+00:00,ATM
TX-N-00735,EXT-A-012-3,EXT-A-006-2,5075.23,2026-12-27T03:54:09+00:00,ATM
TX-N-00736,ACC-N-0833,ACC-N-0430,6352.3,2026-01-07T09:29:17+00:00,INTERNAL_TRANSFER
TX-N-00737,ACC-N-0464,ACC-N-0760,250.7,2026-01-09T06:05:42+00:00,INTERNAL_TRANSFER
TX-N-00738,ACC-N-0562,ACC-N-0904,8020.41,2026-12-22T14:17:38+00:00,INTERNAL_TRANSFER
TX-N-00739,ACC-N-0821,ACC-N-0865,5462.21,2026-11-17T05:26:03+00:00,INTERNAL_TRANSFER
TX-N-00740,EXT-A-041-3,ACC-N-0620,6908.25,2026-10-28T04:47:23+00:00,INTERNAL_TRANSFER
TX-N-00741,EXT-A-056-1,ACC-N-0693,10600.06,2026-06-04T07:58:33+00:00,INTERNAL_TRANSFER
TX-N-00742,ACC-N-0618,EXT-A-067-1,2183.83,2026-01-10T00:59:19+00:00,INTERNAL_TRANSFER
TX-N-00743,ACC-N-0927,ACC-N-0815,10094.19,2026-05-29T13:58:09+00:00,INTERNAL_TRANSFER
TX-N-00744,ACC-N-0567,ACC-N-0514,3247.17,2026-04-05T18:35:58+00:00,INTERNAL_TRANSFER
TX-N-00745,ACC-N-0588,ACC-N-0561,836.99,2026-02-15T03:35:20+00:00,INTERNAL_TRANSFER
TX-N-00746,EXT-A-040-3,ACC-N-0516,6106.71,2026-12-06T11:22:42+00:00,WIRE
TX-N-00747,EXT-A-065-2,EXT-A-032-2,25800.61,2026-07-11T16:54:05+00:00,WIRE
TX-N-00748,ACC-N-0861,EXT-A-007-1,2602.0,2026-09-18T08:25:18+00:00,INTERNAL_TRANSFER
TX-N-00749,ACC-N-0567,ACC-N-0629,14019.6,2026-04-05T13:09:15+00:00,INTERNAL_TRANSFER
TX-N-00750,EXT-A-065-1,EXT-A-011-4,282.77,2026-08-01T23:38:21+00:00,INTERNAL_TRANSFER
TX-N-00751,ACC-N-0896,EXT-A-006-1,613.62,2026-12-25T12:53:50+00:00,WIRE
TX-N-00752,EXT-A-016-4,ACC-N-0484,4207.58,2026-06-03T07:41:22+00:00,INTERNAL_TRANSFER
TX-N-00753,EXT-A-060-3,EXT-A-063-4,1978.87,2026-12-24T00:57:52+00:00,ATM
TX-N-00754,ACC-N-0510,ACC-N-0990,1871.48,2026-08-12T12:52:46+00:00,INTERNAL_TRANSFER
TX-N-00755,ACC-N-0510,ACC-N-0656,18788.62,2026-04-02T00:13:42+00:00,INTERNAL_TRANSFER
TX-N-00756,EXT-A-021-3,ACC-N-0648,4433.08,2026-09-16T09:33:57+00:00,WIRE
TX-N-00757,ACC-N-0745,ACC-N-0838,14043.46,2026-04-01T01:43:48+00:00,WIRE
TX-N-00758,EXT-A-035-4,ACC-C-PAY-07,3339.58,2026-06-12T18:20:13+00:00,INTERNAL_TRANSFER
TX-N-00759,ACC-N-0595,ACC-N-0665,1479.04,2026-05-05T15:59:11+00:00,INTERNAL_TRANSFER
TX-N-00760,EXT-A-064-4,EXT-A-006-4,3261.54,2026-06-14T18:08:37+00:00,INTERNAL_TRANSFER
TX-N-00761,ACC-N-0897,ACC-N-0746,2184.54,2026-09-29T08:10:58+00:00,INTERNAL_TRANSFER
TX-N-00762,EXT-A-021-2,EXT-A-020-3,33172.46,2026-09-03T02:27:44+00:00,INTERNAL_TRANSFER
TX-N-00763,ACC-N-0457,ACC-N-0749,6878.73,2026-12-29T10:07:29+00:00,WIRE
TX-N-00764,ACC-N-0837,EXT-A-049-3,1582.48,2026-05-16T06:57:02+00:00,WIRE
TX-N-00765,ACC-N-0984,EXT-A-031-2,9374.88,2026-02-26T14:31:10+00:00,WIRE
TX-N-00766,ACC-N-0903,EXT-A-010-4,984.32,2026-02-21T12:21:15+00:00,INTERNAL_TRANSFER
TX-N-00767,EXT-A-062-4,ACC-N-0962,1088.75,2026-03-30T13:44:13+00:00,WIRE
TX-N-00768,EXT-A-066-2,ACC-B-03-C,13759.58,2026-06-30T22:09:10+00:00,INTERNAL_TRANSFER
TX-N-00769,ACC-N-0879,EXT-A-017-1,1769.33,2026-06-06T10:17:56+00:00,INTERNAL_TRANSFER
TX-N-00770,ACC-N-0936,ACC-N-0491,4621.1,2026-05-11T05:05:43+00:00,INTERNAL_TRANSFER
TX-N-00771,EXT-A-036-1,ACC-N-0974,3384.36,2026-03-16T22:01:56+00:00,INTERNAL_TRANSFER
TX-N-00772,ACC-N-0419,ACC-N-0764,4496.72,2026-09-23T13:08:01+00:00,WIRE
TX-N-00773,ACC-N-0708,EXT-A-034-2,10336.95,2026-04-10T21:01:14+00:00,INTERNAL_TRANSFER
TX-N-00774,EXT-A-018-3,EXT-A-024-3,5323.06,2026-12-27T04:16:50+00:00,INTERNAL_TRANSFER
TX-N-00775,ACC-N-0472,EXT-A-004-4,2601.96,2026-07-20T17:53:21+00:00,INTERNAL_TRANSFER
TX-N-00776,EXT-A-015-1,EXT-A-017-1,5864.05,2026-05-23T02:30:25+00:00,INTERNAL_TRANSFER
TX-N-00777,EXT-A-049-4,ACC-N-0458,4508.44,2026-12-30T21:46:26+00:00,INTERNAL_TRANSFER
TX-N-00778,ACC-N-0828,ACC-N-0606,6864.74,2026-12-28T08:58:14+00:00,INTERNAL_TRANSFER
TX-N-00779,ACC-N-0415,ACC-N-0657,3673.19,2026-11-01T17:40:04+00:00,WIRE
TX-N-00780,ACC-N-0734,ACC-B-02-A,760.6,2026-02-16T18:51:40+00:00,INTERNAL_TRANSFER
TX-N-00781,ACC-N-0919,ACC-N-0484,4457.11,2026-08-06T11:13:11+00:00,INTERNAL_TRANSFER
TX-N-00782,ACC-N-0426,ACC-N-0826,4670.2,2026-12-01T19:35:20+00:00,INTERNAL_TRANSFER
TX-N-00783,ACC-N-0744,ACC-N-0583,2253.77,2026-10-05T18:21:33+00:00,INTERNAL_TRANSFER
TX-N-00784,ACC-N-0958,ACC-N-0969,4205.28,2026-12-13T01:16:04+00:00,WIRE
TX-N-00785,EXT-A-037-3,EXT-A-033-1,1719.12,2026-11-09T15:41:49+00:00,INTERNAL_TRANSFER
TX-N-00786,ACC-N-0742,EXT-A-060-1,12927.85,2026-07-17T19:33:08+00:00,INTERNAL_TRANSFER
TX-N-00787,ACC-N-0866,ACC-N-0944,2825.51,2026-04-13T21:53:42+00:00,INTERNAL_TRANSFER
TX-N-00788,EXT-A-062-2,ACC-N-0990,41003.44,2026-09-28T01:34:32+00:00,INTERNAL_TRANSFER
TX-N-00789,ACC-N-0561,ACC-N-0754,2202.84,2026-03-01T19:16:22+00:00,INTERNAL_TRANSFER
TX-N-00790,ACC-C-PAY-03,EXT-A-003-2,6664.62,2026-12-18T04:03:12+00:00,INTERNAL_TRANSFER
TX-N-00791,ACC-N-0394,EXT-A-034-1,4439.73,2026-04-15T02:12:43+00:00,INTERNAL_TRANSFER
TX-N-00792,EXT-A-023-4,ACC-N-0644,7608.1,2026-01-29T16:59:53+00:00,INTERNAL_TRANSFER
TX-N-00793,ACC-N-0766,ACC-N-0919,11894.3,2026-10-17T23:16:29+00:00,INTERNAL_TRANSFER
TX-N-00794,EXT-A-069-2,ACC-N-0640,3531.18,2026-07-14T15:40:41+00:00,INTERNAL_TRANSFER
TX-N-00795,EXT-A-026-2,EXT-A-048-4,1277.16,2026-02-23T11:24:08+00:00,INTERNAL_TRANSFER
TX-N-00796,EXT-A-067-4,EXT-A-050-3,1555.34,2026-06-13T03:52:43+00:00,INTERNAL_TRANSFER
TX-N-00797,EXT-A-029-2,EXT-A-054-3,9674.36,2026-09-20T21:43:52+00:00,INTERNAL_TRANSFER
TX-N-00798,EXT-A-045-2,ACC-N-0673,2101.29,2026-09-12T09:52:47+00:00,INTERNAL_TRANSFER
TX-N-00799,EXT-A-004-2,ACC-N-0713,8363.46,2026-05-18T12:35:58+00:00,INTERNAL_TRANSFER
TX-N-00800,EXT-A-010-1,ACC-N-0752,6712.09,2026-10-06T14:46:00+00:00,INTERNAL_TRANSFER
TX-N-00801,EXT-A-038-2,ACC-N-0429,3330.66,2026-08-17T16:11:33+00:00,INTERNAL_TRANSFER
TX-N-00802,ACC-N-0658,EXT-A-057-4,840.69,2026-04-30T14:54:43+00:00,INTERNAL_TRANSFER
TX-N-00803,ACC-N-0430,EXT-A-056-1,3461.24,2026-01-12T09:13:05+00:00,WIRE
TX-N-00804,EXT-A-011-4,ACC-N-0800,3659.6,2026-06-05T22:30:28+00:00,INTERNAL_TRANSFER
TX-N-00805,ACC-N-0951,ACC-N-0402,10544.3,2026-01-09T13:15:27+00:00,WIRE
TX-N-00806,EXT-A-061-4,ACC-N-0501,3490.97,2026-08-04T23:50:16+00:00,INTERNAL_TRANSFER
TX-N-00807,ACC-N-0602,ACC-N-0530,4016.19,2026-09-26T14:59:50+00:00,WIRE
TX-N-00808,ACC-N-0724,ACC-N-0592,10142.12,2026-10-22T20:08:14+00:00,INTERNAL_TRANSFER
TX-N-00809,ACC-N-0955,ACC-N-0701,932.77,2026-01-21T05:36:25+00:00,WIRE
TX-N-00810,EXT-A-037-2,ACC-N-0782,7495.01,2026-04-16T11:34:17+00:00,INTERNAL_TRANSFER
TX-N-00811,ACC-N-0453,ACC-N-0930,913.72,2026-01-03T03:28:16+00:00,INTERNAL_TRANSFER
TX-N-00812,ACC-N-0625,ACC-N-0475,11115.81,2026-04-20T10:50:11+00:00,INTERNAL_TRANSFER
TX-N-00813,EXT-A-015-3,EXT-A-064-1,2221.16,2026-04-05T10:21:48+00:00,INTERNAL_TRANSFER
TX-N-00814,ACC-N-0739,EXT-A-037-4,2801.49,2026-05-24T06:11:50+00:00,INTERNAL_TRANSFER
TX-N-00815,EXT-A-029-1,ACC-N-0732,1564.7,2026-07-03T09:26:06+00:00,INTERNAL_TRANSFER
TX-N-00816,ACC-N-0818,EXT-A-018-3,1648.9,2026-08-05T15:38:52+00:00,INTERNAL_TRANSFER
TX-N-00817,EXT-A-058-3,EXT-A-035-1,7363.74,2026-02-16T11:14:11+00:00,WIRE
TX-N-00818,EXT-A-004-4,ACC-N-0960,4951.99,2026-12-31T19:16:14+00:00,INTERNAL_TRANSFER
TX-N-00819,ACC-C-HNW-04,ACC-N-0500,8523.17,2026-02-18T09:48:39+00:00,ATM
TX-N-00820,ACC-N-0651,EXT-A-057-4,12552.79,2026-02-23T13:15:53+00:00,INTERNAL_TRANSFER
TX-N-00821,ACC-C-PAY-02,ACC-N-0606,5122.26,2026-04-26T15:48:27+00:00,INTERNAL_TRANSFER
TX-N-00822,EXT-A-051-3,ACC-N-0441,1585.13,2026-06-24T03:43:18+00:00,ATM
TX-N-00823,ACC-N-0764,EXT-A-038-2,4325.35,2026-05-18T10:25:09+00:00,INTERNAL_TRANSFER
TX-N-00824,ACC-N-0813,EXT-A-307484,585.16,2026-06-23T16:24:23+00:00,INTERNAL_TRANSFER
TX-N-00825,ACC-N-0416,EXT-A-052-2,2235.81,2026-08-31T07:12:03+00:00,WIRE
TX-N-00826,ACC-N-0459,EXT-A-003-3,37187.16,2026-11-23T13:01:41+00:00,ATM
TX-N-00827,EXT-A-032-1,ACC-N-0623,6680.89,2026-01-07T19:29:15+00:00,WIRE
TX-N-00828,EXT-A-023-3,ACC-N-0651,14151.7,2026-08-19T13:07:41+00:00,WIRE
TX-N-00829,EXT-A-018-4,ACC-N-0752,6190.16,2026-04-27T16:52:12+00:00,INTERNAL_TRANSFER
TX-N-00830,ACC-N-0475,ACC-N-0811,5050.8,2026-09-03T02:47:19+00:00,INTERNAL_TRANSFER
TX-N-00831,ACC-N-0652,EXT-A-015-4,1279.51,2026-10-15T00:43:23+00:00,INTERNAL_TRANSFER
TX-N-00832,EXT-A-007-3,EXT-A-039-1,2457.64,2026-02-05T07:36:56+00:00,INTERNAL_TRANSFER
TX-N-00833,ACC-N-0463,ACC-N-0667,3606.46,2026-02-02T07:54:23+00:00,INTERNAL_TRANSFER
TX-N-00834,ACC-N-0934,EXT-A-120482,4186.21,2026-04-05T23:59:08+00:00,INTERNAL_TRANSFER
TX-N-00835,ACC-N-0822,ACC-N-0914,5138.45,2026-08-18T12:05:17+00:00,INTERNAL_TRANSFER
TX-N-00836,ACC-N-0747,ACC-N-0919,36115.73,2026-11-02T23:08:46+00:00,INTERNAL_TRANSFER
TX-N-00837,EXT-A-070-2,EXT-A-063-3,28882.5,2026-04-24T13:02:01+00:00,WIRE
TX-N-00838,ACC-N-0561,EXT-A-059-4,2309.43,2026-08-20T20:59:36+00:00,WIRE
TX-N-00839,ACC-N-0514,ACC-N-0478,3189.27,2026-06-23T22:56:34+00:00,INTERNAL_TRANSFER
TX-N-00840,ACC-N-0412,EXT-A-029-1,2207.23,2026-09-01T01:23:59+00:00,INTERNAL_TRANSFER
TX-N-00841,ACC-N-0734,ACC-N-0543,14813.44,2026-03-16T14:00:15+00:00,WIRE
TX-N-00842,ACC-N-0493,ACC-N-0979,3358.04,2026-08-14T20:42:12+00:00,INTERNAL_TRANSFER
TX-N-00843,EXT-A-055-4,ACC-N-0575,2273.11,2026-06-14T18:48:11+00:00,INTERNAL_TRANSFER
TX-N-00844,ACC-N-0680,ACC-N-0856,7039.7,2026-02-20T01:16:00+00:00,ATM
TX-N-00845,EXT-A-037-1,ACC-N-0888,698.38,2026-06-23T15:01:33+00:00,INTERNAL_TRANSFER
TX-N-00846,ACC-N-0840,ACC-N-0844,1108.1,2026-05-18T09:28:52+00:00,INTERNAL_TRANSFER
TX-N-00847,ACC-N-0752,EXT-A-041-3,841.75,2026-09-29T06:03:06+00:00,ATM
TX-N-00848,EXT-A-120482,ACC-N-0672,10057.53,2026-06-08T16:48:58+00:00,INTERNAL_TRANSFER
TX-N-00849,ACC-N-0584,ACC-N-0605,18563.39,2026-09-16T22:13:27+00:00,INTERNAL_TRANSFER
TX-N-00850,EXT-A-023-4,ACC-N-0629,3389.16,2026-12-21T20:32:50+00:00,INTERNAL_TRANSFER
TX-N-00851,ACC-N-0625,EXT-A-009-1,3687.6,2026-04-14T21:22:17+00:00,INTERNAL_TRANSFER
TX-N-00852,ACC-N-0567,ACC-N-0884,2167.19,2026-04-17T23:46:31+00:00,ATM
TX-N-00853,EXT-A-050-1,EXT-A-026-4,913.37,2026-04-08T23:41:50+00:00,ATM
TX-N-00854,ACC-N-0758,EXT-A-032-2,1659.93,2026-11-14T07:45:22+00:00,WIRE
TX-N-00855,EXT-A-028-2,ACC-N-0574,6243.88,2026-10-24T19:01:21+00:00,INTERNAL_TRANSFER
TX-N-00856,ACC-C-PAY-08,EXT-A-068-3,9548.84,2026-01-02T14:47:06+00:00,ATM
TX-N-00857,EXT-A-022-2,ACC-N-0603,826.84,2026-09-21T18:35:04+00:00,INTERNAL_TRANSFER
TX-N-00858,ACC-N-0550,ACC-N-0752,3605.97,2026-12-14T18:56:06+00:00,INTERNAL_TRANSFER
TX-N-00859,ACC-N-0719,ACC-N-0461,2076.29,2026-01-26T08:04:05+00:00,INTERNAL_TRANSFER
TX-N-00860,EXT-A-057-3,ACC-N-0942,8564.69,2026-08-12T05:33:30+00:00,INTERNAL_TRANSFER
TX-N-00861,ACC-N-0580,ACC-N-0795,1456.36,2026-03-30T08:35:54+00:00,INTERNAL_TRANSFER
TX-N-00862,EXT-A-002-3,ACC-N-0640,10374.63,2026-07-03T02:05:07+00:00,INTERNAL_TRANSFER
TX-N-00863,ACC-N-0426,ACC-N-0484,3255.16,2026-06-14T20:38:00+00:00,INTERNAL_TRANSFER
TX-N-00864,ACC-N-0911,ACC-N-0445,5899.63,2026-06-23T15:47:00+00:00,INTERNAL_TRANSFER
TX-N-00865,ACC-N-0603,EXT-A-057-2,11282.69,2026-06-15T02:52:23+00:00,INTERNAL_TRANSFER
TX-N-00866,ACC-N-0714,ACC-N-0926,4524.81,2026-11-15T02:33:42+00:00,INTERNAL_TRANSFER
TX-N-00867,EXT-A-043-2,EXT-A-013-1,32998.91,2026-12-24T15:28:58+00:00,INTERNAL_TRANSFER
TX-N-00868,EXT-A-053-4,EXT-A-009-4,3404.23,2026-03-01T20:43:21+00:00,WIRE
TX-N-00869,ACC-N-0620,ACC-N-0884,10126.87,2026-08-14T11:48:52+00:00,WIRE
TX-N-00870,ACC-N-0649,ACC-N-0772,9503.6,2026-09-22T16:52:46+00:00,INTERNAL_TRANSFER
TX-N-00871,EXT-A-027-1,EXT-A-033-2,1414.89,2026-06-02T22:06:55+00:00,INTERNAL_TRANSFER
TX-N-00872,ACC-N-0676,EXT-A-018-1,2593.79,2026-03-08T03:17:47+00:00,INTERNAL_TRANSFER
TX-N-00873,ACC-N-0568,EXT-A-021-3,6785.1,2026-01-20T03:28:09+00:00,INTERNAL_TRANSFER
TX-N-00874,ACC-N-0823,ACC-B-04-A,881.72,2026-10-28T18:45:08+00:00,INTERNAL_TRANSFER
TX-N-00875,EXT-A-054-3,EXT-A-012-3,4811.34,2026-02-17T21:14:24+00:00,INTERNAL_TRANSFER
TX-N-00876,EXT-A-035-2,ACC-N-0458,9066.33,2026-12-17T15:44:45+00:00,INTERNAL_TRANSFER
TX-N-00877,EXT-A-038-1,ACC-N-0800,3757.86,2026-10-13T18:22:36+00:00,INTERNAL_TRANSFER
TX-N-00878,ACC-N-0532,ACC-N-0747,3501.47,2026-02-15T21:20:25+00:00,WIRE
TX-N-00879,EXT-A-022-4,ACC-N-0993,4248.74,2026-08-07T13:55:23+00:00,INTERNAL_TRANSFER
TX-N-00880,ACC-N-0894,ACC-N-0699,1738.89,2026-08-01T14:59:43+00:00,INTERNAL_TRANSFER
TX-N-00881,ACC-N-0873,ACC-N-0638,5111.24,2026-08-16T14:26:34+00:00,WIRE
TX-N-00882,ACC-N-0905,ACC-N-0987,4152.98,2026-05-21T09:59:44+00:00,INTERNAL_TRANSFER
TX-N-00883,ACC-N-0532,ACC-B-02-B,6338.31,2026-09-30T17:26:33+00:00,INTERNAL_TRANSFER
TX-N-00884,ACC-N-0835,ACC-N-0588,8010.87,2026-08-23T11:26:52+00:00,INTERNAL_TRANSFER
TX-N-00885,EXT-A-036-3,EXT-A-017-3,5759.42,2026-02-01T03:00:07+00:00,INTERNAL_TRANSFER
TX-N-00886,EXT-A-017-3,ACC-N-0549,24490.1,2026-03-05T21:05:46+00:00,INTERNAL_TRANSFER
TX-N-00887,EXT-A-021-3,ACC-N-0675,1974.65,2026-05-07T06:51:26+00:00,WIRE
TX-N-00888,ACC-N-0836,ACC-N-0824,3902.8,2026-08-31T18:24:38+00:00,INTERNAL_TRANSFER
TX-N-00889,ACC-N-0542,ACC-N-0810,860.91,2026-10-11T10:58:20+00:00,INTERNAL_TRANSFER
TX-N-00890,EXT-A-007-3,ACC-N-0549,6805.61,2026-04-27T22:35:34+00:00,INTERNAL_TRANSFER
TX-N-00891,ACC-N-0648,ACC-N-0981,6679.98,2026-07-07T22:28:13+00:00,ATM
TX-N-00892,EXT-A-022-4,ACC-N-0828,2490.83,2026-09-26T08:12:34+00:00,WIRE
TX-N-00893,EXT-A-060-3,ACC-N-0765,3652.73,2026-12-30T22:27:47+00:00,INTERNAL_TRANSFER
TX-N-00894,ACC-N-0803,ACC-N-0774,11865.81,2026-05-31T15:47:29+00:00,INTERNAL_TRANSFER
TX-N-00895,EXT-A-027-3,ACC-N-0908,3649.58,2026-02-19T17:40:00+00:00,INTERNAL_TRANSFER
TX-N-00896,ACC-N-0751,ACC-N-0686,26220.94,2026-11-28T13:41:24+00:00,INTERNAL_TRANSFER
TX-N-00897,ACC-N-0618,EXT-A-009-1,4054.74,2026-03-28T21:46:15+00:00,INTERNAL_TRANSFER
TX-N-00898,ACC-N-0722,ACC-N-0869,5658.59,2026-05-13T03:28:41+00:00,WIRE
TX-N-00899,EXT-A-867458,ACC-N-0685,2170.63,2026-05-30T16:31:23+00:00,ATM
TX-N-00900,EXT-A-044-1,ACC-N-0967,3973.6,2026-04-17T16:49:42+00:00,INTERNAL_TRANSFER
TX-N-00901,EXT-A-036-3,ACC-N-0761,63687.42,2026-03-24T02:48:25+00:00,INTERNAL_TRANSFER
TX-N-00902,ACC-N-0446,EXT-A-025-3,2672.73,2026-09-06T17:54:08+00:00,INTERNAL_TRANSFER
TX-N-00903,EXT-A-012-2,EXT-A-067-4,12380.7,2026-10-27T23:30:42+00:00,INTERNAL_TRANSFER
TX-N-00904,ACC-N-0946,ACC-N-0480,546.92,2026-08-23T22:41:32+00:00,INTERNAL_TRANSFER
TX-N-00905,EXT-A-069-3,ACC-N-0817,4406.87,2026-11-04T06:32:55+00:00,INTERNAL_TRANSFER
TX-N-00906,EXT-A-063-2,EXT-A-046-3,6516.43,2026-09-10T02:34:46+00:00,INTERNAL_TRANSFER
TX-N-00907,ACC-N-0710,EXT-A-071-4,9195.39,2026-05-20T18:02:06+00:00,ATM
TX-N-00908,EXT-A-034-1,ACC-N-0995,906.29,2026-07-09T08:50:32+00:00,INTERNAL_TRANSFER
TX-N-00909,EXT-A-046-4,ACC-N-0814,6721.63,2026-10-15T00:07:57+00:00,INTERNAL_TRANSFER
TX-N-00910,ACC-N-0813,ACC-N-0761,2500.97,2026-05-04T16:10:47+00:00,WIRE
TX-N-00911,EXT-A-023-2,ACC-N-0901,4481.68,2026-08-30T01:21:44+00:00,INTERNAL_TRANSFER
TX-N-00912,ACC-N-0528,ACC-N-1000,3369.23,2026-11-22T03:53:22+00:00,INTERNAL_TRANSFER
TX-N-00913,ACC-N-0428,ACC-N-0692,6207.26,2026-08-13T15:38:53+00:00,INTERNAL_TRANSFER
TX-N-00914,ACC-N-0516,ACC-N-0884,2482.48,2026-05-15T02:04:58+00:00,INTERNAL_TRANSFER
TX-N-00915,EXT-A-008-3,ACC-N-0817,3150.92,2026-08-24T02:32:49+00:00,INTERNAL_TRANSFER
TX-N-00916,ACC-N-0684,ACC-N-0502,5671.02,2026-04-01T18:39:34+00:00,WIRE
TX-N-00917,EXT-A-065-4,EXT-A-058-3,2984.77,2026-07-04T05:53:41+00:00,INTERNAL_TRANSFER
TX-N-00918,ACC-N-0700,ACC-N-0491,22231.36,2026-06-15T13:13:20+00:00,WIRE
TX-N-00919,EXT-A-072-3,ACC-N-0484,29787.11,2026-05-06T17:12:30+00:00,INTERNAL_TRANSFER
TX-N-00920,ACC-N-0533,ACC-N-0404,8882.66,2026-10-28T09:14:12+00:00,INTERNAL_TRANSFER
TX-N-00921,EXT-A-065-3,ACC-N-0630,2339.29,2026-11-28T18:21:35+00:00,INTERNAL_TRANSFER
TX-N-00922,ACC-N-0889,ACC-N-0878,8339.64,2026-04-10T11:59:47+00:00,INTERNAL_TRANSFER
TX-N-00923,ACC-N-0619,ACC-B-04-B,12880.3,2026-02-24T21:45:33+00:00,INTERNAL_TRANSFER
TX-N-00924,ACC-N-0474,ACC-N-0708,11053.93,2026-09-16T03:18:24+00:00,INTERNAL_TRANSFER
TX-N-00925,EXT-A-016-3,ACC-N-0686,912.52,2026-02-06T13:06:43+00:00,INTERNAL_TRANSFER
TX-N-00926,ACC-N-0441,ACC-C-PAY-12,13202.92,2026-11-04T05:41:37+00:00,INTERNAL_TRANSFER
TX-N-00927,ACC-N-0586,ACC-N-0460,4525.97,2026-06-21T14:52:49+00:00,WIRE
TX-N-00928,ACC-N-0606,EXT-A-056-1,738.05,2026-12-28T20:23:47+00:00,INTERNAL_TRANSFER
TX-N-00929,ACC-N-0679,ACC-B-02-C,461.54,2026-02-15T07:19:51+00:00,WIRE
TX-N-00930,EXT-A-022-3,ACC-N-0612,3124.62,2026-07-30T11:38:20+00:00,WIRE
TX-N-00931,EXT-A-011-3,EXT-A-020-3,684.84,2026-07-19T05:24:07+00:00,WIRE
TX-N-00932,ACC-N-0612,ACC-C-PAY-10,8206.66,2026-03-16T17:12:19+00:00,INTERNAL_TRANSFER
TX-N-00933,EXT-A-061-1,ACC-N-0504,658.72,2026-05-11T10:26:57+00:00,WIRE
TX-N-00934,ACC-N-0402,ACC-N-0502,6684.48,2026-09-28T16:52:55+00:00,WIRE
TX-N-00935,ACC-N-0845,EXT-A-020-2,1779.34,2026-04-28T08:38:41+00:00,INTERNAL_TRANSFER
TX-N-00936,ACC-N-0537,ACC-N-0526,6234.67,2026-04-19T19:06:53+00:00,INTERNAL_TRANSFER
TX-N-00937,EXT-A-020-1,ACC-N-0461,2379.18,2026-03-17T04:01:50+00:00,WIRE
TX-N-00938,ACC-N-0707,ACC-N-0835,2666.52,2026-10-28T21:48:31+00:00,INTERNAL_TRANSFER
TX-N-00939,ACC-N-0476,ACC-N-0566,15740.17,2026-07-31T17:36:54+00:00,WIRE
TX-N-00940,EXT-A-057-1,ACC-N-0723,63921.27,2026-07-21T22:58:53+00:00,INTERNAL_TRANSFER
TX-N-00941,ACC-N-0633,ACC-N-0536,17605.22,2026-08-24T17:51:11+00:00,INTERNAL_TRANSFER
TX-N-00942,ACC-N-0801,ACC-N-0800,1282.98,2026-07-14T13:33:31+00:00,WIRE
TX-N-00943,ACC-N-0477,EXT-A-024-4,7807.13,2026-04-24T11:49:30+00:00,WIRE
TX-N-00944,ACC-N-0567,ACC-N-0509,14515.04,2026-08-23T23:51:42+00:00,WIRE
TX-N-00945,ACC-N-0882,EXT-A-019-3,1567.14,2026-11-08T17:53:42+00:00,INTERNAL_TRANSFER
TX-N-00946,EXT-A-015-2,EXT-A-060-3,5517.19,2026-01-08T13:16:03+00:00,INTERNAL_TRANSFER
TX-N-00947,EXT-A-045-4,ACC-N-0643,1028.83,2026-03-25T07:14:07+00:00,INTERNAL_TRANSFER
TX-N-00948,ACC-N-0803,ACC-N-0698,2992.61,2026-11-22T15:21:34+00:00,INTERNAL_TRANSFER
TX-N-00949,EXT-A-030-4,EXT-A-003-2,1538.27,2026-07-13T21:50:05+00:00,INTERNAL_TRANSFER
TX-N-00950,ACC-N-0910,ACC-B-02-A,11243.77,2026-07-05T00:11:01+00:00,WIRE
TX-N-00951,ACC-N-0535,ACC-N-0470,3352.69,2026-10-20T11:40:25+00:00,WIRE
TX-N-00952,ACC-N-0551,ACC-N-0437,1101.29,2026-11-10T22:33:51+00:00,WIRE
TX-N-00953,ACC-N-0984,ACC-C-PAY-05,7578.31,2026-12-20T20:06:38+00:00,INTERNAL_TRANSFER
TX-N-00954,ACC-N-0699,EXT-A-011-2,2525.9,2026-05-08T03:44:40+00:00,INTERNAL_TRANSFER
TX-N-00955,EXT-A-058-1,ACC-N-0627,1897.21,2026-09-27T05:08:24+00:00,ATM
TX-N-00956,ACC-N-0541,EXT-A-033-1,1979.87,2026-09-05T15:50:00+00:00,INTERNAL_TRANSFER
TX-N-00957,ACC-N-0838,ACC-N-0757,3315.72,2026-11-27T21:18:48+00:00,INTERNAL_TRANSFER
TX-N-00958,ACC-N-0509,EXT-A-048-3,9598.35,2026-08-16T23:06:45+00:00,INTERNAL_TRANSFER
TX-N-00959,ACC-N-0576,ACC-N-0674,4278.93,2026-07-15T03:44:41+00:00,INTERNAL_TRANSFER
TX-N-00960,ACC-N-0652,ACC-N-0949,965.5,2026-09-07T05:17:25+00:00,INTERNAL_TRANSFER
TX-N-00961,ACC-N-0963,ACC-N-0978,4348.5,2026-10-07T02:55:12+00:00,INTERNAL_TRANSFER
TX-N-00962,ACC-N-0585,EXT-A-008-4,15769.26,2026-07-05T08:10:49+00:00,WIRE
TX-N-00963,ACC-N-0467,ACC-N-0601,7381.76,2026-07-06T03:04:27+00:00,INTERNAL_TRANSFER
TX-N-00964,EXT-A-008-2,ACC-N-0625,17871.7,2026-05-19T14:51:09+00:00,INTERNAL_TRANSFER
TX-N-00965,ACC-N-0786,ACC-N-0399,58115.8,2026-12-02T21:20:15+00:00,INTERNAL_TRANSFER
TX-N-00966,ACC-N-0547,ACC-C-PAY-01,14272.51,2026-12-28T15:07:30+00:00,INTERNAL_TRANSFER
TX-N-00967,EXT-A-028-2,ACC-N-0522,15004.93,2026-06-19T08:12:16+00:00,INTERNAL_TRANSFER
TX-N-00968,ACC-N-0735,ACC-N-0977,4176.18,2026-02-16T20:34:11+00:00,INTERNAL_TRANSFER
TX-N-00969,ACC-N-0794,ACC-N-0840,35370.58,2026-07-27T07:58:02+00:00,WIRE
TX-N-00970,ACC-N-0438,ACC-N-0924,26668.47,2026-04-05T17:39:14+00:00,WIRE
TX-N-00971,EXT-A-021-3,ACC-N-0918,4568.58,2026-06-18T09:23:30+00:00,INTERNAL_TRANSFER
TX-N-00972,ACC-N-0742,ACC-N-0914,7012.56,2026-05-28T10:07:58+00:00,WIRE
TX-N-00973,ACC-N-0465,ACC-N-0751,3750.93,2026-10-29T21:51:25+00:00,WIRE
TX-N-00974,EXT-A-062-2,ACC-N-0405,4699.65,2026-09-19T12:30:28+00:00,INTERNAL_TRANSFER
TX-N-00975,ACC-N-0446,EXT-A-007-1,24482.72,2026-04-07T01:57:48+00:00,WIRE
TX-N-00976,ACC-N-0937,ACC-C-HNW-04,7742.03,2026-03-28T10:53:15+00:00,INTERNAL_TRANSFER
TX-N-00977,ACC-N-0810,ACC-N-0743,7147.5,2026-04-13T19:08:48+00:00,INTERNAL_TRANSFER
TX-N-00978,ACC-N-0833,EXT-A-028-1,76578.69,2026-04-23T10:25:33+00:00,INTERNAL_TRANSFER
TX-N-00979,ACC-C-PAY-12,ACC-N-0497,3990.0,2026-05-02T16:31:07+00:00,WIRE
TX-N-00980,ACC-N-0439,ACC-N-0920,7749.49,2026-02-07T07:45:42+00:00,INTERNAL_TRANSFER
TX-N-00981,ACC-N-0812,ACC-N-0709,842.67,2026-11-21T10:17:39+00:00,INTERNAL_TRANSFER
TX-N-00982,ACC-N-1000,EXT-A-009-4,5753.84,2026-02-12T16:58:01+00:00,WIRE
TX-N-00983,ACC-N-0944,ACC-N-0578,8922.9,2026-07-10T02:03:00+00:00,INTERNAL_TRANSFER
TX-N-00984,ACC-N-0854,ACC-N-0501,10780.69,2026-09-07T12:49:00+00:00,WIRE
TX-N-00985,EXT-A-009-2,EXT-A-006-1,408.77,2026-03-06T06:58:47+00:00,INTERNAL_TRANSFER
TX-N-00986,ACC-N-0444,ACC-N-0971,6961.2,2026-01-09T07:21:32+00:00,WIRE
TX-N-00987,ACC-N-0644,ACC-N-0542,10092.71,2026-07-19T19:00:42+00:00,INTERNAL_TRANSFER
TX-N-00988,ACC-N-0726,ACC-N-0847,1019.61,2026-03-28T10:48:31+00:00,WIRE
TX-N-00989,EXT-A-004-3,ACC-N-0977,16033.31,2026-08-14T01:13:59+00:00,INTERNAL_TRANSFER
TX-N-00990,ACC-N-0491,EXT-A-013-2,22084.21,2026-07-23T19:43:31+00:00,INTERNAL_TRANSFER
TX-N-00991,ACC-N-0483,ACC-N-0426,4217.15,2026-07-14T14:48:41+00:00,WIRE
TX-N-00992,EXT-A-043-4,ACC-N-0866,2458.4,2026-02-18T08:02:43+00:00,INTERNAL_TRANSFER
TX-N-00993,ACC-N-0987,ACC-N-0693,21447.03,2026-07-05T16:30:59+00:00,WIRE
TX-N-00994,EXT-A-047-1,ACC-N-0949,329.41,2026-02-07T14:44:24+00:00,INTERNAL_TRANSFER
TX-N-00995,EXT-A-056-1,EXT-A-061-1,5377.66,2026-04-11T12:10:14+00:00,INTERNAL_TRANSFER
TX-N-00996,EXT-A-064-4,EXT-A-053-1,5739.74,2026-11-13T21:14:46+00:00,INTERNAL_TRANSFER
TX-N-00997,ACC-N-0697,EXT-A-034-1,5625.63,2026-10-13T08:13:52+00:00,INTERNAL_TRANSFER
TX-N-00998,EXT-A-015-3,EXT-A-051-2,5632.86,2026-05-25T20:48:11+00:00,INTERNAL_TRANSFER
TX-N-00999,ACC-N-0777,ACC-N-0737,193.42,2026-10-07T18:41:22+00:00,INTERNAL_TRANSFER
TX-N-01000,EXT-A-037-3,ACC-N-0807,3648.61,2026-11-04T22:07:54+00:00,WIRE
TX-N-01001,ACC-N-0556,ACC-N-0437,9912.04,2026-04-08T20:45:47+00:00,ATM
TX-N-01002,EXT-A-908166,EXT-A-027-3,13058.95,2026-12-03T03:24:11+00:00,INTERNAL_TRANSFER
TX-N-01003,EXT-A-067-2,EXT-A-054-2,4021.35,2026-08-22T05:59:21+00:00,INTERNAL_TRANSFER
TX-N-01004,ACC-N-0969,ACC-N-0607,8469.82,2026-08-30T17:06:42+00:00,INTERNAL_TRANSFER
TX-N-01005,ACC-N-0568,ACC-N-0978,2262.12,2026-10-14T00:32:08+00:00,ATM
TX-N-01006,ACC-N-0440,ACC-N-0534,24352.92,2026-12-21T19:56:46+00:00,INTERNAL_TRANSFER
TX-N-01007,ACC-C-PAY-12,ACC-B-02-C,2281.09,2026-05-22T11:41:32+00:00,INTERNAL_TRANSFER
TX-N-01008,ACC-N-0692,ACC-N-0813,9850.67,2026-01-08T23:02:38+00:00,INTERNAL_TRANSFER
TX-N-01009,ACC-N-0722,ACC-N-0711,1083.57,2026-01-18T11:09:32+00:00,WIRE
TX-N-01010,ACC-N-0884,ACC-N-0842,2539.4,2026-10-08T20:54:11+00:00,INTERNAL_TRANSFER
TX-N-01011,EXT-A-004-4,ACC-N-0483,2918.87,2026-12-24T07:00:05+00:00,ATM
TX-N-01012,ACC-N-0472,EXT-A-006-2,8749.39,2026-04-16T07:21:39+00:00,INTERNAL_TRANSFER
TX-N-01013,ACC-N-0400,EXT-A-026-2,14132.78,2026-12-04T09:56:23+00:00,INTERNAL_TRANSFER
TX-N-01014,ACC-N-0529,EXT-A-002-1,7509.87,2026-11-26T13:31:04+00:00,WIRE
TX-N-01015,EXT-A-047-3,ACC-N-0673,9463.89,2026-05-18T11:46:38+00:00,INTERNAL_TRANSFER
TX-N-01016,ACC-N-0419,EXT-A-036-3,1098.0,2026-04-11T16:07:07+00:00,WIRE
TX-N-01017,ACC-N-0570,ACC-N-0572,292.26,2026-11-08T15:57:22+00:00,INTERNAL_TRANSFER
TX-N-01018,EXT-A-043-2,ACC-N-0496,970.97,2026-06-18T06:25:39+00:00,INTERNAL_TRANSFER
TX-N-01019,ACC-N-0909,ACC-N-0963,1399.23,2026-06-10T00:36:49+00:00,WIRE
TX-N-01020,ACC-N-0630,EXT-A-069-3,9386.59,2026-02-01T02:07:01+00:00,INTERNAL_TRANSFER
TX-N-01021,ACC-N-0839,ACC-N-0966,1148.48,2026-06-05T14:48:31+00:00,INTERNAL_TRANSFER
TX-N-01022,EXT-A-025-3,EXT-A-003-2,12937.34,2026-04-04T07:47:36+00:00,ATM
TX-N-01023,ACC-N-0937,EXT-A-070-1,4245.91,2026-03-05T17:59:07+00:00,WIRE
TX-N-01024,ACC-N-0475,ACC-N-0835,27706.7,2026-04-18T16:25:19+00:00,INTERNAL_TRANSFER
TX-N-01025,ACC-N-0914,ACC-N-0986,58004.6,2026-12-13T12:53:20+00:00,INTERNAL_TRANSFER
TX-N-01026,ACC-N-0493,EXT-A-015-3,3551.21,2026-08-29T08:15:14+00:00,INTERNAL_TRANSFER
TX-N-01027,ACC-N-0724,EXT-A-006-4,20428.63,2026-03-09T10:17:33+00:00,INTERNAL_TRANSFER
TX-N-01028,ACC-N-0481,EXT-A-011-1,2811.19,2026-10-25T06:23:18+00:00,INTERNAL_TRANSFER
TX-N-01029,ACC-N-0473,ACC-N-0623,3369.15,2026-01-26T07:56:31+00:00,INTERNAL_TRANSFER
TX-N-01030,ACC-N-0671,EXT-A-002-4,7447.3,2026-03-11T20:33:48+00:00,WIRE
TX-N-01031,ACC-N-0750,ACC-N-0404,3831.96,2026-10-04T06:27:41+00:00,WIRE
TX-N-01032,ACC-N-0402,ACC-N-0998,9632.12,2026-10-12T19:56:06+00:00,ATM
TX-N-01033,EXT-A-052-1,ACC-N-0512,3853.37,2026-07-02T12:06:51+00:00,ATM
TX-N-01034,ACC-N-0722,ACC-N-0860,34895.25,2026-08-23T17:29:53+00:00,INTERNAL_TRANSFER
TX-N-01035,EXT-A-023-1,EXT-A-062-1,2590.67,2026-10-06T23:15:56+00:00,ATM
TX-N-01036,ACC-N-0818,EXT-A-054-1,2267.17,2026-05-04T14:41:59+00:00,WIRE
TX-N-01037,ACC-N-0725,EXT-A-011-3,28329.73,2026-01-25T21:36:35+00:00,INTERNAL_TRANSFER
TX-N-01038,ACC-N-0863,EXT-A-069-1,1501.06,2026-01-16T02:55:56+00:00,WIRE
TX-N-01039,ACC-N-0951,EXT-A-024-4,4799.19,2026-01-25T01:26:32+00:00,INTERNAL_TRANSFER
TX-N-01040,ACC-N-0886,ACC-N-0538,8985.03,2026-12-26T11:57:17+00:00,INTERNAL_TRANSFER
TX-N-01041,EXT-A-044-1,ACC-N-0740,17897.84,2026-08-11T03:46:32+00:00,WIRE
TX-N-01042,ACC-N-0603,ACC-N-0853,26813.39,2026-04-06T10:05:41+00:00,INTERNAL_TRANSFER
TX-N-01043,ACC-N-0463,ACC-N-0416,1985.87,2026-04-08T21:46:22+00:00,INTERNAL_TRANSFER
TX-N-01044,ACC-N-0516,ACC-N-0848,4620.54,2026-04-07T18:44:50+00:00,INTERNAL_TRANSFER
TX-N-01045,ACC-N-0472,ACC-N-0441,12838.07,2026-07-12T09:53:36+00:00,INTERNAL_TRANSFER
TX-N-01046,ACC-N-0878,EXT-A-015-1,26905.86,2026-05-31T08:55:59+00:00,INTERNAL_TRANSFER
TX-N-01047,EXT-A-055-2,ACC-N-0967,1104.71,2026-07-03T08:42:41+00:00,INTERNAL_TRANSFER
TX-N-01048,ACC-N-0504,ACC-N-0914,2755.87,2026-02-07T08:53:14+00:00,INTERNAL_TRANSFER
TX-N-01049,ACC-N-0785,ACC-N-0765,2026.13,2026-02-07T11:09:30+00:00,INTERNAL_TRANSFER
TX-N-01050,ACC-N-0572,ACC-N-0515,5179.3,2026-12-02T18:48:23+00:00,WIRE
TX-N-01051,ACC-N-0528,ACC-N-0946,19561.16,2026-08-17T05:37:11+00:00,WIRE
TX-N-01052,ACC-N-0447,ACC-N-0397,2305.89,2026-04-24T21:36:18+00:00,INTERNAL_TRANSFER
TX-N-01053,ACC-N-0846,ACC-N-0972,9889.29,2026-05-13T04:55:44+00:00,INTERNAL_TRANSFER
TX-N-01054,EXT-A-048-3,EXT-A-057-4,11490.41,2026-07-07T06:26:03+00:00,INTERNAL_TRANSFER
TX-N-01055,ACC-N-0709,EXT-A-072-2,4543.87,2026-08-12T05:28:10+00:00,INTERNAL_TRANSFER
TX-N-01056,ACC-N-0529,EXT-A-031-4,4309.06,2026-12-02T18:21:14+00:00,WIRE
TX-N-01057,ACC-N-0435,ACC-N-0974,4495.36,2026-12-26T15:07:27+00:00,WIRE
TX-N-01058,EXT-A-062-3,ACC-B-04-B,3773.03,2026-06-17T22:32:30+00:00,WIRE
TX-N-01059,ACC-N-0796,ACC-C-PAY-11,1497.33,2026-11-17T04:44:53+00:00,WIRE
TX-N-01060,EXT-A-017-4,EXT-A-029-2,2673.45,2026-02-25T10:20:16+00:00,INTERNAL_TRANSFER
TX-N-01061,EXT-A-036-2,ACC-N-0642,1815.75,2026-06-16T07:56:07+00:00,WIRE
TX-N-01062,ACC-N-0437,ACC-N-0656,3357.63,2026-07-12T05:21:46+00:00,ATM
TX-N-01063,ACC-N-0448,ACC-N-0529,5599.38,2026-02-05T00:38:47+00:00,WIRE
TX-N-01064,ACC-N-0462,EXT-A-020-3,1380.07,2026-02-13T02:25:13+00:00,INTERNAL_TRANSFER
TX-N-01065,EXT-A-067-2,ACC-N-0700,3171.23,2026-04-05T18:18:58+00:00,WIRE
TX-N-01066,EXT-A-055-2,EXT-A-012-2,6976.09,2026-02-17T07:22:37+00:00,WIRE
TX-N-01067,ACC-N-0928,ACC-N-0477,6582.12,2026-04-26T13:42:40+00:00,INTERNAL_TRANSFER
TX-N-01068,EXT-A-018-2,ACC-N-0530,3909.6,2026-02-14T00:27:13+00:00,INTERNAL_TRANSFER
TX-N-01069,ACC-N-0514,ACC-N-0876,12378.5,2026-09-30T20:35:05+00:00,INTERNAL_TRANSFER
TX-N-01070,ACC-N-0504,ACC-N-0634,8548.94,2026-11-08T02:38:12+00:00,WIRE
TX-N-01071,EXT-A-042-4,EXT-A-048-1,16227.2,2026-01-04T07:31:50+00:00,INTERNAL_TRANSFER
TX-N-01072,EXT-A-019-2,ACC-N-0689,2505.46,2026-12-04T00:36:08+00:00,INTERNAL_TRANSFER
TX-N-01073,ACC-N-0501,EXT-A-051-2,1336.1,2026-09-27T00:03:29+00:00,INTERNAL_TRANSFER
TX-N-01074,ACC-N-0482,ACC-N-0811,12447.13,2026-12-03T04:31:28+00:00,INTERNAL_TRANSFER
TX-N-01075,EXT-A-042-4,EXT-A-065-2,3463.68,2026-01-16T10:12:15+00:00,INTERNAL_TRANSFER
TX-N-01076,EXT-A-070-4,ACC-N-0563,813.25,2026-08-14T16:51:23+00:00,INTERNAL_TRANSFER
TX-N-01077,ACC-N-0803,ACC-N-0955,16781.27,2026-10-07T04:27:46+00:00,INTERNAL_TRANSFER
TX-N-01078,ACC-N-0582,ACC-N-0991,4827.77,2026-04-05T23:08:06+00:00,INTERNAL_TRANSFER
TX-N-01079,ACC-N-1000,ACC-N-0438,4166.93,2026-02-05T22:15:40+00:00,INTERNAL_TRANSFER
TX-N-01080,ACC-N-0476,ACC-N-0798,1053.25,2026-09-26T08:15:00+00:00,INTERNAL_TRANSFER
TX-N-01081,ACC-N-0892,ACC-C-PAY-04,5965.88,2026-04-09T20:17:12+00:00,INTERNAL_TRANSFER
TX-N-01082,ACC-N-0990,ACC-N-0661,12914.4,2026-07-31T19:29:48+00:00,INTERNAL_TRANSFER
TX-N-01083,EXT-A-014-2,EXT-A-029-2,3426.02,2026-04-03T06:48:46+00:00,INTERNAL_TRANSFER
TX-N-01084,ACC-N-0482,EXT-A-044-4,6623.02,2026-01-25T17:28:19+00:00,INTERNAL_TRANSFER
TX-N-01085,EXT-A-064-2,ACC-N-0540,3441.3,2026-03-14T14:28:50+00:00,ATM
TX-N-01086,EXT-A-048-2,EXT-A-004-1,1580.27,2026-11-21T10:11:14+00:00,INTERNAL_TRANSFER
TX-N-01087,ACC-C-PAY-01,ACC-N-0580,8721.13,2026-03-17T05:42:04+00:00,WIRE
TX-N-01088,ACC-C-PAY-04,ACC-N-0752,39101.6,2026-11-27T12:51:21+00:00,WIRE
TX-N-01089,EXT-A-067-1,ACC-N-0658,10378.09,2026-03-30T01:28:51+00:00,WIRE
TX-N-01090,ACC-N-0906,ACC-N-0461,13758.57,2026-02-22T11:24:38+00:00,INTERNAL_TRANSFER
TX-N-01091,EXT-A-052-3,ACC-N-0999,4612.11,2026-03-26T22:38:33+00:00,INTERNAL_TRANSFER
TX-N-01092,EXT-A-013-1,ACC-N-0439,1549.29,2026-10-08T11:55:18+00:00,INTERNAL_TRANSFER
TX-N-01093,ACC-N-0515,EXT-A-006-1,41208.04,2026-12-12T05:26:38+00:00,INTERNAL_TRANSFER
TX-N-01094,ACC-N-0592,ACC-N-0927,5169.16,2026-03-09T17:10:49+00:00,ATM
TX-N-01095,EXT-A-047-2,ACC-N-0721,4186.28,2026-01-26T18:57:47+00:00,WIRE
TX-N-01096,ACC-N-0848,EXT-A-006-2,1300.31,2026-12-12T01:18:19+00:00,INTERNAL_TRANSFER
TX-N-01097,EXT-A-070-3,EXT-A-054-2,915.63,2026-12-04T22:56:42+00:00,WIRE
TX-N-01098,EXT-A-024-4,EXT-A-012-1,1023.13,2026-09-13T09:48:28+00:00,INTERNAL_TRANSFER
TX-N-01099,ACC-N-0671,EXT-A-025-4,3408.78,2026-06-22T08:25:13+00:00,WIRE
TX-N-01100,EXT-A-069-4,ACC-N-0536,9487.64,2026-12-06T22:02:52+00:00,INTERNAL_TRANSFER
TX-N-01101,ACC-N-0696,ACC-N-0766,1042.46,2026-10-02T17:13:00+00:00,INTERNAL_TRANSFER
TX-N-01102,ACC-N-0901,EXT-A-002-1,3423.82,2026-04-08T17:02:00+00:00,INTERNAL_TRANSFER
TX-N-01103,ACC-N-0610,EXT-A-043-3,11474.24,2026-12-09T19:49:33+00:00,ATM
TX-N-01104,ACC-N-0758,ACC-C-PAY-04,831.06,2026-12-12T20:16:11+00:00,INTERNAL_TRANSFER
TX-N-01105,EXT-A-046-1,ACC-N-0606,32379.04,2026-09-29T03:35:34+00:00,WIRE
TX-N-01106,EXT-A-049-3,EXT-A-002-1,268.75,2026-04-30T23:33:47+00:00,INTERNAL_TRANSFER
TX-N-01107,ACC-N-0521,ACC-N-0746,12245.49,2026-04-23T04:24:52+00:00,ATM
TX-N-01108,ACC-N-0775,ACC-N-0806,16387.03,2026-11-24T05:58:51+00:00,WIRE
TX-N-01109,EXT-A-012-3,EXT-A-051-4,3594.26,2026-11-05T20:26:45+00:00,INTERNAL_TRANSFER
TX-N-01110,ACC-N-0392,EXT-A-019-3,11449.25,2026-01-29T16:06:37+00:00,INTERNAL_TRANSFER
TX-N-01111,EXT-A-018-3,EXT-A-017-3,8426.33,2026-04-22T03:54:36+00:00,INTERNAL_TRANSFER
TX-N-01112,ACC-N-0427,ACC-C-PAY-01,4605.05,2026-03-02T11:41:45+00:00,ATM
TX-N-01113,ACC-N-0726,EXT-A-018-4,2762.17,2026-03-08T03:22:15+00:00,INTERNAL_TRANSFER
TX-N-01114,ACC-C-PAY-06,ACC-N-0854,3171.73,2026-05-04T22:25:22+00:00,WIRE
TX-N-01115,ACC-C-PAY-04,EXT-A-053-1,5092.35,2026-03-15T02:27:16+00:00,INTERNAL_TRANSFER
TX-N-01116,ACC-N-0911,ACC-N-0530,17210.48,2026-05-18T05:16:37+00:00,INTERNAL_TRANSFER
TX-N-01117,ACC-N-0615,ACC-N-0704,4826.42,2026-08-25T20:18:24+00:00,INTERNAL_TRANSFER
TX-N-01118,ACC-N-0464,ACC-N-0584,67726.0,2026-12-05T03:15:05+00:00,INTERNAL_TRANSFER
TX-N-01119,EXT-A-006-4,ACC-N-0706,5281.2,2026-09-16T16:26:24+00:00,WIRE
TX-N-01120,ACC-N-0750,ACC-N-0818,4229.75,2026-02-04T02:15:29+00:00,WIRE
TX-N-01121,EXT-A-058-3,EXT-A-016-3,3546.8,2026-03-05T00:02:34+00:00,INTERNAL_TRANSFER
TX-N-01122,EXT-A-061-1,ACC-N-0587,8912.88,2026-07-03T06:18:21+00:00,INTERNAL_TRANSFER
TX-N-01123,ACC-N-0921,ACC-N-0533,1985.54,2026-10-14T14:19:20+00:00,INTERNAL_TRANSFER
TX-N-01124,EXT-A-048-2,ACC-N-0959,1408.91,2026-09-19T09:34:49+00:00,WIRE
TX-N-01125,ACC-N-0887,ACC-N-0828,4260.82,2026-09-20T10:47:23+00:00,INTERNAL_TRANSFER
TX-N-01126,ACC-N-0952,ACC-N-0718,16542.12,2026-11-20T14:47:31+00:00,INTERNAL_TRANSFER
TX-N-01127,EXT-A-047-1,ACC-N-0847,5277.58,2026-06-25T12:39:42+00:00,INTERNAL_TRANSFER
TX-N-01128,EXT-A-004-3,ACC-N-0450,2252.7,2026-12-30T14:51:45+00:00,WIRE
TX-N-01129,EXT-A-016-3,ACC-N-0894,6864.7,2026-02-21T19:21:53+00:00,INTERNAL_TRANSFER
TX-N-01130,ACC-N-0891,EXT-A-003-4,1333.24,2026-04-27T09:10:00+00:00,ATM
TX-N-01131,EXT-A-069-4,ACC-N-0806,13609.77,2026-06-17T06:21:59+00:00,INTERNAL_TRANSFER
TX-N-01132,ACC-N-0777,ACC-N-0485,5542.29,2026-11-19T01:19:35+00:00,INTERNAL_TRANSFER
TX-N-01133,ACC-C-HNW-02,ACC-N-0818,16892.51,2026-06-25T07:04:50+00:00,INTERNAL_TRANSFER
TX-N-01134,EXT-A-021-2,ACC-N-0578,14917.9,2026-04-20T07:10:04+00:00,ATM
TX-N-01135,EXT-A-008-1,ACC-N-0630,1299.82,2026-11-22T00:23:07+00:00,WIRE
TX-N-01136,ACC-N-0504,ACC-N-0450,865.81,2026-06-06T19:38:50+00:00,WIRE
TX-N-01137,EXT-A-028-3,ACC-N-0626,2821.07,2026-01-30T01:33:04+00:00,INTERNAL_TRANSFER
TX-N-01138,ACC-N-0636,ACC-N-0396,226.79,2026-05-29T02:08:39+00:00,INTERNAL_TRANSFER
TX-N-01139,EXT-A-071-3,ACC-N-0842,3390.6,2026-01-08T19:16:31+00:00,INTERNAL_TRANSFER
TX-N-01140,EXT-A-010-2,ACC-N-0392,8600.34,2026-01-11T14:09:14+00:00,WIRE
TX-N-01141,EXT-A-048-2,ACC-N-0402,4412.48,2026-01-27T09:59:38+00:00,INTERNAL_TRANSFER
TX-N-01142,ACC-N-0583,ACC-N-0551,16724.2,2026-03-18T23:54:20+00:00,WIRE
TX-N-01143,ACC-N-0800,ACC-N-0619,3011.05,2026-12-01T12:42:31+00:00,INTERNAL_TRANSFER
TX-N-01144,ACC-N-0406,ACC-N-0602,21202.3,2026-02-19T02:35:07+00:00,WIRE
TX-N-01145,ACC-N-0766,EXT-A-071-3,8224.61,2026-05-11T18:08:26+00:00,INTERNAL_TRANSFER
TX-N-01146,EXT-A-016-1,EXT-A-013-4,574.51,2026-02-11T01:01:26+00:00,WIRE
TX-N-01147,ACC-N-0452,ACC-N-0697,3832.21,2026-08-07T21:39:27+00:00,INTERNAL_TRANSFER
TX-N-01148,ACC-N-0846,ACC-N-0911,2254.39,2026-04-17T18:39:45+00:00,INTERNAL_TRANSFER
TX-N-01149,ACC-N-0901,ACC-N-0889,10154.17,2026-04-08T00:24:03+00:00,INTERNAL_TRANSFER
TX-N-01150,ACC-N-0596,ACC-N-0961,3473.27,2026-10-22T01:29:48+00:00,INTERNAL_TRANSFER
TX-N-01151,EXT-A-071-2,ACC-N-0649,11243.2,2026-04-08T19:01:34+00:00,INTERNAL_TRANSFER
TX-N-01152,ACC-N-0404,EXT-A-014-1,9469.39,2026-11-29T22:02:43+00:00,INTERNAL_TRANSFER
TX-N-01153,ACC-N-0536,ACC-N-0975,8559.73,2026-01-21T03:28:35+00:00,INTERNAL_TRANSFER
TX-N-01154,ACC-N-0555,ACC-N-0511,4170.95,2026-01-25T18:49:28+00:00,INTERNAL_TRANSFER
TX-N-01155,EXT-A-057-2,ACC-N-0397,4844.54,2026-02-01T02:06:05+00:00,INTERNAL_TRANSFER
TX-N-01156,ACC-N-0513,ACC-N-0648,3837.98,2026-03-30T01:13:40+00:00,INTERNAL_TRANSFER
TX-N-01157,ACC-N-0791,ACC-N-0848,6715.17,2026-08-30T16:00:46+00:00,INTERNAL_TRANSFER
TX-N-01158,ACC-N-0586,EXT-A-037-2,3417.78,2026-12-23T10:50:56+00:00,INTERNAL_TRANSFER
TX-N-01159,ACC-N-0952,EXT-A-035-3,3053.5,2026-04-27T02:02:15+00:00,INTERNAL_TRANSFER
TX-N-01160,ACC-N-0848,ACC-N-0672,3676.5,2026-04-11T04:38:49+00:00,INTERNAL_TRANSFER
TX-N-01161,ACC-N-0775,EXT-A-014-1,9289.53,2026-11-08T16:05:27+00:00,WIRE
TX-N-01162,ACC-N-0640,ACC-N-0791,1486.07,2026-02-07T23:18:57+00:00,INTERNAL_TRANSFER
TX-N-01163,ACC-N-0411,EXT-A-017-4,4919.0,2026-08-02T17:44:12+00:00,WIRE
TX-N-01164,EXT-A-035-3,ACC-C-HNW-02,2702.32,2026-12-25T12:27:22+00:00,INTERNAL_TRANSFER
TX-N-01165,ACC-N-0475,ACC-N-0936,18838.41,2026-05-16T13:55:49+00:00,WIRE
TX-N-01166,ACC-N-0565,ACC-N-0652,664.5,2026-02-03T01:10:07+00:00,INTERNAL_TRANSFER
TX-N-01167,ACC-N-0746,ACC-N-0588,4014.31,2026-10-17T04:34:21+00:00,INTERNAL_TRANSFER
TX-N-01168,ACC-N-0918,ACC-N-0972,10429.01,2026-03-27T16:34:52+00:00,ATM
TX-N-01169,ACC-N-0642,ACC-N-0895,7635.19,2026-07-06T00:41:13+00:00,INTERNAL_TRANSFER
TX-N-01170,EXT-A-025-1,ACC-N-0990,2265.28,2026-10-15T07:58:06+00:00,INTERNAL_TRANSFER
TX-N-01171,EXT-A-011-3,EXT-A-012-2,7906.91,2026-05-23T06:41:04+00:00,ATM
TX-N-01172,ACC-N-0837,ACC-N-0952,1039.68,2026-06-19T14:16:13+00:00,WIRE
TX-N-01173,ACC-C-HNW-02,ACC-N-0422,10512.37,2026-03-07T14:35:34+00:00,WIRE
TX-N-01174,EXT-A-041-4,EXT-A-064-3,3426.63,2026-10-31T09:21:48+00:00,WIRE
TX-N-01175,EXT-A-013-4,ACC-N-0907,2635.68,2026-04-22T00:13:19+00:00,INTERNAL_TRANSFER
TX-N-01176,ACC-N-0702,EXT-A-070-1,3160.81,2026-09-03T11:33:39+00:00,INTERNAL_TRANSFER
TX-N-01177,ACC-N-0569,ACC-B-04-C,1106.2,2026-02-15T06:59:15+00:00,INTERNAL_TRANSFER
TX-N-01178,EXT-A-069-1,ACC-N-0435,2657.91,2026-11-24T23:24:23+00:00,INTERNAL_TRANSFER
TX-N-01179,ACC-N-0971,EXT-A-064-3,15522.58,2026-11-17T05:12:23+00:00,INTERNAL_TRANSFER
TX-N-01180,ACC-N-0659,EXT-A-015-1,1570.06,2026-09-24T14:28:21+00:00,INTERNAL_TRANSFER
TX-N-01181,ACC-N-0708,ACC-N-0957,597.4,2026-06-10T17:15:19+00:00,INTERNAL_TRANSFER
TX-N-01182,ACC-N-0485,ACC-N-0634,2405.61,2026-10-04T13:26:35+00:00,WIRE
TX-N-01183,EXT-A-017-1,EXT-A-039-3,14266.39,2026-08-02T10:39:43+00:00,INTERNAL_TRANSFER
TX-N-01184,ACC-C-PAY-04,ACC-N-0530,11661.56,2026-10-12T15:12:24+00:00,INTERNAL_TRANSFER
TX-N-01185,ACC-N-0842,ACC-N-0534,8312.66,2026-08-25T08:33:35+00:00,INTERNAL_TRANSFER
TX-N-01186,ACC-N-0818,ACC-N-0835,2383.7,2026-08-30T07:39:46+00:00,INTERNAL_TRANSFER
TX-N-01187,ACC-B-02-B,EXT-A-045-2,1964.35,2026-06-03T18:19:35+00:00,INTERNAL_TRANSFER
TX-N-01188,ACC-N-0741,ACC-N-0814,7718.12,2026-01-17T22:20:26+00:00,INTERNAL_TRANSFER
TX-N-01189,ACC-N-0660,ACC-N-0707,4375.41,2026-03-02T02:58:50+00:00,INTERNAL_TRANSFER
TX-N-01190,ACC-N-0795,ACC-N-0475,1923.21,2026-03-23T09:47:42+00:00,INTERNAL_TRANSFER
TX-N-01191,EXT-A-031-1,ACC-N-0526,2761.27,2026-01-18T22:34:09+00:00,INTERNAL_TRANSFER
TX-N-01192,ACC-N-0973,ACC-N-0429,11248.32,2026-04-09T21:10:31+00:00,INTERNAL_TRANSFER
TX-N-01193,ACC-N-0701,EXT-A-005-1,3067.07,2026-11-18T21:57:29+00:00,WIRE
TX-N-01194,ACC-N-0881,ACC-N-0569,28476.85,2026-12-09T16:37:25+00:00,INTERNAL_TRANSFER
TX-N-01195,ACC-N-0504,EXT-A-056-4,4588.18,2026-10-10T04:13:53+00:00,INTERNAL_TRANSFER
TX-N-01196,ACC-N-0777,ACC-N-0923,1981.02,2026-11-02T11:19:03+00:00,INTERNAL_TRANSFER
TX-N-01197,ACC-N-0893,ACC-N-0714,14952.44,2026-11-19T18:16:08+00:00,INTERNAL_TRANSFER
TX-N-01198,EXT-A-002-2,ACC-N-0639,3028.35,2026-12-20T19:13:07+00:00,INTERNAL_TRANSFER
TX-N-01199,ACC-N-0557,EXT-A-046-3,965.48,2026-05-02T23:12:08+00:00,INTERNAL_TRANSFER
TX-N-01200,ACC-N-0452,EXT-A-032-2,6460.6,2026-12-07T02:18:12+00:00,INTERNAL_TRANSFER
TX-N-01201,ACC-N-0856,ACC-N-0570,33421.21,2026-10-23T15:54:14+00:00,INTERNAL_TRANSFER
TX-N-01202,ACC-N-0895,ACC-N-0572,21940.98,2026-11-05T04:02:52+00:00,INTERNAL_TRANSFER
TX-N-01203,ACC-N-0824,ACC-N-0950,8452.0,2026-11-14T23:56:33+00:00,INTERNAL_TRANSFER
TX-N-01204,EXT-A-036-4,EXT-A-867458,2004.33,2026-01-16T16:46:26+00:00,INTERNAL_TRANSFER
TX-N-01205,ACC-N-0965,ACC-N-0400,2737.79,2026-12-26T01:21:20+00:00,INTERNAL_TRANSFER
TX-N-01206,ACC-N-0805,ACC-N-0635,4658.26,2026-07-28T04:28:33+00:00,WIRE
TX-N-01207,EXT-A-010-3,EXT-A-007-3,2328.14,2026-04-02T14:47:28+00:00,INTERNAL_TRANSFER
TX-N-01208,ACC-N-0527,EXT-A-027-3,13522.02,2026-07-12T10:41:27+00:00,INTERNAL_TRANSFER
TX-N-01209,ACC-N-0404,ACC-N-0527,303.21,2026-02-02T14:29:11+00:00,INTERNAL_TRANSFER
TX-N-01210,ACC-N-0904,EXT-A-035-2,5518.93,2026-10-01T08:04:57+00:00,INTERNAL_TRANSFER
TX-N-01211,EXT-A-020-3,ACC-N-0466,4514.77,2026-07-29T04:38:35+00:00,WIRE
TX-N-01212,ACC-N-0535,ACC-N-0921,3989.08,2026-05-25T12:44:06+00:00,INTERNAL_TRANSFER
TX-N-01213,ACC-N-0721,ACC-N-0824,4177.0,2026-07-12T00:53:12+00:00,WIRE
TX-N-01214,ACC-C-HNW-03,EXT-A-002-4,271.76,2026-07-05T07:13:56+00:00,INTERNAL_TRANSFER
TX-N-01215,ACC-N-0927,ACC-N-0977,32264.02,2026-01-30T04:01:46+00:00,INTERNAL_TRANSFER
TX-N-01216,EXT-A-048-2,ACC-N-0984,4500.73,2026-08-08T21:36:39+00:00,WIRE
TX-N-01217,ACC-N-0468,EXT-A-043-3,7348.08,2026-07-02T15:59:53+00:00,WIRE
TX-N-01218,ACC-N-0633,ACC-N-0809,4818.04,2026-03-22T17:23:27+00:00,INTERNAL_TRANSFER
TX-N-01219,ACC-C-PAY-09,ACC-N-0927,5188.6,2026-02-06T02:50:07+00:00,ATM
TX-N-01220,EXT-A-027-4,ACC-N-0961,15014.04,2026-06-02T01:26:53+00:00,INTERNAL_TRANSFER
TX-N-01221,ACC-N-0517,ACC-N-0978,9874.83,2026-07-14T10:33:57+00:00,INTERNAL_TRANSFER
TX-N-01222,EXT-A-003-4,ACC-B-02-A,5050.72,2026-04-26T12:35:22+00:00,WIRE
TX-N-01223,ACC-N-0860,ACC-N-0946,2989.15,2026-06-11T02:27:59+00:00,WIRE
TX-N-01224,EXT-A-010-1,EXT-A-031-2,1507.12,2026-05-20T22:31:11+00:00,INTERNAL_TRANSFER
TX-N-01225,ACC-B-04-B,ACC-N-0888,3001.28,2026-05-08T22:24:40+00:00,INTERNAL_TRANSFER
TX-N-01226,ACC-N-0441,EXT-A-014-4,1821.27,2026-08-12T09:16:12+00:00,INTERNAL_TRANSFER
TX-N-01227,EXT-A-059-2,EXT-A-048-1,1502.42,2026-10-25T08:41:25+00:00,ATM
TX-N-01228,ACC-N-0412,EXT-A-043-2,2059.51,2026-10-05T02:00:06+00:00,INTERNAL_TRANSFER
TX-N-01229,ACC-N-0811,ACC-N-0406,1514.16,2026-12-09T13:12:07+00:00,INTERNAL_TRANSFER
TX-N-01230,ACC-N-0639,EXT-A-031-1,8620.92,2026-02-12T13:00:57+00:00,INTERNAL_TRANSFER
TX-N-01231,ACC-N-0400,EXT-A-033-3,803.42,2026-07-15T16:37:42+00:00,INTERNAL_TRANSFER
TX-N-01232,ACC-N-0838,ACC-N-0913,3135.69,2026-08-14T11:26:42+00:00,INTERNAL_TRANSFER
TX-N-01233,EXT-A-012-1,ACC-N-0489,3603.92,2026-11-02T10:38:22+00:00,INTERNAL_TRANSFER
TX-N-01234,EXT-A-066-4,ACC-N-0832,1079.11,2026-10-19T01:25:34+00:00,WIRE
TX-N-01235,EXT-A-052-2,ACC-N-0956,1020.94,2026-02-27T17:43:36+00:00,WIRE
TX-N-01236,EXT-A-066-3,ACC-N-0933,20193.79,2026-09-14T18:35:12+00:00,INTERNAL_TRANSFER
TX-N-01237,ACC-N-0684,ACC-N-0781,3633.12,2026-08-02T23:07:57+00:00,INTERNAL_TRANSFER
TX-N-01238,ACC-N-0891,ACC-N-0396,2467.66,2026-10-06T16:52:57+00:00,WIRE
TX-N-01239,ACC-N-0412,EXT-A-056-4,34657.2,2026-03-21T10:36:34+00:00,ATM
TX-N-01240,ACC-N-0883,EXT-A-056-3,26779.56,2026-11-05T00:49:15+00:00,INTERNAL_TRANSFER
TX-N-01241,ACC-N-0974,ACC-N-0853,3584.97,2026-12-08T21:12:52+00:00,INTERNAL_TRANSFER
TX-N-01242,ACC-C-HNW-02,EXT-A-022-4,2087.32,2026-07-26T17:21:15+00:00,INTERNAL_TRANSFER
TX-N-01243,EXT-A-024-1,EXT-A-052-2,3528.05,2026-08-08T20:47:53+00:00,INTERNAL_TRANSFER
TX-N-01244,ACC-N-0437,EXT-A-047-4,20263.18,2026-10-17T04:05:54+00:00,INTERNAL_TRANSFER
TX-N-01245,EXT-A-026-3,ACC-N-0854,5539.52,2026-05-09T11:51:34+00:00,INTERNAL_TRANSFER
TX-N-01246,ACC-N-0731,EXT-A-039-3,20261.2,2026-01-11T14:56:02+00:00,INTERNAL_TRANSFER
TX-N-01247,ACC-N-0999,ACC-N-0911,35160.8,2026-05-18T17:09:41+00:00,ATM
TX-N-01248,ACC-N-0464,ACC-N-0859,2781.21,2026-12-29T00:11:40+00:00,INTERNAL_TRANSFER
TX-N-01249,ACC-N-0590,EXT-A-031-4,1383.06,2026-01-08T17:20:42+00:00,INTERNAL_TRANSFER
TX-N-01250,ACC-N-0932,EXT-A-067-2,2554.98,2026-06-29T02:46:09+00:00,WIRE
TX-N-01251,ACC-N-0541,EXT-A-033-1,9237.42,2026-03-01T17:45:48+00:00,INTERNAL_TRANSFER
TX-N-01252,ACC-N-0839,ACC-N-0738,4816.96,2026-05-12T14:27:40+00:00,ATM
TX-N-01253,EXT-A-019-4,ACC-N-0979,2089.86,2026-06-12T23:47:07+00:00,INTERNAL_TRANSFER
TX-N-01254,EXT-A-049-4,ACC-N-0398,824.36,2026-03-24T23:17:59+00:00,INTERNAL_TRANSFER
TX-N-01255,ACC-N-0997,EXT-A-009-3,965.48,2026-04-21T11:42:31+00:00,INTERNAL_TRANSFER
TX-N-01256,EXT-A-029-4,EXT-A-069-2,5215.94,2026-09-10T11:27:16+00:00,INTERNAL_TRANSFER
TX-N-01257,ACC-N-0561,ACC-N-0403,1905.56,2026-08-13T11:25:05+00:00,INTERNAL_TRANSFER
TX-N-01258,EXT-A-023-1,EXT-A-049-1,2367.52,2026-02-02T23:42:57+00:00,INTERNAL_TRANSFER
TX-N-01259,ACC-N-0884,ACC-B-03-C,21293.24,2026-08-10T08:59:27+00:00,INTERNAL_TRANSFER
TX-N-01260,ACC-N-0550,ACC-N-0616,3679.48,2026-01-15T19:01:00+00:00,INTERNAL_TRANSFER
TX-N-01261,ACC-N-0580,ACC-N-0522,2744.64,2026-10-15T06:46:31+00:00,INTERNAL_TRANSFER
TX-N-01262,ACC-N-0548,ACC-N-0817,14087.68,2026-01-25T21:59:05+00:00,INTERNAL_TRANSFER
TX-N-01263,EXT-A-053-2,ACC-N-0927,464.12,2026-03-13T09:53:26+00:00,WIRE
TX-N-01264,EXT-A-028-4,ACC-N-0532,8103.26,2026-02-19T12:05:11+00:00,WIRE
TX-N-01265,ACC-C-HNW-03,ACC-N-0735,7669.63,2026-04-27T12:58:57+00:00,ATM
TX-N-01266,EXT-A-059-2,ACC-N-0960,11454.44,2026-03-23T01:16:53+00:00,INTERNAL_TRANSFER
TX-N-01267,ACC-N-0768,ACC-N-0610,21382.35,2026-10-13T09:50:26+00:00,INTERNAL_TRANSFER
TX-N-01268,ACC-N-0493,ACC-N-0824,8578.65,2026-11-05T23:17:57+00:00,INTERNAL_TRANSFER
TX-N-01269,ACC-N-0474,ACC-N-0708,11881.52,2026-10-27T07:45:53+00:00,ATM
TX-N-01270,ACC-N-0885,EXT-A-025-2,5623.98,2026-03-13T21:19:22+00:00,INTERNAL_TRANSFER
TX-N-01271,ACC-N-0622,ACC-N-0541,15371.77,2026-07-07T14:06:07+00:00,INTERNAL_TRANSFER
TX-N-01272,ACC-N-0676,ACC-N-0544,1706.27,2026-01-18T20:00:46+00:00,INTERNAL_TRANSFER
TX-N-01273,ACC-N-0715,ACC-N-0900,3858.88,2026-01-19T14:21:24+00:00,INTERNAL_TRANSFER
TX-N-01274,ACC-N-0552,ACC-N-0930,2147.94,2026-01-09T04:16:18+00:00,WIRE
TX-N-01275,EXT-A-063-1,ACC-N-0968,1482.53,2026-08-18T13:14:53+00:00,INTERNAL_TRANSFER
TX-N-01276,EXT-A-051-3,ACC-N-0865,6291.2,2026-12-02T04:50:32+00:00,INTERNAL_TRANSFER
TX-N-01277,ACC-N-0714,ACC-N-0847,3717.37,2026-10-04T05:56:42+00:00,INTERNAL_TRANSFER
TX-N-01278,ACC-N-0619,ACC-N-0541,8089.22,2026-09-28T00:25:43+00:00,WIRE
TX-N-01279,ACC-N-0726,EXT-A-028-4,6900.66,2026-02-18T10:41:23+00:00,INTERNAL_TRANSFER
TX-N-01280,EXT-A-068-4,ACC-N-0802,1585.93,2026-02-12T14:27:16+00:00,WIRE
TX-N-01281,ACC-B-02-A,EXT-A-034-4,926.24,2026-04-08T11:43:10+00:00,WIRE
TX-N-01282,ACC-N-0542,ACC-N-0652,3046.82,2026-12-26T02:55:02+00:00,WIRE
TX-N-01283,ACC-N-0910,ACC-N-0626,789.92,2026-08-23T17:22:40+00:00,INTERNAL_TRANSFER
TX-N-01284,EXT-A-019-3,ACC-N-0885,2948.03,2026-06-24T03:38:04+00:00,INTERNAL_TRANSFER
TX-N-01285,ACC-C-HNW-06,EXT-A-010-4,4535.84,2026-10-15T06:44:03+00:00,INTERNAL_TRANSFER
TX-N-01286,EXT-A-044-1,ACC-N-0400,3074.9,2026-04-13T05:09:26+00:00,INTERNAL_TRANSFER
TX-N-01287,EXT-A-063-1,EXT-A-061-1,141286.75,2026-03-04T23:12:16+00:00,ATM
TX-N-01288,ACC-C-PAY-12,ACC-N-0471,1710.36,2026-04-30T08:41:33+00:00,WIRE
TX-N-01289,ACC-N-0495,ACC-N-0406,24091.71,2026-12-06T12:55:12+00:00,INTERNAL_TRANSFER
TX-N-01290,ACC-N-0968,EXT-A-030-3,2788.71,2026-06-06T11:55:09+00:00,INTERNAL_TRANSFER
TX-N-01291,EXT-A-040-1,ACC-N-0590,29487.59,2026-11-20T06:11:44+00:00,INTERNAL_TRANSFER
TX-N-01292,ACC-N-0569,ACC-N-0402,5136.36,2026-11-26T03:10:01+00:00,INTERNAL_TRANSFER
TX-N-01293,ACC-C-HNW-06,EXT-A-023-2,2873.0,2026-11-26T04:47:23+00:00,INTERNAL_TRANSFER
TX-N-01294,ACC-N-0884,ACC-N-0638,8921.93,2026-01-20T20:53:53+00:00,INTERNAL_TRANSFER
TX-N-01295,ACC-C-PAY-08,EXT-A-067-1,3831.51,2026-06-24T00:11:31+00:00,WIRE
TX-N-01296,EXT-A-012-3,EXT-A-003-2,22499.78,2026-02-27T12:59:02+00:00,INTERNAL_TRANSFER
TX-N-01297,EXT-A-020-1,ACC-N-0500,8519.17,2026-05-21T06:40:36+00:00,WIRE
TX-N-01298,EXT-A-053-3,ACC-C-PAY-07,2798.35,2026-08-28T09:42:09+00:00,INTERNAL_TRANSFER
TX-N-01299,ACC-N-0901,ACC-N-0716,2321.35,2026-10-28T12:44:38+00:00,WIRE
TX-N-01300,ACC-N-0956,EXT-A-031-1,2551.99,2026-10-13T23:43:43+00:00,ATM
TX-N-01301,EXT-A-058-2,ACC-N-0506,2134.82,2026-11-03T17:23:25+00:00,INTERNAL_TRANSFER
TX-N-01302,EXT-A-058-2,ACC-N-0556,1536.66,2026-02-23T06:01:28+00:00,ATM
TX-N-01303,ACC-N-0440,ACC-N-0441,7819.74,2026-05-08T22:33:39+00:00,INTERNAL_TRANSFER
TX-N-01304,ACC-N-0946,ACC-N-0636,17229.89,2026-01-23T21:17:31+00:00,INTERNAL_TRANSFER
TX-N-01305,ACC-N-0432,ACC-N-0557,3245.03,2026-02-16T21:58:55+00:00,INTERNAL_TRANSFER
TX-N-01306,EXT-A-050-2,ACC-N-0913,1635.72,2026-01-06T04:30:22+00:00,INTERNAL_TRANSFER
TX-N-01307,ACC-N-0891,ACC-N-0860,4066.96,2026-11-24T20:32:45+00:00,INTERNAL_TRANSFER
TX-N-01308,ACC-N-1000,ACC-N-0608,8806.77,2026-10-08T19:25:20+00:00,INTERNAL_TRANSFER
TX-N-01309,EXT-A-030-4,EXT-A-063-1,1945.99,2026-07-08T02:35:30+00:00,WIRE
TX-N-01310,ACC-C-PAY-10,ACC-N-0960,1662.36,2026-07-30T02:18:38+00:00,WIRE
TX-N-01311,ACC-N-0767,ACC-N-0812,1368.19,2026-09-27T02:26:13+00:00,INTERNAL_TRANSFER
TX-N-01312,ACC-N-0666,ACC-N-0631,25589.55,2026-11-01T23:34:37+00:00,INTERNAL_TRANSFER
TX-N-01313,ACC-N-0474,ACC-N-0710,14096.84,2026-02-05T05:32:48+00:00,WIRE
TX-N-01314,EXT-A-022-2,EXT-A-055-1,1369.68,2026-07-01T04:30:53+00:00,WIRE
TX-N-01315,ACC-N-0697,ACC-N-0993,11519.32,2026-02-28T22:55:55+00:00,ATM
TX-N-01316,ACC-N-0933,ACC-N-0835,1613.07,2026-08-25T11:30:33+00:00,WIRE
TX-N-01317,ACC-C-PAY-01,ACC-N-0884,25798.64,2026-06-08T11:08:36+00:00,INTERNAL_TRANSFER
TX-N-01318,EXT-A-042-3,EXT-A-016-1,4800.22,2026-12-01T11:11:50+00:00,INTERNAL_TRANSFER
TX-N-01319,ACC-N-0856,ACC-N-0717,7965.09,2026-02-26T05:40:12+00:00,INTERNAL_TRANSFER
TX-N-01320,ACC-N-0649,ACC-N-0758,2360.92,2026-05-15T20:09:24+00:00,INTERNAL_TRANSFER
TX-N-01321,ACC-N-0542,EXT-A-046-1,8060.04,2026-04-25T16:05:58+00:00,INTERNAL_TRANSFER
TX-N-01322,ACC-N-0957,ACC-N-0735,1529.05,2026-07-16T13:07:30+00:00,INTERNAL_TRANSFER
TX-N-01323,EXT-A-019-2,ACC-N-0853,2044.31,2026-08-27T09:22:19+00:00,INTERNAL_TRANSFER
TX-N-01324,ACC-N-0742,EXT-A-003-3,16506.42,2026-11-27T18:26:59+00:00,WIRE
TX-N-01325,EXT-A-040-2,ACC-N-0687,2932.79,2026-03-07T18:30:03+00:00,INTERNAL_TRANSFER
TX-N-01326,EXT-A-066-4,EXT-A-032-4,28695.14,2026-10-25T02:23:08+00:00,INTERNAL_TRANSFER
TX-N-01327,ACC-N-0400,ACC-B-04-B,1807.66,2026-07-10T07:17:26+00:00,INTERNAL_TRANSFER
TX-N-01328,ACC-N-0439,EXT-A-070-2,4681.55,2026-11-28T13:02:00+00:00,INTERNAL_TRANSFER
TX-N-01329,ACC-N-0557,ACC-C-PAY-12,2371.39,2026-10-08T14:50:22+00:00,INTERNAL_TRANSFER
TX-N-01330,ACC-N-0409,EXT-A-051-1,2805.14,2026-01-08T03:15:27+00:00,WIRE
TX-N-01331,ACC-N-0948,EXT-A-034-4,5174.51,2026-12-31T23:47:55+00:00,WIRE
TX-N-01332,ACC-C-PAY-06,ACC-N-0902,24603.84,2026-09-29T11:28:45+00:00,INTERNAL_TRANSFER
TX-N-01333,ACC-N-0670,ACC-N-0548,4374.0,2026-01-09T18:40:55+00:00,INTERNAL_TRANSFER
TX-N-01334,EXT-A-035-1,ACC-N-0576,3323.34,2026-06-11T23:36:19+00:00,INTERNAL_TRANSFER
TX-N-01335,EXT-A-071-4,ACC-N-0965,10635.13,2026-11-06T14:53:37+00:00,INTERNAL_TRANSFER
TX-N-01336,EXT-A-022-4,ACC-N-0608,2764.15,2026-07-18T23:45:53+00:00,INTERNAL_TRANSFER
TX-N-01337,ACC-N-0487,ACC-N-0719,61005.78,2026-07-07T01:19:40+00:00,INTERNAL_TRANSFER
TX-N-01338,ACC-N-0911,EXT-A-071-4,18085.23,2026-01-08T04:31:21+00:00,INTERNAL_TRANSFER
TX-N-01339,EXT-A-003-1,ACC-N-0474,1503.23,2026-03-02T21:47:27+00:00,INTERNAL_TRANSFER
TX-N-01340,ACC-N-0576,ACC-N-0783,4698.43,2026-10-09T12:28:53+00:00,WIRE
TX-N-01341,ACC-N-0704,EXT-A-018-4,3082.36,2026-02-01T19:15:09+00:00,WIRE
TX-N-01342,EXT-A-049-3,EXT-A-065-4,3983.43,2026-12-17T23:01:52+00:00,INTERNAL_TRANSFER
TX-N-01343,EXT-A-022-3,EXT-A-018-1,1501.21,2026-04-08T20:22:12+00:00,INTERNAL_TRANSFER
TX-N-01344,ACC-N-0656,EXT-A-040-1,9000.71,2026-12-23T06:52:14+00:00,INTERNAL_TRANSFER
TX-N-01345,ACC-N-0539,ACC-N-0482,16272.84,2026-01-20T22:37:18+00:00,WIRE
TX-N-01346,EXT-A-062-1,ACC-N-0889,7230.11,2026-09-03T00:24:59+00:00,INTERNAL_TRANSFER
TX-N-01347,ACC-N-0642,ACC-N-0689,8404.66,2026-12-02T15:06:03+00:00,INTERNAL_TRANSFER
TX-N-01348,ACC-N-0859,ACC-N-0625,2075.26,2026-11-23T01:58:19+00:00,INTERNAL_TRANSFER
TX-N-01349,EXT-A-020-4,EXT-A-021-3,3397.0,2026-06-10T14:22:43+00:00,INTERNAL_TRANSFER
TX-N-01350,ACC-N-0937,EXT-A-003-1,2819.95,2026-08-20T08:47:34+00:00,ATM
TX-N-01351,ACC-N-0658,EXT-A-019-2,5504.79,2026-12-13T17:19:30+00:00,INTERNAL_TRANSFER
TX-N-01352,ACC-C-PAY-03,ACC-C-CORP,3969.81,2026-12-25T03:10:11+00:00,WIRE
TX-N-01353,ACC-N-0717,ACC-C-PAY-08,4516.25,2026-05-14T22:39:09+00:00,WIRE
TX-N-01354,ACC-N-0795,ACC-N-0902,4530.73,2026-07-22T09:04:01+00:00,WIRE
TX-N-01355,ACC-N-0605,ACC-N-0999,1708.45,2026-08-14T13:33:30+00:00,INTERNAL_TRANSFER
TX-N-01356,ACC-N-0630,ACC-N-0908,2412.27,2026-10-27T17:38:24+00:00,INTERNAL_TRANSFER
TX-N-01357,ACC-N-0946,ACC-N-0892,1707.45,2026-04-20T05:40:42+00:00,INTERNAL_TRANSFER
TX-N-01358,ACC-N-0605,ACC-N-0416,1110.26,2026-12-31T07:49:13+00:00,INTERNAL_TRANSFER
TX-N-01359,ACC-N-0579,ACC-N-0432,1179.76,2026-11-24T12:32:19+00:00,INTERNAL_TRANSFER
TX-N-01360,EXT-A-009-1,EXT-A-024-4,5488.55,2026-04-28T18:19:26+00:00,INTERNAL_TRANSFER
TX-N-01361,ACC-N-0744,EXT-A-008-1,3141.92,2026-09-01T19:00:26+00:00,INTERNAL_TRANSFER
TX-N-01362,ACC-N-0811,ACC-N-0879,18374.95,2026-04-18T05:30:55+00:00,INTERNAL_TRANSFER
TX-N-01363,ACC-N-0948,ACC-N-0847,447.82,2026-04-27T18:11:51+00:00,WIRE
TX-N-01364,ACC-N-0683,EXT-A-024-3,15248.56,2026-06-02T07:51:49+00:00,ATM
TX-N-01365,ACC-N-0543,ACC-N-0905,1381.21,2026-01-18T20:39:33+00:00,INTERNAL_TRANSFER
TX-N-01366,ACC-N-0575,ACC-N-0706,16478.27,2026-11-20T17:31:01+00:00,WIRE
TX-N-01367,ACC-N-0711,EXT-A-867458,1392.62,2026-07-01T09:01:57+00:00,INTERNAL_TRANSFER
TX-N-01368,ACC-B-03-B,ACC-N-0498,6344.89,2026-01-12T06:52:36+00:00,INTERNAL_TRANSFER
TX-N-01369,ACC-N-0613,ACC-N-0709,4208.8,2026-09-11T09:31:04+00:00,WIRE
TX-N-01370,EXT-A-067-3,ACC-N-0398,1921.57,2026-04-26T18:04:03+00:00,INTERNAL_TRANSFER
TX-N-01371,EXT-A-042-2,ACC-N-0845,2921.22,2026-07-12T19:18:15+00:00,WIRE
TX-N-01372,ACC-N-0765,EXT-A-039-1,5452.39,2026-10-17T14:10:09+00:00,WIRE
TX-N-01373,ACC-N-0452,ACC-N-0558,16084.58,2026-06-04T06:55:32+00:00,INTERNAL_TRANSFER
TX-N-01374,ACC-N-0936,ACC-N-0700,367.8,2026-02-23T01:16:07+00:00,INTERNAL_TRANSFER
TX-N-01375,ACC-B-02-A,ACC-N-0481,5033.19,2026-08-19T20:46:27+00:00,ATM
TX-N-01376,EXT-A-048-4,EXT-A-032-1,7248.53,2026-12-08T09:39:16+00:00,INTERNAL_TRANSFER
TX-N-01377,ACC-N-0536,EXT-A-006-3,1098.03,2026-04-07T20:36:39+00:00,INTERNAL_TRANSFER
TX-N-01378,ACC-N-0973,ACC-N-0528,1423.06,2026-12-30T21:00:55+00:00,INTERNAL_TRANSFER
TX-N-01379,ACC-N-0533,ACC-N-0854,2593.67,2026-01-09T16:31:50+00:00,INTERNAL_TRANSFER
TX-N-01380,EXT-A-066-1,ACC-N-0680,2483.61,2026-05-17T12:38:36+00:00,WIRE
TX-N-01381,EXT-A-012-4,ACC-N-0439,2073.94,2026-05-30T01:10:57+00:00,INTERNAL_TRANSFER
TX-N-01382,ACC-N-0589,EXT-A-058-3,1974.86,2026-04-26T23:40:40+00:00,WIRE
TX-N-01383,EXT-A-045-4,ACC-N-0583,5251.2,2026-02-28T09:59:30+00:00,INTERNAL_TRANSFER
TX-N-01384,ACC-N-0649,ACC-N-0925,3711.42,2026-06-06T00:14:33+00:00,WIRE
TX-N-01385,ACC-N-0671,ACC-N-0475,6610.56,2026-05-17T03:44:46+00:00,INTERNAL_TRANSFER
TX-N-01386,ACC-B-02-C,ACC-N-0782,21252.04,2026-06-05T11:41:26+00:00,INTERNAL_TRANSFER
TX-N-01387,EXT-A-005-1,ACC-N-0763,27029.31,2026-07-17T01:41:19+00:00,INTERNAL_TRANSFER
TX-N-01388,ACC-N-0453,ACC-N-0468,22696.94,2026-03-13T14:00:51+00:00,WIRE
TX-N-01389,ACC-N-0570,ACC-N-0412,6256.0,2026-11-09T15:56:55+00:00,WIRE
TX-N-01390,ACC-B-03-A,EXT-A-051-3,2934.63,2026-08-08T00:15:28+00:00,INTERNAL_TRANSFER
TX-N-01391,ACC-N-0453,ACC-N-0856,23673.86,2026-05-03T01:15:07+00:00,INTERNAL_TRANSFER
TX-N-01392,ACC-N-0537,ACC-N-0410,7292.64,2026-09-27T13:04:42+00:00,WIRE
TX-N-01393,EXT-A-003-1,ACC-N-0455,8988.78,2026-07-05T07:20:41+00:00,INTERNAL_TRANSFER
TX-N-01394,ACC-N-0913,ACC-N-0665,22179.37,2026-10-15T04:10:52+00:00,INTERNAL_TRANSFER
TX-N-01395,ACC-N-0651,ACC-N-0861,2344.82,2026-04-16T01:23:36+00:00,INTERNAL_TRANSFER
TX-N-01396,EXT-A-051-4,ACC-N-0800,961.95,2026-11-26T12:41:15+00:00,INTERNAL_TRANSFER
TX-N-01397,EXT-A-005-1,ACC-N-0911,7959.42,2026-02-13T23:02:44+00:00,INTERNAL_TRANSFER
TX-N-01398,ACC-N-0466,ACC-N-0571,7156.2,2026-05-09T06:38:14+00:00,INTERNAL_TRANSFER
TX-N-01399,EXT-A-054-4,ACC-N-0683,4343.58,2026-08-20T17:05:23+00:00,INTERNAL_TRANSFER
TX-N-01400,ACC-B-04-C,EXT-A-021-2,11931.07,2026-12-23T21:04:16+00:00,WIRE
TX-N-01401,EXT-A-047-2,EXT-A-015-1,2749.58,2026-02-02T04:21:09+00:00,INTERNAL_TRANSFER
TX-N-01402,ACC-N-0443,ACC-N-0884,35426.24,2026-03-15T04:13:42+00:00,WIRE
TX-N-01403,ACC-N-0710,ACC-N-0534,2860.85,2026-10-06T14:43:17+00:00,INTERNAL_TRANSFER
TX-N-01404,EXT-A-042-2,ACC-N-0918,1426.7,2026-05-19T07:25:25+00:00,INTERNAL_TRANSFER
TX-N-01405,ACC-N-0919,ACC-N-0849,937.97,2026-07-17T07:39:08+00:00,INTERNAL_TRANSFER
TX-N-01406,ACC-C-PAY-10,ACC-N-0509,9740.13,2026-03-06T13:11:45+00:00,INTERNAL_TRANSFER
TX-N-01407,ACC-N-0738,EXT-A-028-3,4367.07,2026-03-30T18:36:51+00:00,INTERNAL_TRANSFER
TX-N-01408,EXT-A-015-2,EXT-A-052-3,2562.86,2026-03-13T05:15:06+00:00,INTERNAL_TRANSFER
TX-N-01409,ACC-N-0495,ACC-N-0701,10654.51,2026-03-23T07:54:05+00:00,INTERNAL_TRANSFER
TX-N-01410,EXT-A-067-1,ACC-N-0697,3361.29,2026-12-11T22:53:43+00:00,WIRE
TX-N-01411,ACC-N-0865,ACC-N-0595,4468.15,2026-09-14T00:19:26+00:00,INTERNAL_TRANSFER
TX-N-01412,EXT-A-062-3,ACC-N-0550,3235.02,2026-07-22T05:49:18+00:00,ATM
TX-N-01413,ACC-N-0686,ACC-N-0468,2681.57,2026-08-25T14:22:21+00:00,INTERNAL_TRANSFER
TX-N-01414,ACC-N-0447,EXT-A-048-4,8913.52,2026-12-27T13:44:51+00:00,INTERNAL_TRANSFER
TX-N-01415,EXT-A-026-2,ACC-N-0454,10963.93,2026-10-21T14:07:01+00:00,ATM
TX-N-01416,ACC-N-0693,ACC-N-0460,16107.56,2026-02-02T21:26:08+00:00,INTERNAL_TRANSFER
TX-N-01417,EXT-A-066-3,ACC-N-0452,615.19,2026-04-06T04:02:50+00:00,INTERNAL_TRANSFER
TX-N-01418,EXT-A-060-4,EXT-A-064-2,4149.77,2026-11-16T19:44:58+00:00,WIRE
TX-N-01419,ACC-N-0468,ACC-N-0605,2882.06,2026-02-09T01:56:17+00:00,INTERNAL_TRANSFER
TX-N-01420,EXT-A-055-4,ACC-N-0921,11458.87,2026-03-20T11:22:04+00:00,INTERNAL_TRANSFER
TX-N-01421,ACC-N-0842,ACC-N-0689,13747.09,2026-08-01T03:39:31+00:00,INTERNAL_TRANSFER
TX-N-01422,ACC-N-0796,ACC-N-0798,42187.78,2026-03-13T20:35:24+00:00,INTERNAL_TRANSFER
TX-N-01423,EXT-A-005-2,ACC-N-0743,2354.49,2026-08-12T16:46:18+00:00,WIRE
TX-N-01424,ACC-N-0509,ACC-N-0900,1156.7,2026-09-30T09:55:44+00:00,WIRE
TX-N-01425,ACC-N-0909,EXT-A-034-2,2023.55,2026-08-03T21:35:46+00:00,WIRE
TX-N-01426,ACC-N-0990,EXT-A-004-3,627.92,2026-04-06T09:04:35+00:00,INTERNAL_TRANSFER
TX-N-01427,EXT-A-021-3,ACC-N-0955,7543.81,2026-08-25T14:24:04+00:00,ATM
TX-N-01428,ACC-N-0949,ACC-N-0539,2714.55,2026-04-10T18:40:43+00:00,INTERNAL_TRANSFER
TX-N-01429,ACC-N-0713,ACC-N-0739,12044.22,2026-01-22T19:51:30+00:00,INTERNAL_TRANSFER
TX-N-01430,EXT-A-041-3,EXT-A-071-4,8832.35,2026-09-15T17:42:19+00:00,INTERNAL_TRANSFER
TX-N-01431,ACC-N-0913,ACC-N-0471,3238.91,2026-02-07T15:29:46+00:00,INTERNAL_TRANSFER
TX-N-01432,ACC-N-0663,ACC-N-0788,1312.13,2026-08-02T04:32:04+00:00,ATM
TX-N-01433,EXT-A-059-4,ACC-N-0865,13134.32,2026-05-12T00:36:00+00:00,ATM
TX-N-01434,ACC-N-0405,ACC-N-0671,1319.51,2026-12-15T11:48:51+00:00,INTERNAL_TRANSFER
TX-N-01435,ACC-N-0832,ACC-N-0952,1026.69,2026-07-05T19:03:15+00:00,ATM
TX-N-01436,EXT-A-027-4,EXT-A-025-1,508.03,2026-05-30T23:44:33+00:00,INTERNAL_TRANSFER
TX-N-01437,ACC-N-0786,ACC-N-0979,21250.17,2026-11-19T23:15:53+00:00,ATM
TX-N-01438,EXT-A-061-1,ACC-N-0443,3884.97,2026-08-26T20:11:02+00:00,INTERNAL_TRANSFER
TX-N-01439,ACC-N-0582,ACC-N-0942,1593.63,2026-11-05T14:58:15+00:00,WIRE
TX-N-01440,ACC-N-0455,ACC-N-0726,8021.95,2026-01-02T17:37:24+00:00,INTERNAL_TRANSFER
TX-N-01441,EXT-A-010-4,ACC-N-0564,7056.42,2026-01-26T13:13:52+00:00,INTERNAL_TRANSFER
TX-N-01442,EXT-A-059-4,EXT-A-006-2,8547.64,2026-03-20T08:57:51+00:00,WIRE
TX-N-01443,EXT-A-013-4,ACC-N-0631,5407.42,2026-03-03T04:58:30+00:00,INTERNAL_TRANSFER
TX-N-01444,EXT-A-023-4,EXT-A-048-2,3303.74,2026-12-07T10:34:56+00:00,INTERNAL_TRANSFER
TX-N-01445,ACC-N-0460,ACC-N-0907,582.31,2026-08-28T04:20:13+00:00,INTERNAL_TRANSFER
TX-N-01446,EXT-A-002-3,EXT-A-007-4,7354.59,2026-11-02T18:04:21+00:00,INTERNAL_TRANSFER
TX-N-01447,EXT-A-049-3,ACC-N-0440,975.84,2026-02-08T06:05:58+00:00,WIRE
TX-N-01448,EXT-A-050-1,EXT-A-055-4,2521.27,2026-09-10T06:05:56+00:00,WIRE
TX-N-01449,EXT-A-025-3,ACC-N-0816,1388.14,2026-07-06T06:06:59+00:00,WIRE
TX-N-01450,EXT-A-004-3,ACC-N-0408,6399.8,2026-08-21T12:02:08+00:00,INTERNAL_TRANSFER
TX-N-01451,ACC-C-PAY-04,ACC-N-0717,3474.9,2026-10-12T16:10:49+00:00,INTERNAL_TRANSFER
TX-N-01452,ACC-N-0959,ACC-N-0517,8323.0,2026-11-26T15:07:07+00:00,INTERNAL_TRANSFER
TX-N-01453,ACC-N-0900,EXT-A-026-2,873.63,2026-12-05T07:59:01+00:00,INTERNAL_TRANSFER
TX-N-01454,ACC-N-0757,EXT-A-038-1,1265.81,2026-12-11T21:47:53+00:00,INTERNAL_TRANSFER
TX-N-01455,ACC-N-0861,ACC-N-0486,1731.32,2026-07-24T19:54:19+00:00,WIRE
TX-N-01456,EXT-A-065-3,ACC-N-0869,12316.19,2026-01-21T06:12:42+00:00,WIRE
TX-N-01457,ACC-N-0489,ACC-N-0504,10968.17,2026-03-26T18:28:34+00:00,INTERNAL_TRANSFER
TX-N-01458,EXT-A-003-3,ACC-N-0901,6607.69,2026-04-12T11:47:31+00:00,INTERNAL_TRANSFER
TX-N-01459,ACC-N-0707,ACC-C-PAY-10,9420.78,2026-07-19T02:30:24+00:00,INTERNAL_TRANSFER
TX-N-01460,ACC-N-0593,EXT-A-026-3,1498.06,2026-12-19T13:31:38+00:00,INTERNAL_TRANSFER
TX-N-01461,EXT-A-071-3,EXT-A-016-4,12651.79,2026-01-01T19:47:06+00:00,INTERNAL_TRANSFER
TX-N-01462,ACC-N-0714,EXT-A-033-1,4408.87,2026-05-01T19:45:14+00:00,WIRE
TX-N-01463,EXT-A-051-1,ACC-N-0585,2825.27,2026-12-12T19:17:41+00:00,INTERNAL_TRANSFER
TX-N-01464,ACC-N-0789,ACC-N-0498,7944.47,2026-05-22T06:15:32+00:00,ATM
TX-N-01465,ACC-N-0598,ACC-N-0869,16634.6,2026-08-04T18:26:57+00:00,INTERNAL_TRANSFER
TX-N-01466,EXT-A-062-4,ACC-N-0804,363.09,2026-01-01T09:33:59+00:00,INTERNAL_TRANSFER
TX-N-01467,EXT-A-004-4,ACC-N-0502,12642.03,2026-01-31T11:28:04+00:00,WIRE
TX-N-01468,ACC-C-HNW-01,ACC-N-0426,8268.23,2026-11-03T16:43:34+00:00,ATM
TX-N-01469,ACC-N-0780,EXT-A-039-3,752.06,2026-09-19T01:26:22+00:00,INTERNAL_TRANSFER
TX-N-01470,ACC-N-0503,ACC-N-0698,4510.09,2026-05-24T12:39:55+00:00,INTERNAL_TRANSFER
TX-N-01471,ACC-N-0752,ACC-N-0707,1490.43,2026-12-08T14:44:07+00:00,INTERNAL_TRANSFER
TX-N-01472,ACC-N-0408,EXT-A-059-3,4225.95,2026-09-17T00:20:12+00:00,INTERNAL_TRANSFER
TX-N-01473,EXT-A-044-3,EXT-A-028-2,4177.73,2026-07-18T14:23:45+00:00,ATM
TX-N-01474,EXT-A-028-3,ACC-B-03-B,2462.86,2026-02-16T12:52:28+00:00,WIRE
TX-N-01475,ACC-N-0979,EXT-A-050-3,7664.33,2026-06-04T20:54:22+00:00,INTERNAL_TRANSFER
TX-N-01476,ACC-B-02-B,ACC-N-0462,10875.46,2026-12-26T09:55:07+00:00,WIRE
TX-N-01477,ACC-N-0808,EXT-A-046-3,943.89,2026-12-24T03:15:51+00:00,WIRE
TX-N-01478,ACC-N-0622,ACC-N-0698,8540.96,2026-01-29T01:43:01+00:00,WIRE
TX-N-01479,ACC-N-0544,ACC-N-0821,2375.35,2026-12-09T22:40:36+00:00,INTERNAL_TRANSFER
TX-N-01480,EXT-A-017-1,EXT-A-044-4,10258.41,2026-05-04T18:51:59+00:00,INTERNAL_TRANSFER
TX-N-01481,ACC-N-0990,ACC-N-0878,10810.61,2026-01-17T06:43:28+00:00,WIRE
TX-N-01482,ACC-N-0536,ACC-N-0835,9685.98,2026-06-15T00:34:09+00:00,WIRE
TX-N-01483,EXT-A-033-2,ACC-N-0737,310.05,2026-10-01T06:44:07+00:00,INTERNAL_TRANSFER
TX-N-01484,ACC-N-0508,ACC-C-HNW-03,752.94,2026-04-05T21:14:48+00:00,INTERNAL_TRANSFER
TX-N-01485,EXT-A-071-3,ACC-N-0607,5032.78,2026-04-19T00:13:46+00:00,ATM
TX-N-01486,EXT-A-030-2,ACC-N-0731,14345.23,2026-02-16T07:20:49+00:00,INTERNAL_TRANSFER
TX-N-01487,EXT-A-065-4,ACC-N-0801,830.8,2026-05-25T22:56:29+00:00,INTERNAL_TRANSFER
TX-N-01488,ACC-N-0945,ACC-N-0584,27524.35,2026-09-17T07:58:32+00:00,ATM
TX-N-01489,EXT-A-070-3,EXT-A-004-1,2069.28,2026-06-03T01:43:22+00:00,INTERNAL_TRANSFER
TX-N-01490,ACC-N-0973,ACC-N-0455,6387.34,2026-08-26T03:44:24+00:00,INTERNAL_TRANSFER
TX-N-01491,EXT-A-035-2,ACC-N-0826,7746.9,2026-04-05T07:39:27+00:00,INTERNAL_TRANSFER
TX-N-01492,EXT-A-004-4,EXT-A-012-4,975.0,2026-10-08T23:22:46+00:00,INTERNAL_TRANSFER
TX-N-01493,EXT-A-050-1,EXT-A-058-2,17011.67,2026-04-14T10:24:08+00:00,INTERNAL_TRANSFER
TX-N-01494,ACC-N-0647,ACC-N-0588,6206.76,2026-04-04T08:02:05+00:00,INTERNAL_TRANSFER
TX-N-01495,ACC-N-0899,EXT-A-015-1,6320.05,2026-07-07T04:19:41+00:00,INTERNAL_TRANSFER
TX-N-01496,ACC-N-0890,ACC-N-0528,881.17,2026-08-16T17:29:10+00:00,INTERNAL_TRANSFER
TX-N-01497,ACC-N-0639,EXT-A-040-4,1667.71,2026-03-30T00:45:56+00:00,INTERNAL_TRANSFER
TX-N-01498,ACC-N-0561,ACC-N-0574,23666.74,2026-03-26T20:48:38+00:00,INTERNAL_TRANSFER
TX-N-01499,ACC-N-0418,ACC-N-0679,8880.88,2026-09-09T03:58:49+00:00,WIRE
TX-N-01500,EXT-A-029-1,ACC-N-0406,2339.81,2026-12-19T02:34:29+00:00,INTERNAL_TRANSFER
TX-N-01501,ACC-N-0546,EXT-A-034-2,5566.38,2026-01-28T13:28:15+00:00,INTERNAL_TRANSFER
TX-N-01502,EXT-A-046-1,ACC-N-0576,5185.41,2026-07-16T22:01:22+00:00,INTERNAL_TRANSFER
TX-N-01503,ACC-N-0961,ACC-N-0757,3022.73,2026-07-05T23:48:41+00:00,INTERNAL_TRANSFER
TX-N-01504,EXT-A-019-2,ACC-N-0929,6200.66,2026-05-17T11:18:58+00:00,INTERNAL_TRANSFER
TX-N-01505,ACC-N-0805,ACC-N-0430,37892.86,2026-09-01T23:43:09+00:00,WIRE
TX-N-01506,ACC-N-0635,ACC-N-0926,6312.47,2026-11-26T22:21:22+00:00,INTERNAL_TRANSFER
TX-N-01507,EXT-A-040-2,ACC-N-0780,2769.7,2026-06-13T12:01:10+00:00,WIRE
TX-N-01508,EXT-A-027-2,ACC-N-0979,1932.0,2026-04-05T14:07:24+00:00,INTERNAL_TRANSFER
TX-N-01509,ACC-N-0994,ACC-B-02-C,748.9,2026-05-26T04:23:28+00:00,INTERNAL_TRANSFER
TX-N-01510,EXT-A-056-2,ACC-N-0962,14950.03,2026-06-06T10:50:22+00:00,INTERNAL_TRANSFER
TX-N-01511,ACC-N-0612,ACC-N-0835,1975.39,2026-03-28T13:01:47+00:00,INTERNAL_TRANSFER
TX-N-01512,ACC-N-0579,EXT-A-030-1,2649.15,2026-06-01T06:15:55+00:00,INTERNAL_TRANSFER
TX-N-01513,ACC-N-0788,ACC-N-0948,11626.38,2026-04-30T16:57:47+00:00,INTERNAL_TRANSFER
TX-N-01514,ACC-N-0427,EXT-A-024-2,6117.77,2026-09-12T19:19:37+00:00,ATM
TX-N-01515,ACC-N-0663,ACC-N-0450,805.47,2026-03-26T06:20:21+00:00,ATM
TX-N-01516,EXT-A-059-3,ACC-N-0613,24934.97,2026-11-23T05:07:38+00:00,ATM
TX-N-01517,EXT-A-063-2,ACC-N-0529,507.19,2026-09-01T23:22:33+00:00,WIRE
TX-N-01518,ACC-N-0959,EXT-A-002-2,1594.56,2026-12-30T00:40:52+00:00,ATM
TX-N-01519,EXT-A-030-4,EXT-A-071-1,11229.59,2026-02-26T11:02:08+00:00,INTERNAL_TRANSFER
TX-N-01520,EXT-A-003-2,EXT-A-006-3,5022.1,2026-05-25T01:11:49+00:00,INTERNAL_TRANSFER
TX-N-01521,ACC-N-0836,ACC-N-0612,18937.67,2026-09-09T01:15:47+00:00,INTERNAL_TRANSFER
TX-N-01522,ACC-N-0608,EXT-A-048-1,1633.59,2026-10-05T05:07:12+00:00,INTERNAL_TRANSFER
TX-N-01523,EXT-A-004-4,EXT-A-013-1,2286.29,2026-10-30T00:58:59+00:00,INTERNAL_TRANSFER
TX-N-01524,ACC-N-0586,ACC-N-0965,18917.28,2026-12-07T22:48:57+00:00,INTERNAL_TRANSFER
TX-N-01525,ACC-N-0821,EXT-A-069-1,5470.89,2026-06-27T22:39:07+00:00,ATM
TX-N-01526,ACC-N-0719,ACC-N-0730,19617.96,2026-04-08T10:07:00+00:00,INTERNAL_TRANSFER
TX-N-01527,ACC-N-0857,ACC-N-0749,1573.03,2026-12-04T21:06:28+00:00,INTERNAL_TRANSFER
TX-N-01528,ACC-N-0600,EXT-A-009-1,4150.86,2026-05-24T13:41:36+00:00,WIRE
TX-N-01529,EXT-A-030-4,ACC-N-0641,2914.48,2026-05-27T09:38:49+00:00,INTERNAL_TRANSFER
TX-N-01530,ACC-N-0737,EXT-A-048-1,9085.83,2026-09-29T03:28:22+00:00,INTERNAL_TRANSFER
TX-N-01531,ACC-C-CORP,ACC-N-0745,2277.07,2026-09-09T04:11:17+00:00,INTERNAL_TRANSFER
TX-N-01532,EXT-A-005-1,EXT-A-054-1,28765.06,2026-01-01T21:05:43+00:00,INTERNAL_TRANSFER
TX-N-01533,EXT-A-026-3,ACC-N-0406,18110.3,2026-03-21T23:57:55+00:00,INTERNAL_TRANSFER
TX-N-01534,EXT-A-020-3,ACC-N-0835,13055.58,2026-09-10T11:44:52+00:00,INTERNAL_TRANSFER
TX-N-01535,EXT-A-016-3,ACC-N-0969,9616.51,2026-11-23T13:37:06+00:00,WIRE
TX-N-01536,EXT-A-031-1,EXT-A-060-2,2719.66,2026-03-16T17:21:51+00:00,INTERNAL_TRANSFER
TX-N-01537,EXT-A-015-1,ACC-N-0875,9828.41,2026-04-22T15:03:48+00:00,WIRE
TX-N-01538,ACC-C-HNW-06,ACC-N-0550,1929.74,2026-01-24T03:06:12+00:00,INTERNAL_TRANSFER
TX-N-01539,ACC-N-0758,EXT-A-040-3,17792.46,2026-09-13T06:28:10+00:00,INTERNAL_TRANSFER
TX-N-01540,ACC-N-0485,ACC-N-0774,3566.86,2026-03-11T23:55:20+00:00,WIRE
TX-N-01541,ACC-N-0589,ACC-N-0706,8793.93,2026-03-19T15:17:38+00:00,INTERNAL_TRANSFER
TX-N-01542,EXT-A-018-3,ACC-B-02-B,21706.79,2026-05-27T02:21:09+00:00,WIRE
TX-N-01543,ACC-N-0572,EXT-A-040-2,12443.15,2026-09-03T05:18:34+00:00,INTERNAL_TRANSFER
TX-N-01544,ACC-N-0519,EXT-A-039-4,3442.88,2026-08-17T20:28:29+00:00,WIRE
TX-N-01545,ACC-C-PAY-03,EXT-A-006-1,3693.05,2026-11-26T22:20:25+00:00,INTERNAL_TRANSFER
TX-N-01546,ACC-N-0741,EXT-A-037-3,1526.08,2026-07-11T19:01:04+00:00,INTERNAL_TRANSFER
TX-N-01547,EXT-A-019-4,ACC-N-0835,7573.9,2026-11-23T20:56:27+00:00,WIRE
TX-N-01548,ACC-N-0904,ACC-N-0706,1320.86,2026-06-26T21:14:39+00:00,INTERNAL_TRANSFER
TX-N-01549,ACC-N-0899,ACC-N-0981,4302.21,2026-02-13T15:57:46+00:00,INTERNAL_TRANSFER
TX-N-01550,EXT-A-020-1,EXT-A-061-1,2161.7,2026-06-04T00:08:10+00:00,WIRE
TX-N-01551,ACC-N-0419,ACC-N-0891,7401.76,2026-08-21T00:31:19+00:00,INTERNAL_TRANSFER
TX-N-01552,ACC-N-0839,EXT-A-035-4,3621.85,2026-05-30T08:04:09+00:00,INTERNAL_TRANSFER
TX-N-01553,ACC-N-0572,EXT-A-022-1,6898.71,2026-02-09T12:54:23+00:00,WIRE
TX-N-01554,ACC-N-0399,EXT-A-066-4,28168.44,2026-12-22T06:34:54+00:00,INTERNAL_TRANSFER
TX-N-01555,ACC-N-0572,ACC-N-0590,8356.97,2026-09-02T05:06:38+00:00,INTERNAL_TRANSFER
TX-N-01556,ACC-N-0706,EXT-A-010-3,14204.18,2026-01-23T05:09:22+00:00,INTERNAL_TRANSFER
TX-N-01557,ACC-N-0723,ACC-N-0758,1502.75,2026-12-25T15:58:04+00:00,INTERNAL_TRANSFER
TX-N-01558,ACC-N-0622,EXT-A-031-1,7496.2,2026-08-03T17:09:57+00:00,ATM
TX-N-01559,ACC-N-0828,ACC-N-0975,1366.76,2026-03-10T23:21:53+00:00,INTERNAL_TRANSFER
TX-N-01560,ACC-N-0689,ACC-N-0687,4449.54,2026-09-08T07:11:16+00:00,INTERNAL_TRANSFER
TX-N-01561,EXT-A-057-3,ACC-N-0642,1148.7,2026-02-02T09:58:34+00:00,ATM
TX-N-01562,ACC-N-0861,ACC-N-0926,10706.37,2026-05-02T21:04:57+00:00,INTERNAL_TRANSFER
TX-N-01563,ACC-C-PAY-05,ACC-N-0846,1721.72,2026-08-28T08:56:06+00:00,INTERNAL_TRANSFER
TX-N-01564,EXT-A-060-2,ACC-N-0558,8143.74,2026-10-16T08:44:05+00:00,ATM
TX-N-01565,ACC-N-0599,ACC-N-0584,7149.82,2026-01-03T21:10:57+00:00,INTERNAL_TRANSFER
TX-N-01566,ACC-N-0460,ACC-N-0651,3745.25,2026-10-06T12:30:54+00:00,INTERNAL_TRANSFER
TX-N-01567,ACC-N-0803,ACC-N-0411,6845.57,2026-12-09T04:47:03+00:00,INTERNAL_TRANSFER
TX-N-01568,EXT-A-060-2,ACC-N-0684,6760.32,2026-04-28T08:16:43+00:00,INTERNAL_TRANSFER
TX-N-01569,ACC-C-PAY-11,ACC-N-0778,5628.27,2026-06-08T09:11:36+00:00,WIRE
TX-N-01570,EXT-A-064-3,ACC-N-0796,17577.77,2026-12-10T19:04:00+00:00,WIRE
TX-N-01571,EXT-A-051-4,ACC-N-0974,2557.06,2026-03-14T05:12:55+00:00,ATM
TX-N-01572,EXT-A-058-2,ACC-N-0896,8122.66,2026-08-28T08:09:18+00:00,INTERNAL_TRANSFER
TX-N-01573,ACC-N-0484,ACC-N-0663,869.76,2026-08-29T07:33:17+00:00,INTERNAL_TRANSFER
TX-N-01574,ACC-N-0512,ACC-N-0583,4616.59,2026-05-23T05:57:37+00:00,INTERNAL_TRANSFER
TX-N-01575,EXT-A-071-3,ACC-N-0758,3104.91,2026-06-13T13:31:02+00:00,INTERNAL_TRANSFER
TX-N-01576,ACC-C-HNW-02,ACC-N-0796,80118.02,2026-04-14T07:14:57+00:00,INTERNAL_TRANSFER
TX-N-01577,ACC-N-0462,ACC-N-0468,1567.82,2026-04-13T07:31:13+00:00,WIRE
TX-N-01578,ACC-N-0833,EXT-A-032-1,6791.41,2026-10-29T20:07:27+00:00,INTERNAL_TRANSFER
TX-N-01579,ACC-N-0699,ACC-N-0840,9515.71,2026-12-10T19:36:00+00:00,INTERNAL_TRANSFER
TX-N-01580,ACC-N-0713,EXT-A-019-4,2245.63,2026-03-17T13:32:39+00:00,INTERNAL_TRANSFER
TX-N-01581,EXT-A-908166,ACC-N-0892,2867.0,2026-08-09T20:47:45+00:00,WIRE
TX-N-01582,ACC-N-0917,EXT-A-025-3,4119.55,2026-07-23T04:21:29+00:00,WIRE
TX-N-01583,ACC-N-0859,ACC-N-0781,14294.29,2026-03-01T02:33:44+00:00,INTERNAL_TRANSFER
TX-N-01584,EXT-A-054-2,EXT-A-067-2,1025.74,2026-07-27T19:11:20+00:00,ATM
TX-N-01585,ACC-N-0865,ACC-N-0522,2610.9,2026-04-16T03:15:17+00:00,INTERNAL_TRANSFER
TX-N-01586,EXT-A-057-3,ACC-N-0961,11769.87,2026-05-24T19:41:31+00:00,ATM
TX-N-01587,EXT-A-044-1,EXT-A-029-4,7358.41,2026-07-20T22:15:13+00:00,INTERNAL_TRANSFER
TX-N-01588,EXT-A-046-4,EXT-A-072-3,9244.32,2026-12-20T04:29:31+00:00,WIRE
TX-N-01589,ACC-N-0837,EXT-A-006-3,2456.65,2026-10-27T14:47:31+00:00,INTERNAL_TRANSFER
TX-N-01590,ACC-N-0732,EXT-A-051-2,5709.81,2026-08-23T08:23:19+00:00,WIRE
TX-N-01591,ACC-N-0933,ACC-N-0972,46997.42,2026-09-27T19:42:04+00:00,WIRE
TX-N-01592,EXT-A-047-4,ACC-N-0949,4069.29,2026-02-10T22:45:50+00:00,WIRE
TX-N-01593,ACC-B-C,ACC-N-0576,21554.97,2026-04-25T15:49:14+00:00,INTERNAL_TRANSFER
TX-N-01594,ACC-N-0534,ACC-N-0513,2403.04,2026-09-30T06:23:50+00:00,INTERNAL_TRANSFER
TX-N-01595,ACC-N-0670,ACC-N-0741,6009.95,2026-08-11T03:00:43+00:00,INTERNAL_TRANSFER
TX-N-01596,ACC-N-0714,ACC-N-0576,3132.26,2026-10-16T23:56:53+00:00,INTERNAL_TRANSFER
TX-N-01597,ACC-N-0740,ACC-N-0878,362.48,2026-04-20T11:42:21+00:00,INTERNAL_TRANSFER
TX-N-01598,ACC-N-0872,ACC-N-0955,4901.82,2026-04-01T03:53:37+00:00,INTERNAL_TRANSFER
TX-N-01599,ACC-N-0680,ACC-N-0902,2591.24,2026-06-16T03:51:54+00:00,INTERNAL_TRANSFER
TX-N-01600,EXT-A-069-2,ACC-N-0635,2559.32,2026-12-11T10:45:49+00:00,INTERNAL_TRANSFER
TX-N-01601,ACC-N-0951,ACC-N-0455,2710.37,2026-07-11T11:16:31+00:00,INTERNAL_TRANSFER
TX-N-01602,ACC-N-0630,EXT-A-054-3,11681.88,2026-02-27T05:41:54+00:00,INTERNAL_TRANSFER
TX-N-01603,ACC-N-0541,EXT-A-060-1,33506.58,2026-01-01T16:25:25+00:00,INTERNAL_TRANSFER
TX-N-01604,EXT-A-025-1,ACC-N-0493,1950.28,2026-06-09T20:08:34+00:00,INTERNAL_TRANSFER
TX-N-01605,ACC-C-PAY-12,ACC-N-0533,23018.63,2026-01-16T21:15:59+00:00,INTERNAL_TRANSFER
TX-N-01606,EXT-A-011-3,EXT-A-042-1,2043.56,2026-10-10T01:58:31+00:00,INTERNAL_TRANSFER
TX-N-01607,ACC-N-0441,ACC-N-0666,2965.58,2026-05-30T19:57:15+00:00,WIRE
TX-N-01608,EXT-A-058-3,EXT-A-037-4,9986.88,2026-12-27T13:57:10+00:00,INTERNAL_TRANSFER
TX-N-01609,EXT-A-042-2,ACC-N-0965,5188.55,2026-09-30T00:02:02+00:00,WIRE
TX-N-01610,EXT-A-028-1,EXT-A-048-2,4991.26,2026-09-24T04:20:46+00:00,WIRE
TX-N-01611,ACC-N-0627,EXT-A-019-3,10188.27,2026-08-20T08:29:54+00:00,INTERNAL_TRANSFER
TX-N-01612,ACC-N-0837,EXT-A-033-1,8849.56,2026-09-23T04:54:36+00:00,INTERNAL_TRANSFER
TX-N-01613,EXT-A-022-4,EXT-A-036-4,13024.41,2026-09-06T00:48:15+00:00,WIRE
TX-N-01614,ACC-N-0857,EXT-A-059-1,5676.27,2026-11-27T12:55:31+00:00,INTERNAL_TRANSFER
TX-N-01615,ACC-N-0516,EXT-A-045-1,4668.9,2026-07-08T16:43:37+00:00,INTERNAL_TRANSFER
TX-N-01616,EXT-A-018-1,ACC-N-0473,4833.73,2026-06-24T17:50:10+00:00,INTERNAL_TRANSFER
TX-N-01617,ACC-N-0543,ACC-C-PAY-02,6154.06,2026-01-06T06:42:20+00:00,ATM
TX-N-01618,EXT-A-007-3,EXT-A-041-2,12404.71,2026-04-27T13:53:13+00:00,INTERNAL_TRANSFER
TX-N-01619,ACC-N-0692,ACC-N-0641,20670.09,2026-04-01T10:14:08+00:00,INTERNAL_TRANSFER
TX-N-01620,EXT-A-058-4,EXT-A-063-2,19255.67,2026-12-13T07:14:52+00:00,WIRE
TX-N-01621,EXT-A-067-4,EXT-A-040-4,13615.17,2026-03-17T21:50:07+00:00,INTERNAL_TRANSFER
TX-N-01622,EXT-A-003-2,ACC-N-0570,3320.35,2026-06-05T08:42:42+00:00,INTERNAL_TRANSFER
TX-N-01623,ACC-N-0993,ACC-N-0925,1377.58,2026-12-04T03:24:49+00:00,INTERNAL_TRANSFER
TX-N-01624,ACC-N-0470,ACC-N-0437,1085.19,2026-09-09T10:00:41+00:00,INTERNAL_TRANSFER
TX-N-01625,EXT-A-009-3,EXT-A-013-2,1943.46,2026-05-08T14:28:39+00:00,WIRE
TX-N-01626,EXT-A-022-2,ACC-B-02-A,6805.14,2026-09-24T01:47:41+00:00,INTERNAL_TRANSFER
TX-N-01627,ACC-N-0816,ACC-N-0780,5515.97,2026-09-11T05:00:03+00:00,INTERNAL_TRANSFER
TX-N-01628,ACC-N-0780,ACC-N-0625,1150.83,2026-11-12T21:55:31+00:00,WIRE
TX-N-01629,ACC-N-0419,ACC-N-0785,5453.24,2026-04-04T15:21:48+00:00,INTERNAL_TRANSFER
TX-N-01630,ACC-N-0786,ACC-N-0514,3930.26,2026-04-30T05:18:22+00:00,WIRE
TX-N-01631,EXT-A-017-3,ACC-N-0797,5940.63,2026-06-28T17:49:24+00:00,INTERNAL_TRANSFER
TX-N-01632,EXT-A-030-2,ACC-N-0540,2882.22,2026-02-11T04:50:32+00:00,INTERNAL_TRANSFER
TX-N-01633,ACC-N-0506,EXT-A-039-4,21212.49,2026-05-06T10:33:31+00:00,INTERNAL_TRANSFER
TX-N-01634,ACC-N-0587,EXT-A-022-3,2015.89,2026-01-15T04:27:46+00:00,INTERNAL_TRANSFER
TX-N-01635,ACC-N-0722,ACC-N-0620,3272.82,2026-02-17T21:47:47+00:00,INTERNAL_TRANSFER
TX-N-01636,ACC-N-0398,EXT-A-908166,1297.91,2026-01-10T18:18:40+00:00,WIRE
TX-N-01637,EXT-A-014-3,ACC-N-0538,11766.4,2026-01-15T11:08:05+00:00,INTERNAL_TRANSFER
TX-N-01638,ACC-N-0731,ACC-N-0840,4919.36,2026-10-02T00:09:15+00:00,ATM
TX-N-01639,ACC-N-0879,ACC-N-0990,4413.04,2026-05-12T02:43:14+00:00,INTERNAL_TRANSFER
TX-N-01640,EXT-A-042-3,EXT-A-018-3,4205.53,2026-07-13T19:36:34+00:00,INTERNAL_TRANSFER
TX-N-01641,ACC-N-0766,ACC-N-0960,8765.9,2026-04-11T00:25:25+00:00,INTERNAL_TRANSFER
TX-N-01642,EXT-A-003-3,ACC-N-0789,4941.14,2026-08-22T10:20:27+00:00,INTERNAL_TRANSFER
TX-N-01643,ACC-N-0675,EXT-A-031-2,15854.62,2026-09-22T10:23:25+00:00,INTERNAL_TRANSFER
TX-N-01644,ACC-N-0701,ACC-N-0700,3382.81,2026-11-09T15:45:25+00:00,INTERNAL_TRANSFER
TX-N-01645,ACC-N-0726,ACC-N-0528,2676.41,2026-06-01T01:53:29+00:00,INTERNAL_TRANSFER
TX-N-01646,EXT-A-064-1,EXT-A-024-2,5525.89,2026-03-28T21:09:16+00:00,WIRE
TX-N-01647,ACC-N-0405,EXT-A-029-1,18502.6,2026-03-12T10:58:15+00:00,WIRE
TX-N-01648,EXT-A-052-2,ACC-N-0815,3881.49,2026-08-31T21:57:39+00:00,INTERNAL_TRANSFER
TX-N-01649,EXT-A-018-2,ACC-N-0802,2773.53,2026-12-26T08:19:16+00:00,WIRE
TX-N-01650,EXT-A-017-1,ACC-N-0951,5066.34,2026-12-20T12:03:58+00:00,INTERNAL_TRANSFER
TX-N-01651,ACC-N-0682,EXT-A-012-3,1453.46,2026-03-07T13:27:00+00:00,INTERNAL_TRANSFER
TX-N-01652,ACC-N-0872,EXT-A-059-1,628.86,2026-03-28T15:03:32+00:00,WIRE
TX-N-01653,ACC-N-0959,ACC-N-0575,24872.06,2026-04-03T01:18:34+00:00,INTERNAL_TRANSFER
TX-N-01654,ACC-N-0623,EXT-A-045-1,1574.32,2026-08-29T15:09:19+00:00,INTERNAL_TRANSFER
TX-N-01655,ACC-N-0890,ACC-N-0806,8346.87,2026-11-09T02:24:45+00:00,INTERNAL_TRANSFER
TX-N-01656,ACC-N-0566,ACC-N-0583,2017.08,2026-08-05T07:25:26+00:00,INTERNAL_TRANSFER
TX-N-01657,EXT-A-024-1,EXT-A-064-4,3833.2,2026-05-30T05:30:06+00:00,INTERNAL_TRANSFER
TX-N-01658,ACC-N-0741,EXT-A-022-2,5202.0,2026-03-19T13:27:41+00:00,INTERNAL_TRANSFER
TX-N-01659,ACC-C-PAY-12,ACC-N-0789,2480.39,2026-10-15T19:28:28+00:00,INTERNAL_TRANSFER
TX-N-01660,ACC-N-0824,ACC-N-0997,29582.47,2026-12-29T03:48:57+00:00,ATM
TX-N-01661,ACC-N-0949,ACC-N-0598,44237.29,2026-04-25T07:58:16+00:00,INTERNAL_TRANSFER
TX-N-01662,EXT-A-040-3,ACC-N-0779,4916.65,2026-11-24T03:25:10+00:00,INTERNAL_TRANSFER
TX-N-01663,ACC-N-0760,ACC-N-0647,4722.14,2026-09-27T07:10:03+00:00,INTERNAL_TRANSFER
TX-N-01664,EXT-A-005-3,ACC-N-0725,3651.55,2026-12-16T06:22:50+00:00,ATM
TX-N-01665,ACC-C-PAY-06,EXT-A-009-1,2437.92,2026-07-22T19:14:51+00:00,INTERNAL_TRANSFER
TX-N-01666,ACC-N-0403,ACC-N-0852,5377.91,2026-01-30T18:53:55+00:00,INTERNAL_TRANSFER
TX-N-01667,ACC-N-0937,EXT-A-032-1,2242.24,2026-09-11T11:15:56+00:00,WIRE
TX-N-01668,EXT-A-070-2,EXT-A-026-3,5786.47,2026-08-07T15:55:38+00:00,INTERNAL_TRANSFER
TX-N-01669,ACC-N-0812,ACC-N-0689,2409.09,2026-08-04T21:20:29+00:00,ATM
TX-N-01670,ACC-N-0404,EXT-A-053-1,3875.16,2026-02-24T17:29:36+00:00,INTERNAL_TRANSFER
TX-N-01671,ACC-N-0403,ACC-N-0555,4003.3,2026-03-09T05:54:06+00:00,ATM
TX-N-01672,EXT-A-048-4,ACC-N-0963,1266.9,2026-03-17T12:17:40+00:00,INTERNAL_TRANSFER
TX-N-01673,ACC-N-0857,ACC-N-0966,8667.3,2026-08-06T12:36:53+00:00,INTERNAL_TRANSFER
TX-N-01674,ACC-N-0411,EXT-A-014-3,5418.25,2026-05-29T06:26:08+00:00,INTERNAL_TRANSFER
TX-N-01675,ACC-N-0557,ACC-N-0766,4027.19,2026-11-16T06:51:06+00:00,INTERNAL_TRANSFER
TX-N-01676,ACC-N-0399,ACC-C-PAY-12,4619.37,2026-04-22T01:34:44+00:00,INTERNAL_TRANSFER
TX-N-01677,EXT-A-031-3,ACC-N-0607,21662.01,2026-06-29T03:16:21+00:00,ATM
TX-N-01678,ACC-N-0641,ACC-N-0805,223.0,2026-01-10T00:09:23+00:00,WIRE
TX-N-01679,EXT-A-051-2,ACC-N-0604,5221.37,2026-10-11T13:50:09+00:00,INTERNAL_TRANSFER
TX-N-01680,EXT-A-012-3,ACC-N-0710,48748.86,2026-10-02T11:24:18+00:00,INTERNAL_TRANSFER
TX-N-01681,ACC-N-0532,EXT-A-020-3,3006.75,2026-03-29T04:41:05+00:00,INTERNAL_TRANSFER
TX-N-01682,EXT-A-032-2,ACC-N-0875,3755.24,2026-03-10T21:06:55+00:00,INTERNAL_TRANSFER
TX-N-01683,EXT-A-068-1,ACC-N-0701,15136.97,2026-12-12T21:21:26+00:00,INTERNAL_TRANSFER
TX-N-01684,EXT-A-012-2,ACC-N-0815,1035.04,2026-06-11T15:41:04+00:00,INTERNAL_TRANSFER
TX-N-01685,ACC-N-0510,EXT-A-051-4,2363.15,2026-08-15T12:50:41+00:00,INTERNAL_TRANSFER
TX-N-01686,ACC-N-0968,EXT-A-051-1,2693.22,2026-07-15T09:38:32+00:00,INTERNAL_TRANSFER
TX-N-01687,ACC-N-0749,ACC-N-0903,15311.12,2026-05-30T18:02:38+00:00,WIRE
TX-N-01688,EXT-A-010-4,EXT-A-068-1,2405.53,2026-06-10T17:02:17+00:00,INTERNAL_TRANSFER
TX-N-01689,ACC-N-0726,ACC-N-0963,921.98,2026-05-19T16:46:29+00:00,INTERNAL_TRANSFER
TX-N-01690,EXT-A-054-4,ACC-N-0836,12136.03,2026-02-21T14:13:44+00:00,INTERNAL_TRANSFER
TX-N-01691,ACC-N-0480,ACC-N-0960,6212.99,2026-03-21T12:12:57+00:00,INTERNAL_TRANSFER
TX-N-01692,EXT-A-058-4,ACC-N-0935,12128.63,2026-02-20T11:43:47+00:00,WIRE
TX-N-01693,EXT-A-051-1,ACC-N-0767,1787.11,2026-10-14T20:42:59+00:00,WIRE
TX-N-01694,ACC-N-0726,ACC-N-0906,7952.31,2026-06-13T17:59:18+00:00,INTERNAL_TRANSFER
TX-N-01695,ACC-N-0510,ACC-B-A,1133.79,2026-05-01T07:44:48+00:00,INTERNAL_TRANSFER
TX-N-01696,ACC-B-03-A,ACC-N-0725,6542.59,2026-09-03T16:55:44+00:00,WIRE
TX-N-01697,ACC-N-0626,ACC-N-0644,4436.15,2026-03-30T23:24:58+00:00,INTERNAL_TRANSFER
TX-N-01698,ACC-N-0492,ACC-N-0564,2686.79,2026-05-15T13:25:08+00:00,INTERNAL_TRANSFER
TX-N-01699,ACC-N-0432,EXT-A-062-4,2154.66,2026-11-30T05:14:51+00:00,INTERNAL_TRANSFER
TX-N-01700,ACC-N-0860,ACC-N-0403,2165.68,2026-10-30T00:20:58+00:00,INTERNAL_TRANSFER
TX-N-01701,EXT-A-011-4,ACC-N-0763,5106.2,2026-01-12T13:15:20+00:00,INTERNAL_TRANSFER
TX-N-01702,EXT-A-057-1,ACC-N-0632,12179.67,2026-07-14T08:38:13+00:00,INTERNAL_TRANSFER
TX-N-01703,ACC-N-0829,ACC-N-0944,725.56,2026-08-06T20:44:37+00:00,INTERNAL_TRANSFER
TX-N-01704,ACC-N-0976,ACC-N-0907,5132.78,2026-01-12T15:25:10+00:00,INTERNAL_TRANSFER
TX-N-01705,ACC-N-0915,EXT-A-033-3,258.47,2026-02-21T14:07:18+00:00,INTERNAL_TRANSFER
TX-N-01706,ACC-N-0934,ACC-N-0823,26128.46,2026-11-02T04:24:25+00:00,ATM
TX-N-01707,ACC-N-0794,ACC-N-0649,21935.89,2026-11-15T21:15:01+00:00,INTERNAL_TRANSFER
TX-N-01708,ACC-N-0504,ACC-C-HNW-06,18951.96,2026-01-04T05:47:25+00:00,WIRE
TX-N-01709,ACC-N-0874,ACC-N-0555,3081.93,2026-09-12T01:01:31+00:00,INTERNAL_TRANSFER
TX-N-01710,ACC-N-0691,ACC-N-0852,3075.4,2026-11-21T18:02:36+00:00,ATM
TX-N-01711,ACC-N-0847,EXT-A-027-3,3372.65,2026-08-26T11:33:47+00:00,INTERNAL_TRANSFER
TX-N-01712,ACC-N-0876,ACC-N-0818,32134.86,2026-04-21T16:54:24+00:00,INTERNAL_TRANSFER
TX-N-01713,ACC-N-0448,ACC-N-0497,2775.22,2026-09-21T19:59:24+00:00,INTERNAL_TRANSFER
TX-N-01714,ACC-C-HNW-06,ACC-N-0830,931.34,2026-01-09T11:25:46+00:00,INTERNAL_TRANSFER
TX-N-01715,ACC-N-0920,ACC-N-0528,4002.02,2026-05-26T08:52:35+00:00,INTERNAL_TRANSFER
TX-N-01716,EXT-A-014-4,EXT-A-056-2,9269.51,2026-11-25T17:39:06+00:00,INTERNAL_TRANSFER
TX-N-01717,EXT-A-057-3,EXT-A-004-4,3930.52,2026-02-10T11:46:27+00:00,INTERNAL_TRANSFER
TX-N-01718,ACC-N-0612,ACC-N-0708,786.27,2026-04-23T06:29:21+00:00,INTERNAL_TRANSFER
TX-N-01719,ACC-N-0424,EXT-A-014-2,7724.14,2026-12-29T04:17:04+00:00,WIRE
TX-N-01720,ACC-N-0586,ACC-N-0399,10325.1,2026-12-02T16:02:49+00:00,INTERNAL_TRANSFER
TX-N-01721,EXT-A-072-3,ACC-N-0929,347.7,2026-08-21T08:07:15+00:00,WIRE
TX-N-01722,ACC-N-0454,ACC-N-0837,7230.74,2026-11-09T19:24:48+00:00,INTERNAL_TRANSFER
TX-N-01723,ACC-N-0793,EXT-A-033-3,1004.69,2026-03-13T04:54:15+00:00,INTERNAL_TRANSFER
TX-N-01724,EXT-A-064-4,ACC-N-0602,1285.83,2026-09-04T13:54:36+00:00,WIRE
TX-N-01725,EXT-A-010-1,EXT-A-063-2,1335.33,2026-08-31T08:15:55+00:00,INTERNAL_TRANSFER
TX-N-01726,EXT-A-022-1,ACC-N-0572,11365.24,2026-10-26T18:12:44+00:00,WIRE
TX-N-01727,ACC-N-0932,EXT-A-066-1,20653.56,2026-06-20T08:23:26+00:00,WIRE
TX-N-01728,ACC-N-0899,EXT-A-039-1,1502.69,2026-01-09T23:09:28+00:00,INTERNAL_TRANSFER
TX-N-01729,ACC-N-0822,ACC-N-0603,1922.92,2026-07-12T05:20:40+00:00,INTERNAL_TRANSFER
TX-N-01730,ACC-N-0548,EXT-A-002-4,1530.97,2026-02-18T00:03:43+00:00,INTERNAL_TRANSFER
TX-N-01731,ACC-N-0823,ACC-N-0605,3759.03,2026-06-18T11:49:46+00:00,INTERNAL_TRANSFER
TX-N-01732,ACC-N-0969,EXT-A-052-1,3687.83,2026-04-25T16:20:04+00:00,INTERNAL_TRANSFER
TX-N-01733,EXT-A-049-1,ACC-N-0721,8205.13,2026-09-24T13:20:33+00:00,WIRE
TX-N-01734,ACC-N-0462,ACC-N-0536,3960.23,2026-10-24T01:53:25+00:00,ATM
TX-N-01735,ACC-C-PAY-03,EXT-A-072-2,994.42,2026-07-01T15:33:41+00:00,INTERNAL_TRANSFER
TX-N-01736,ACC-N-0848,ACC-N-0418,12698.88,2026-02-26T16:12:39+00:00,INTERNAL_TRANSFER
TX-N-01737,ACC-N-0817,ACC-N-0854,10091.33,2026-08-11T08:35:36+00:00,INTERNAL_TRANSFER
TX-N-01738,EXT-A-068-4,ACC-N-0982,13560.49,2026-11-10T20:46:49+00:00,INTERNAL_TRANSFER
TX-N-01739,ACC-N-0616,EXT-A-070-1,3546.8,2026-04-13T20:36:08+00:00,WIRE
TX-N-01740,ACC-N-0737,EXT-A-004-2,11369.91,2026-06-03T05:37:18+00:00,WIRE
TX-N-01741,ACC-N-0701,ACC-N-0426,4440.62,2026-07-01T00:53:03+00:00,INTERNAL_TRANSFER
TX-N-01742,ACC-N-0942,EXT-A-026-1,11308.23,2026-06-08T22:21:27+00:00,INTERNAL_TRANSFER
TX-N-01743,EXT-A-006-3,ACC-N-0682,24208.0,2026-06-18T20:51:49+00:00,INTERNAL_TRANSFER
TX-N-01744,EXT-A-007-3,EXT-A-045-3,18340.94,2026-02-15T22:53:58+00:00,INTERNAL_TRANSFER
TX-N-01745,EXT-A-068-1,ACC-N-0696,14451.39,2026-09-24T11:41:17+00:00,INTERNAL_TRANSFER
TX-N-01746,ACC-N-0746,ACC-N-0480,428.66,2026-04-16T19:19:02+00:00,INTERNAL_TRANSFER
TX-N-01747,EXT-A-005-2,EXT-A-043-4,17382.47,2026-01-04T01:42:30+00:00,INTERNAL_TRANSFER
TX-N-01748,ACC-N-0404,ACC-N-0684,7589.3,2026-12-08T23:33:52+00:00,WIRE
TX-N-01749,ACC-N-0908,ACC-N-0618,13225.32,2026-04-12T16:41:46+00:00,INTERNAL_TRANSFER
TX-N-01750,ACC-N-0432,EXT-A-031-3,6517.48,2026-05-27T15:18:29+00:00,ATM
TX-N-01751,EXT-A-019-1,ACC-N-0904,12764.57,2026-07-30T11:41:35+00:00,WIRE
TX-N-01752,ACC-N-0466,ACC-N-0777,1358.18,2026-08-12T19:32:04+00:00,ATM
TX-N-01753,ACC-N-0413,EXT-A-043-2,1303.75,2026-06-25T13:23:31+00:00,INTERNAL_TRANSFER
TX-N-01754,ACC-N-0747,ACC-N-0398,5529.08,2026-08-12T20:06:42+00:00,INTERNAL_TRANSFER
TX-N-01755,ACC-N-0475,ACC-N-0938,5452.57,2026-09-15T14:38:06+00:00,WIRE
TX-N-01756,ACC-N-0497,ACC-N-0408,17119.1,2026-04-09T09:47:16+00:00,INTERNAL_TRANSFER
TX-N-01757,ACC-N-0480,EXT-A-057-2,1405.41,2026-09-30T02:41:29+00:00,INTERNAL_TRANSFER
TX-N-01758,ACC-C-HNW-03,ACC-N-0460,19872.36,2026-12-20T12:32:18+00:00,INTERNAL_TRANSFER
TX-N-01759,EXT-A-049-1,ACC-N-0632,827.09,2026-01-04T15:02:15+00:00,INTERNAL_TRANSFER
TX-N-01760,ACC-N-0706,ACC-N-0946,1374.63,2026-02-10T21:58:09+00:00,INTERNAL_TRANSFER
TX-N-01761,ACC-B-B,ACC-N-0896,77981.14,2026-01-06T18:55:38+00:00,WIRE
TX-N-01762,ACC-N-0788,EXT-A-024-2,758.48,2026-01-28T06:57:14+00:00,INTERNAL_TRANSFER
TX-N-01763,ACC-N-0394,EXT-A-065-3,8849.29,2026-11-27T05:26:23+00:00,INTERNAL_TRANSFER
TX-N-01764,ACC-N-0997,ACC-N-0791,4794.39,2026-12-06T03:16:08+00:00,INTERNAL_TRANSFER
TX-N-01765,EXT-A-009-2,ACC-N-0802,5402.17,2026-10-07T12:55:27+00:00,INTERNAL_TRANSFER
TX-N-01766,EXT-A-067-4,EXT-A-019-4,1443.97,2026-02-10T05:40:31+00:00,ATM
TX-N-01767,ACC-B-B,ACC-N-0791,9163.1,2026-07-24T17:39:18+00:00,INTERNAL_TRANSFER
TX-N-01768,ACC-N-0963,ACC-C-HNW-05,19917.99,2026-06-24T06:17:12+00:00,INTERNAL_TRANSFER
TX-N-01769,ACC-N-0481,ACC-N-0411,983.56,2026-03-25T21:53:38+00:00,INTERNAL_TRANSFER
TX-N-01770,EXT-A-046-2,ACC-N-0588,8018.14,2026-04-28T04:06:38+00:00,WIRE
TX-N-01771,ACC-N-0826,EXT-A-070-4,4926.62,2026-04-09T15:36:01+00:00,INTERNAL_TRANSFER
TX-N-01772,ACC-N-0405,ACC-N-0418,6906.97,2026-09-24T13:06:23+00:00,INTERNAL_TRANSFER
TX-N-01773,ACC-N-0405,ACC-N-0709,1656.96,2026-03-20T20:29:00+00:00,INTERNAL_TRANSFER
TX-N-01774,ACC-N-0480,ACC-N-0500,35746.33,2026-04-02T08:48:31+00:00,INTERNAL_TRANSFER
TX-N-01775,EXT-A-009-1,ACC-N-0927,11346.42,2026-09-15T02:50:17+00:00,WIRE
TX-N-01776,ACC-N-0605,ACC-N-0678,2211.96,2026-05-28T11:06:23+00:00,ATM
TX-N-01777,EXT-A-061-2,ACC-N-0565,771.35,2026-06-13T03:42:11+00:00,WIRE
TX-N-01778,EXT-A-036-2,ACC-N-0486,7454.75,2026-08-09T20:47:21+00:00,INTERNAL_TRANSFER
TX-N-01779,ACC-N-0961,ACC-N-0876,1439.65,2026-12-08T18:16:57+00:00,INTERNAL_TRANSFER
TX-N-01780,ACC-N-0419,ACC-N-0806,2049.68,2026-03-21T21:15:45+00:00,INTERNAL_TRANSFER
TX-N-01781,ACC-N-0768,EXT-A-029-1,2939.83,2026-02-17T15:55:13+00:00,WIRE
TX-N-01782,ACC-N-0659,EXT-A-057-1,742.79,2026-02-08T21:09:07+00:00,INTERNAL_TRANSFER
TX-N-01783,ACC-N-0445,EXT-A-047-1,13766.35,2026-07-19T00:28:11+00:00,ATM
TX-N-01784,ACC-N-0566,ACC-N-0846,3369.46,2026-10-05T13:12:32+00:00,INTERNAL_TRANSFER
TX-N-01785,EXT-A-017-3,EXT-A-043-1,20496.1,2026-10-10T14:53:38+00:00,ATM
TX-N-01786,EXT-A-031-3,ACC-N-0436,1865.11,2026-12-13T13:42:05+00:00,WIRE
TX-N-01787,ACC-N-0779,EXT-A-022-1,5344.95,2026-06-08T13:34:19+00:00,INTERNAL_TRANSFER
TX-N-01788,ACC-N-0972,EXT-A-024-1,7341.67,2026-06-20T04:52:21+00:00,WIRE
TX-N-01789,ACC-N-0521,ACC-N-0529,1111.48,2026-01-18T05:55:10+00:00,WIRE
TX-N-01790,ACC-N-0977,ACC-N-0631,1876.9,2026-05-17T23:36:20+00:00,INTERNAL_TRANSFER
TX-N-01791,ACC-N-0436,ACC-N-0663,7286.53,2026-01-01T11:47:41+00:00,INTERNAL_TRANSFER
TX-N-01792,EXT-A-033-3,ACC-N-0584,4296.48,2026-08-01T23:04:26+00:00,WIRE
TX-N-01793,ACC-N-0838,ACC-N-0718,1891.81,2026-01-01T03:23:37+00:00,INTERNAL_TRANSFER
TX-N-01794,ACC-N-0412,ACC-N-0976,3688.7,2026-01-24T08:31:11+00:00,INTERNAL_TRANSFER
TX-N-01795,ACC-N-0698,ACC-N-0779,636.17,2026-03-29T17:41:11+00:00,INTERNAL_TRANSFER
TX-N-01796,ACC-N-0692,ACC-N-0783,6551.0,2026-07-27T23:04:24+00:00,WIRE
TX-N-01797,ACC-N-0742,ACC-N-0610,1651.32,2026-01-10T20:45:09+00:00,INTERNAL_TRANSFER
TX-N-01798,ACC-N-0636,ACC-C-HNW-06,3680.7,2026-05-25T12:03:24+00:00,INTERNAL_TRANSFER
TX-N-01799,ACC-N-0706,ACC-N-0935,5490.99,2026-03-17T06:18:43+00:00,WIRE
TX-N-01800,ACC-N-0892,EXT-A-016-2,17077.33,2026-07-17T04:55:23+00:00,WIRE
TX-N-01801,ACC-N-0579,ACC-N-0563,3269.19,2026-02-23T07:42:45+00:00,WIRE
TX-N-01802,ACC-N-0856,EXT-A-066-1,3002.3,2026-12-21T06:43:36+00:00,ATM
TX-N-01803,EXT-A-003-2,ACC-N-0501,3842.12,2026-11-13T21:41:00+00:00,INTERNAL_TRANSFER
TX-N-01804,EXT-A-046-4,ACC-N-0890,5683.64,2026-05-09T21:33:41+00:00,INTERNAL_TRANSFER
TX-N-01805,ACC-N-0636,EXT-A-048-3,12807.66,2026-03-05T08:21:53+00:00,INTERNAL_TRANSFER
TX-N-01806,ACC-N-0743,EXT-A-068-2,23125.88,2026-01-05T02:25:18+00:00,INTERNAL_TRANSFER
TX-N-01807,ACC-N-0788,EXT-A-034-4,2311.88,2026-06-06T12:30:09+00:00,INTERNAL_TRANSFER
TX-N-01808,ACC-N-0533,ACC-N-0778,564.7,2026-10-04T03:08:47+00:00,WIRE
TX-N-01809,ACC-N-0500,ACC-N-0399,3255.11,2026-08-31T05:47:43+00:00,INTERNAL_TRANSFER
TX-N-01810,EXT-A-006-2,EXT-A-067-3,1463.95,2026-10-21T13:47:19+00:00,INTERNAL_TRANSFER
TX-N-01811,ACC-N-0415,ACC-N-0645,29544.2,2026-01-24T23:25:47+00:00,WIRE
TX-N-01812,EXT-A-007-1,EXT-A-067-2,14816.53,2026-04-14T22:04:34+00:00,INTERNAL_TRANSFER
TX-N-01813,ACC-N-0555,ACC-N-0608,2221.35,2026-04-01T00:56:55+00:00,INTERNAL_TRANSFER
TX-N-01814,EXT-A-052-1,ACC-N-0694,40061.1,2026-10-05T22:12:18+00:00,INTERNAL_TRANSFER
TX-N-01815,ACC-N-0590,ACC-N-0936,2620.48,2026-11-26T16:43:12+00:00,INTERNAL_TRANSFER
TX-N-01816,EXT-A-054-2,EXT-A-053-1,1692.29,2026-03-06T19:52:03+00:00,ATM
TX-N-01817,ACC-N-0569,ACC-N-0532,1885.26,2026-06-27T13:44:54+00:00,INTERNAL_TRANSFER
TX-N-01818,ACC-N-0714,EXT-A-025-4,5047.99,2026-04-04T00:51:49+00:00,INTERNAL_TRANSFER
TX-N-01819,EXT-A-047-3,EXT-A-038-2,4477.15,2026-08-10T10:15:08+00:00,INTERNAL_TRANSFER
TX-N-01820,ACC-N-0804,EXT-A-015-3,5330.95,2026-08-05T01:53:25+00:00,WIRE
TX-N-01821,EXT-A-038-3,ACC-N-0777,10053.42,2026-05-21T19:11:46+00:00,WIRE
TX-N-01822,EXT-A-018-3,ACC-N-0882,3762.52,2026-05-20T22:07:09+00:00,INTERNAL_TRANSFER
TX-N-01823,ACC-N-0995,ACC-N-0974,2456.29,2026-12-05T14:27:52+00:00,INTERNAL_TRANSFER
TX-N-01824,ACC-N-0563,ACC-N-0580,1183.42,2026-02-27T05:06:03+00:00,WIRE
TX-N-01825,ACC-N-0918,ACC-C-PAY-09,2086.11,2026-09-20T22:25:57+00:00,INTERNAL_TRANSFER
TX-N-01826,ACC-N-0644,ACC-N-0552,1010.36,2026-12-12T03:39:03+00:00,INTERNAL_TRANSFER
TX-N-01827,ACC-N-0965,ACC-N-0948,4180.31,2026-08-08T21:20:22+00:00,INTERNAL_TRANSFER
TX-N-01828,ACC-N-0749,ACC-N-0975,3620.75,2026-02-18T17:11:58+00:00,INTERNAL_TRANSFER
TX-N-01829,ACC-N-0607,ACC-N-0957,14169.52,2026-02-25T07:43:28+00:00,INTERNAL_TRANSFER
TX-N-01830,ACC-N-0675,ACC-N-0889,3711.85,2026-10-12T05:11:14+00:00,WIRE
TX-N-01831,EXT-A-011-3,ACC-N-0772,687.76,2026-06-12T09:12:31+00:00,INTERNAL_TRANSFER
TX-N-01832,ACC-N-0696,ACC-N-0587,1500.41,2026-12-06T18:28:07+00:00,INTERNAL_TRANSFER
TX-N-01833,ACC-N-0584,ACC-N-0467,5485.24,2026-06-18T16:04:16+00:00,WIRE
TX-N-01834,ACC-N-0725,EXT-A-029-1,6418.91,2026-02-18T20:10:21+00:00,INTERNAL_TRANSFER
TX-N-01835,ACC-N-0478,EXT-A-048-1,8130.69,2026-10-29T01:21:11+00:00,INTERNAL_TRANSFER
TX-N-01836,EXT-A-062-1,ACC-N-0888,4149.27,2026-11-07T18:41:09+00:00,INTERNAL_TRANSFER
TX-N-01837,ACC-N-0860,ACC-N-0918,3784.34,2026-12-16T19:49:14+00:00,INTERNAL_TRANSFER
TX-N-01838,EXT-A-013-3,EXT-A-017-2,1914.38,2026-07-14T01:42:38+00:00,INTERNAL_TRANSFER
TX-N-01839,ACC-N-0816,ACC-N-0404,5404.0,2026-07-01T17:22:52+00:00,INTERNAL_TRANSFER
TX-N-01840,ACC-N-0962,EXT-A-012-3,359.04,2026-06-18T01:51:21+00:00,INTERNAL_TRANSFER
TX-N-01841,ACC-N-0860,EXT-A-046-2,2591.57,2026-03-02T09:21:28+00:00,ATM
TX-N-01842,EXT-A-053-4,ACC-N-0985,6466.37,2026-01-10T18:50:17+00:00,INTERNAL_TRANSFER
TX-N-01843,ACC-N-0603,EXT-A-057-1,1886.54,2026-06-08T22:34:41+00:00,WIRE
TX-N-01844,ACC-N-0533,ACC-N-0959,582.45,2026-03-02T05:45:41+00:00,WIRE
TX-N-01845,ACC-N-0656,ACC-N-0635,6123.31,2026-09-15T14:40:09+00:00,INTERNAL_TRANSFER
TX-N-01846,EXT-A-071-4,EXT-A-031-2,2222.49,2026-08-16T17:30:37+00:00,WIRE
TX-N-01847,ACC-N-0541,ACC-N-0681,4480.32,2026-10-27T15:56:18+00:00,INTERNAL_TRANSFER
TX-N-01848,ACC-N-0460,ACC-N-0660,6877.44,2026-04-28T03:43:50+00:00,INTERNAL_TRANSFER
TX-N-01849,ACC-N-0671,EXT-A-011-2,2811.26,2026-05-26T04:18:38+00:00,INTERNAL_TRANSFER
TX-N-01850,ACC-N-0746,ACC-N-0432,2615.23,2026-08-09T03:28:52+00:00,INTERNAL_TRANSFER
TX-N-01851,ACC-N-0467,EXT-A-025-4,2217.76,2026-03-26T04:16:15+00:00,WIRE
TX-N-01852,ACC-N-0961,ACC-N-0716,18092.91,2026-12-28T07:38:33+00:00,INTERNAL_TRANSFER
TX-N-01853,ACC-C-PAY-03,ACC-N-0811,3644.76,2026-11-22T10:26:42+00:00,WIRE
TX-N-01854,ACC-N-0777,ACC-N-0754,6749.07,2026-02-08T03:21:20+00:00,INTERNAL_TRANSFER
TX-N-01855,ACC-N-0947,ACC-N-0914,5789.35,2026-10-24T00:15:46+00:00,INTERNAL_TRANSFER
TX-N-01856,EXT-A-068-2,ACC-N-0557,4984.73,2026-10-02T07:23:20+00:00,INTERNAL_TRANSFER
TX-N-01857,ACC-N-0981,EXT-A-036-3,2146.4,2026-07-27T22:43:54+00:00,INTERNAL_TRANSFER
TX-N-01858,ACC-N-0944,EXT-A-028-1,74066.22,2026-03-15T08:24:19+00:00,ATM
TX-N-01859,EXT-A-072-3,EXT-A-045-3,5103.87,2026-06-05T18:50:07+00:00,WIRE
TX-N-01860,EXT-A-027-3,EXT-A-044-4,4366.04,2026-02-21T12:09:33+00:00,INTERNAL_TRANSFER
TX-N-01861,EXT-A-002-2,ACC-N-0601,8837.07,2026-05-23T17:23:19+00:00,INTERNAL_TRANSFER
TX-N-01862,ACC-N-0949,ACC-N-0749,856.68,2026-12-10T01:33:33+00:00,INTERNAL_TRANSFER
TX-N-01863,EXT-A-042-4,EXT-A-052-2,6865.75,2026-12-25T09:48:47+00:00,ATM
TX-N-01864,ACC-N-0695,ACC-N-0793,1553.53,2026-05-01T18:52:38+00:00,WIRE
TX-N-01865,ACC-N-0650,ACC-N-1000,13547.55,2026-08-20T14:23:55+00:00,INTERNAL_TRANSFER
TX-N-01866,ACC-N-0615,ACC-N-0832,3158.59,2026-11-18T02:05:15+00:00,WIRE
TX-N-01867,ACC-N-0897,ACC-N-0900,37012.69,2026-07-05T14:31:12+00:00,INTERNAL_TRANSFER
TX-N-01868,EXT-A-045-2,ACC-N-0443,1137.89,2026-01-18T11:25:28+00:00,INTERNAL_TRANSFER
TX-N-01869,EXT-A-058-4,ACC-N-0852,1590.95,2026-01-29T11:00:30+00:00,WIRE
TX-N-01870,ACC-N-0440,ACC-N-0711,2943.58,2026-08-21T03:48:49+00:00,INTERNAL_TRANSFER
TX-N-01871,ACC-N-0598,EXT-A-071-2,987.62,2026-07-12T23:33:02+00:00,INTERNAL_TRANSFER
TX-N-01872,EXT-A-011-3,EXT-A-051-3,7762.74,2026-10-22T08:00:08+00:00,INTERNAL_TRANSFER
TX-N-01873,ACC-N-0875,EXT-A-043-2,1754.34,2026-07-22T11:13:58+00:00,INTERNAL_TRANSFER
TX-N-01874,ACC-N-0563,ACC-N-0540,16529.1,2026-04-01T13:41:34+00:00,INTERNAL_TRANSFER
TX-N-01875,EXT-A-020-1,ACC-N-0704,8330.51,2026-04-09T14:50:43+00:00,ATM
TX-N-01876,ACC-N-0907,ACC-C-HNW-04,5857.5,2026-11-27T12:41:41+00:00,INTERNAL_TRANSFER
TX-N-01877,ACC-B-A,ACC-N-0729,30644.31,2026-01-03T20:35:48+00:00,INTERNAL_TRANSFER
TX-N-01878,EXT-A-006-1,EXT-A-027-3,785.76,2026-09-04T02:17:25+00:00,INTERNAL_TRANSFER
TX-N-01879,EXT-A-069-1,EXT-A-007-3,14631.44,2026-03-31T17:29:46+00:00,WIRE
TX-N-01880,EXT-A-061-4,ACC-N-0439,2957.87,2026-08-11T16:05:40+00:00,ATM
TX-N-01881,ACC-B-A,EXT-A-019-4,2339.58,2026-04-27T23:50:28+00:00,INTERNAL_TRANSFER
TX-N-01882,EXT-A-022-2,ACC-N-0593,7758.64,2026-06-07T13:32:16+00:00,INTERNAL_TRANSFER
TX-N-01883,ACC-N-0510,ACC-N-0618,1303.65,2026-06-08T23:16:15+00:00,WIRE
TX-N-01884,ACC-N-0659,ACC-N-0802,4988.92,2026-08-21T20:29:18+00:00,INTERNAL_TRANSFER
TX-N-01885,EXT-A-013-4,EXT-A-013-3,31058.83,2026-11-06T10:38:03+00:00,INTERNAL_TRANSFER
TX-N-01886,EXT-A-005-3,ACC-N-0987,2012.52,2026-11-28T18:48:43+00:00,INTERNAL_TRANSFER
TX-N-01887,EXT-A-053-2,ACC-N-0807,11850.08,2026-09-27T22:43:21+00:00,INTERNAL_TRANSFER
TX-N-01888,EXT-A-034-2,ACC-N-0939,14212.35,2026-05-24T04:30:04+00:00,WIRE
TX-N-01889,EXT-A-032-3,ACC-N-0643,3269.99,2026-06-09T11:50:31+00:00,INTERNAL_TRANSFER
TX-N-01890,EXT-A-033-2,EXT-A-053-3,4944.66,2026-06-17T13:41:43+00:00,INTERNAL_TRANSFER
TX-N-01891,ACC-N-0397,ACC-N-0990,3016.77,2026-01-14T22:42:49+00:00,INTERNAL_TRANSFER
TX-N-01892,ACC-N-0796,ACC-N-0984,12044.75,2026-08-14T18:56:31+00:00,ATM
TX-N-01893,EXT-A-023-3,ACC-N-0918,1067.04,2026-10-22T04:38:03+00:00,INTERNAL_TRANSFER
TX-N-01894,ACC-N-0640,ACC-C-PAY-09,533.99,2026-11-10T18:17:25+00:00,INTERNAL_TRANSFER
TX-N-01895,EXT-A-011-3,ACC-N-0514,8740.87,2026-01-08T13:59:17+00:00,INTERNAL_TRANSFER
TX-N-01896,ACC-N-0936,ACC-N-0739,2300.89,2026-12-22T09:46:50+00:00,INTERNAL_TRANSFER
TX-N-01897,EXT-A-048-1,ACC-N-0409,12512.92,2026-11-14T19:53:04+00:00,INTERNAL_TRANSFER
TX-N-01898,ACC-B-03-B,EXT-A-012-4,2732.02,2026-06-16T20:22:20+00:00,WIRE
TX-N-01899,ACC-N-0426,ACC-N-0780,2727.23,2026-10-26T20:21:48+00:00,INTERNAL_TRANSFER
TX-N-01900,ACC-N-0420,ACC-N-0698,3835.25,2026-05-16T06:19:33+00:00,INTERNAL_TRANSFER
TX-N-01901,ACC-N-0668,EXT-A-020-1,3672.11,2026-06-10T12:46:07+00:00,INTERNAL_TRANSFER
TX-N-01902,ACC-N-0402,EXT-A-040-3,3391.39,2026-08-14T19:38:15+00:00,WIRE
TX-N-01903,EXT-A-056-3,EXT-A-045-2,3429.92,2026-07-19T09:09:11+00:00,INTERNAL_TRANSFER
TX-N-01904,ACC-N-0807,EXT-A-035-4,2699.2,2026-12-11T09:33:35+00:00,INTERNAL_TRANSFER
TX-N-01905,EXT-A-064-1,EXT-A-007-3,22437.31,2026-03-06T14:26:41+00:00,INTERNAL_TRANSFER
TX-N-01906,EXT-A-050-1,ACC-N-0694,1429.5,2026-07-03T06:26:20+00:00,WIRE
TX-N-01907,EXT-A-003-3,ACC-N-0696,4946.22,2026-10-15T18:27:06+00:00,INTERNAL_TRANSFER
TX-N-01908,EXT-A-060-4,ACC-N-0682,7591.07,2026-05-04T08:21:24+00:00,WIRE
TX-N-01909,EXT-A-037-3,ACC-N-0966,4312.39,2026-08-06T14:03:10+00:00,INTERNAL_TRANSFER
TX-N-01910,ACC-N-0412,ACC-N-0744,2792.89,2026-09-13T17:41:40+00:00,INTERNAL_TRANSFER
TX-N-01911,EXT-A-033-3,ACC-N-0540,8863.77,2026-11-06T07:49:32+00:00,INTERNAL_TRANSFER
TX-N-01912,ACC-N-0844,ACC-N-0910,4982.21,2026-04-09T23:06:15+00:00,INTERNAL_TRANSFER
TX-N-01913,ACC-N-0797,ACC-N-0697,12500.42,2026-01-10T00:24:41+00:00,WIRE
TX-N-01914,ACC-N-0585,ACC-N-0852,8927.62,2026-01-28T02:09:19+00:00,ATM
TX-N-01915,ACC-N-0853,ACC-N-0476,34294.7,2026-11-28T18:29:56+00:00,INTERNAL_TRANSFER
TX-N-01916,ACC-N-0528,EXT-A-034-2,6145.66,2026-12-26T01:28:03+00:00,INTERNAL_TRANSFER
TX-N-01917,ACC-N-0400,ACC-N-0836,7297.74,2026-10-02T06:21:24+00:00,INTERNAL_TRANSFER
TX-N-01918,ACC-N-0613,EXT-A-048-4,5428.91,2026-06-22T12:19:40+00:00,WIRE
TX-N-01919,EXT-A-017-4,ACC-N-0942,26085.3,2026-05-08T17:53:26+00:00,INTERNAL_TRANSFER
TX-N-01920,EXT-A-018-1,ACC-N-0527,4432.18,2026-04-18T03:48:51+00:00,ATM
TX-N-01921,ACC-N-0711,EXT-A-008-1,7744.95,2026-07-30T03:58:35+00:00,INTERNAL_TRANSFER
TX-N-01922,EXT-A-065-1,EXT-A-120482,2471.37,2026-10-24T16:38:38+00:00,INTERNAL_TRANSFER
TX-N-01923,EXT-A-004-4,EXT-A-071-2,1356.9,2026-05-10T15:21:43+00:00,INTERNAL_TRANSFER
TX-N-01924,EXT-A-070-4,ACC-N-0681,7901.92,2026-04-13T00:30:55+00:00,INTERNAL_TRANSFER
TX-N-01925,ACC-N-0699,EXT-A-069-4,5765.62,2026-06-07T04:45:33+00:00,INTERNAL_TRANSFER
TX-N-01926,EXT-A-068-2,ACC-N-0605,383.33,2026-07-26T15:46:23+00:00,WIRE
TX-N-01927,ACC-N-0777,ACC-C-PAY-10,16346.47,2026-10-02T21:00:57+00:00,WIRE
TX-N-01928,ACC-N-0512,ACC-N-0677,2569.24,2026-12-07T19:48:04+00:00,INTERNAL_TRANSFER
TX-N-01929,ACC-N-0826,ACC-N-0962,12098.84,2026-05-01T01:17:10+00:00,INTERNAL_TRANSFER
TX-N-01930,EXT-A-068-2,ACC-N-0922,746.61,2026-11-22T00:15:54+00:00,INTERNAL_TRANSFER
TX-N-01931,ACC-N-0510,EXT-A-867458,2484.51,2026-12-31T22:15:03+00:00,INTERNAL_TRANSFER
TX-N-01932,ACC-N-0791,ACC-N-0839,18734.22,2026-08-01T12:22:49+00:00,INTERNAL_TRANSFER
TX-N-01933,EXT-A-043-4,ACC-N-0640,14790.9,2026-06-17T07:29:49+00:00,INTERNAL_TRANSFER
TX-N-01934,EXT-A-057-1,EXT-A-059-4,520.17,2026-10-15T03:27:12+00:00,WIRE
TX-N-01935,ACC-N-0894,ACC-N-0650,13286.1,2026-09-20T00:46:42+00:00,WIRE
TX-N-01936,EXT-A-004-1,EXT-A-028-1,6755.0,2026-09-13T01:57:34+00:00,INTERNAL_TRANSFER
TX-N-01937,EXT-A-002-3,ACC-N-0475,27032.28,2026-10-19T12:09:59+00:00,INTERNAL_TRANSFER
TX-N-01938,EXT-A-011-1,ACC-N-0686,4298.05,2026-02-11T03:18:12+00:00,INTERNAL_TRANSFER
TX-N-01939,ACC-C-PAY-01,EXT-A-056-4,3578.81,2026-05-19T11:27:02+00:00,INTERNAL_TRANSFER
TX-N-01940,ACC-N-0808,ACC-N-0709,10764.9,2026-04-22T13:23:03+00:00,INTERNAL_TRANSFER
TX-N-01941,EXT-A-037-3,ACC-N-0578,10736.09,2026-08-26T21:10:11+00:00,INTERNAL_TRANSFER
TX-N-01942,EXT-A-046-1,EXT-A-037-3,4696.71,2026-07-30T16:19:40+00:00,INTERNAL_TRANSFER
TX-N-01943,ACC-N-0832,ACC-N-0994,10413.33,2026-08-15T02:25:38+00:00,INTERNAL_TRANSFER
TX-N-01944,EXT-A-040-1,ACC-N-0486,16188.98,2026-02-13T20:01:55+00:00,INTERNAL_TRANSFER
TX-N-01945,ACC-N-0781,EXT-A-066-1,4872.49,2026-02-11T06:26:15+00:00,WIRE
TX-N-01946,ACC-N-0571,ACC-N-0975,930.79,2026-08-28T14:31:25+00:00,WIRE
TX-N-01947,ACC-N-0627,EXT-A-035-4,12301.64,2026-09-02T06:59:30+00:00,ATM
TX-N-01948,ACC-N-0587,EXT-A-015-2,5566.96,2026-12-06T02:55:20+00:00,INTERNAL_TRANSFER
TX-N-01949,EXT-A-018-4,EXT-A-069-1,1913.4,2026-10-16T15:42:28+00:00,INTERNAL_TRANSFER
TX-N-01950,ACC-N-0695,EXT-A-021-4,21917.44,2026-05-15T15:03:55+00:00,INTERNAL_TRANSFER
TX-N-01951,ACC-N-0603,ACC-N-0757,26485.07,2026-07-05T12:14:29+00:00,INTERNAL_TRANSFER
TX-N-01952,ACC-N-0565,ACC-N-0815,7618.15,2026-06-29T06:02:42+00:00,INTERNAL_TRANSFER
TX-N-01953,ACC-N-0501,EXT-A-068-2,14147.23,2026-12-17T18:55:29+00:00,INTERNAL_TRANSFER
TX-N-01954,ACC-N-0732,ACC-N-0460,310.08,2026-05-11T05:21:54+00:00,INTERNAL_TRANSFER
TX-N-01955,ACC-N-0491,EXT-A-040-3,15395.97,2026-06-21T09:07:38+00:00,INTERNAL_TRANSFER
TX-N-01956,ACC-N-0397,EXT-A-003-1,5733.05,2026-03-24T02:36:11+00:00,WIRE
TX-N-01957,ACC-N-0556,ACC-N-0977,651.04,2026-01-29T13:14:06+00:00,WIRE
TX-N-01958,EXT-A-014-4,ACC-N-0516,2248.5,2026-11-27T18:21:16+00:00,INTERNAL_TRANSFER
TX-N-01959,EXT-A-017-1,ACC-N-0561,5470.34,2026-07-13T07:48:59+00:00,WIRE
TX-N-01960,ACC-N-0938,ACC-N-0727,9631.39,2026-01-24T03:27:48+00:00,WIRE
TX-N-01961,EXT-A-120482,ACC-N-0995,3613.54,2026-03-06T14:33:37+00:00,INTERNAL_TRANSFER
TX-N-01962,EXT-A-029-3,EXT-A-039-3,1202.46,2026-04-24T15:12:37+00:00,INTERNAL_TRANSFER
TX-N-01963,ACC-N-0906,ACC-N-0751,618.81,2026-05-08T03:47:01+00:00,INTERNAL_TRANSFER
TX-N-01964,ACC-N-0899,ACC-N-0708,11380.7,2026-12-18T06:55:32+00:00,INTERNAL_TRANSFER
TX-N-01965,ACC-C-PAY-05,EXT-A-067-1,2195.11,2026-02-08T19:24:03+00:00,INTERNAL_TRANSFER
TX-N-01966,EXT-A-065-2,ACC-N-0717,8008.94,2026-12-19T02:42:48+00:00,INTERNAL_TRANSFER
TX-N-01967,ACC-N-0501,ACC-N-0962,3337.38,2026-04-27T08:48:39+00:00,INTERNAL_TRANSFER
TX-N-01968,ACC-N-0696,ACC-N-0811,1830.92,2026-08-29T14:33:40+00:00,INTERNAL_TRANSFER
TX-N-01969,ACC-C-PAY-04,ACC-N-0763,1082.38,2026-10-18T15:42:07+00:00,INTERNAL_TRANSFER
TX-N-01970,ACC-N-0888,ACC-N-0952,3088.84,2026-04-14T00:14:05+00:00,ATM
TX-N-01971,EXT-A-015-1,ACC-N-0576,2830.38,2026-03-02T15:04:25+00:00,WIRE
TX-N-01972,EXT-A-041-4,ACC-N-0650,4805.5,2026-06-08T02:00:48+00:00,INTERNAL_TRANSFER
TX-N-01973,ACC-N-0536,EXT-A-061-1,730.07,2026-04-02T05:20:47+00:00,WIRE
TX-N-01974,ACC-N-0564,ACC-C-CORP,17716.68,2026-05-18T17:31:07+00:00,INTERNAL_TRANSFER
TX-N-01975,ACC-N-0660,ACC-N-0522,6413.35,2026-02-17T09:13:44+00:00,INTERNAL_TRANSFER
TX-N-01976,ACC-N-0663,ACC-N-0552,7498.49,2026-09-21T11:28:18+00:00,INTERNAL_TRANSFER
TX-N-01977,EXT-A-029-3,ACC-N-0667,1986.85,2026-03-05T07:21:45+00:00,INTERNAL_TRANSFER
TX-N-01978,EXT-A-027-1,EXT-A-019-4,4842.25,2026-10-02T08:14:31+00:00,ATM
TX-N-01979,ACC-N-0960,EXT-A-003-1,557.77,2026-06-14T13:02:24+00:00,INTERNAL_TRANSFER
TX-N-01980,ACC-N-0973,ACC-N-0437,1944.67,2026-10-25T06:47:32+00:00,INTERNAL_TRANSFER
TX-N-01981,ACC-N-0773,ACC-N-0658,10580.86,2026-06-28T05:53:04+00:00,INTERNAL_TRANSFER
TX-N-01982,EXT-A-067-4,ACC-N-0864,1733.2,2026-10-25T04:27:31+00:00,INTERNAL_TRANSFER
TX-N-01983,ACC-N-0452,EXT-A-064-1,2274.8,2026-08-25T17:01:00+00:00,INTERNAL_TRANSFER
TX-N-01984,EXT-A-056-2,ACC-N-0942,2437.86,2026-01-27T23:28:28+00:00,INTERNAL_TRANSFER
TX-N-01985,EXT-A-014-3,EXT-A-064-2,5986.72,2026-02-16T05:53:13+00:00,INTERNAL_TRANSFER
TX-N-01986,ACC-C-PAY-02,EXT-A-056-4,34874.96,2026-12-13T19:15:37+00:00,INTERNAL_TRANSFER
TX-N-01987,ACC-N-0907,ACC-N-0885,2498.33,2026-02-08T21:32:07+00:00,INTERNAL_TRANSFER
TX-N-01988,ACC-N-0564,EXT-A-063-1,6497.02,2026-03-18T18:36:35+00:00,INTERNAL_TRANSFER
TX-N-01989,ACC-N-0696,EXT-A-071-4,4182.7,2026-01-17T21:32:44+00:00,INTERNAL_TRANSFER
TX-N-01990,ACC-N-0691,EXT-A-063-2,2960.58,2026-02-20T06:51:51+00:00,ATM
TX-N-01991,ACC-C-CORP,ACC-N-0767,7005.62,2026-01-21T11:49:02+00:00,INTERNAL_TRANSFER
TX-N-01992,ACC-C-PAY-05,ACC-N-0486,2614.39,2026-11-24T14:31:27+00:00,INTERNAL_TRANSFER
TX-N-01993,EXT-A-069-3,ACC-N-0457,1657.2,2026-05-05T03:30:52+00:00,INTERNAL_TRANSFER
TX-N-01994,ACC-N-0432,EXT-A-062-2,3065.24,2026-09-29T17:40:22+00:00,INTERNAL_TRANSFER
TX-N-01995,EXT-A-070-1,ACC-B-04-A,884.72,2026-07-16T19:29:11+00:00,ATM
TX-N-01996,ACC-N-0908,ACC-N-0838,5692.3,2026-10-29T15:13:53+00:00,WIRE
TX-N-01997,ACC-N-0415,ACC-N-0512,3608.92,2026-04-27T00:53:03+00:00,WIRE
TX-N-01998,EXT-A-046-2,EXT-A-041-4,1107.13,2026-09-08T15:37:07+00:00,INTERNAL_TRANSFER
TX-N-01999,ACC-N-0484,EXT-A-052-1,473.75,2026-08-30T05:47:37+00:00,INTERNAL_TRANSFER
TX-N-02000,EXT-A-040-2,ACC-N-0857,3737.79,2026-01-18T22:41:24+00:00,WIRE
TX-N-02001,ACC-N-0698,ACC-N-0585,241.97,2026-05-08T02:23:18+00:00,WIRE
TX-N-02002,EXT-A-019-2,ACC-N-0949,1955.81,2026-02-13T08:49:59+00:00,INTERNAL_TRANSFER
TX-N-02003,EXT-A-120482,ACC-N-0791,8833.86,2026-12-03T03:32:59+00:00,INTERNAL_TRANSFER
TX-N-02004,ACC-N-0636,ACC-N-0995,7699.08,2026-10-23T07:23:57+00:00,INTERNAL_TRANSFER
TX-N-02005,EXT-A-044-2,ACC-N-0437,16693.37,2026-06-28T09:03:04+00:00,INTERNAL_TRANSFER
TX-N-02006,ACC-N-0520,EXT-A-003-3,3806.19,2026-03-17T00:41:29+00:00,INTERNAL_TRANSFER
TX-N-02007,ACC-C-CORP,ACC-N-0758,4351.27,2026-06-02T08:06:13+00:00,INTERNAL_TRANSFER
TX-N-02008,ACC-N-0708,EXT-A-033-2,1606.57,2026-07-25T04:25:19+00:00,WIRE
TX-N-02009,EXT-A-008-1,EXT-A-051-2,10245.47,2026-09-12T22:31:51+00:00,INTERNAL_TRANSFER
TX-N-02010,ACC-N-0620,ACC-N-0671,6948.45,2026-09-16T04:40:19+00:00,INTERNAL_TRANSFER
TX-N-02011,ACC-N-0845,ACC-N-0741,2302.04,2026-01-28T00:24:45+00:00,INTERNAL_TRANSFER
TX-N-02012,ACC-N-0475,ACC-N-0535,14486.63,2026-10-06T08:32:34+00:00,INTERNAL_TRANSFER
TX-N-02013,ACC-N-0888,ACC-N-0785,1531.27,2026-04-02T00:11:26+00:00,WIRE
TX-N-02014,ACC-N-0522,EXT-A-071-2,10621.24,2026-05-27T09:25:20+00:00,WIRE
TX-N-02015,EXT-A-047-3,EXT-A-045-1,754.08,2026-05-04T05:50:42+00:00,INTERNAL_TRANSFER
TX-N-02016,ACC-N-0977,EXT-A-005-2,6771.07,2026-05-22T23:11:26+00:00,ATM
TX-N-02017,ACC-N-0795,EXT-A-003-3,5427.38,2026-12-25T11:44:08+00:00,INTERNAL_TRANSFER
TX-N-02018,ACC-N-0698,ACC-N-0430,3441.12,2026-04-22T21:24:49+00:00,INTERNAL_TRANSFER
TX-N-02019,ACC-N-0465,ACC-B-04-A,16497.99,2026-11-30T15:14:31+00:00,ATM
TX-N-02020,EXT-A-009-3,EXT-A-019-4,2102.1,2026-03-30T19:38:54+00:00,INTERNAL_TRANSFER
TX-N-02021,ACC-N-0483,EXT-A-017-2,7930.98,2026-04-17T09:17:54+00:00,INTERNAL_TRANSFER
TX-N-02022,ACC-N-0702,ACC-N-0721,1475.75,2026-11-07T21:29:25+00:00,INTERNAL_TRANSFER
TX-N-02023,EXT-A-035-1,ACC-N-0454,16568.98,2026-02-19T00:52:21+00:00,INTERNAL_TRANSFER
TX-N-02024,ACC-N-0444,EXT-A-005-2,3058.89,2026-12-26T02:26:02+00:00,INTERNAL_TRANSFER
TX-N-02025,ACC-N-0788,ACC-N-0453,2012.73,2026-12-15T17:38:32+00:00,WIRE
TX-N-02026,ACC-N-0894,EXT-A-065-2,1287.13,2026-11-22T11:26:29+00:00,WIRE
TX-N-02027,EXT-A-059-4,EXT-A-034-1,1859.87,2026-10-03T06:22:28+00:00,INTERNAL_TRANSFER
TX-N-02028,EXT-A-008-2,ACC-N-0818,6379.1,2026-08-31T23:45:56+00:00,INTERNAL_TRANSFER
TX-N-02029,ACC-N-0873,ACC-N-0987,1042.59,2026-03-31T10:11:15+00:00,INTERNAL_TRANSFER
TX-N-02030,ACC-N-0556,ACC-N-0924,1576.09,2026-11-14T05:34:29+00:00,INTERNAL_TRANSFER
TX-N-02031,EXT-A-021-2,ACC-N-0440,5130.87,2026-09-14T16:06:45+00:00,WIRE
TX-N-02032,ACC-N-0448,ACC-N-0499,318.47,2026-07-28T22:37:14+00:00,INTERNAL_TRANSFER
TX-N-02033,ACC-N-0852,EXT-A-012-2,5124.92,2026-05-07T10:21:33+00:00,ATM
TX-N-02034,EXT-A-032-4,ACC-N-0432,5105.06,2026-10-22T15:51:50+00:00,INTERNAL_TRANSFER
TX-N-02035,ACC-N-0586,ACC-N-0811,4131.57,2026-03-21T14:13:24+00:00,INTERNAL_TRANSFER
TX-N-02036,EXT-A-036-1,ACC-N-0402,3872.55,2026-05-16T09:16:10+00:00,INTERNAL_TRANSFER
TX-N-02037,EXT-A-007-3,ACC-N-0848,4830.68,2026-07-22T19:10:12+00:00,WIRE
TX-N-02038,ACC-N-0658,ACC-N-0933,2458.45,2026-08-09T12:33:33+00:00,INTERNAL_TRANSFER
TX-N-02039,ACC-N-0721,EXT-A-051-4,731.05,2026-10-09T18:56:25+00:00,WIRE
TX-N-02040,ACC-N-0952,ACC-N-0987,1076.19,2026-05-23T22:19:49+00:00,INTERNAL_TRANSFER
TX-N-02041,ACC-C-HNW-05,ACC-N-0570,1433.82,2026-05-12T04:09:01+00:00,INTERNAL_TRANSFER
TX-N-02042,ACC-N-0502,ACC-B-03-C,2099.13,2026-07-24T11:07:42+00:00,INTERNAL_TRANSFER
TX-N-02043,ACC-N-0549,ACC-N-0686,6882.78,2026-06-27T03:10:34+00:00,INTERNAL_TRANSFER
TX-N-02044,ACC-N-0714,ACC-N-0899,3025.89,2026-10-28T12:06:22+00:00,WIRE
TX-N-02045,ACC-N-0782,ACC-N-0685,1087.9,2026-01-29T03:33:15+00:00,INTERNAL_TRANSFER
TX-N-02046,ACC-N-0450,EXT-A-072-1,18950.19,2026-07-01T18:52:00+00:00,INTERNAL_TRANSFER
TX-N-02047,ACC-N-0806,ACC-C-PAY-09,1337.12,2026-02-10T15:37:26+00:00,INTERNAL_TRANSFER
TX-N-02048,ACC-N-0894,ACC-N-0780,4152.34,2026-07-26T09:40:59+00:00,INTERNAL_TRANSFER
TX-N-02049,ACC-C-PAY-05,ACC-N-0570,10653.87,2026-09-06T20:34:34+00:00,WIRE
TX-N-02050,ACC-N-0818,ACC-N-0906,2377.91,2026-10-06T15:36:59+00:00,INTERNAL_TRANSFER
TX-N-02051,ACC-N-0859,ACC-N-0607,7134.93,2026-02-22T06:15:33+00:00,INTERNAL_TRANSFER
TX-N-02052,ACC-N-0860,ACC-N-0934,9953.9,2026-07-30T08:15:02+00:00,INTERNAL_TRANSFER
TX-N-02053,ACC-N-0455,ACC-N-0598,5986.45,2026-01-20T18:32:49+00:00,INTERNAL_TRANSFER
TX-N-02054,ACC-N-0705,ACC-N-0808,2092.56,2026-12-05T12:13:49+00:00,INTERNAL_TRANSFER
TX-N-02055,ACC-N-0589,ACC-N-0971,1617.99,2026-03-18T14:56:50+00:00,INTERNAL_TRANSFER
TX-N-02056,ACC-N-0489,EXT-A-051-4,3100.02,2026-07-04T23:18:00+00:00,WIRE
TX-N-02057,ACC-N-0527,ACC-N-0686,1974.65,2026-04-24T00:43:44+00:00,INTERNAL_TRANSFER
TX-N-02058,ACC-N-0677,EXT-A-013-1,2718.01,2026-01-07T12:17:56+00:00,WIRE
TX-N-02059,EXT-A-035-1,ACC-N-0668,3993.9,2026-06-04T16:33:04+00:00,INTERNAL_TRANSFER
TX-N-02060,ACC-N-0497,ACC-N-0453,2665.51,2026-02-10T16:18:26+00:00,INTERNAL_TRANSFER
TX-N-02061,ACC-N-0616,ACC-N-0911,4404.68,2026-01-02T10:32:05+00:00,INTERNAL_TRANSFER
TX-N-02062,EXT-A-034-3,ACC-N-0504,7131.33,2026-04-19T16:01:56+00:00,INTERNAL_TRANSFER
TX-N-02063,ACC-N-0536,ACC-N-0920,2398.59,2026-06-03T15:57:56+00:00,INTERNAL_TRANSFER
TX-N-02064,ACC-N-0990,EXT-A-307484,13208.76,2026-08-14T20:39:17+00:00,WIRE
TX-N-02065,ACC-N-0701,ACC-N-0851,1915.63,2026-01-31T14:08:08+00:00,INTERNAL_TRANSFER
TX-N-02066,ACC-N-0538,ACC-N-0486,3746.2,2026-11-23T18:43:52+00:00,WIRE
TX-N-02067,EXT-A-017-4,ACC-B-03-A,6509.06,2026-10-12T18:54:16+00:00,WIRE
TX-N-02068,ACC-N-0915,ACC-N-0409,646.08,2026-08-17T11:11:51+00:00,INTERNAL_TRANSFER
TX-N-02069,EXT-A-024-2,ACC-C-PAY-06,4482.13,2026-09-15T07:52:21+00:00,INTERNAL_TRANSFER
TX-N-02070,EXT-A-015-3,ACC-N-0397,7019.47,2026-03-14T20:37:39+00:00,INTERNAL_TRANSFER
TX-N-02071,EXT-A-045-1,ACC-N-0796,5860.87,2026-07-29T05:46:24+00:00,INTERNAL_TRANSFER
TX-N-02072,EXT-A-053-2,ACC-N-0411,12880.24,2026-01-25T09:12:03+00:00,INTERNAL_TRANSFER
TX-N-02073,ACC-N-0748,EXT-A-037-1,15794.65,2026-11-24T02:13:45+00:00,WIRE
TX-N-02074,ACC-N-0411,ACC-N-0800,3595.82,2026-08-24T16:28:37+00:00,INTERNAL_TRANSFER
TX-N-02075,EXT-A-022-3,EXT-A-023-3,378.22,2026-01-26T08:00:03+00:00,INTERNAL_TRANSFER
TX-N-02076,ACC-N-0976,EXT-A-048-4,9003.38,2026-06-14T06:17:50+00:00,INTERNAL_TRANSFER
TX-N-02077,ACC-N-0813,ACC-N-0904,12841.95,2026-11-14T02:46:06+00:00,INTERNAL_TRANSFER
TX-N-02078,ACC-N-0806,ACC-N-0668,36291.76,2026-10-09T11:48:57+00:00,WIRE
TX-N-02079,ACC-N-0911,EXT-A-031-3,8064.12,2026-08-14T01:00:37+00:00,INTERNAL_TRANSFER
TX-N-02080,EXT-A-068-2,ACC-N-0589,3352.7,2026-01-31T22:28:52+00:00,INTERNAL_TRANSFER
TX-N-02081,ACC-N-0557,EXT-A-003-3,8642.84,2026-10-13T16:33:28+00:00,INTERNAL_TRANSFER
TX-N-02082,ACC-N-0921,ACC-N-0498,14581.71,2026-03-04T15:11:54+00:00,INTERNAL_TRANSFER
TX-N-02083,ACC-N-0601,EXT-A-048-4,2047.44,2026-12-14T11:47:14+00:00,INTERNAL_TRANSFER
TX-N-02084,EXT-A-031-1,ACC-C-PAY-09,3105.5,2026-06-25T08:11:23+00:00,INTERNAL_TRANSFER
TX-N-02085,ACC-N-0726,ACC-N-0963,17362.24,2026-08-27T03:47:40+00:00,INTERNAL_TRANSFER
TX-N-02086,EXT-A-023-3,ACC-N-0701,3214.12,2026-01-24T20:37:55+00:00,INTERNAL_TRANSFER
TX-N-02087,EXT-A-047-2,EXT-A-028-3,12665.44,2026-05-08T03:27:27+00:00,INTERNAL_TRANSFER
TX-N-02088,ACC-N-0528,EXT-A-010-2,2971.54,2026-12-16T06:04:18+00:00,INTERNAL_TRANSFER
TX-N-02089,ACC-N-0815,EXT-A-029-2,8913.46,2026-10-10T02:52:49+00:00,INTERNAL_TRANSFER
TX-N-02090,ACC-N-0592,EXT-A-057-1,3054.11,2026-05-24T20:15:17+00:00,INTERNAL_TRANSFER
TX-N-02091,ACC-N-0926,ACC-N-0683,1009.7,2026-03-20T05:49:13+00:00,WIRE
TX-N-02092,EXT-A-029-2,ACC-N-0773,3386.36,2026-12-02T16:17:34+00:00,WIRE
TX-N-02093,ACC-N-0808,ACC-N-0920,16561.98,2026-11-04T15:29:46+00:00,INTERNAL_TRANSFER
TX-N-02094,EXT-A-043-2,ACC-N-0812,4285.1,2026-03-12T02:17:47+00:00,INTERNAL_TRANSFER
TX-N-02095,ACC-N-0840,EXT-A-032-2,13882.69,2026-10-31T11:24:58+00:00,ATM
TX-N-02096,ACC-N-0474,ACC-N-0574,2012.67,2026-07-07T19:06:26+00:00,INTERNAL_TRANSFER
TX-N-02097,ACC-N-0663,ACC-N-0819,3401.07,2026-09-05T06:54:26+00:00,INTERNAL_TRANSFER
TX-N-02098,EXT-A-007-1,EXT-A-050-3,2114.48,2026-02-01T16:56:21+00:00,INTERNAL_TRANSFER
TX-N-02099,ACC-N-0420,ACC-N-0517,10823.98,2026-06-21T07:26:48+00:00,INTERNAL_TRANSFER
TX-N-02100,ACC-N-0615,EXT-A-025-3,3678.48,2026-12-21T19:11:28+00:00,INTERNAL_TRANSFER
TX-N-02101,EXT-A-008-4,ACC-N-0610,28540.97,2026-10-22T21:21:55+00:00,INTERNAL_TRANSFER
TX-N-02102,ACC-N-0806,ACC-N-0394,729.65,2026-06-16T01:49:22+00:00,INTERNAL_TRANSFER
TX-N-02103,EXT-A-010-2,EXT-A-011-1,409.2,2026-11-24T17:15:47+00:00,INTERNAL_TRANSFER
TX-N-02104,ACC-N-0881,EXT-A-065-1,13083.62,2026-10-16T22:10:33+00:00,WIRE
TX-N-02105,ACC-N-0505,ACC-B-03-B,1813.57,2026-12-07T22:34:55+00:00,INTERNAL_TRANSFER
TX-N-02106,ACC-N-0599,EXT-A-038-3,4655.01,2026-03-12T23:22:50+00:00,WIRE
TX-N-02107,ACC-N-0589,ACC-N-0519,6770.42,2026-05-19T01:29:05+00:00,INTERNAL_TRANSFER
TX-N-02108,ACC-N-0960,ACC-N-0483,44193.13,2026-10-11T20:04:17+00:00,INTERNAL_TRANSFER
TX-N-02109,ACC-N-0601,ACC-N-0910,11577.44,2026-07-31T00:13:05+00:00,INTERNAL_TRANSFER
TX-N-02110,ACC-N-0698,EXT-A-045-2,34620.99,2026-01-24T06:19:22+00:00,INTERNAL_TRANSFER
TX-N-02111,ACC-N-0627,EXT-A-030-1,794.43,2026-04-19T18:53:59+00:00,INTERNAL_TRANSFER
TX-N-02112,ACC-N-0643,EXT-A-004-2,11570.83,2026-01-27T08:09:13+00:00,INTERNAL_TRANSFER
TX-N-02113,ACC-N-0846,ACC-N-0555,7815.74,2026-04-23T22:14:48+00:00,INTERNAL_TRANSFER
TX-N-02114,ACC-N-0881,ACC-N-0790,4780.23,2026-12-23T14:56:05+00:00,INTERNAL_TRANSFER
TX-N-02115,ACC-N-0906,ACC-N-0507,3349.07,2026-10-25T22:56:18+00:00,INTERNAL_TRANSFER
TX-N-02116,ACC-N-0729,ACC-N-0520,17591.44,2026-06-12T05:11:03+00:00,WIRE
TX-N-02117,ACC-N-0615,EXT-A-066-1,2533.99,2026-04-08T20:33:18+00:00,INTERNAL_TRANSFER
TX-N-02118,ACC-N-0468,ACC-N-0723,3870.25,2026-06-24T11:32:14+00:00,INTERNAL_TRANSFER
TX-N-02119,ACC-N-0993,ACC-N-0559,381.92,2026-10-11T22:35:43+00:00,INTERNAL_TRANSFER
TX-N-02120,ACC-N-0541,EXT-A-057-3,1386.96,2026-01-12T00:20:47+00:00,WIRE
TX-N-02121,ACC-N-0801,EXT-A-036-4,1989.74,2026-10-18T09:29:41+00:00,INTERNAL_TRANSFER
TX-N-02122,ACC-N-0949,ACC-N-0461,13322.64,2026-07-29T14:37:56+00:00,INTERNAL_TRANSFER
TX-N-02123,EXT-A-015-4,ACC-N-0609,657.27,2026-06-06T07:08:16+00:00,INTERNAL_TRANSFER
TX-N-02124,ACC-N-0528,ACC-N-0816,1624.01,2026-11-06T14:48:16+00:00,INTERNAL_TRANSFER
TX-N-02125,EXT-A-038-3,ACC-N-0830,726.61,2026-11-15T17:57:14+00:00,ATM
TX-N-02126,ACC-N-0735,ACC-N-0881,1937.17,2026-07-06T07:42:51+00:00,INTERNAL_TRANSFER
TX-N-02127,EXT-A-012-4,ACC-N-0780,9438.66,2026-02-10T13:42:40+00:00,INTERNAL_TRANSFER
TX-N-02128,ACC-N-0884,ACC-N-0410,5906.41,2026-11-06T04:43:02+00:00,INTERNAL_TRANSFER
TX-N-02129,EXT-A-025-2,EXT-A-054-3,11745.58,2026-09-02T10:07:40+00:00,INTERNAL_TRANSFER
TX-N-02130,ACC-N-0586,ACC-N-0979,7200.67,2026-07-20T20:42:49+00:00,INTERNAL_TRANSFER
TX-N-02131,EXT-A-036-3,ACC-N-0834,68427.92,2026-06-08T18:25:50+00:00,WIRE
TX-N-02132,EXT-A-067-2,ACC-N-0622,4007.59,2026-04-18T22:50:24+00:00,INTERNAL_TRANSFER
TX-N-02133,ACC-C-PAY-07,EXT-A-867458,14944.63,2026-07-25T19:54:00+00:00,INTERNAL_TRANSFER
TX-N-02134,ACC-N-0714,EXT-A-002-4,1108.67,2026-03-03T20:29:37+00:00,ATM
TX-N-02135,ACC-N-0723,ACC-C-PAY-09,5945.43,2026-08-12T07:51:57+00:00,INTERNAL_TRANSFER
TX-N-02136,ACC-N-0491,ACC-N-0528,1608.47,2026-01-13T21:05:16+00:00,ATM
TX-N-02137,EXT-A-049-4,ACC-N-0542,19037.24,2026-06-19T03:57:30+00:00,INTERNAL_TRANSFER
TX-N-02138,ACC-C-HNW-05,ACC-N-0725,1319.39,2026-05-19T02:49:20+00:00,INTERNAL_TRANSFER
TX-N-02139,ACC-N-0588,ACC-C-HNW-04,3161.86,2026-10-26T18:29:17+00:00,INTERNAL_TRANSFER
TX-N-02140,ACC-N-0506,EXT-A-018-3,7530.57,2026-11-01T23:12:56+00:00,WIRE
TX-N-02141,EXT-A-061-2,EXT-A-004-3,8961.97,2026-04-07T19:10:22+00:00,WIRE
TX-N-02142,ACC-N-0844,ACC-N-0651,16852.84,2026-06-20T01:52:13+00:00,INTERNAL_TRANSFER
TX-N-02143,ACC-N-0930,ACC-N-0675,7511.28,2026-11-25T16:06:34+00:00,INTERNAL_TRANSFER
TX-N-02144,ACC-N-0398,EXT-A-040-3,4785.51,2026-10-28T12:08:44+00:00,INTERNAL_TRANSFER
TX-N-02145,ACC-N-0573,EXT-A-048-1,5217.79,2026-06-06T19:06:00+00:00,INTERNAL_TRANSFER
TX-N-02146,EXT-A-002-3,EXT-A-042-2,7195.39,2026-04-21T08:02:09+00:00,INTERNAL_TRANSFER
TX-N-02147,EXT-A-027-1,ACC-N-0730,4940.94,2026-05-03T09:04:45+00:00,INTERNAL_TRANSFER
TX-N-02148,ACC-N-0746,ACC-N-0409,27196.16,2026-06-26T22:39:34+00:00,INTERNAL_TRANSFER
TX-N-02149,ACC-N-0603,EXT-A-050-1,14911.04,2026-04-02T04:15:58+00:00,INTERNAL_TRANSFER
TX-N-02150,ACC-N-0740,ACC-N-0718,2912.63,2026-02-20T01:23:10+00:00,WIRE
TX-N-02151,ACC-N-0938,ACC-B-B,3957.96,2026-10-25T22:41:54+00:00,ATM
TX-N-02152,EXT-A-026-2,EXT-A-025-4,13117.4,2026-07-24T02:09:28+00:00,INTERNAL_TRANSFER
TX-N-02153,ACC-N-0940,EXT-A-052-3,1636.77,2026-11-13T22:07:11+00:00,INTERNAL_TRANSFER
TX-N-02154,ACC-N-0601,EXT-A-012-4,5939.33,2026-01-23T09:27:01+00:00,INTERNAL_TRANSFER
TX-N-02155,EXT-A-056-4,ACC-C-PAY-12,11670.14,2026-04-17T23:45:26+00:00,ATM
TX-N-02156,ACC-N-0402,ACC-N-0668,2444.75,2026-08-02T14:57:25+00:00,INTERNAL_TRANSFER
TX-N-02157,ACC-N-0670,EXT-A-016-4,384.69,2026-01-27T03:34:47+00:00,INTERNAL_TRANSFER
TX-N-02158,EXT-A-020-4,EXT-A-051-2,1303.08,2026-05-10T14:12:33+00:00,WIRE
TX-N-02159,EXT-A-032-3,EXT-A-034-1,3004.3,2026-06-06T23:08:09+00:00,INTERNAL_TRANSFER
TX-N-02160,ACC-N-0697,ACC-N-0623,16982.14,2026-07-12T03:09:34+00:00,INTERNAL_TRANSFER
TX-N-02161,ACC-N-0764,EXT-A-004-4,8184.12,2026-01-16T08:46:58+00:00,INTERNAL_TRANSFER
TX-N-02162,EXT-A-064-4,ACC-N-0616,17714.98,2026-01-29T15:58:08+00:00,INTERNAL_TRANSFER
TX-N-02163,ACC-N-0874,EXT-A-021-1,3156.02,2026-09-22T11:46:14+00:00,INTERNAL_TRANSFER
TX-N-02164,EXT-A-022-1,EXT-A-046-4,17185.74,2026-10-21T22:23:14+00:00,INTERNAL_TRANSFER
TX-N-02165,ACC-N-0710,ACC-N-0680,6092.69,2026-01-20T23:20:47+00:00,INTERNAL_TRANSFER
TX-N-02166,ACC-N-0465,EXT-A-044-4,13995.42,2026-06-03T11:40:40+00:00,INTERNAL_TRANSFER
TX-N-02167,ACC-N-0900,ACC-N-0526,4009.55,2026-04-10T14:59:47+00:00,INTERNAL_TRANSFER
TX-N-02168,ACC-N-0681,ACC-N-0819,6952.59,2026-06-29T22:41:08+00:00,INTERNAL_TRANSFER
TX-N-02169,EXT-A-058-3,ACC-N-0836,18155.37,2026-03-17T22:32:44+00:00,INTERNAL_TRANSFER
TX-N-02170,EXT-A-002-3,EXT-A-041-1,1202.81,2026-01-19T19:48:12+00:00,ATM
TX-N-02171,ACC-N-0550,ACC-N-0467,2417.25,2026-02-23T16:15:19+00:00,INTERNAL_TRANSFER
TX-N-02172,ACC-N-0997,ACC-N-0627,953.95,2026-07-25T14:11:38+00:00,INTERNAL_TRANSFER
TX-N-02173,EXT-A-066-1,EXT-A-037-2,1272.44,2026-10-12T12:10:28+00:00,INTERNAL_TRANSFER
TX-N-02174,ACC-N-0883,ACC-N-0769,7333.8,2026-11-11T09:32:48+00:00,INTERNAL_TRANSFER
TX-N-02175,EXT-A-010-4,ACC-N-0530,4524.79,2026-11-07T05:19:07+00:00,WIRE
TX-N-02176,EXT-A-056-4,ACC-N-0725,10830.78,2026-03-30T07:13:18+00:00,INTERNAL_TRANSFER
TX-N-02177,EXT-A-037-4,ACC-N-0691,1824.87,2026-12-18T04:09:49+00:00,INTERNAL_TRANSFER
TX-N-02178,ACC-N-0458,ACC-C-PAY-12,6215.4,2026-02-08T00:03:27+00:00,INTERNAL_TRANSFER
TX-N-02179,ACC-N-0416,ACC-N-0693,388.77,2026-06-24T02:39:33+00:00,WIRE
TX-N-02180,ACC-N-0740,ACC-N-0684,10641.26,2026-01-09T15:16:24+00:00,ATM
TX-N-02181,ACC-N-0714,EXT-A-050-4,7538.84,2026-08-06T12:36:50+00:00,INTERNAL_TRANSFER
TX-N-02182,ACC-N-0933,ACC-N-0922,12134.39,2026-12-18T23:19:09+00:00,INTERNAL_TRANSFER
TX-N-02183,ACC-N-0806,ACC-N-0790,1940.59,2026-01-01T09:05:39+00:00,INTERNAL_TRANSFER
TX-N-02184,ACC-N-0721,EXT-A-024-1,2164.36,2026-05-15T14:35:42+00:00,WIRE
TX-N-02185,ACC-N-0395,ACC-N-0565,3421.28,2026-12-02T13:05:53+00:00,INTERNAL_TRANSFER
TX-N-02186,EXT-A-024-4,EXT-A-049-4,12225.73,2026-10-15T21:50:01+00:00,INTERNAL_TRANSFER
TX-N-02187,ACC-N-0878,ACC-N-0402,2981.78,2026-02-15T04:28:10+00:00,INTERNAL_TRANSFER
TX-N-02188,ACC-B-04-B,ACC-N-0936,2523.71,2026-12-02T08:34:57+00:00,ATM
TX-N-02189,ACC-N-0972,ACC-N-0484,1250.52,2026-06-15T22:27:07+00:00,ATM
TX-N-02190,ACC-N-0657,ACC-N-0961,9453.77,2026-10-26T21:32:28+00:00,WIRE
TX-N-02191,EXT-A-003-2,ACC-N-0397,7767.01,2026-12-09T11:29:09+00:00,INTERNAL_TRANSFER
TX-N-02192,EXT-A-307484,ACC-N-0925,2277.58,2026-12-21T04:38:07+00:00,INTERNAL_TRANSFER
TX-N-02193,ACC-N-0502,EXT-A-033-2,14557.13,2026-12-27T11:43:51+00:00,WIRE
TX-N-02194,ACC-N-0963,ACC-N-0906,7904.97,2026-09-09T13:20:47+00:00,WIRE
TX-N-02195,ACC-N-0525,ACC-N-0521,12897.56,2026-12-11T15:22:38+00:00,INTERNAL_TRANSFER
TX-N-02196,ACC-N-0558,ACC-C-PAY-09,7712.41,2026-11-20T10:37:51+00:00,INTERNAL_TRANSFER
TX-N-02197,ACC-N-0613,ACC-N-0443,10209.6,2026-04-12T21:48:53+00:00,WIRE
TX-N-02198,ACC-N-0457,ACC-N-0539,1897.17,2026-07-31T01:23:00+00:00,INTERNAL_TRANSFER
TX-N-02199,EXT-A-067-1,EXT-A-027-2,1366.6,2026-02-20T22:24:09+00:00,INTERNAL_TRANSFER
TX-N-02200,EXT-A-020-2,EXT-A-065-2,3725.93,2026-12-31T14:06:57+00:00,INTERNAL_TRANSFER
TX-N-02201,ACC-N-0552,ACC-N-0615,1592.18,2026-09-19T00:00:52+00:00,WIRE
TX-N-02202,ACC-N-0851,ACC-N-0428,1264.78,2026-10-30T05:02:29+00:00,INTERNAL_TRANSFER
TX-N-02203,ACC-N-0549,EXT-A-120482,8922.91,2026-11-28T19:16:13+00:00,WIRE
TX-N-02204,ACC-N-0885,ACC-N-0723,1083.85,2026-12-20T12:38:30+00:00,WIRE
TX-N-02205,ACC-N-0444,ACC-N-0810,623.48,2026-08-25T08:00:14+00:00,INTERNAL_TRANSFER
TX-N-02206,ACC-N-0619,ACC-N-0571,2421.73,2026-11-08T07:38:55+00:00,INTERNAL_TRANSFER
TX-N-02207,ACC-N-0974,ACC-N-0715,4816.72,2026-07-28T10:00:30+00:00,INTERNAL_TRANSFER
TX-N-02208,EXT-A-041-2,EXT-A-024-1,1100.91,2026-09-08T11:13:29+00:00,ATM
TX-N-02209,ACC-N-0685,ACC-N-0965,11684.15,2026-10-08T04:32:02+00:00,INTERNAL_TRANSFER
TX-N-02210,ACC-N-0530,ACC-C-PAY-10,9162.11,2026-10-29T15:16:06+00:00,ATM
TX-N-02211,ACC-B-04-C,EXT-A-044-1,11833.27,2026-04-07T01:24:02+00:00,INTERNAL_TRANSFER
TX-N-02212,ACC-N-0867,EXT-A-023-1,3581.99,2026-11-29T12:51:38+00:00,INTERNAL_TRANSFER
TX-N-02213,ACC-N-0561,EXT-A-030-1,803.33,2026-11-06T10:11:52+00:00,INTERNAL_TRANSFER
TX-N-02214,ACC-N-0741,EXT-A-003-1,30716.08,2026-04-15T03:52:49+00:00,INTERNAL_TRANSFER
TX-N-02215,ACC-N-0774,ACC-N-0891,733.41,2026-06-13T18:45:13+00:00,INTERNAL_TRANSFER
TX-N-02216,EXT-A-023-3,ACC-N-0677,1214.97,2026-05-14T04:40:40+00:00,INTERNAL_TRANSFER
TX-N-02217,ACC-N-0416,EXT-A-062-2,14527.12,2026-09-27T18:47:54+00:00,INTERNAL_TRANSFER
TX-N-02218,ACC-N-0936,ACC-N-0663,2461.71,2026-01-30T18:43:32+00:00,INTERNAL_TRANSFER
TX-N-02219,EXT-A-020-2,EXT-A-044-1,3049.81,2026-04-13T13:40:09+00:00,INTERNAL_TRANSFER
TX-N-02220,EXT-A-064-4,ACC-N-0902,2478.78,2026-06-07T12:42:18+00:00,INTERNAL_TRANSFER
TX-N-02221,ACC-N-0964,ACC-N-0757,1470.28,2026-02-12T19:32:35+00:00,INTERNAL_TRANSFER
TX-N-02222,ACC-N-0958,ACC-N-0626,2926.45,2026-04-26T01:23:26+00:00,INTERNAL_TRANSFER
TX-N-02223,ACC-C-PAY-09,EXT-A-043-3,9335.33,2026-10-02T20:11:26+00:00,INTERNAL_TRANSFER
TX-N-02224,ACC-N-0706,EXT-A-036-2,1822.23,2026-09-16T15:36:04+00:00,ATM
TX-N-02225,EXT-A-031-4,ACC-N-0734,1418.12,2026-08-04T12:00:17+00:00,INTERNAL_TRANSFER
TX-N-02226,ACC-N-0676,ACC-N-0559,3480.74,2026-03-28T14:53:04+00:00,INTERNAL_TRANSFER
TX-N-02227,ACC-N-0489,EXT-A-004-3,6933.57,2026-10-25T20:42:04+00:00,INTERNAL_TRANSFER
TX-N-02228,ACC-N-0535,EXT-A-028-3,21168.18,2026-06-07T21:18:32+00:00,WIRE
TX-N-02229,ACC-N-0891,ACC-N-0675,938.1,2026-08-12T14:32:24+00:00,WIRE
TX-N-02230,ACC-N-0804,EXT-A-029-1,13272.9,2026-06-14T07:03:42+00:00,INTERNAL_TRANSFER
TX-N-02231,EXT-A-015-2,ACC-N-0399,1135.43,2026-07-09T18:50:46+00:00,INTERNAL_TRANSFER
TX-N-02232,ACC-N-0659,EXT-A-055-4,5749.7,2026-07-01T20:09:54+00:00,INTERNAL_TRANSFER
TX-N-02233,EXT-A-004-1,ACC-N-0457,5146.06,2026-09-02T03:20:36+00:00,INTERNAL_TRANSFER
TX-N-02234,EXT-A-063-1,ACC-N-0683,1385.95,2026-01-29T04:10:52+00:00,INTERNAL_TRANSFER
TX-N-02235,EXT-A-070-1,EXT-A-027-3,624.12,2026-03-23T08:06:09+00:00,INTERNAL_TRANSFER
TX-N-02236,EXT-A-046-1,ACC-N-0939,10729.3,2026-04-14T04:20:40+00:00,ATM
TX-N-02237,ACC-N-0785,EXT-A-069-3,23390.87,2026-12-06T09:55:15+00:00,INTERNAL_TRANSFER
TX-N-02238,ACC-N-0489,EXT-A-071-4,22786.18,2026-03-04T05:56:34+00:00,INTERNAL_TRANSFER
TX-N-02239,ACC-N-0721,EXT-A-069-4,3474.26,2026-01-10T08:53:33+00:00,INTERNAL_TRANSFER
TX-N-02240,ACC-N-0521,EXT-A-021-3,19123.23,2026-01-18T15:02:11+00:00,INTERNAL_TRANSFER
TX-N-02241,EXT-A-024-4,ACC-N-0657,45663.22,2026-02-23T09:37:34+00:00,INTERNAL_TRANSFER
TX-N-02242,EXT-A-037-3,ACC-N-0819,3386.77,2026-01-13T21:53:18+00:00,INTERNAL_TRANSFER
TX-N-02243,EXT-A-034-2,ACC-N-0537,11298.82,2026-04-07T20:24:03+00:00,INTERNAL_TRANSFER
TX-N-02244,EXT-A-059-1,EXT-A-048-1,1871.15,2026-12-06T23:29:59+00:00,INTERNAL_TRANSFER
TX-N-02245,ACC-C-CORP,ACC-N-0832,539.93,2026-11-19T12:56:38+00:00,INTERNAL_TRANSFER
TX-N-02246,EXT-A-010-3,ACC-N-0673,8073.03,2026-09-16T14:59:13+00:00,ATM
TX-N-02247,ACC-N-0586,ACC-N-0896,16023.05,2026-07-05T10:26:47+00:00,INTERNAL_TRANSFER
TX-N-02248,EXT-A-039-3,ACC-N-0923,5934.04,2026-08-07T21:51:15+00:00,WIRE
TX-N-02249,ACC-N-0626,ACC-N-0495,8633.93,2026-11-12T13:52:38+00:00,INTERNAL_TRANSFER
TX-N-02250,ACC-N-0940,EXT-A-042-2,5286.72,2026-07-03T02:41:25+00:00,INTERNAL_TRANSFER
TX-N-02251,ACC-N-0588,EXT-A-020-1,953.44,2026-08-30T04:32:24+00:00,INTERNAL_TRANSFER
TX-N-02252,ACC-N-0616,EXT-A-027-4,2605.42,2026-01-07T02:02:50+00:00,WIRE
TX-N-02253,EXT-A-046-4,EXT-A-016-1,48430.95,2026-09-26T10:46:03+00:00,INTERNAL_TRANSFER
TX-N-02254,EXT-A-033-1,ACC-N-0889,12666.49,2026-02-13T04:23:49+00:00,INTERNAL_TRANSFER
TX-N-02255,ACC-N-0977,ACC-N-0652,4805.36,2026-10-24T08:27:42+00:00,INTERNAL_TRANSFER
TX-N-02256,ACC-N-0822,ACC-N-0778,14611.15,2026-04-25T00:40:09+00:00,WIRE
TX-N-02257,EXT-A-014-4,ACC-N-0937,4685.52,2026-11-20T19:58:35+00:00,INTERNAL_TRANSFER
TX-N-02258,ACC-N-0823,ACC-N-0773,3660.0,2026-05-16T14:19:34+00:00,WIRE
TX-N-02259,ACC-N-0492,ACC-N-0772,10878.41,2026-02-05T05:30:22+00:00,INTERNAL_TRANSFER
TX-N-02260,ACC-N-0721,ACC-N-0835,34192.92,2026-09-04T01:09:09+00:00,WIRE
TX-N-02261,EXT-A-061-2,ACC-N-0994,21493.98,2026-01-20T20:43:10+00:00,INTERNAL_TRANSFER
TX-N-02262,EXT-A-034-2,ACC-N-0598,4701.24,2026-06-10T04:23:19+00:00,INTERNAL_TRANSFER
TX-N-02263,EXT-A-024-2,ACC-N-0655,3858.24,2026-10-17T07:27:37+00:00,INTERNAL_TRANSFER
TX-N-02264,ACC-N-0823,ACC-N-0915,30639.83,2026-06-19T00:50:43+00:00,INTERNAL_TRANSFER
TX-N-02265,ACC-N-0530,EXT-A-048-1,1587.79,2026-07-12T23:38:03+00:00,INTERNAL_TRANSFER
TX-N-02266,EXT-A-064-3,EXT-A-046-1,7237.84,2026-03-14T23:52:12+00:00,WIRE
TX-N-02267,ACC-N-0778,EXT-A-043-4,37715.22,2026-05-10T02:27:18+00:00,INTERNAL_TRANSFER
TX-N-02268,ACC-N-0719,ACC-N-0567,2289.94,2026-11-17T14:54:44+00:00,INTERNAL_TRANSFER
TX-N-02269,EXT-A-008-3,ACC-N-0726,1762.98,2026-02-19T21:11:48+00:00,INTERNAL_TRANSFER
TX-N-02270,EXT-A-005-4,EXT-A-042-3,6180.88,2026-03-09T17:24:59+00:00,INTERNAL_TRANSFER
TX-N-02271,ACC-N-0959,EXT-A-027-2,2425.15,2026-03-16T09:01:49+00:00,INTERNAL_TRANSFER
TX-N-02272,ACC-N-0785,EXT-A-023-4,3700.2,2026-02-16T04:51:28+00:00,INTERNAL_TRANSFER
TX-N-02273,EXT-A-014-4,ACC-N-0756,4572.87,2026-08-09T13:41:52+00:00,WIRE
TX-N-02274,ACC-N-0700,ACC-N-0867,2753.17,2026-04-14T22:05:10+00:00,ATM
TX-N-02275,ACC-N-0448,ACC-N-0915,20998.34,2026-03-25T10:14:47+00:00,INTERNAL_TRANSFER
TX-N-02276,ACC-N-0853,EXT-A-029-4,69262.21,2026-07-21T08:05:00+00:00,INTERNAL_TRANSFER
TX-N-02277,ACC-N-0990,ACC-N-0732,1207.81,2026-11-16T18:58:54+00:00,INTERNAL_TRANSFER
TX-N-02278,ACC-N-0509,EXT-A-045-1,6172.03,2026-12-27T10:58:00+00:00,INTERNAL_TRANSFER
TX-N-02279,ACC-N-0779,EXT-A-031-1,3805.13,2026-07-30T19:25:17+00:00,INTERNAL_TRANSFER
TX-N-02280,ACC-C-PAY-02,ACC-N-0579,5916.72,2026-03-25T00:22:26+00:00,INTERNAL_TRANSFER
TX-N-02281,ACC-N-0567,ACC-N-0950,14477.21,2026-03-06T04:08:47+00:00,INTERNAL_TRANSFER
TX-N-02282,EXT-A-068-4,EXT-A-024-3,9911.73,2026-01-06T03:06:37+00:00,INTERNAL_TRANSFER
TX-N-02283,EXT-A-069-3,ACC-N-0650,4164.43,2026-05-03T05:44:19+00:00,INTERNAL_TRANSFER
TX-N-02284,EXT-A-026-4,ACC-N-0665,6823.85,2026-05-05T08:46:10+00:00,WIRE
TX-N-02285,ACC-N-0413,ACC-N-0833,13631.69,2026-12-18T01:35:17+00:00,ATM
TX-N-02286,ACC-N-0641,ACC-N-0428,22462.58,2026-06-01T11:40:40+00:00,WIRE
TX-N-02287,EXT-A-020-2,EXT-A-047-1,5389.54,2026-06-24T12:24:25+00:00,WIRE
TX-N-02288,ACC-N-0619,ACC-N-0484,9742.51,2026-03-08T03:21:48+00:00,WIRE
TX-N-02289,EXT-A-052-3,ACC-N-0702,19994.16,2026-07-08T13:10:30+00:00,WIRE
TX-N-02290,ACC-N-0440,ACC-N-0573,2751.48,2026-12-19T22:33:25+00:00,INTERNAL_TRANSFER
TX-N-02291,EXT-A-004-1,ACC-N-0804,852.08,2026-02-23T12:40:59+00:00,WIRE
TX-N-02292,ACC-N-0528,ACC-N-0845,15001.31,2026-12-03T19:07:46+00:00,WIRE
TX-N-02293,ACC-N-0876,ACC-N-0828,3804.08,2026-06-17T23:57:49+00:00,INTERNAL_TRANSFER
TX-N-02294,ACC-N-0482,ACC-N-0635,10541.07,2026-12-04T00:13:36+00:00,INTERNAL_TRANSFER
TX-N-02295,ACC-N-0473,ACC-N-0639,16712.57,2026-10-24T17:24:48+00:00,INTERNAL_TRANSFER
TX-N-02296,EXT-A-022-3,ACC-N-0816,1807.24,2026-12-17T10:19:09+00:00,WIRE
TX-N-02297,ACC-N-0902,EXT-A-020-4,1007.01,2026-04-20T18:40:35+00:00,INTERNAL_TRANSFER
TX-N-02298,ACC-N-0656,EXT-A-064-1,7013.55,2026-03-12T06:01:54+00:00,INTERNAL_TRANSFER
TX-N-02299,EXT-A-064-1,EXT-A-065-4,6713.63,2026-04-02T20:53:50+00:00,INTERNAL_TRANSFER
TX-N-02300,EXT-A-030-4,ACC-N-0683,1997.81,2026-04-17T15:01:37+00:00,INTERNAL_TRANSFER
TX-N-02301,ACC-N-0763,ACC-N-0707,1113.94,2026-06-06T04:47:57+00:00,INTERNAL_TRANSFER
TX-N-02302,ACC-N-0840,ACC-N-0910,3305.24,2026-09-19T11:15:38+00:00,ATM
TX-N-02303,ACC-N-0958,ACC-N-0791,3771.67,2026-07-29T01:02:33+00:00,WIRE
TX-N-02304,ACC-N-0937,ACC-N-0620,2007.23,2026-06-01T21:53:12+00:00,INTERNAL_TRANSFER
TX-N-02305,ACC-N-0521,EXT-A-062-2,2732.65,2026-03-10T14:30:44+00:00,WIRE
TX-N-02306,ACC-N-0821,EXT-A-007-1,6746.48,2026-07-22T17:11:00+00:00,INTERNAL_TRANSFER
TX-N-02307,ACC-N-0647,ACC-N-0773,1257.25,2026-07-05T19:21:06+00:00,ATM
TX-N-02308,ACC-N-0986,ACC-N-0725,3886.12,2026-02-08T12:57:32+00:00,WIRE
TX-N-02309,EXT-A-011-4,ACC-N-0808,889.53,2026-09-10T21:48:27+00:00,WIRE
TX-N-02310,EXT-A-049-4,EXT-A-011-1,4716.25,2026-11-20T13:56:25+00:00,WIRE
TX-N-02311,ACC-N-0724,ACC-N-0500,6267.89,2026-11-06T09:59:17+00:00,INTERNAL_TRANSFER
TX-N-02312,EXT-A-066-2,ACC-N-0487,4705.81,2026-03-29T00:56:15+00:00,INTERNAL_TRANSFER
TX-N-02313,EXT-A-063-1,EXT-A-065-1,3189.77,2026-04-10T22:39:21+00:00,WIRE
TX-N-02314,EXT-A-054-3,ACC-N-0426,3335.13,2026-01-10T08:42:07+00:00,INTERNAL_TRANSFER
TX-N-02315,ACC-N-0696,ACC-N-0444,1976.8,2026-07-18T06:19:48+00:00,ATM
TX-N-02316,EXT-A-072-4,ACC-N-0782,1327.6,2026-02-02T05:51:56+00:00,INTERNAL_TRANSFER
TX-N-02317,EXT-A-006-3,ACC-N-0587,4225.73,2026-11-24T19:46:47+00:00,INTERNAL_TRANSFER
TX-N-02318,ACC-N-0685,ACC-N-0439,2855.09,2026-08-27T06:02:35+00:00,INTERNAL_TRANSFER
TX-N-02319,EXT-A-005-4,ACC-N-0738,1539.69,2026-06-07T18:53:57+00:00,INTERNAL_TRANSFER
TX-N-02320,ACC-N-0760,EXT-A-060-4,992.71,2026-05-26T15:14:25+00:00,WIRE
TX-N-02321,EXT-A-012-3,ACC-C-PAY-02,6092.92,2026-01-20T16:19:32+00:00,WIRE
TX-N-02322,ACC-N-0971,ACC-N-0861,1483.3,2026-10-19T07:52:32+00:00,INTERNAL_TRANSFER
TX-N-02323,ACC-N-0632,ACC-N-0479,1684.41,2026-02-15T05:38:31+00:00,INTERNAL_TRANSFER
TX-N-02324,ACC-N-0528,ACC-N-0774,1150.94,2026-12-15T11:22:12+00:00,INTERNAL_TRANSFER
TX-N-02325,ACC-C-PAY-02,ACC-N-0739,7166.22,2026-02-07T23:50:05+00:00,WIRE
TX-N-02326,EXT-A-031-2,ACC-N-0974,1839.1,2026-09-11T15:44:52+00:00,WIRE
TX-N-02327,ACC-N-0987,ACC-N-0481,3033.97,2026-07-14T16:23:41+00:00,INTERNAL_TRANSFER
TX-N-02328,ACC-N-0717,ACC-N-0529,656.46,2026-06-21T15:16:20+00:00,INTERNAL_TRANSFER
TX-N-02329,EXT-A-059-1,EXT-A-043-1,4748.86,2026-06-27T17:50:42+00:00,INTERNAL_TRANSFER
TX-N-02330,ACC-N-0606,EXT-A-059-4,461.86,2026-04-10T00:33:38+00:00,INTERNAL_TRANSFER
TX-N-02331,EXT-A-031-1,EXT-A-021-2,1903.25,2026-04-07T21:59:55+00:00,ATM
TX-N-02332,ACC-N-0446,ACC-N-0599,14567.41,2026-03-25T23:58:25+00:00,INTERNAL_TRANSFER
TX-N-02333,ACC-N-0650,EXT-A-007-1,3186.25,2026-11-11T05:39:20+00:00,INTERNAL_TRANSFER
TX-N-02334,ACC-C-PAY-12,ACC-N-0796,5872.89,2026-01-28T16:12:40+00:00,INTERNAL_TRANSFER
TX-N-02335,ACC-N-0533,ACC-N-0607,7092.16,2026-07-30T20:23:46+00:00,WIRE
TX-N-02336,ACC-N-0731,ACC-N-0800,404.43,2026-02-08T12:45:03+00:00,INTERNAL_TRANSFER
TX-N-02337,EXT-A-070-4,EXT-A-030-1,11403.42,2026-10-16T06:59:40+00:00,INTERNAL_TRANSFER
TX-N-02338,EXT-A-005-4,ACC-N-0658,20249.48,2026-06-06T04:10:08+00:00,INTERNAL_TRANSFER
TX-N-02339,ACC-N-0791,ACC-N-0701,18072.59,2026-08-04T01:47:38+00:00,INTERNAL_TRANSFER
TX-N-02340,ACC-N-0660,EXT-A-049-3,1591.37,2026-02-18T18:32:50+00:00,INTERNAL_TRANSFER
TX-N-02341,ACC-N-0906,EXT-A-018-4,7870.46,2026-09-14T18:54:07+00:00,WIRE
TX-N-02342,ACC-N-0962,EXT-A-059-1,853.12,2026-09-20T16:06:52+00:00,INTERNAL_TRANSFER
TX-N-02343,ACC-N-0550,ACC-N-0828,5635.56,2026-06-11T03:16:57+00:00,WIRE
TX-N-02344,ACC-N-0698,ACC-N-0447,14607.04,2026-06-16T10:20:14+00:00,INTERNAL_TRANSFER
TX-N-02345,ACC-N-0600,ACC-N-0750,277.49,2026-10-31T20:51:44+00:00,INTERNAL_TRANSFER
TX-N-02346,EXT-A-036-2,ACC-N-0905,2473.07,2026-10-22T05:00:20+00:00,INTERNAL_TRANSFER
TX-N-02347,EXT-A-041-3,ACC-N-0909,7526.99,2026-08-31T12:00:22+00:00,INTERNAL_TRANSFER
TX-N-02348,ACC-N-0963,ACC-N-0766,3880.35,2026-05-02T15:47:03+00:00,INTERNAL_TRANSFER
TX-N-02349,EXT-A-030-1,ACC-N-0972,53845.5,2026-10-11T08:53:25+00:00,WIRE
TX-N-02350,ACC-N-0811,EXT-A-039-3,28506.69,2026-06-04T07:23:22+00:00,INTERNAL_TRANSFER
TX-N-02351,ACC-N-0772,ACC-N-0678,2601.51,2026-06-02T02:32:53+00:00,INTERNAL_TRANSFER
TX-N-02352,EXT-A-067-2,ACC-N-0486,823.38,2026-09-18T13:05:01+00:00,INTERNAL_TRANSFER
TX-N-02353,ACC-N-0978,EXT-A-022-2,792.24,2026-04-06T19:03:45+00:00,WIRE
TX-N-02354,EXT-A-016-4,ACC-N-0791,5956.98,2026-08-22T00:25:49+00:00,WIRE
TX-N-02355,EXT-A-072-3,EXT-A-908166,4938.79,2026-01-29T21:27:19+00:00,INTERNAL_TRANSFER
TX-N-02356,ACC-N-0781,ACC-N-0836,3105.24,2026-11-09T23:46:32+00:00,INTERNAL_TRANSFER
TX-N-02357,EXT-A-064-1,EXT-A-026-2,32815.0,2026-04-15T15:25:41+00:00,INTERNAL_TRANSFER
TX-N-02358,ACC-N-0511,EXT-A-068-2,8844.23,2026-06-30T21:08:51+00:00,INTERNAL_TRANSFER
TX-N-02359,EXT-A-058-4,EXT-A-036-1,561.74,2026-03-18T08:46:22+00:00,INTERNAL_TRANSFER
TX-N-02360,ACC-B-02-C,ACC-N-0678,4923.6,2026-09-05T09:53:15+00:00,INTERNAL_TRANSFER
TX-N-02361,EXT-A-025-2,ACC-N-0778,4097.45,2026-06-27T18:15:41+00:00,INTERNAL_TRANSFER
TX-N-02362,ACC-N-0714,ACC-N-0395,1667.59,2026-11-29T21:28:53+00:00,INTERNAL_TRANSFER
TX-N-02363,EXT-A-011-3,ACC-N-0510,440.39,2026-05-28T20:50:10+00:00,INTERNAL_TRANSFER
TX-N-02364,EXT-A-033-3,EXT-A-038-3,21431.8,2026-08-01T18:35:44+00:00,INTERNAL_TRANSFER
TX-N-02365,ACC-N-0416,ACC-N-0837,7134.54,2026-06-04T00:08:04+00:00,INTERNAL_TRANSFER
TX-N-02366,EXT-A-040-4,ACC-N-0569,1910.57,2026-03-19T18:56:40+00:00,INTERNAL_TRANSFER
TX-N-02367,ACC-N-0514,ACC-N-0663,1037.52,2026-02-23T04:18:39+00:00,INTERNAL_TRANSFER
TX-N-02368,ACC-N-0432,ACC-C-HNW-01,4904.25,2026-04-20T23:50:31+00:00,INTERNAL_TRANSFER
TX-N-02369,ACC-N-0761,ACC-N-0663,5387.66,2026-09-14T06:19:49+00:00,INTERNAL_TRANSFER
TX-N-02370,ACC-N-0677,ACC-N-0569,5342.19,2026-06-11T03:36:34+00:00,INTERNAL_TRANSFER
TX-N-02371,ACC-N-0780,ACC-N-0424,779.81,2026-01-02T22:04:43+00:00,INTERNAL_TRANSFER
TX-N-02372,ACC-N-0946,EXT-A-030-3,760.79,2026-07-05T01:43:29+00:00,INTERNAL_TRANSFER
TX-N-02373,ACC-N-0464,ACC-N-0947,1336.6,2026-11-13T18:11:39+00:00,INTERNAL_TRANSFER
TX-N-02374,EXT-A-067-2,ACC-N-0845,5044.9,2026-03-14T15:22:20+00:00,INTERNAL_TRANSFER
TX-N-02375,ACC-N-0427,ACC-N-0665,22155.06,2026-03-15T23:41:56+00:00,WIRE
TX-N-02376,EXT-A-050-4,ACC-N-0606,1763.1,2026-04-22T23:31:44+00:00,INTERNAL_TRANSFER
TX-N-02377,ACC-N-0538,ACC-N-0901,644.47,2026-10-27T05:00:13+00:00,INTERNAL_TRANSFER
TX-N-02378,ACC-N-0640,ACC-N-0785,4246.37,2026-03-17T06:41:12+00:00,WIRE
TX-N-02379,ACC-N-0441,ACC-N-0730,10168.53,2026-07-09T22:24:14+00:00,INTERNAL_TRANSFER
TX-N-02380,ACC-N-0659,ACC-N-0783,1584.96,2026-08-13T03:24:46+00:00,WIRE
TX-N-02381,ACC-N-0630,EXT-A-069-3,9337.33,2026-11-04T13:55:36+00:00,INTERNAL_TRANSFER
TX-N-02382,ACC-N-0723,ACC-N-0476,39415.55,2026-07-30T17:56:29+00:00,WIRE
TX-N-02383,ACC-C-HNW-06,ACC-N-0555,15923.06,2026-08-05T06:37:47+00:00,WIRE
TX-N-02384,ACC-N-0752,EXT-A-006-2,8172.0,2026-06-15T13:41:38+00:00,INTERNAL_TRANSFER
TX-N-02385,EXT-A-033-3,EXT-A-020-1,4526.15,2026-11-10T03:50:09+00:00,ATM
TX-N-02386,EXT-A-020-2,ACC-N-0571,6230.52,2026-11-02T07:20:35+00:00,INTERNAL_TRANSFER
TX-N-02387,EXT-A-019-1,ACC-N-0811,1401.81,2026-05-12T21:04:32+00:00,INTERNAL_TRANSFER
TX-N-02388,EXT-A-065-2,ACC-N-0439,3360.4,2026-12-29T11:39:30+00:00,INTERNAL_TRANSFER
TX-N-02389,EXT-A-037-3,ACC-N-0906,6769.35,2026-04-16T11:42:45+00:00,INTERNAL_TRANSFER
TX-N-02390,ACC-N-0763,ACC-N-0630,11575.92,2026-11-10T20:19:16+00:00,INTERNAL_TRANSFER
TX-N-02391,ACC-N-0573,ACC-N-0976,7105.07,2026-09-02T02:40:06+00:00,ATM
TX-N-02392,EXT-A-068-3,EXT-A-058-4,12677.1,2026-04-20T09:57:29+00:00,INTERNAL_TRANSFER
TX-N-02393,ACC-N-0484,ACC-N-0923,5330.08,2026-01-26T06:51:59+00:00,ATM
TX-N-02394,EXT-A-009-4,ACC-N-0528,4161.91,2026-08-04T09:40:31+00:00,WIRE
TX-N-02395,ACC-N-0625,EXT-A-042-2,4814.9,2026-05-18T15:09:03+00:00,INTERNAL_TRANSFER
TX-N-02396,ACC-N-0657,ACC-N-0883,6613.47,2026-03-24T15:14:32+00:00,WIRE
TX-N-02397,ACC-N-0703,EXT-A-068-2,2379.73,2026-05-13T00:09:58+00:00,WIRE
TX-N-02398,EXT-A-002-2,ACC-N-0537,2564.0,2026-07-30T21:38:40+00:00,INTERNAL_TRANSFER
TX-N-02399,ACC-B-C,EXT-A-069-1,1755.56,2026-08-19T15:04:23+00:00,INTERNAL_TRANSFER
TX-N-02400,EXT-A-035-1,EXT-A-027-2,4400.5,2026-09-19T09:57:41+00:00,INTERNAL_TRANSFER
TX-N-02401,EXT-A-032-3,ACC-N-0849,13894.3,2026-09-02T05:57:51+00:00,INTERNAL_TRANSFER
TX-N-02402,EXT-A-019-1,EXT-A-067-1,2668.25,2026-03-02T19:01:13+00:00,INTERNAL_TRANSFER
TX-N-02403,ACC-N-0889,ACC-N-0425,18029.64,2026-09-14T11:46:04+00:00,INTERNAL_TRANSFER
TX-N-02404,EXT-A-062-2,ACC-N-0680,4925.88,2026-08-11T22:40:47+00:00,WIRE
TX-N-02405,ACC-N-0790,ACC-N-0846,30219.24,2026-12-18T22:57:14+00:00,ATM
TX-N-02406,ACC-N-0999,EXT-A-018-2,7980.54,2026-06-27T11:04:34+00:00,INTERNAL_TRANSFER
TX-N-02407,EXT-A-040-3,EXT-A-045-3,2041.26,2026-01-18T04:30:12+00:00,INTERNAL_TRANSFER
TX-N-02408,EXT-A-064-1,EXT-A-005-3,3200.59,2026-10-14T07:40:59+00:00,INTERNAL_TRANSFER
TX-N-02409,ACC-N-0714,EXT-A-055-3,14840.35,2026-06-21T13:36:54+00:00,INTERNAL_TRANSFER
TX-N-02410,EXT-A-014-2,ACC-N-0633,2343.42,2026-02-16T06:32:06+00:00,INTERNAL_TRANSFER
TX-N-02411,ACC-N-0455,EXT-A-014-1,1288.34,2026-04-08T10:23:24+00:00,INTERNAL_TRANSFER
TX-N-02412,ACC-N-0925,ACC-N-0896,4986.82,2026-08-20T18:17:35+00:00,INTERNAL_TRANSFER
TX-N-02413,EXT-A-051-4,ACC-N-0861,7133.19,2026-08-20T20:58:33+00:00,INTERNAL_TRANSFER
TX-N-02414,ACC-N-0530,ACC-N-0493,5506.99,2026-10-08T18:22:22+00:00,WIRE
TX-N-02415,ACC-B-02-A,EXT-A-007-4,4426.92,2026-02-16T01:23:30+00:00,INTERNAL_TRANSFER
TX-N-02416,ACC-N-0896,ACC-N-0722,28010.76,2026-03-29T06:24:14+00:00,INTERNAL_TRANSFER
TX-N-02417,ACC-N-0552,ACC-N-0415,1934.97,2026-08-14T05:40:46+00:00,ATM
TX-N-02418,ACC-N-0997,ACC-N-0979,13259.37,2026-11-02T15:35:19+00:00,INTERNAL_TRANSFER
TX-N-02419,ACC-N-0729,ACC-N-0585,1826.45,2026-05-09T06:53:54+00:00,WIRE
TX-N-02420,ACC-N-0867,EXT-A-041-1,1167.7,2026-01-15T02:57:36+00:00,INTERNAL_TRANSFER
TX-N-02421,ACC-N-0416,EXT-A-867458,4375.72,2026-07-06T10:28:59+00:00,INTERNAL_TRANSFER
TX-N-02422,EXT-A-003-3,EXT-A-033-3,1016.85,2026-01-18T17:26:07+00:00,INTERNAL_TRANSFER
TX-N-02423,ACC-N-0834,ACC-N-0810,8901.9,2026-08-05T04:15:28+00:00,INTERNAL_TRANSFER
TX-N-02424,ACC-N-0890,ACC-N-0411,1587.95,2026-12-23T20:25:48+00:00,INTERNAL_TRANSFER
TX-N-02425,ACC-C-PAY-02,EXT-A-021-2,6064.7,2026-06-27T13:51:21+00:00,INTERNAL_TRANSFER
TX-N-02426,ACC-N-0550,ACC-N-0802,4770.0,2026-01-13T01:27:02+00:00,INTERNAL_TRANSFER
TX-N-02427,ACC-N-0897,ACC-N-0397,16403.39,2026-12-14T10:21:58+00:00,INTERNAL_TRANSFER
TX-N-02428,ACC-N-0470,EXT-A-066-3,3511.01,2026-04-13T07:47:46+00:00,INTERNAL_TRANSFER
TX-N-02429,EXT-A-042-1,ACC-N-0625,3058.8,2026-10-24T16:24:30+00:00,INTERNAL_TRANSFER
TX-N-02430,ACC-N-0897,EXT-A-063-4,10766.79,2026-11-07T17:38:14+00:00,INTERNAL_TRANSFER
TX-N-02431,EXT-A-069-2,ACC-N-0985,5185.97,2026-10-25T23:34:32+00:00,INTERNAL_TRANSFER
TX-N-02432,ACC-N-0838,ACC-N-0982,217.34,2026-06-11T04:05:37+00:00,INTERNAL_TRANSFER
TX-N-02433,ACC-N-0955,ACC-N-0735,1240.89,2026-10-02T06:49:54+00:00,INTERNAL_TRANSFER
TX-N-02434,ACC-N-0405,ACC-N-0801,7682.23,2026-10-01T00:28:42+00:00,INTERNAL_TRANSFER
TX-N-02435,ACC-N-0793,ACC-N-0422,5862.19,2026-08-06T13:15:24+00:00,INTERNAL_TRANSFER
TX-N-02436,ACC-N-0891,ACC-N-0838,4122.42,2026-08-23T18:12:26+00:00,ATM
TX-N-02437,ACC-N-0497,EXT-A-071-1,2065.44,2026-09-22T00:01:03+00:00,INTERNAL_TRANSFER
TX-N-02438,EXT-A-046-1,ACC-B-02-C,2864.29,2026-03-31T18:12:42+00:00,INTERNAL_TRANSFER
TX-N-02439,ACC-B-04-B,EXT-A-025-2,3216.59,2026-06-07T10:56:43+00:00,INTERNAL_TRANSFER
TX-N-02440,ACC-N-0757,ACC-N-0859,19494.22,2026-06-11T18:09:48+00:00,ATM
TX-N-02441,EXT-A-050-2,ACC-N-0848,4221.77,2026-08-29T21:58:51+00:00,WIRE
TX-N-02442,ACC-N-0768,EXT-A-036-3,11889.65,2026-03-17T19:52:50+00:00,WIRE
TX-N-02443,ACC-C-PAY-12,ACC-N-0756,4747.63,2026-03-31T18:22:50+00:00,WIRE
TX-N-02444,ACC-N-0946,ACC-N-0724,6010.99,2026-04-18T23:35:56+00:00,INTERNAL_TRANSFER
TX-N-02445,ACC-N-0813,ACC-N-0779,8755.81,2026-03-24T15:59:48+00:00,INTERNAL_TRANSFER
TX-N-02446,EXT-A-012-2,EXT-A-017-2,1925.69,2026-03-29T17:04:25+00:00,INTERNAL_TRANSFER
TX-N-02447,ACC-N-0795,EXT-A-048-1,3425.15,2026-11-20T09:45:48+00:00,INTERNAL_TRANSFER
TX-N-02448,ACC-N-0464,ACC-N-0602,9142.71,2026-03-13T12:54:35+00:00,INTERNAL_TRANSFER
TX-N-02449,EXT-A-056-4,EXT-A-018-2,2217.59,2026-03-10T20:33:08+00:00,INTERNAL_TRANSFER
TX-N-02450,ACC-N-0809,ACC-N-0923,962.44,2026-04-04T17:58:45+00:00,INTERNAL_TRANSFER
TX-N-02451,EXT-A-025-4,EXT-A-030-4,2520.83,2026-10-21T17:14:03+00:00,INTERNAL_TRANSFER
TX-N-02452,ACC-N-0821,ACC-N-0403,5958.53,2026-08-14T06:32:23+00:00,INTERNAL_TRANSFER
TX-N-02453,EXT-A-011-2,ACC-N-0893,1579.28,2026-12-28T16:54:52+00:00,INTERNAL_TRANSFER
TX-N-02454,EXT-A-045-1,ACC-N-0533,4044.83,2026-11-28T09:34:00+00:00,INTERNAL_TRANSFER
TX-N-02455,ACC-N-0957,ACC-N-0675,3465.6,2026-01-20T06:22:56+00:00,WIRE
TX-N-02456,ACC-N-0404,ACC-N-0509,59674.89,2026-01-20T17:04:57+00:00,INTERNAL_TRANSFER
TX-N-02457,ACC-N-0526,ACC-N-0589,5775.12,2026-03-21T12:19:06+00:00,INTERNAL_TRANSFER
TX-N-02458,ACC-N-0606,EXT-A-063-3,6424.4,2026-01-08T18:42:35+00:00,INTERNAL_TRANSFER
TX-N-02459,ACC-N-0907,ACC-N-0748,807.12,2026-06-24T01:14:29+00:00,INTERNAL_TRANSFER
TX-N-02460,EXT-A-036-3,ACC-N-0599,5142.82,2026-08-17T07:44:00+00:00,WIRE
TX-N-02461,EXT-A-066-4,EXT-A-062-3,4049.31,2026-11-13T17:56:11+00:00,INTERNAL_TRANSFER
TX-N-02462,ACC-N-0709,ACC-N-0725,14075.05,2026-07-30T22:20:27+00:00,INTERNAL_TRANSFER
TX-N-02463,ACC-N-0924,ACC-N-0559,1574.79,2026-01-20T10:42:30+00:00,INTERNAL_TRANSFER
TX-N-02464,ACC-N-0448,ACC-N-0609,8645.51,2026-05-20T14:50:56+00:00,INTERNAL_TRANSFER
TX-N-02465,ACC-N-0394,ACC-N-0513,13465.35,2026-03-14T06:41:24+00:00,ATM
TX-N-02466,ACC-N-0453,ACC-N-0766,1346.97,2026-10-07T16:36:30+00:00,INTERNAL_TRANSFER
TX-N-02467,ACC-N-0910,ACC-N-0498,16955.94,2026-01-17T12:07:43+00:00,INTERNAL_TRANSFER
TX-N-02468,ACC-N-0739,ACC-B-04-A,5636.0,2026-03-16T18:12:26+00:00,WIRE
TX-N-02469,ACC-N-0451,ACC-N-0675,20656.28,2026-12-14T13:23:46+00:00,INTERNAL_TRANSFER
TX-N-02470,ACC-N-0721,ACC-N-0656,743.74,2026-01-16T17:47:19+00:00,INTERNAL_TRANSFER
TX-N-02471,ACC-N-0969,ACC-N-0995,16994.36,2026-06-06T21:47:31+00:00,WIRE
TX-N-02472,ACC-N-0405,ACC-N-0516,4356.3,2026-11-26T05:12:47+00:00,INTERNAL_TRANSFER
TX-N-02473,EXT-A-908166,ACC-N-0685,5770.97,2026-11-20T10:45:47+00:00,INTERNAL_TRANSFER
TX-N-02474,EXT-A-027-3,ACC-N-0706,8941.68,2026-01-27T15:30:12+00:00,INTERNAL_TRANSFER
TX-N-02475,ACC-N-0800,EXT-A-045-3,6245.59,2026-04-17T20:39:48+00:00,INTERNAL_TRANSFER
TX-N-02476,EXT-A-038-3,ACC-N-0403,1577.71,2026-05-22T08:40:30+00:00,INTERNAL_TRANSFER
TX-N-02477,ACC-N-0473,ACC-N-0615,2704.76,2026-02-23T07:51:18+00:00,INTERNAL_TRANSFER
TX-N-02478,ACC-N-0606,ACC-N-0419,3321.97,2026-08-11T05:41:52+00:00,INTERNAL_TRANSFER
TX-N-02479,EXT-A-017-2,EXT-A-002-3,6319.14,2026-04-22T07:07:06+00:00,INTERNAL_TRANSFER
TX-N-02480,EXT-A-037-3,ACC-N-0445,9229.17,2026-09-26T00:42:14+00:00,INTERNAL_TRANSFER
TX-N-02481,EXT-A-060-1,ACC-N-0981,820.13,2026-05-20T09:35:17+00:00,WIRE
TX-N-02482,ACC-N-0592,EXT-A-067-3,5240.0,2026-05-23T19:59:29+00:00,ATM
TX-N-02483,ACC-N-0999,ACC-N-0457,12018.42,2026-10-26T21:39:10+00:00,INTERNAL_TRANSFER
TX-N-02484,ACC-N-0874,EXT-A-013-1,5915.56,2026-11-15T00:24:24+00:00,WIRE
TX-N-02485,EXT-A-064-3,ACC-N-0497,1727.27,2026-10-20T06:30:23+00:00,INTERNAL_TRANSFER
TX-N-02486,ACC-N-0491,ACC-N-0730,12522.58,2026-10-02T00:26:10+00:00,INTERNAL_TRANSFER
TX-N-02487,ACC-N-0436,ACC-N-0398,751.63,2026-08-23T07:16:10+00:00,WIRE
TX-N-02488,ACC-N-0947,ACC-N-0402,8400.96,2026-01-21T15:58:53+00:00,INTERNAL_TRANSFER
TX-N-02489,EXT-A-037-1,ACC-N-0897,5764.74,2026-07-17T18:55:53+00:00,INTERNAL_TRANSFER
TX-N-02490,ACC-N-0822,EXT-A-030-1,25082.59,2026-07-11T09:49:28+00:00,WIRE
TX-N-02491,ACC-N-0848,EXT-A-057-3,883.44,2026-09-19T01:41:27+00:00,ATM
TX-N-02492,ACC-C-PAY-11,EXT-A-002-1,3611.51,2026-08-18T09:45:18+00:00,INTERNAL_TRANSFER
TX-N-02493,EXT-A-010-2,EXT-A-043-4,17069.3,2026-01-30T14:26:37+00:00,ATM
TX-N-02494,EXT-A-053-4,ACC-N-0634,4798.96,2026-08-12T13:44:48+00:00,INTERNAL_TRANSFER
TX-N-02495,EXT-A-056-2,EXT-A-007-4,14223.76,2026-07-22T13:18:45+00:00,INTERNAL_TRANSFER
TX-N-02496,ACC-N-0454,ACC-N-0420,2625.43,2026-11-21T10:00:16+00:00,INTERNAL_TRANSFER
TX-N-02497,EXT-A-059-3,EXT-A-043-3,13962.75,2026-10-23T11:29:41+00:00,INTERNAL_TRANSFER
TX-N-02498,ACC-N-0566,ACC-N-0631,4016.78,2026-05-23T08:25:54+00:00,WIRE
TX-N-02499,EXT-A-026-3,EXT-A-025-1,3454.57,2026-02-12T07:07:34+00:00,WIRE
TX-N-02500,ACC-N-0576,EXT-A-013-3,507.52,2026-05-20T15:24:50+00:00,WIRE
TX-N-02501,ACC-N-0564,EXT-A-026-2,2888.17,2026-04-04T12:21:43+00:00,INTERNAL_TRANSFER
TX-N-02502,ACC-N-0856,ACC-N-0567,4726.74,2026-10-02T06:25:13+00:00,INTERNAL_TRANSFER
TX-N-02503,ACC-N-0529,EXT-A-052-3,3734.91,2026-08-20T04:12:21+00:00,INTERNAL_TRANSFER
TX-N-02504,EXT-A-065-2,ACC-N-0495,3316.96,2026-02-24T03:15:33+00:00,WIRE
TX-N-02505,EXT-A-008-3,ACC-N-0681,2163.41,2026-11-12T12:40:16+00:00,WIRE
TX-N-02506,ACC-N-0444,ACC-N-0767,707.23,2026-05-06T06:39:54+00:00,INTERNAL_TRANSFER
TX-N-02507,ACC-N-0725,ACC-N-0402,22893.4,2026-07-08T06:38:37+00:00,INTERNAL_TRANSFER
TX-N-02508,ACC-N-0608,EXT-A-009-2,4015.82,2026-03-23T06:01:59+00:00,INTERNAL_TRANSFER
TX-N-02509,EXT-A-071-4,ACC-N-0882,4458.83,2026-08-11T11:41:51+00:00,ATM
TX-N-02510,ACC-N-0608,EXT-A-031-4,7786.49,2026-01-28T05:32:01+00:00,INTERNAL_TRANSFER
TX-N-02511,EXT-A-069-3,ACC-N-0689,932.45,2026-03-31T18:46:38+00:00,INTERNAL_TRANSFER
TX-N-02512,ACC-N-0460,ACC-N-0681,5237.59,2026-03-23T08:42:11+00:00,INTERNAL_TRANSFER
TX-N-02513,ACC-N-0865,EXT-A-053-2,3079.32,2026-07-24T22:07:40+00:00,INTERNAL_TRANSFER
TX-N-02514,ACC-N-0482,ACC-N-0536,8652.91,2026-06-02T10:53:09+00:00,WIRE
TX-N-02515,ACC-N-0878,ACC-N-0763,6331.02,2026-01-10T00:03:25+00:00,INTERNAL_TRANSFER
TX-N-02516,ACC-N-0768,ACC-N-0708,1886.27,2026-01-02T12:54:12+00:00,INTERNAL_TRANSFER
TX-N-02517,ACC-N-0692,ACC-N-0434,685.54,2026-06-21T02:40:08+00:00,WIRE
TX-N-02518,ACC-N-0400,ACC-N-0725,4941.79,2026-02-07T14:20:07+00:00,WIRE
TX-N-02519,EXT-A-005-2,EXT-A-063-4,1144.23,2026-02-22T06:48:59+00:00,WIRE
TX-N-02520,EXT-A-054-1,ACC-N-0922,1363.41,2026-02-20T09:42:37+00:00,INTERNAL_TRANSFER
TX-N-02521,EXT-A-067-1,ACC-N-0945,5983.68,2026-08-31T11:29:00+00:00,INTERNAL_TRANSFER
TX-N-02522,ACC-N-0815,EXT-A-004-1,1025.3,2026-12-13T23:47:01+00:00,INTERNAL_TRANSFER
TX-N-02523,ACC-N-0635,ACC-N-0610,1035.73,2026-03-15T16:46:39+00:00,INTERNAL_TRANSFER
TX-N-02524,EXT-A-018-3,ACC-N-0940,12254.01,2026-05-04T19:32:24+00:00,INTERNAL_TRANSFER
TX-N-02525,ACC-N-0558,EXT-A-042-1,6060.19,2026-08-18T14:19:17+00:00,INTERNAL_TRANSFER
TX-N-02526,ACC-N-0502,ACC-N-1000,1348.0,2026-01-15T16:26:07+00:00,WIRE
TX-N-02527,ACC-N-0542,EXT-A-028-1,4203.69,2026-06-15T19:13:05+00:00,INTERNAL_TRANSFER
TX-N-02528,ACC-N-0676,ACC-N-0718,9707.72,2026-05-18T10:07:56+00:00,INTERNAL_TRANSFER
TX-N-02529,ACC-N-0933,ACC-N-0663,3078.32,2026-05-09T01:50:33+00:00,INTERNAL_TRANSFER
TX-N-02530,EXT-A-035-1,EXT-A-061-2,2555.13,2026-06-26T09:01:24+00:00,INTERNAL_TRANSFER
TX-N-02531,EXT-A-030-3,ACC-N-0847,9037.02,2026-07-14T14:20:28+00:00,INTERNAL_TRANSFER
TX-N-02532,ACC-N-0475,ACC-N-0515,16451.78,2026-06-01T06:13:58+00:00,INTERNAL_TRANSFER
TX-N-02533,ACC-N-0853,ACC-N-0410,8108.97,2026-03-07T22:15:05+00:00,WIRE
TX-N-02534,ACC-N-0511,EXT-A-042-3,4188.85,2026-07-24T19:09:56+00:00,INTERNAL_TRANSFER
TX-N-02535,ACC-N-0697,EXT-A-069-4,5208.25,2026-04-20T23:18:14+00:00,WIRE
TX-N-02536,ACC-N-0882,ACC-N-0525,25041.9,2026-09-23T01:40:05+00:00,INTERNAL_TRANSFER
TX-N-02537,ACC-N-0865,ACC-N-0947,4752.9,2026-02-07T03:18:20+00:00,INTERNAL_TRANSFER
TX-N-02538,ACC-N-0541,ACC-N-0435,3359.97,2026-02-25T19:06:59+00:00,ATM
TX-N-02539,ACC-N-0998,EXT-A-044-4,4193.15,2026-11-16T01:15:12+00:00,INTERNAL_TRANSFER
TX-N-02540,ACC-N-0627,ACC-N-0779,2482.52,2026-03-20T11:44:32+00:00,ATM
TX-N-02541,ACC-C-CORP,EXT-A-045-3,462.8,2026-12-03T09:04:19+00:00,WIRE
TX-N-02542,ACC-N-0538,EXT-A-060-1,48550.84,2026-03-04T17:08:13+00:00,ATM
TX-N-02543,ACC-N-0901,EXT-A-043-3,24470.63,2026-12-04T13:40:21+00:00,INTERNAL_TRANSFER
TX-N-02544,EXT-A-044-4,ACC-N-0511,1194.04,2026-11-25T06:57:37+00:00,WIRE
TX-N-02545,ACC-N-0458,ACC-C-PAY-03,2958.71,2026-03-08T09:51:47+00:00,WIRE
TX-N-02546,ACC-N-0873,ACC-N-0561,4799.45,2026-10-12T16:46:50+00:00,INTERNAL_TRANSFER
TX-N-02547,ACC-N-0437,ACC-C-PAY-12,19150.3,2026-10-11T01:33:28+00:00,INTERNAL_TRANSFER
TX-N-02548,ACC-N-0395,ACC-N-0510,1968.6,2026-03-10T12:02:24+00:00,INTERNAL_TRANSFER
TX-N-02549,ACC-N-0525,ACC-N-0754,5307.75,2026-05-11T01:05:43+00:00,INTERNAL_TRANSFER
TX-N-02550,EXT-A-006-4,EXT-A-034-2,4493.87,2026-01-27T05:44:30+00:00,INTERNAL_TRANSFER
TX-N-02551,ACC-N-0550,ACC-B-03-C,17053.93,2026-02-04T05:16:37+00:00,INTERNAL_TRANSFER
TX-N-02552,ACC-N-0796,EXT-A-006-3,5991.49,2026-08-26T10:34:51+00:00,ATM
TX-N-02553,ACC-N-0883,ACC-N-0730,9497.02,2026-07-12T14:29:15+00:00,INTERNAL_TRANSFER
TX-N-02554,ACC-N-0622,ACC-N-0598,6800.52,2026-09-07T09:58:14+00:00,INTERNAL_TRANSFER
TX-N-02555,ACC-N-0950,ACC-N-0936,27734.19,2026-08-19T00:25:29+00:00,INTERNAL_TRANSFER
TX-N-02556,ACC-N-0885,EXT-A-867458,3537.57,2026-08-21T17:31:44+00:00,INTERNAL_TRANSFER
TX-N-02557,ACC-N-0432,EXT-A-058-1,3816.96,2026-06-26T08:12:56+00:00,INTERNAL_TRANSFER
TX-N-02558,ACC-N-0773,ACC-C-HNW-05,3559.91,2026-08-26T10:53:34+00:00,ATM
TX-N-02559,ACC-N-0462,ACC-N-0604,1567.3,2026-04-05T22:50:10+00:00,WIRE
TX-N-02560,EXT-A-021-3,ACC-N-0974,4187.11,2026-09-18T21:58:33+00:00,WIRE
TX-N-02561,ACC-N-0797,ACC-C-PAY-08,2478.25,2026-07-18T18:06:07+00:00,INTERNAL_TRANSFER
TX-N-02562,ACC-N-0649,EXT-A-063-4,633.0,2026-06-07T15:24:43+00:00,INTERNAL_TRANSFER
TX-N-02563,EXT-A-029-4,ACC-N-0822,1359.88,2026-09-01T11:01:51+00:00,INTERNAL_TRANSFER
TX-N-02564,ACC-N-0462,ACC-N-0879,2409.49,2026-04-12T16:57:40+00:00,INTERNAL_TRANSFER
TX-N-02565,ACC-N-0434,ACC-N-0710,4488.41,2026-07-12T18:01:15+00:00,INTERNAL_TRANSFER
TX-N-02566,ACC-N-0415,ACC-N-0955,4042.1,2026-10-18T14:59:50+00:00,INTERNAL_TRANSFER
TX-N-02567,ACC-N-0767,EXT-A-069-4,1638.73,2026-02-15T19:24:44+00:00,INTERNAL_TRANSFER
TX-N-02568,ACC-N-0782,ACC-N-0626,1239.37,2026-04-16T03:14:31+00:00,INTERNAL_TRANSFER
TX-N-02569,EXT-A-040-2,ACC-N-0758,945.63,2026-09-25T13:34:03+00:00,WIRE
TX-N-02570,ACC-N-0789,EXT-A-002-2,8494.32,2026-08-06T20:29:27+00:00,INTERNAL_TRANSFER
TX-N-02571,EXT-A-042-3,ACC-N-0574,1164.97,2026-12-19T14:48:59+00:00,INTERNAL_TRANSFER
TX-N-02572,ACC-N-0962,ACC-N-0652,10351.75,2026-01-31T17:15:30+00:00,INTERNAL_TRANSFER
TX-N-02573,ACC-N-0902,ACC-N-0660,2825.89,2026-03-07T18:47:32+00:00,INTERNAL_TRANSFER
TX-N-02574,EXT-A-040-4,ACC-N-0846,4655.27,2026-01-01T01:05:39+00:00,INTERNAL_TRANSFER
TX-N-02575,ACC-N-0906,ACC-N-0823,17197.56,2026-08-23T19:13:41+00:00,INTERNAL_TRANSFER
TX-N-02576,ACC-N-0392,ACC-N-0404,1670.31,2026-03-26T11:13:24+00:00,INTERNAL_TRANSFER
TX-N-02577,EXT-A-012-2,ACC-N-0429,5033.85,2026-03-30T14:10:15+00:00,INTERNAL_TRANSFER
TX-N-02578,EXT-A-068-3,EXT-A-005-2,4227.76,2026-09-15T01:16:27+00:00,INTERNAL_TRANSFER
TX-N-02579,EXT-A-047-3,ACC-N-0689,13641.3,2026-01-02T14:57:07+00:00,INTERNAL_TRANSFER
TX-N-02580,ACC-N-0706,EXT-A-025-4,516.38,2026-07-05T21:35:31+00:00,INTERNAL_TRANSFER
TX-N-02581,EXT-A-064-2,EXT-A-028-2,2018.88,2026-02-07T20:04:02+00:00,INTERNAL_TRANSFER
TX-N-02582,ACC-N-0884,ACC-N-0558,1678.19,2026-12-09T14:27:49+00:00,INTERNAL_TRANSFER
TX-N-02583,EXT-A-027-3,EXT-A-307484,5181.15,2026-09-18T12:28:38+00:00,INTERNAL_TRANSFER
TX-N-02584,ACC-N-0722,EXT-A-029-4,18621.66,2026-03-07T19:38:31+00:00,INTERNAL_TRANSFER
TX-N-02585,EXT-A-006-2,ACC-N-0482,16212.29,2026-04-23T17:51:59+00:00,INTERNAL_TRANSFER
TX-N-02586,ACC-N-0548,EXT-A-020-4,1990.32,2026-11-08T20:09:16+00:00,INTERNAL_TRANSFER
TX-N-02587,ACC-N-0559,EXT-A-031-3,6433.07,2026-01-31T07:00:08+00:00,INTERNAL_TRANSFER
TX-N-02588,ACC-N-0760,ACC-N-0430,6415.2,2026-11-06T11:37:44+00:00,WIRE
TX-N-02589,ACC-N-0404,ACC-N-0678,4562.67,2026-07-14T23:09:27+00:00,INTERNAL_TRANSFER
TX-N-02590,ACC-N-0514,ACC-N-0579,6322.67,2026-12-08T20:50:38+00:00,WIRE
TX-N-02591,EXT-A-062-4,EXT-A-059-1,4934.27,2026-08-10T03:37:48+00:00,INTERNAL_TRANSFER
TX-N-02592,ACC-N-0506,EXT-A-067-1,16923.56,2026-09-30T08:12:07+00:00,INTERNAL_TRANSFER
TX-N-02593,EXT-A-036-3,ACC-N-0537,1687.24,2026-06-03T12:46:46+00:00,ATM
TX-N-02594,ACC-N-0476,ACC-N-0986,6324.89,2026-09-05T22:31:19+00:00,INTERNAL_TRANSFER
TX-N-02595,EXT-A-018-1,EXT-A-048-1,6607.63,2026-08-10T16:54:44+00:00,INTERNAL_TRANSFER
TX-N-02596,ACC-N-0978,EXT-A-028-1,30960.0,2026-04-12T16:27:26+00:00,WIRE
TX-N-02597,EXT-A-033-1,EXT-A-047-1,4388.17,2026-08-09T06:31:24+00:00,INTERNAL_TRANSFER
TX-N-02598,EXT-A-064-4,EXT-A-014-2,11525.97,2026-01-22T18:15:18+00:00,INTERNAL_TRANSFER
TX-N-02599,ACC-N-0774,ACC-N-0801,44427.07,2026-08-22T16:56:11+00:00,INTERNAL_TRANSFER
TX-N-02600,ACC-N-0804,EXT-A-072-3,26341.71,2026-08-19T18:15:34+00:00,ATM
TX-N-02601,ACC-N-0860,ACC-N-0438,5148.42,2026-08-25T14:57:00+00:00,INTERNAL_TRANSFER
TX-N-02602,ACC-N-0914,ACC-N-0955,2200.12,2026-12-02T12:25:11+00:00,WIRE
TX-N-02603,ACC-N-0929,ACC-N-0757,3658.64,2026-08-19T07:38:47+00:00,INTERNAL_TRANSFER
TX-N-02604,EXT-A-037-3,ACC-N-0851,19878.26,2026-09-07T13:52:35+00:00,WIRE
TX-N-02605,ACC-N-0756,ACC-N-0707,1871.53,2026-02-27T20:07:22+00:00,INTERNAL_TRANSFER
TX-N-02606,ACC-N-0486,ACC-N-0818,11456.82,2026-04-11T13:38:03+00:00,INTERNAL_TRANSFER
TX-N-02607,ACC-N-0781,ACC-N-0782,7900.5,2026-10-08T13:54:27+00:00,ATM
TX-N-02608,ACC-N-0589,ACC-N-0732,3665.49,2026-07-09T19:35:57+00:00,INTERNAL_TRANSFER
TX-N-02609,EXT-A-025-2,ACC-N-0740,1028.13,2026-05-03T04:33:45+00:00,ATM
TX-N-02610,ACC-N-0454,ACC-N-0857,11541.23,2026-02-05T12:34:21+00:00,WIRE
TX-N-02611,ACC-N-0705,ACC-N-0791,1039.37,2026-07-11T20:43:16+00:00,INTERNAL_TRANSFER
TX-N-02612,ACC-N-0579,ACC-N-0526,6138.93,2026-04-29T04:17:20+00:00,INTERNAL_TRANSFER
TX-N-02613,ACC-N-0717,ACC-N-0899,6675.1,2026-02-19T09:50:42+00:00,WIRE
TX-N-02614,ACC-N-0443,ACC-N-0999,5697.65,2026-02-18T17:26:46+00:00,WIRE
TX-N-02615,ACC-N-0673,EXT-A-070-1,8040.54,2026-04-08T17:08:32+00:00,WIRE
TX-N-02616,ACC-N-0733,EXT-A-019-2,9718.94,2026-12-13T02:53:51+00:00,ATM
TX-N-02617,ACC-N-0595,EXT-A-064-1,2296.53,2026-07-23T14:44:28+00:00,WIRE
TX-N-02618,ACC-N-0458,ACC-N-0716,9491.72,2026-01-25T18:10:07+00:00,INTERNAL_TRANSFER
TX-N-02619,EXT-A-067-4,ACC-N-0895,2251.87,2026-04-11T00:10:08+00:00,WIRE
TX-N-02620,EXT-A-058-2,ACC-N-0612,8348.99,2026-04-23T08:23:58+00:00,WIRE
TX-N-02621,EXT-A-002-4,ACC-N-0663,2120.08,2026-03-27T02:33:03+00:00,ATM
TX-N-02622,ACC-N-0889,EXT-A-062-1,3336.32,2026-01-13T18:06:42+00:00,WIRE
TX-N-02623,EXT-A-021-1,ACC-N-0475,2818.56,2026-09-29T19:08:20+00:00,WIRE
TX-N-02624,ACC-N-0648,ACC-N-0747,9052.1,2026-04-20T22:20:19+00:00,ATM
TX-N-02625,EXT-A-037-2,EXT-A-056-4,4012.95,2026-07-07T01:25:35+00:00,INTERNAL_TRANSFER
TX-N-02626,ACC-N-0901,ACC-N-0777,3672.15,2026-07-17T01:39:51+00:00,INTERNAL_TRANSFER
TX-N-02627,ACC-N-0703,EXT-A-047-4,4168.07,2026-09-02T13:42:18+00:00,INTERNAL_TRANSFER
TX-N-02628,EXT-A-045-2,EXT-A-009-4,20354.41,2026-02-26T20:12:43+00:00,INTERNAL_TRANSFER
TX-N-02629,ACC-N-0672,EXT-A-035-4,7044.71,2026-03-26T07:42:58+00:00,INTERNAL_TRANSFER
TX-N-02630,ACC-N-0663,EXT-A-027-3,5316.8,2026-04-05T07:33:04+00:00,INTERNAL_TRANSFER
TX-N-02631,EXT-A-060-2,ACC-N-0411,3500.5,2026-03-26T23:36:50+00:00,WIRE
TX-N-02632,ACC-N-0698,ACC-C-HNW-02,1227.05,2026-12-22T04:36:45+00:00,WIRE
TX-N-02633,ACC-N-0876,ACC-N-0422,2182.19,2026-08-31T04:18:21+00:00,INTERNAL_TRANSFER
TX-N-02634,EXT-A-062-3,ACC-N-0936,22009.94,2026-02-06T06:32:42+00:00,INTERNAL_TRANSFER
TX-N-02635,EXT-A-003-3,ACC-N-0785,9134.36,2026-12-29T21:41:19+00:00,ATM
TX-N-02636,ACC-N-0427,EXT-A-067-4,5249.05,2026-09-19T00:12:58+00:00,WIRE
TX-N-02637,EXT-A-031-1,EXT-A-038-4,1896.84,2026-08-01T01:11:51+00:00,WIRE
TX-N-02638,ACC-N-0700,ACC-N-0854,1594.31,2026-05-06T05:44:09+00:00,INTERNAL_TRANSFER
TX-N-02639,ACC-N-0914,EXT-A-048-2,1735.35,2026-02-17T17:45:29+00:00,WIRE
TX-N-02640,ACC-N-0929,ACC-N-0507,74503.06,2026-10-19T05:52:41+00:00,INTERNAL_TRANSFER
TX-N-02641,ACC-N-0530,ACC-N-0395,1085.1,2026-05-28T23:27:31+00:00,INTERNAL_TRANSFER
TX-N-02642,ACC-N-0808,ACC-N-0443,15898.83,2026-09-20T14:20:06+00:00,WIRE
TX-N-02643,EXT-A-018-4,EXT-A-018-1,3692.31,2026-04-29T23:22:49+00:00,INTERNAL_TRANSFER
TX-N-02644,EXT-A-052-2,EXT-A-024-4,2608.31,2026-09-11T19:49:17+00:00,INTERNAL_TRANSFER
TX-N-02645,ACC-N-0772,EXT-A-006-3,6177.0,2026-05-01T15:14:53+00:00,INTERNAL_TRANSFER
TX-N-02646,ACC-N-0633,ACC-N-0769,1185.61,2026-02-06T13:55:39+00:00,INTERNAL_TRANSFER
TX-N-02647,ACC-N-0516,ACC-N-0513,2194.68,2026-08-07T19:28:24+00:00,INTERNAL_TRANSFER
TX-N-02648,ACC-N-0861,ACC-N-0783,5266.86,2026-10-12T01:14:27+00:00,INTERNAL_TRANSFER
TX-N-02649,EXT-A-026-3,ACC-N-0754,4334.42,2026-06-30T19:52:32+00:00,WIRE
TX-N-02650,EXT-A-052-1,ACC-N-0639,11518.51,2026-11-16T03:24:24+00:00,INTERNAL_TRANSFER
TX-N-02651,ACC-N-0643,EXT-A-050-2,2668.9,2026-12-07T07:44:41+00:00,WIRE
TX-N-02652,ACC-N-0609,EXT-A-026-2,26935.28,2026-08-21T01:17:37+00:00,ATM
TX-N-02653,EXT-A-042-1,ACC-N-0923,3580.01,2026-12-13T06:13:31+00:00,INTERNAL_TRANSFER
TX-N-02654,ACC-N-0671,EXT-A-011-4,3676.87,2026-01-13T23:53:20+00:00,WIRE
TX-N-02655,ACC-N-0548,ACC-B-02-C,1382.84,2026-12-14T20:45:01+00:00,INTERNAL_TRANSFER
TX-N-02656,ACC-N-0537,ACC-N-0921,2542.2,2026-03-12T04:15:04+00:00,WIRE
TX-N-02657,ACC-N-0641,ACC-N-0649,13511.27,2026-08-28T18:37:33+00:00,INTERNAL_TRANSFER
TX-N-02658,EXT-A-029-1,ACC-N-0955,4903.09,2026-09-29T05:02:19+00:00,INTERNAL_TRANSFER
TX-N-02659,ACC-N-0525,ACC-N-0741,5379.2,2026-01-19T01:21:23+00:00,INTERNAL_TRANSFER
TX-N-02660,EXT-A-022-2,ACC-N-0641,11032.84,2026-12-07T22:41:00+00:00,INTERNAL_TRANSFER
TX-N-02661,EXT-A-044-4,ACC-N-0998,3253.64,2026-07-26T19:47:23+00:00,ATM
TX-N-02662,ACC-N-0735,EXT-A-042-2,2462.95,2026-03-07T12:25:35+00:00,INTERNAL_TRANSFER
TX-N-02663,ACC-N-0452,ACC-N-0801,37491.95,2026-01-16T08:00:28+00:00,INTERNAL_TRANSFER
TX-N-02664,EXT-A-031-4,ACC-N-0972,4963.66,2026-02-23T04:53:08+00:00,WIRE
TX-N-02665,EXT-A-043-4,EXT-A-011-4,10908.3,2026-10-14T16:27:33+00:00,INTERNAL_TRANSFER
TX-N-02666,ACC-N-0899,ACC-N-0885,3260.48,2026-03-30T00:01:03+00:00,INTERNAL_TRANSFER
TX-N-02667,ACC-N-0887,ACC-N-0666,3346.78,2026-04-07T19:35:44+00:00,WIRE
TX-N-02668,ACC-N-0495,EXT-A-031-3,1259.4,2026-11-26T01:13:41+00:00,WIRE
TX-N-02669,ACC-N-0779,ACC-N-0982,3342.51,2026-05-13T07:35:01+00:00,INTERNAL_TRANSFER
TX-N-02670,EXT-A-038-3,EXT-A-033-2,14851.08,2026-08-26T08:51:50+00:00,WIRE
TX-N-02671,ACC-N-0694,ACC-N-0467,53005.14,2026-04-27T07:29:52+00:00,INTERNAL_TRANSFER
TX-N-02672,ACC-N-0852,EXT-A-008-2,18167.81,2026-04-28T15:48:04+00:00,INTERNAL_TRANSFER
TX-N-02673,ACC-N-0575,ACC-N-0465,1419.8,2026-09-16T07:47:59+00:00,INTERNAL_TRANSFER
TX-N-02674,EXT-A-020-3,ACC-C-PAY-07,12533.38,2026-08-17T01:29:22+00:00,INTERNAL_TRANSFER
TX-N-02675,ACC-N-0589,EXT-A-016-4,95781.57,2026-10-16T11:31:46+00:00,INTERNAL_TRANSFER
TX-N-02676,ACC-N-0729,ACC-C-PAY-04,10289.48,2026-10-14T20:14:19+00:00,WIRE
TX-N-02677,ACC-N-0893,EXT-A-020-1,1081.45,2026-10-07T06:15:56+00:00,INTERNAL_TRANSFER
TX-N-02678,ACC-C-PAY-11,ACC-N-0562,2113.31,2026-07-05T06:08:32+00:00,INTERNAL_TRANSFER
TX-N-02679,ACC-N-0904,ACC-N-0928,11276.3,2026-02-25T20:00:26+00:00,INTERNAL_TRANSFER
TX-N-02680,ACC-N-0602,ACC-N-0840,5446.7,2026-04-14T12:13:37+00:00,INTERNAL_TRANSFER
TX-N-02681,EXT-A-021-1,ACC-N-0926,33649.98,2026-03-07T10:39:15+00:00,ATM
TX-N-02682,ACC-N-0455,EXT-A-016-1,7943.0,2026-08-20T15:49:06+00:00,WIRE
TX-N-02683,ACC-N-0615,ACC-N-0603,8350.64,2026-07-21T05:59:00+00:00,INTERNAL_TRANSFER
TX-N-02684,ACC-N-0744,ACC-N-0683,6667.42,2026-12-29T03:34:17+00:00,INTERNAL_TRANSFER
TX-N-02685,EXT-A-063-3,EXT-A-069-3,570.75,2026-10-06T14:14:09+00:00,INTERNAL_TRANSFER
TX-N-02686,ACC-N-0459,EXT-A-008-1,9752.1,2026-08-10T20:22:07+00:00,INTERNAL_TRANSFER
TX-N-02687,ACC-N-0485,ACC-N-0576,6456.63,2026-04-08T10:41:50+00:00,INTERNAL_TRANSFER
TX-N-02688,ACC-N-0453,ACC-N-0847,4216.62,2026-05-22T22:26:55+00:00,INTERNAL_TRANSFER
TX-N-02689,ACC-N-0541,ACC-N-0821,8109.12,2026-12-01T10:40:43+00:00,INTERNAL_TRANSFER
TX-N-02690,ACC-B-04-B,ACC-N-0420,1641.82,2026-12-20T05:31:45+00:00,WIRE
TX-N-02691,ACC-N-0620,ACC-N-0909,3330.46,2026-10-17T00:43:49+00:00,INTERNAL_TRANSFER
TX-N-02692,ACC-N-0663,ACC-N-0734,46465.71,2026-08-02T00:13:07+00:00,WIRE
TX-N-02693,ACC-N-0703,ACC-B-02-B,3423.65,2026-01-23T14:35:08+00:00,INTERNAL_TRANSFER
TX-N-02694,ACC-N-0603,ACC-N-0847,7240.62,2026-01-13T10:29:15+00:00,INTERNAL_TRANSFER
TX-N-02695,ACC-N-0509,ACC-N-0819,2424.66,2026-02-24T12:22:46+00:00,WIRE
TX-N-02696,EXT-A-011-4,EXT-A-021-4,1158.07,2026-10-01T13:40:57+00:00,INTERNAL_TRANSFER
TX-N-02697,ACC-N-0698,EXT-A-065-2,6884.03,2026-11-29T15:41:41+00:00,INTERNAL_TRANSFER
TX-N-02698,ACC-N-0740,EXT-A-041-2,9631.18,2026-06-23T01:26:48+00:00,INTERNAL_TRANSFER
TX-N-02699,EXT-A-035-3,EXT-A-028-3,4562.44,2026-10-20T23:12:48+00:00,INTERNAL_TRANSFER
TX-N-02700,EXT-A-070-1,EXT-A-044-4,2417.69,2026-11-03T11:53:20+00:00,INTERNAL_TRANSFER
TX-N-02701,ACC-C-HNW-05,ACC-N-0708,613.95,2026-10-15T03:05:40+00:00,INTERNAL_TRANSFER
TX-N-02702,ACC-N-0583,ACC-N-0840,4059.16,2026-08-02T14:01:52+00:00,INTERNAL_TRANSFER
TX-N-02703,ACC-N-0823,ACC-N-0465,38993.52,2026-08-09T22:35:15+00:00,INTERNAL_TRANSFER
TX-N-02704,ACC-N-0837,EXT-A-044-2,1195.56,2026-03-06T13:31:56+00:00,INTERNAL_TRANSFER
TX-N-02705,ACC-N-0402,ACC-N-0643,3310.26,2026-03-16T11:49:54+00:00,INTERNAL_TRANSFER
TX-N-02706,ACC-N-0834,ACC-N-0613,12672.21,2026-02-11T01:45:32+00:00,WIRE
TX-N-02707,EXT-A-072-4,ACC-N-0521,27100.46,2026-06-22T14:29:11+00:00,INTERNAL_TRANSFER
TX-N-02708,ACC-B-B,ACC-N-0418,34760.7,2026-05-09T03:32:05+00:00,WIRE
TX-N-02709,ACC-N-0659,EXT-A-908166,3298.31,2026-09-12T04:17:37+00:00,INTERNAL_TRANSFER
TX-N-02710,ACC-N-0839,EXT-A-015-4,13884.85,2026-12-28T05:19:45+00:00,INTERNAL_TRANSFER
TX-N-02711,EXT-A-058-3,EXT-A-018-1,27562.66,2026-09-21T01:40:34+00:00,INTERNAL_TRANSFER
TX-N-02712,ACC-N-0632,ACC-N-0464,19379.26,2026-08-11T22:53:14+00:00,WIRE
TX-N-02713,EXT-A-027-1,EXT-A-008-2,3918.43,2026-10-31T05:54:29+00:00,INTERNAL_TRANSFER
TX-N-02714,EXT-A-054-4,ACC-N-0608,2416.5,2026-03-30T20:34:32+00:00,INTERNAL_TRANSFER
TX-N-02715,ACC-N-0415,ACC-N-0845,1673.52,2026-07-21T07:55:48+00:00,ATM
TX-N-02716,EXT-A-049-4,ACC-N-0598,9479.29,2026-12-17T20:10:25+00:00,WIRE
TX-N-02717,EXT-A-908166,ACC-N-0785,3073.69,2026-10-29T23:50:19+00:00,INTERNAL_TRANSFER
TX-N-02718,ACC-C-CORP,ACC-N-0670,7189.03,2026-02-23T04:37:43+00:00,INTERNAL_TRANSFER
TX-N-02719,EXT-A-043-2,ACC-C-PAY-06,15080.68,2026-11-13T10:08:28+00:00,INTERNAL_TRANSFER
TX-N-02720,ACC-N-0930,ACC-N-0726,2616.18,2026-12-29T16:51:29+00:00,INTERNAL_TRANSFER
TX-N-02721,ACC-N-0950,EXT-A-054-4,9043.34,2026-08-17T04:17:22+00:00,INTERNAL_TRANSFER
TX-N-02722,EXT-A-070-3,ACC-N-0460,60330.62,2026-02-17T18:11:59+00:00,INTERNAL_TRANSFER
TX-N-02723,EXT-A-069-2,ACC-N-0558,20904.26,2026-09-09T23:28:51+00:00,INTERNAL_TRANSFER
TX-N-02724,ACC-N-0403,ACC-N-0533,2764.63,2026-07-15T12:11:58+00:00,WIRE
TX-N-02725,ACC-N-0786,ACC-N-0538,7021.66,2026-05-20T06:30:49+00:00,WIRE
TX-N-02726,ACC-N-0426,ACC-N-0907,877.35,2026-09-20T00:55:07+00:00,INTERNAL_TRANSFER
TX-N-02727,ACC-N-0863,ACC-N-0434,2190.01,2026-05-05T12:21:24+00:00,WIRE
TX-N-02728,ACC-N-0430,ACC-N-0750,2396.56,2026-02-05T14:38:47+00:00,WIRE
TX-N-02729,EXT-A-017-3,ACC-N-0513,3195.32,2026-11-02T00:57:32+00:00,ATM
TX-N-02730,ACC-B-04-A,ACC-N-0544,6781.41,2026-08-18T11:30:40+00:00,INTERNAL_TRANSFER
TX-N-02731,EXT-A-032-2,ACC-N-0398,2493.58,2026-12-06T23:22:24+00:00,WIRE
TX-N-02732,ACC-N-0859,ACC-N-0627,10478.41,2026-08-21T22:25:12+00:00,WIRE
TX-N-02733,ACC-N-0661,ACC-N-0512,646.41,2026-10-19T15:59:13+00:00,INTERNAL_TRANSFER
TX-N-02734,EXT-A-033-3,EXT-A-020-1,623.92,2026-12-06T16:49:59+00:00,WIRE
TX-N-02735,EXT-A-020-4,EXT-A-058-2,2154.72,2026-10-29T09:55:20+00:00,WIRE
TX-N-02736,ACC-N-0856,EXT-A-034-1,2451.26,2026-10-01T19:19:27+00:00,WIRE
TX-N-02737,ACC-N-0964,ACC-N-0460,5345.71,2026-02-25T04:48:01+00:00,INTERNAL_TRANSFER
TX-N-02738,ACC-N-0740,EXT-A-031-3,5270.34,2026-10-11T12:07:14+00:00,INTERNAL_TRANSFER
TX-N-02739,ACC-N-0911,EXT-A-055-2,3268.35,2026-10-25T09:43:40+00:00,INTERNAL_TRANSFER
TX-N-02740,ACC-N-0489,ACC-N-0891,6794.11,2026-01-13T13:06:20+00:00,WIRE
TX-N-02741,ACC-N-0830,ACC-N-0398,2268.04,2026-02-25T22:08:51+00:00,INTERNAL_TRANSFER
TX-N-02742,ACC-N-0739,EXT-A-034-2,476.06,2026-04-21T15:17:56+00:00,INTERNAL_TRANSFER
TX-N-02743,ACC-N-0993,ACC-N-0791,32814.75,2026-03-01T15:47:13+00:00,INTERNAL_TRANSFER
TX-N-02744,EXT-A-022-3,ACC-N-0543,4468.92,2026-02-13T05:56:19+00:00,INTERNAL_TRANSFER
TX-N-02745,EXT-A-049-3,EXT-A-044-4,1331.28,2026-12-17T00:18:24+00:00,ATM
TX-N-02746,EXT-A-307484,EXT-A-030-1,24669.09,2026-03-08T23:09:45+00:00,INTERNAL_TRANSFER
TX-N-02747,ACC-N-0649,EXT-A-034-2,1591.6,2026-02-04T13:26:38+00:00,INTERNAL_TRANSFER
TX-N-02748,EXT-A-054-4,ACC-N-0798,2280.82,2026-12-24T02:57:06+00:00,INTERNAL_TRANSFER
TX-N-02749,ACC-N-0673,ACC-B-04-A,19684.04,2026-07-02T13:20:18+00:00,INTERNAL_TRANSFER
TX-N-02750,ACC-C-PAY-01,ACC-N-0461,2368.87,2026-05-30T09:04:27+00:00,WIRE
TX-N-02751,ACC-N-0536,ACC-N-0540,6862.96,2026-04-05T17:00:23+00:00,INTERNAL_TRANSFER
TX-N-02752,ACC-N-0945,ACC-N-0405,3186.12,2026-11-22T13:28:59+00:00,INTERNAL_TRANSFER
TX-N-02753,EXT-A-008-2,ACC-N-0730,23225.22,2026-05-09T03:48:42+00:00,INTERNAL_TRANSFER
TX-N-02754,ACC-N-0832,EXT-A-032-4,2114.42,2026-03-10T11:21:24+00:00,INTERNAL_TRANSFER
TX-N-02755,EXT-A-071-2,ACC-N-0618,9266.54,2026-07-08T15:10:48+00:00,INTERNAL_TRANSFER
TX-N-02756,ACC-N-0663,ACC-N-0398,2966.55,2026-03-20T03:55:42+00:00,INTERNAL_TRANSFER
TX-N-02757,ACC-N-0982,ACC-N-0644,2231.24,2026-07-19T23:01:51+00:00,INTERNAL_TRANSFER
TX-N-02758,ACC-N-0758,ACC-N-0470,2412.13,2026-07-21T06:37:40+00:00,INTERNAL_TRANSFER
TX-N-02759,EXT-A-062-3,ACC-N-0750,15514.83,2026-03-17T11:08:42+00:00,INTERNAL_TRANSFER
TX-N-02760,EXT-A-045-1,EXT-A-053-4,4312.91,2026-02-11T19:56:19+00:00,INTERNAL_TRANSFER
TX-N-02761,ACC-N-0993,ACC-N-0966,8113.13,2026-02-27T09:36:01+00:00,ATM
TX-N-02762,ACC-N-0964,EXT-A-029-4,4725.82,2026-03-25T12:40:04+00:00,WIRE
TX-N-02763,EXT-A-047-4,ACC-N-0764,2222.81,2026-01-05T17:57:05+00:00,INTERNAL_TRANSFER
TX-N-02764,ACC-N-0708,ACC-N-0935,935.89,2026-01-06T20:39:06+00:00,INTERNAL_TRANSFER
TX-N-02765,EXT-A-031-4,EXT-A-005-2,1984.58,2026-11-24T13:13:32+00:00,WIRE
TX-N-02766,ACC-N-0864,EXT-A-043-1,14593.51,2026-05-04T16:48:57+00:00,INTERNAL_TRANSFER
TX-N-02767,ACC-N-0869,ACC-N-0640,2206.22,2026-06-08T04:50:51+00:00,INTERNAL_TRANSFER
TX-N-02768,ACC-N-0707,EXT-A-058-4,5609.15,2026-08-16T07:27:17+00:00,INTERNAL_TRANSFER
TX-N-02769,EXT-A-042-1,ACC-N-0627,6872.45,2026-12-13T00:13:58+00:00,ATM
TX-N-02770,EXT-A-060-4,ACC-C-HNW-04,1291.9,2026-07-25T23:12:52+00:00,WIRE
TX-N-02771,ACC-N-0998,ACC-N-0462,15498.29,2026-03-29T14:55:34+00:00,INTERNAL_TRANSFER
TX-N-02772,ACC-N-0907,EXT-A-035-2,1424.44,2026-12-20T00:41:45+00:00,ATM
TX-N-02773,ACC-N-0585,ACC-N-0769,3100.09,2026-07-11T04:36:55+00:00,WIRE
TX-N-02774,EXT-A-053-2,ACC-C-PAY-02,1034.91,2026-04-04T17:28:28+00:00,INTERNAL_TRANSFER
TX-N-02775,ACC-N-0522,ACC-N-0822,2670.68,2026-08-29T03:35:26+00:00,INTERNAL_TRANSFER
TX-N-02776,ACC-N-0966,ACC-N-0899,14785.4,2026-11-22T02:29:17+00:00,WIRE
TX-N-02777,ACC-B-C,ACC-N-0945,3578.6,2026-03-05T19:46:37+00:00,INTERNAL_TRANSFER
TX-N-02778,ACC-N-0579,ACC-N-0751,5071.08,2026-09-06T17:42:00+00:00,INTERNAL_TRANSFER
TX-N-02779,EXT-A-032-2,ACC-N-0500,12920.88,2026-04-19T05:12:26+00:00,INTERNAL_TRANSFER
TX-N-02780,ACC-N-0443,ACC-N-0763,1739.4,2026-01-15T22:40:21+00:00,WIRE
TX-N-02781,EXT-A-010-3,ACC-N-0782,7319.62,2026-12-26T01:24:27+00:00,INTERNAL_TRANSFER
TX-N-02782,ACC-N-0910,EXT-A-017-4,2064.67,2026-04-04T01:23:48+00:00,INTERNAL_TRANSFER
TX-N-02783,ACC-N-0693,EXT-A-050-2,8073.75,2026-06-14T15:28:29+00:00,INTERNAL_TRANSFER
TX-N-02784,ACC-N-0497,EXT-A-024-4,1300.03,2026-05-19T18:07:49+00:00,WIRE
TX-N-02785,EXT-A-019-4,ACC-N-0864,1062.15,2026-02-05T05:28:00+00:00,WIRE
TX-N-02786,ACC-N-0761,EXT-A-028-3,11876.83,2026-11-06T11:20:09+00:00,INTERNAL_TRANSFER
TX-N-02787,EXT-A-042-1,ACC-N-0622,1884.0,2026-09-22T01:48:12+00:00,INTERNAL_TRANSFER
TX-N-02788,ACC-N-0741,ACC-N-0735,17207.93,2026-09-26T19:23:00+00:00,INTERNAL_TRANSFER
TX-N-02789,EXT-A-040-2,EXT-A-066-4,1953.55,2026-01-31T20:35:31+00:00,WIRE
TX-N-02790,ACC-N-0610,EXT-A-031-1,10027.7,2026-01-09T16:50:18+00:00,ATM
TX-N-02791,ACC-N-0533,ACC-N-0392,3264.51,2026-03-29T22:13:09+00:00,INTERNAL_TRANSFER
TX-N-02792,ACC-C-PAY-01,ACC-N-0681,5609.82,2026-08-20T13:55:43+00:00,INTERNAL_TRANSFER
TX-N-02793,ACC-N-0697,EXT-A-003-1,9096.68,2026-09-05T05:42:07+00:00,INTERNAL_TRANSFER
TX-N-02794,ACC-N-0822,EXT-A-038-4,3451.39,2026-09-29T01:34:17+00:00,INTERNAL_TRANSFER
TX-N-02795,EXT-A-050-1,EXT-A-031-4,11669.81,2026-06-14T13:18:47+00:00,WIRE
TX-N-02796,ACC-N-0667,EXT-A-065-1,17065.46,2026-06-07T11:37:16+00:00,INTERNAL_TRANSFER
TX-N-02797,ACC-N-0505,ACC-N-0969,3269.68,2026-12-30T01:12:04+00:00,INTERNAL_TRANSFER
TX-N-02798,ACC-N-0535,ACC-N-0777,3352.3,2026-02-08T15:54:07+00:00,INTERNAL_TRANSFER
TX-N-02799,EXT-A-017-1,ACC-N-0616,796.61,2026-03-19T08:13:46+00:00,INTERNAL_TRANSFER
TX-N-02800,EXT-A-011-2,ACC-N-0480,8324.03,2026-06-28T09:31:33+00:00,INTERNAL_TRANSFER
TX-N-02801,EXT-A-019-4,ACC-N-0481,6517.54,2026-03-14T03:15:18+00:00,INTERNAL_TRANSFER
TX-N-02802,EXT-A-023-4,ACC-N-0740,1336.97,2026-04-10T16:01:45+00:00,INTERNAL_TRANSFER
TX-N-02803,EXT-A-015-3,ACC-N-0886,472.5,2026-05-25T23:10:16+00:00,INTERNAL_TRANSFER
TX-N-02804,ACC-N-0605,ACC-N-0399,24541.99,2026-10-16T10:07:48+00:00,INTERNAL_TRANSFER
TX-N-02805,ACC-N-0464,ACC-N-0438,9148.65,2026-05-06T04:59:24+00:00,INTERNAL_TRANSFER
TX-N-02806,EXT-A-033-1,EXT-A-040-4,878.94,2026-12-20T18:19:52+00:00,INTERNAL_TRANSFER
TX-N-02807,ACC-N-0903,EXT-A-068-4,492.16,2026-09-06T08:37:55+00:00,INTERNAL_TRANSFER
TX-N-02808,ACC-N-0672,EXT-A-065-1,6863.64,2026-04-21T00:12:41+00:00,WIRE
TX-N-02809,ACC-N-0782,EXT-A-025-3,5194.6,2026-02-08T07:26:54+00:00,INTERNAL_TRANSFER
TX-N-02810,ACC-N-0418,EXT-A-020-1,1462.81,2026-04-18T14:06:48+00:00,WIRE
TX-N-02811,ACC-N-0889,EXT-A-037-1,9240.26,2026-01-23T15:47:33+00:00,INTERNAL_TRANSFER
TX-N-02812,ACC-B-02-B,EXT-A-027-3,976.3,2026-07-15T03:09:08+00:00,INTERNAL_TRANSFER
TX-N-02813,EXT-A-023-4,ACC-N-0484,1178.89,2026-10-18T13:48:13+00:00,INTERNAL_TRANSFER
TX-N-02814,EXT-A-007-1,EXT-A-054-2,12450.63,2026-07-02T10:01:23+00:00,INTERNAL_TRANSFER
TX-N-02815,ACC-N-0684,EXT-A-055-4,1398.48,2026-01-29T00:27:45+00:00,INTERNAL_TRANSFER
TX-N-02816,ACC-N-0538,EXT-A-026-3,3663.97,2026-03-31T15:00:27+00:00,INTERNAL_TRANSFER
TX-N-02817,ACC-N-0706,EXT-A-006-2,10352.54,2026-02-16T04:55:23+00:00,INTERNAL_TRANSFER
TX-N-02818,ACC-N-0466,EXT-A-006-3,4861.24,2026-08-25T04:19:59+00:00,ATM
TX-N-02819,ACC-N-0405,EXT-A-069-1,3532.93,2026-03-01T12:47:51+00:00,WIRE
TX-N-02820,ACC-N-0867,ACC-N-0408,3382.17,2026-11-15T11:41:21+00:00,WIRE
TX-N-02821,ACC-N-0531,EXT-A-017-1,12841.7,2026-12-29T01:25:40+00:00,INTERNAL_TRANSFER
TX-N-02822,ACC-N-0529,ACC-N-0826,35330.49,2026-05-27T11:43:25+00:00,INTERNAL_TRANSFER
TX-N-02823,EXT-A-058-2,EXT-A-050-4,3207.06,2026-06-05T12:48:02+00:00,INTERNAL_TRANSFER
TX-N-02824,ACC-N-0920,ACC-N-0833,2111.24,2026-04-23T04:49:24+00:00,INTERNAL_TRANSFER
TX-N-02825,EXT-A-022-2,ACC-C-HNW-02,4975.62,2026-08-31T05:17:55+00:00,INTERNAL_TRANSFER
TX-N-02826,EXT-A-052-4,ACC-N-0439,1170.63,2026-10-26T18:10:38+00:00,INTERNAL_TRANSFER
TX-N-02827,ACC-N-0751,EXT-A-070-3,2148.09,2026-07-06T05:55:41+00:00,INTERNAL_TRANSFER
TX-N-02828,EXT-A-058-1,EXT-A-067-1,8242.48,2026-02-07T12:19:27+00:00,INTERNAL_TRANSFER
TX-N-02829,ACC-N-0584,ACC-N-0616,2968.84,2026-11-01T23:55:29+00:00,INTERNAL_TRANSFER
TX-N-02830,ACC-N-0973,EXT-A-050-3,16509.93,2026-02-06T19:21:48+00:00,WIRE
TX-N-02831,EXT-A-021-3,ACC-N-0610,9259.54,2026-08-06T21:15:33+00:00,WIRE
TX-N-02832,EXT-A-072-4,EXT-A-038-2,23345.61,2026-11-28T23:45:59+00:00,INTERNAL_TRANSFER
TX-N-02833,ACC-N-0749,EXT-A-028-2,4014.49,2026-11-26T10:10:00+00:00,INTERNAL_TRANSFER
TX-N-02834,EXT-A-015-3,EXT-A-018-2,9726.96,2026-12-23T20:30:12+00:00,INTERNAL_TRANSFER
TX-N-02835,ACC-N-0692,EXT-A-015-4,645.46,2026-10-21T08:12:22+00:00,INTERNAL_TRANSFER
TX-N-02836,EXT-A-064-1,EXT-A-019-1,5521.63,2026-04-12T19:51:50+00:00,INTERNAL_TRANSFER
TX-N-02837,EXT-A-008-2,EXT-A-007-3,7921.91,2026-12-20T05:42:04+00:00,WIRE
TX-N-02838,ACC-N-0537,ACC-N-0413,22930.99,2026-12-29T09:22:40+00:00,INTERNAL_TRANSFER
TX-N-02839,EXT-A-017-4,ACC-C-PAY-11,2065.91,2026-01-25T22:59:11+00:00,INTERNAL_TRANSFER
TX-N-02840,EXT-A-056-3,ACC-N-0676,5643.42,2026-09-27T19:13:51+00:00,WIRE
TX-N-02841,EXT-A-051-4,ACC-N-0399,11548.54,2026-11-14T22:23:03+00:00,WIRE
TX-N-02842,ACC-N-0960,ACC-B-03-C,6444.84,2026-11-14T06:38:26+00:00,INTERNAL_TRANSFER
TX-N-02843,ACC-N-0832,EXT-A-005-3,17483.59,2026-06-24T04:42:14+00:00,INTERNAL_TRANSFER
TX-N-02844,EXT-A-065-4,EXT-A-054-3,2505.43,2026-03-23T09:44:07+00:00,INTERNAL_TRANSFER
TX-N-02845,ACC-N-0645,ACC-N-0948,1028.68,2026-03-21T05:31:11+00:00,INTERNAL_TRANSFER
TX-N-02846,ACC-N-0786,EXT-A-037-4,5909.22,2026-08-04T10:12:35+00:00,INTERNAL_TRANSFER
TX-N-02847,ACC-N-0900,ACC-N-0665,3377.61,2026-10-28T00:17:33+00:00,INTERNAL_TRANSFER
TX-N-02848,ACC-N-0478,ACC-N-0455,2566.91,2026-07-22T20:25:35+00:00,INTERNAL_TRANSFER
TX-N-02849,EXT-A-034-3,ACC-N-0629,2512.37,2026-03-15T13:16:26+00:00,WIRE
TX-N-02850,EXT-A-042-2,ACC-N-0783,4048.87,2026-09-03T09:51:45+00:00,INTERNAL_TRANSFER
TX-N-02851,ACC-N-0606,ACC-N-0967,6555.46,2026-03-23T10:54:59+00:00,INTERNAL_TRANSFER
TX-N-02852,ACC-N-0497,EXT-A-057-1,3033.37,2026-10-25T08:32:03+00:00,ATM
TX-N-02853,ACC-N-0461,EXT-A-012-3,2339.85,2026-05-01T16:45:24+00:00,INTERNAL_TRANSFER
TX-N-02854,ACC-N-0616,ACC-N-0962,99334.82,2026-12-18T07:36:25+00:00,INTERNAL_TRANSFER
TX-N-02855,EXT-A-005-2,ACC-N-0884,1510.69,2026-02-05T06:48:05+00:00,INTERNAL_TRANSFER
TX-N-02856,ACC-N-0979,ACC-N-0895,10720.17,2026-04-14T18:57:05+00:00,WIRE
TX-N-02857,ACC-N-0942,ACC-N-0470,1295.06,2026-01-17T10:33:53+00:00,INTERNAL_TRANSFER
TX-N-02858,ACC-B-B,EXT-A-059-1,5311.86,2026-01-31T09:10:23+00:00,INTERNAL_TRANSFER
TX-N-02859,EXT-A-005-4,EXT-A-023-1,3205.3,2026-01-22T09:28:22+00:00,INTERNAL_TRANSFER
TX-N-02860,EXT-A-043-4,ACC-N-0919,3929.6,2026-11-17T07:54:03+00:00,INTERNAL_TRANSFER
TX-N-02861,EXT-A-016-1,ACC-N-0549,3126.34,2026-01-07T22:37:31+00:00,INTERNAL_TRANSFER
TX-N-02862,ACC-N-0782,EXT-A-031-1,11841.61,2026-08-04T10:57:25+00:00,INTERNAL_TRANSFER
TX-N-02863,ACC-N-0955,ACC-N-0963,1269.91,2026-12-09T02:58:23+00:00,INTERNAL_TRANSFER
TX-N-02864,ACC-N-0615,ACC-N-0968,2660.74,2026-12-27T01:01:39+00:00,INTERNAL_TRANSFER
TX-N-02865,ACC-N-0785,ACC-N-0766,1185.82,2026-05-18T17:15:33+00:00,INTERNAL_TRANSFER
TX-N-02866,ACC-N-0632,ACC-N-0555,1936.73,2026-07-30T02:44:15+00:00,WIRE
TX-N-02867,EXT-A-039-2,EXT-A-059-1,1333.01,2026-09-05T13:11:37+00:00,INTERNAL_TRANSFER
TX-N-02868,ACC-N-0500,EXT-A-047-1,3460.64,2026-02-10T11:10:42+00:00,WIRE
TX-N-02869,EXT-A-022-4,EXT-A-032-4,45848.23,2026-02-27T07:11:12+00:00,WIRE
TX-N-02870,EXT-A-064-1,ACC-N-0987,1507.06,2026-04-29T11:15:58+00:00,INTERNAL_TRANSFER
TX-N-02871,ACC-N-0897,ACC-N-0405,19028.36,2026-02-21T14:24:13+00:00,WIRE
TX-N-02872,ACC-N-0977,EXT-A-018-4,11586.87,2026-05-02T03:47:16+00:00,INTERNAL_TRANSFER
TX-N-02873,ACC-N-0535,EXT-A-029-1,10253.67,2026-01-20T06:37:40+00:00,INTERNAL_TRANSFER
TX-N-02874,ACC-N-0585,ACC-N-0875,5465.26,2026-10-16T21:10:04+00:00,INTERNAL_TRANSFER
TX-N-02875,ACC-B-02-B,EXT-A-021-2,15112.01,2026-12-14T02:28:44+00:00,WIRE
TX-N-02876,ACC-N-0749,ACC-N-0944,11925.38,2026-05-10T08:46:13+00:00,INTERNAL_TRANSFER
TX-N-02877,ACC-N-0978,EXT-A-035-2,3033.66,2026-02-13T04:35:29+00:00,INTERNAL_TRANSFER
TX-N-02878,ACC-N-0648,EXT-A-041-2,426.49,2026-08-21T16:31:28+00:00,INTERNAL_TRANSFER
TX-N-02879,ACC-N-0533,EXT-A-037-2,692.17,2026-11-15T06:00:08+00:00,INTERNAL_TRANSFER
TX-N-02880,ACC-N-0778,ACC-N-0471,3390.32,2026-10-13T05:12:04+00:00,INTERNAL_TRANSFER
TX-N-02881,ACC-N-0406,ACC-N-0622,4210.38,2026-05-21T00:56:45+00:00,INTERNAL_TRANSFER
TX-N-02882,ACC-N-0835,ACC-N-0683,635.96,2026-05-12T13:32:15+00:00,INTERNAL_TRANSFER
TX-N-02883,ACC-N-0946,ACC-N-0988,1469.45,2026-07-04T14:48:49+00:00,INTERNAL_TRANSFER
TX-N-02884,ACC-N-0636,ACC-N-0853,4433.98,2026-03-19T08:39:37+00:00,INTERNAL_TRANSFER
TX-N-02885,ACC-N-0778,ACC-N-0863,10363.25,2026-11-21T03:42:56+00:00,INTERNAL_TRANSFER
TX-N-02886,ACC-N-0627,ACC-N-0562,26778.98,2026-07-14T07:51:43+00:00,INTERNAL_TRANSFER
TX-N-02887,EXT-A-056-1,ACC-N-0861,2414.43,2026-10-11T23:41:03+00:00,INTERNAL_TRANSFER
TX-N-02888,ACC-N-0636,EXT-A-036-1,5897.43,2026-12-11T01:32:11+00:00,INTERNAL_TRANSFER
TX-N-02889,EXT-A-053-2,EXT-A-057-2,21391.83,2026-01-08T04:38:22+00:00,INTERNAL_TRANSFER
TX-N-02890,ACC-N-0878,ACC-N-0670,46858.03,2026-11-26T08:32:12+00:00,INTERNAL_TRANSFER
TX-N-02891,ACC-N-0950,EXT-A-062-2,5818.78,2026-09-27T09:31:26+00:00,INTERNAL_TRANSFER
TX-N-02892,EXT-A-048-1,ACC-N-0881,14952.76,2026-04-20T17:34:28+00:00,INTERNAL_TRANSFER
TX-N-02893,EXT-A-044-2,EXT-A-029-2,2504.6,2026-07-07T01:33:13+00:00,WIRE
TX-N-02894,ACC-N-0724,EXT-A-051-1,20838.52,2026-10-06T00:13:38+00:00,INTERNAL_TRANSFER
TX-N-02895,EXT-A-048-1,ACC-N-0567,4283.31,2026-12-05T21:04:52+00:00,INTERNAL_TRANSFER
TX-N-02896,ACC-N-0684,ACC-N-0454,3697.97,2026-04-16T01:13:05+00:00,INTERNAL_TRANSFER
TX-N-02897,EXT-A-048-4,EXT-A-047-4,3447.21,2026-08-20T01:15:58+00:00,INTERNAL_TRANSFER
TX-N-02898,EXT-A-021-3,EXT-A-031-4,3123.2,2026-05-09T19:58:30+00:00,INTERNAL_TRANSFER
TX-N-02899,EXT-A-019-3,ACC-N-0699,3618.18,2026-03-24T13:32:55+00:00,INTERNAL_TRANSFER
TX-N-02900,EXT-A-003-1,EXT-A-010-2,17307.03,2026-06-02T08:24:00+00:00,INTERNAL_TRANSFER
TX-N-02901,EXT-A-014-3,ACC-N-0930,6268.46,2026-10-19T07:47:12+00:00,ATM
TX-N-02902,ACC-N-0525,ACC-N-0757,7881.97,2026-11-15T14:28:14+00:00,INTERNAL_TRANSFER
TX-N-02903,EXT-A-050-4,EXT-A-045-1,7735.24,2026-09-05T12:17:28+00:00,INTERNAL_TRANSFER
TX-N-02904,EXT-A-020-3,EXT-A-059-3,3086.99,2026-02-16T12:09:29+00:00,INTERNAL_TRANSFER
TX-N-02905,EXT-A-071-4,EXT-A-067-3,3846.75,2026-12-20T03:31:51+00:00,WIRE
TX-N-02906,ACC-N-0990,EXT-A-044-1,1212.93,2026-05-09T11:08:01+00:00,INTERNAL_TRANSFER
TX-N-02907,ACC-N-0740,ACC-N-0960,2584.32,2026-02-17T08:26:46+00:00,WIRE
TX-N-02908,ACC-N-0516,ACC-N-0904,7191.03,2026-01-01T00:22:33+00:00,INTERNAL_TRANSFER
TX-N-02909,ACC-B-04-B,ACC-N-0616,3742.71,2026-12-15T02:06:51+00:00,INTERNAL_TRANSFER
TX-N-02910,EXT-A-061-2,EXT-A-039-2,2754.45,2026-08-01T21:31:11+00:00,INTERNAL_TRANSFER
TX-N-02911,ACC-N-0734,ACC-N-0498,7798.73,2026-01-05T02:38:18+00:00,INTERNAL_TRANSFER
TX-N-02912,ACC-N-0960,ACC-N-0575,4064.73,2026-03-16T12:04:27+00:00,INTERNAL_TRANSFER
TX-N-02913,ACC-N-0865,EXT-A-035-2,9897.47,2026-11-01T06:04:22+00:00,WIRE
TX-N-02914,ACC-N-0609,ACC-N-0454,1282.83,2026-05-19T12:32:37+00:00,WIRE
TX-N-02915,ACC-N-0829,ACC-N-0818,798.1,2026-05-25T06:22:08+00:00,INTERNAL_TRANSFER
TX-N-02916,ACC-N-0440,ACC-N-0659,6495.96,2026-02-08T19:40:46+00:00,WIRE
TX-N-02917,ACC-N-0961,EXT-A-053-4,2731.45,2026-02-02T20:39:31+00:00,INTERNAL_TRANSFER
TX-N-02918,ACC-N-0846,EXT-A-063-4,37726.23,2026-09-10T04:44:03+00:00,INTERNAL_TRANSFER
TX-N-02919,EXT-A-069-3,ACC-C-PAY-02,562.01,2026-07-06T03:36:13+00:00,INTERNAL_TRANSFER
TX-N-02920,ACC-N-0905,ACC-N-0902,6558.73,2026-07-22T22:34:52+00:00,INTERNAL_TRANSFER
TX-N-02921,ACC-N-0636,ACC-N-0895,6103.15,2026-04-16T09:40:45+00:00,INTERNAL_TRANSFER
TX-N-02922,ACC-N-0478,ACC-N-0756,5331.07,2026-06-22T08:03:37+00:00,INTERNAL_TRANSFER
TX-N-02923,ACC-N-0565,EXT-A-010-4,2723.36,2026-07-18T10:03:57+00:00,WIRE
TX-N-02924,ACC-N-0516,EXT-A-014-4,2448.1,2026-07-17T07:49:50+00:00,INTERNAL_TRANSFER
TX-N-02925,ACC-N-0763,ACC-N-0462,1390.58,2026-05-26T16:11:35+00:00,INTERNAL_TRANSFER
TX-N-02926,EXT-A-072-4,ACC-C-PAY-04,2396.57,2026-04-19T07:00:39+00:00,INTERNAL_TRANSFER
TX-N-02927,ACC-N-0568,EXT-A-307484,4618.81,2026-06-09T14:50:30+00:00,INTERNAL_TRANSFER
TX-N-02928,ACC-N-0514,ACC-N-0678,3365.62,2026-01-05T09:51:47+00:00,INTERNAL_TRANSFER
TX-N-02929,ACC-N-0557,ACC-N-0521,16263.94,2026-04-25T10:19:39+00:00,INTERNAL_TRANSFER
TX-N-02930,ACC-N-0592,ACC-N-0938,7920.15,2026-11-19T21:33:36+00:00,INTERNAL_TRANSFER
TX-N-02931,ACC-N-0454,ACC-N-0486,11878.68,2026-06-28T02:51:23+00:00,INTERNAL_TRANSFER
TX-N-02932,EXT-A-064-2,ACC-N-0915,3974.84,2026-06-14T00:01:41+00:00,INTERNAL_TRANSFER
TX-N-02933,ACC-N-0528,EXT-A-067-3,1399.52,2026-06-05T13:41:55+00:00,INTERNAL_TRANSFER
TX-N-02934,ACC-N-0713,ACC-N-0795,2737.7,2026-11-07T03:55:17+00:00,INTERNAL_TRANSFER
TX-N-02935,ACC-N-0459,EXT-A-034-3,5461.57,2026-07-10T04:52:38+00:00,ATM
TX-N-02936,ACC-N-0835,EXT-A-071-2,749.11,2026-03-24T07:51:13+00:00,INTERNAL_TRANSFER
TX-N-02937,ACC-N-0936,ACC-N-0403,2049.94,2026-08-06T01:18:24+00:00,INTERNAL_TRANSFER
TX-N-02938,ACC-B-03-C,EXT-A-038-3,2748.64,2026-07-26T01:38:14+00:00,INTERNAL_TRANSFER
TX-N-02939,ACC-N-0958,ACC-N-0498,1489.71,2026-03-28T23:01:22+00:00,INTERNAL_TRANSFER
TX-N-02940,EXT-A-017-3,ACC-N-0804,3704.48,2026-04-05T02:15:57+00:00,WIRE
TX-N-02941,ACC-N-0446,ACC-N-0865,3681.84,2026-06-17T06:14:40+00:00,ATM
TX-N-02942,ACC-N-0944,EXT-A-061-2,18941.25,2026-02-26T05:37:25+00:00,INTERNAL_TRANSFER
TX-N-02943,EXT-A-051-4,EXT-A-061-2,1582.19,2026-10-10T08:42:33+00:00,WIRE
TX-N-02944,ACC-B-04-B,EXT-A-024-2,3791.12,2026-02-08T10:18:56+00:00,WIRE
TX-N-02945,ACC-N-0727,ACC-C-PAY-12,31162.42,2026-12-31T22:29:10+00:00,INTERNAL_TRANSFER
TX-N-02946,ACC-N-0612,ACC-N-0395,2974.2,2026-01-16T06:13:16+00:00,INTERNAL_TRANSFER
TX-N-02947,EXT-A-047-3,EXT-A-052-2,18994.59,2026-04-24T15:22:03+00:00,INTERNAL_TRANSFER
TX-N-02948,EXT-A-044-2,ACC-N-0683,41754.25,2026-06-01T00:06:59+00:00,ATM
TX-N-02949,ACC-N-0876,ACC-N-0924,4940.48,2026-03-03T01:18:56+00:00,INTERNAL_TRANSFER
TX-N-02950,ACC-N-0896,ACC-N-0600,752.31,2026-09-18T05:43:34+00:00,INTERNAL_TRANSFER
TX-N-02951,ACC-N-0915,ACC-N-0800,5775.56,2026-06-26T01:44:16+00:00,INTERNAL_TRANSFER
TX-N-02952,EXT-A-072-4,ACC-N-0769,4181.63,2026-05-01T13:37:10+00:00,INTERNAL_TRANSFER
TX-N-02953,ACC-N-0564,EXT-A-054-1,30853.09,2026-07-09T03:49:55+00:00,INTERNAL_TRANSFER
TX-N-02954,EXT-A-016-1,ACC-N-0733,6015.67,2026-03-29T14:37:19+00:00,INTERNAL_TRANSFER
TX-N-02955,EXT-A-045-3,ACC-N-0744,17988.37,2026-09-01T16:06:22+00:00,INTERNAL_TRANSFER
TX-N-02956,ACC-N-0913,EXT-A-031-1,2057.06,2026-02-10T13:08:41+00:00,INTERNAL_TRANSFER
TX-N-02957,ACC-N-0558,ACC-N-0750,1098.66,2026-12-25T21:44:49+00:00,INTERNAL_TRANSFER
TX-N-02958,ACC-N-0816,EXT-A-307484,1999.02,2026-10-15T11:44:29+00:00,WIRE
TX-N-02959,ACC-N-0796,ACC-N-0445,9083.97,2026-06-25T16:06:48+00:00,INTERNAL_TRANSFER
TX-N-02960,EXT-A-022-1,ACC-N-0950,16737.83,2026-12-28T22:49:46+00:00,INTERNAL_TRANSFER
TX-N-02961,EXT-A-046-2,ACC-N-0526,31457.36,2026-05-21T09:52:24+00:00,WIRE
TX-N-02962,EXT-A-027-3,ACC-N-0408,4863.58,2026-07-25T17:51:44+00:00,INTERNAL_TRANSFER
TX-N-02963,ACC-N-0451,EXT-A-072-2,4826.91,2026-03-27T13:38:46+00:00,INTERNAL_TRANSFER
TX-N-02964,ACC-N-0651,ACC-N-0474,13567.29,2026-10-03T00:12:32+00:00,INTERNAL_TRANSFER
TX-N-02965,ACC-N-0785,ACC-N-0505,5429.09,2026-12-29T20:12:42+00:00,INTERNAL_TRANSFER
TX-N-02966,ACC-N-0716,EXT-A-052-2,16362.51,2026-07-28T16:40:19+00:00,WIRE
TX-N-02967,ACC-N-0697,ACC-N-0508,4368.9,2026-11-08T16:45:55+00:00,INTERNAL_TRANSFER
TX-N-02968,ACC-N-0750,ACC-N-0710,18928.32,2026-05-07T05:52:36+00:00,WIRE
TX-N-02969,EXT-A-061-2,ACC-N-0506,7841.76,2026-05-20T12:11:11+00:00,INTERNAL_TRANSFER
TX-N-02970,ACC-N-0562,ACC-N-0933,4287.22,2026-04-16T19:50:13+00:00,INTERNAL_TRANSFER
TX-N-02971,ACC-N-0797,ACC-N-0778,3356.45,2026-12-19T23:27:10+00:00,INTERNAL_TRANSFER
TX-N-02972,EXT-A-014-4,ACC-N-0486,7468.06,2026-07-04T08:05:10+00:00,INTERNAL_TRANSFER
TX-N-02973,ACC-N-0866,EXT-A-053-1,12579.53,2026-03-05T01:54:08+00:00,INTERNAL_TRANSFER
TX-N-02974,ACC-N-0397,ACC-N-0852,2305.63,2026-07-03T21:52:43+00:00,INTERNAL_TRANSFER
TX-N-02975,EXT-A-019-1,ACC-N-0505,2140.81,2026-07-11T07:29:00+00:00,WIRE
TX-N-02976,ACC-N-0861,ACC-N-0844,3361.63,2026-11-25T08:11:12+00:00,INTERNAL_TRANSFER
TX-N-02977,EXT-A-051-1,ACC-N-0485,2020.88,2026-04-28T22:47:03+00:00,ATM
TX-N-02978,ACC-N-0832,ACC-N-0647,779.63,2026-05-04T11:33:59+00:00,INTERNAL_TRANSFER
TX-N-02979,ACC-N-0904,EXT-A-067-1,7932.58,2026-03-27T04:59:07+00:00,INTERNAL_TRANSFER
TX-N-02980,ACC-N-0849,EXT-A-038-3,115344.61,2026-06-17T02:10:58+00:00,ATM
TX-N-02981,EXT-A-004-1,ACC-N-0602,7551.07,2026-05-08T00:02:48+00:00,WIRE
TX-N-02982,ACC-N-0514,ACC-N-0946,2145.98,2026-05-28T07:09:26+00:00,INTERNAL_TRANSFER
TX-N-02983,EXT-A-024-2,ACC-N-0573,2667.57,2026-10-12T23:09:21+00:00,INTERNAL_TRANSFER
TX-N-02984,ACC-N-0567,ACC-N-0655,14364.94,2026-04-19T01:45:24+00:00,WIRE
TX-N-02985,ACC-N-0936,ACC-N-0910,6798.81,2026-08-07T14:17:01+00:00,INTERNAL_TRANSFER
TX-N-02986,ACC-N-0745,ACC-N-0439,2300.2,2026-02-24T00:01:56+00:00,INTERNAL_TRANSFER
TX-N-02987,ACC-N-0507,ACC-N-0655,13765.46,2026-11-25T07:24:20+00:00,INTERNAL_TRANSFER
TX-N-02988,EXT-A-016-4,ACC-N-0908,4138.5,2026-03-30T07:56:15+00:00,INTERNAL_TRANSFER
TX-N-02989,ACC-N-0549,EXT-A-043-3,3970.57,2026-11-09T16:00:47+00:00,INTERNAL_TRANSFER
TX-N-02990,ACC-N-0969,ACC-N-0622,806.76,2026-11-05T14:15:28+00:00,INTERNAL_TRANSFER
TX-N-02991,ACC-N-0896,ACC-N-0555,5401.93,2026-01-30T07:31:55+00:00,INTERNAL_TRANSFER
TX-N-02992,ACC-N-0498,ACC-N-0424,11857.94,2026-02-27T20:31:17+00:00,WIRE
TX-N-02993,EXT-A-048-3,ACC-N-0922,9435.25,2026-10-24T16:03:45+00:00,INTERNAL_TRANSFER
TX-N-02994,EXT-A-061-1,ACC-N-0740,7190.76,2026-05-05T05:05:02+00:00,INTERNAL_TRANSFER
TX-N-02995,ACC-N-0723,ACC-N-0516,4950.28,2026-07-11T05:48:03+00:00,INTERNAL_TRANSFER
TX-N-02996,EXT-A-035-3,EXT-A-028-1,13068.13,2026-07-28T09:22:45+00:00,INTERNAL_TRANSFER
TX-N-02997,ACC-N-0544,ACC-N-0967,1401.92,2026-03-09T20:20:48+00:00,WIRE
TX-N-02998,ACC-N-0886,ACC-N-0832,1332.3,2026-02-10T17:45:57+00:00,INTERNAL_TRANSFER
TX-N-02999,EXT-A-005-4,EXT-A-044-4,2970.74,2026-12-27T15:19:25+00:00,INTERNAL_TRANSFER
TX-N-03000,ACC-N-0630,EXT-A-013-3,7614.55,2026-07-24T01:08:21+00:00,INTERNAL_TRANSFER
TX-N-03001,ACC-N-0883,ACC-N-0865,5513.87,2026-05-13T07:35:11+00:00,INTERNAL_TRANSFER
TX-N-03002,ACC-N-0441,EXT-A-048-4,8174.5,2026-01-14T12:29:41+00:00,ATM
TX-N-03003,ACC-N-0767,ACC-N-0438,14035.06,2026-11-10T20:39:15+00:00,INTERNAL_TRANSFER
TX-N-03004,ACC-N-0778,ACC-N-0823,11826.22,2026-05-23T04:45:55+00:00,WIRE
TX-N-03005,EXT-A-055-3,ACC-N-0798,2165.09,2026-07-17T17:58:05+00:00,INTERNAL_TRANSFER
TX-N-03006,ACC-N-0945,EXT-A-072-3,3771.2,2026-05-08T16:04:09+00:00,WIRE
TX-N-03007,EXT-A-007-2,ACC-N-0599,16483.73,2026-09-13T06:48:49+00:00,INTERNAL_TRANSFER
TX-N-03008,EXT-A-064-3,ACC-N-0685,5294.78,2026-04-15T06:40:29+00:00,INTERNAL_TRANSFER
TX-N-03009,EXT-A-908166,EXT-A-016-3,20545.42,2026-12-26T18:33:55+00:00,WIRE
TX-N-03010,ACC-N-0711,EXT-A-004-3,12547.65,2026-10-22T23:12:21+00:00,INTERNAL_TRANSFER
TX-N-03011,ACC-N-0698,EXT-A-867458,2353.42,2026-12-22T16:46:00+00:00,INTERNAL_TRANSFER
TX-N-03012,ACC-N-0509,ACC-N-0547,2511.51,2026-05-28T03:47:53+00:00,INTERNAL_TRANSFER
TX-N-03013,ACC-N-0697,ACC-N-0978,19554.07,2026-05-03T16:47:16+00:00,INTERNAL_TRANSFER
TX-N-03014,ACC-N-0638,ACC-N-0685,2309.26,2026-07-23T22:19:24+00:00,ATM
TX-N-03015,EXT-A-038-2,ACC-N-0887,9890.31,2026-11-07T04:14:42+00:00,WIRE
TX-N-03016,ACC-N-0694,ACC-N-0997,22687.5,2026-12-14T11:57:40+00:00,WIRE
TX-N-03017,ACC-N-0463,ACC-N-0703,3897.62,2026-12-21T05:20:57+00:00,INTERNAL_TRANSFER
TX-N-03018,EXT-A-070-4,EXT-A-028-2,1361.96,2026-03-16T09:23:11+00:00,INTERNAL_TRANSFER
TX-N-03019,ACC-N-0502,ACC-B-03-A,984.91,2026-04-11T14:10:20+00:00,INTERNAL_TRANSFER
TX-N-03020,ACC-N-0879,EXT-A-008-4,4022.26,2026-03-04T13:36:20+00:00,WIRE
TX-N-03021,EXT-A-072-2,EXT-A-020-4,2139.95,2026-10-02T11:37:28+00:00,INTERNAL_TRANSFER
TX-N-03022,ACC-N-0589,ACC-N-0665,1799.6,2026-07-16T08:56:31+00:00,INTERNAL_TRANSFER
TX-N-03023,ACC-N-0482,EXT-A-041-4,7605.12,2026-12-12T09:20:24+00:00,WIRE
TX-N-03024,ACC-N-0703,ACC-B-02-C,3224.26,2026-03-17T00:29:00+00:00,ATM
TX-N-03025,ACC-N-0458,ACC-N-0493,302.19,2026-05-03T23:55:39+00:00,INTERNAL_TRANSFER
TX-N-03026,ACC-N-0723,ACC-N-0632,2994.85,2026-12-07T03:20:27+00:00,INTERNAL_TRANSFER
TX-N-03027,ACC-N-0400,ACC-N-0695,17006.77,2026-09-25T18:35:15+00:00,INTERNAL_TRANSFER
TX-N-03028,EXT-A-064-1,ACC-N-0642,17038.4,2026-12-19T16:26:21+00:00,INTERNAL_TRANSFER
TX-N-03029,EXT-A-036-2,EXT-A-008-3,1192.13,2026-08-23T06:32:19+00:00,WIRE
TX-N-03030,ACC-N-0451,EXT-A-002-3,2766.23,2026-07-17T01:34:44+00:00,INTERNAL_TRANSFER
TX-N-03031,ACC-N-0925,ACC-N-0832,1539.71,2026-09-21T19:22:08+00:00,INTERNAL_TRANSFER
TX-N-03032,EXT-A-026-1,EXT-A-059-1,5940.37,2026-12-01T00:35:49+00:00,WIRE
TX-N-03033,ACC-N-0402,EXT-A-061-3,13680.9,2026-01-21T18:11:01+00:00,WIRE
TX-N-03034,ACC-N-0866,EXT-A-014-4,5817.67,2026-11-18T22:18:13+00:00,ATM
TX-N-03035,EXT-A-015-2,ACC-N-0612,2859.8,2026-07-10T18:24:21+00:00,WIRE
TX-N-03036,EXT-A-068-3,ACC-N-0963,6432.93,2026-12-07T21:18:01+00:00,ATM
TX-N-03037,EXT-A-027-1,ACC-B-04-B,3965.2,2026-07-04T23:00:46+00:00,INTERNAL_TRANSFER
TX-N-03038,ACC-N-0779,EXT-A-034-2,7390.44,2026-08-26T13:17:50+00:00,INTERNAL_TRANSFER
TX-N-03039,ACC-N-0895,ACC-N-0907,2190.71,2026-08-20T20:24:28+00:00,WIRE
TX-N-03040,ACC-N-0540,EXT-A-021-2,5401.82,2026-03-02T10:24:17+00:00,INTERNAL_TRANSFER
TX-N-03041,EXT-A-012-3,ACC-N-0622,1493.66,2026-10-23T00:52:46+00:00,INTERNAL_TRANSFER
TX-N-03042,ACC-N-0521,ACC-N-0438,7814.03,2026-05-11T07:01:42+00:00,INTERNAL_TRANSFER
TX-N-03043,ACC-N-0415,ACC-N-0648,949.22,2026-11-08T22:04:20+00:00,INTERNAL_TRANSFER
TX-N-03044,ACC-N-0682,EXT-A-006-2,6400.46,2026-08-05T16:24:55+00:00,INTERNAL_TRANSFER
TX-N-03045,ACC-N-0968,ACC-N-0896,6540.68,2026-09-11T18:35:50+00:00,WIRE
TX-N-03046,EXT-A-023-2,ACC-N-0424,4507.06,2026-09-04T12:11:43+00:00,INTERNAL_TRANSFER
TX-N-03047,EXT-A-054-2,EXT-A-069-1,9320.89,2026-03-31T16:48:06+00:00,INTERNAL_TRANSFER
TX-N-03048,ACC-N-0886,ACC-N-0826,4663.18,2026-03-27T10:32:19+00:00,INTERNAL_TRANSFER
TX-N-03049,EXT-A-025-2,ACC-N-0701,15509.31,2026-12-09T23:45:05+00:00,WIRE
TX-N-03050,ACC-N-0774,ACC-N-0998,409.99,2026-04-06T15:20:10+00:00,INTERNAL_TRANSFER
TX-N-03051,ACC-N-0502,ACC-N-0743,6418.44,2026-09-25T01:09:31+00:00,INTERNAL_TRANSFER
TX-N-03052,ACC-N-0571,EXT-A-048-1,1008.34,2026-10-20T17:03:44+00:00,WIRE
TX-N-03053,ACC-N-0491,ACC-N-0456,3382.15,2026-04-07T06:10:34+00:00,INTERNAL_TRANSFER
TX-N-03054,ACC-N-0704,ACC-N-0722,12142.66,2026-02-16T16:55:11+00:00,WIRE
TX-N-03055,ACC-N-0882,ACC-N-0990,2871.38,2026-10-01T23:15:33+00:00,INTERNAL_TRANSFER
TX-N-03056,ACC-N-0702,ACC-N-0928,464.45,2026-11-26T16:56:34+00:00,WIRE
TX-N-03057,ACC-N-0830,ACC-N-0651,725.11,2026-11-12T03:42:19+00:00,INTERNAL_TRANSFER
TX-N-03058,EXT-A-066-2,ACC-N-0606,932.83,2026-01-02T06:57:52+00:00,INTERNAL_TRANSFER
TX-N-03059,ACC-N-0733,ACC-C-HNW-05,5731.35,2026-07-15T01:53:30+00:00,INTERNAL_TRANSFER
TX-N-03060,ACC-N-0550,ACC-N-0576,6755.41,2026-02-13T07:56:56+00:00,INTERNAL_TRANSFER
TX-N-03061,EXT-A-062-2,EXT-A-051-3,8275.93,2026-10-10T09:51:16+00:00,INTERNAL_TRANSFER
TX-N-03062,ACC-N-0413,ACC-N-0615,6783.91,2026-12-07T12:06:11+00:00,WIRE
TX-N-03063,ACC-N-0650,ACC-N-0672,6761.58,2026-11-13T01:05:43+00:00,INTERNAL_TRANSFER
TX-N-03064,ACC-N-0924,ACC-N-0936,3592.22,2026-06-08T00:23:08+00:00,INTERNAL_TRANSFER
TX-N-03065,EXT-A-002-2,EXT-A-008-1,7870.78,2026-06-22T10:03:19+00:00,WIRE
TX-N-03066,ACC-N-0692,ACC-N-0840,3669.75,2026-09-16T12:48:43+00:00,INTERNAL_TRANSFER
TX-N-03067,ACC-N-0705,ACC-N-0681,4515.77,2026-05-06T03:18:40+00:00,WIRE
TX-N-03068,ACC-N-0682,ACC-N-0409,2240.86,2026-10-18T11:34:31+00:00,INTERNAL_TRANSFER
TX-N-03069,EXT-A-015-1,EXT-A-004-1,3768.15,2026-03-29T14:10:02+00:00,INTERNAL_TRANSFER
TX-N-03070,ACC-N-0895,ACC-N-0447,665.03,2026-03-11T16:40:12+00:00,INTERNAL_TRANSFER
TX-N-03071,EXT-A-046-4,EXT-A-006-1,150.47,2026-07-09T12:15:37+00:00,INTERNAL_TRANSFER
TX-N-03072,ACC-N-0928,ACC-N-0913,34745.11,2026-11-02T03:17:06+00:00,INTERNAL_TRANSFER
TX-N-03073,ACC-N-0466,ACC-N-0678,4547.68,2026-11-07T18:58:18+00:00,ATM
TX-N-03074,ACC-N-0924,ACC-C-PAY-01,6021.29,2026-09-07T08:57:29+00:00,INTERNAL_TRANSFER
TX-N-03075,ACC-N-0640,EXT-A-023-1,3123.51,2026-08-21T16:34:07+00:00,INTERNAL_TRANSFER
TX-N-03076,ACC-N-0886,EXT-A-014-1,7300.09,2026-07-29T22:07:03+00:00,INTERNAL_TRANSFER
TX-N-03077,EXT-A-036-1,EXT-A-012-3,4605.93,2026-08-14T07:41:53+00:00,INTERNAL_TRANSFER
TX-N-03078,EXT-A-055-4,ACC-N-0946,7665.13,2026-02-10T13:46:04+00:00,WIRE
TX-N-03079,EXT-A-040-1,ACC-N-0732,6376.32,2026-12-06T09:06:01+00:00,INTERNAL_TRANSFER
TX-N-03080,EXT-A-063-3,ACC-N-0914,2305.71,2026-08-01T17:14:20+00:00,INTERNAL_TRANSFER
TX-N-03081,ACC-N-0952,ACC-N-0795,16630.03,2026-12-02T04:31:21+00:00,INTERNAL_TRANSFER
TX-N-03082,EXT-A-027-3,ACC-N-0605,10552.56,2026-09-21T13:29:43+00:00,WIRE
TX-N-03083,EXT-A-056-2,ACC-N-0511,7420.38,2026-10-20T22:36:21+00:00,WIRE
TX-N-03084,EXT-A-002-3,EXT-A-057-2,2117.52,2026-07-18T19:01:51+00:00,INTERNAL_TRANSFER
TX-N-03085,ACC-N-0743,ACC-N-0619,1089.71,2026-06-10T12:27:20+00:00,INTERNAL_TRANSFER
TX-N-03086,EXT-A-026-2,ACC-N-0520,1427.93,2026-09-11T04:06:38+00:00,INTERNAL_TRANSFER
TX-N-03087,ACC-N-0998,ACC-N-0432,3483.19,2026-01-11T22:15:56+00:00,WIRE
TX-N-03088,EXT-A-012-1,ACC-N-0673,23825.2,2026-01-30T08:02:48+00:00,INTERNAL_TRANSFER
TX-N-03089,ACC-N-0944,ACC-N-0977,19214.04,2026-02-23T04:40:38+00:00,INTERNAL_TRANSFER
TX-N-03090,ACC-N-0496,ACC-B-03-A,17238.53,2026-08-19T04:54:14+00:00,INTERNAL_TRANSFER
TX-N-03091,EXT-A-017-2,ACC-N-0861,1846.38,2026-04-26T17:45:13+00:00,INTERNAL_TRANSFER
TX-N-03092,ACC-N-0481,ACC-N-0476,7817.65,2026-04-30T05:59:37+00:00,INTERNAL_TRANSFER
TX-N-03093,ACC-N-0733,EXT-A-061-1,2265.27,2026-09-04T05:47:32+00:00,ATM
TX-N-03094,ACC-N-0927,ACC-N-0613,3048.46,2026-04-05T14:19:38+00:00,INTERNAL_TRANSFER
TX-N-03095,ACC-N-0635,EXT-A-024-1,6964.47,2026-08-11T14:13:07+00:00,INTERNAL_TRANSFER
TX-N-03096,ACC-N-0531,ACC-N-0928,20616.65,2026-05-12T00:12:35+00:00,ATM
TX-N-03097,ACC-N-0565,ACC-N-0967,995.1,2026-10-17T20:05:43+00:00,INTERNAL_TRANSFER
TX-N-03098,EXT-A-043-4,ACC-N-0436,1871.28,2026-10-15T18:48:36+00:00,INTERNAL_TRANSFER
TX-N-03099,ACC-N-0641,ACC-C-PAY-02,5917.66,2026-06-09T16:56:24+00:00,WIRE
TX-N-03100,EXT-A-065-3,ACC-N-0818,961.36,2026-07-20T06:47:30+00:00,WIRE
TX-N-03101,ACC-N-0420,EXT-A-033-3,3335.08,2026-01-23T00:45:25+00:00,INTERNAL_TRANSFER
TX-N-03102,ACC-N-0979,ACC-N-0901,7733.13,2026-08-24T13:46:09+00:00,INTERNAL_TRANSFER
TX-N-03103,ACC-N-0764,EXT-A-028-4,1930.21,2026-08-21T17:28:08+00:00,WIRE
TX-N-03104,EXT-A-040-1,ACC-N-0842,1226.41,2026-11-30T04:39:43+00:00,INTERNAL_TRANSFER
TX-N-03105,EXT-A-029-3,ACC-N-0944,3649.4,2026-02-22T11:02:18+00:00,INTERNAL_TRANSFER
TX-N-03106,EXT-A-062-2,ACC-N-0866,1159.13,2026-06-17T12:20:28+00:00,INTERNAL_TRANSFER
TX-N-03107,EXT-A-041-2,ACC-N-0659,1925.77,2026-01-28T12:45:12+00:00,INTERNAL_TRANSFER
TX-N-03108,EXT-A-055-3,EXT-A-071-1,6163.0,2026-05-06T05:00:25+00:00,WIRE
TX-N-03109,ACC-N-0836,ACC-N-0603,676.94,2026-11-11T04:48:08+00:00,WIRE
TX-N-03110,EXT-A-012-3,ACC-N-0881,11332.93,2026-04-07T11:08:12+00:00,INTERNAL_TRANSFER
TX-N-03111,EXT-A-069-1,ACC-N-0555,1200.05,2026-08-31T18:53:42+00:00,INTERNAL_TRANSFER
TX-N-03112,EXT-A-028-1,ACC-N-0794,24317.54,2026-04-05T16:23:29+00:00,INTERNAL_TRANSFER
TX-N-03113,ACC-N-0936,EXT-A-007-1,74795.86,2026-02-06T16:17:33+00:00,WIRE
TX-N-03114,ACC-N-0472,ACC-N-0410,2638.0,2026-08-04T10:55:35+00:00,WIRE
TX-N-03115,ACC-N-0952,ACC-N-0874,2129.48,2026-12-25T03:18:17+00:00,INTERNAL_TRANSFER
TX-N-03116,EXT-A-022-2,ACC-N-0590,2145.2,2026-07-28T05:58:08+00:00,INTERNAL_TRANSFER
TX-N-03117,ACC-N-0507,ACC-N-0935,8403.32,2026-11-02T19:29:25+00:00,INTERNAL_TRANSFER
TX-N-03118,EXT-A-042-4,EXT-A-017-2,14344.67,2026-06-15T21:19:24+00:00,WIRE
TX-N-03119,ACC-N-0918,ACC-N-0769,2663.12,2026-11-12T06:57:28+00:00,INTERNAL_TRANSFER
TX-N-03120,EXT-A-046-1,ACC-N-0782,22200.16,2026-12-02T07:35:51+00:00,INTERNAL_TRANSFER
TX-N-03121,ACC-N-0473,ACC-N-0686,3199.92,2026-07-06T23:57:27+00:00,WIRE
TX-N-03122,ACC-N-0612,ACC-N-0593,2631.11,2026-10-20T11:18:54+00:00,INTERNAL_TRANSFER
TX-N-03123,EXT-A-065-3,ACC-N-0434,12813.45,2026-12-28T09:49:55+00:00,INTERNAL_TRANSFER
TX-N-03124,EXT-A-033-2,EXT-A-060-3,2079.15,2026-03-05T19:12:51+00:00,WIRE
TX-N-03125,ACC-N-0666,ACC-N-0635,1009.16,2026-11-28T21:03:06+00:00,INTERNAL_TRANSFER
TX-N-03126,EXT-A-002-3,ACC-N-0561,1402.01,2026-03-29T15:10:59+00:00,INTERNAL_TRANSFER
TX-N-03127,EXT-A-007-1,ACC-N-0725,1871.93,2026-11-24T05:16:54+00:00,WIRE
TX-N-03128,ACC-N-0539,ACC-N-0786,238.31,2026-05-10T16:13:39+00:00,WIRE
TX-N-03129,ACC-N-0952,ACC-N-0746,1352.79,2026-03-01T05:53:08+00:00,INTERNAL_TRANSFER
TX-N-03130,ACC-N-0680,EXT-A-013-3,4045.02,2026-10-11T05:08:05+00:00,INTERNAL_TRANSFER
TX-N-03131,EXT-A-068-4,ACC-N-0446,3841.93,2026-11-07T13:50:10+00:00,INTERNAL_TRANSFER
TX-N-03132,ACC-N-0775,ACC-N-0627,7670.55,2026-10-02T18:14:26+00:00,INTERNAL_TRANSFER
TX-N-03133,EXT-A-070-4,ACC-N-0441,5132.34,2026-08-10T18:05:42+00:00,INTERNAL_TRANSFER
TX-N-03134,ACC-N-0658,EXT-A-035-3,4176.32,2026-05-03T01:16:28+00:00,INTERNAL_TRANSFER
TX-N-03135,EXT-A-008-1,ACC-N-0927,3798.4,2026-07-28T09:35:14+00:00,INTERNAL_TRANSFER
TX-N-03136,ACC-N-0902,EXT-A-002-2,4172.56,2026-05-13T23:25:53+00:00,WIRE
TX-N-03137,EXT-A-042-4,ACC-N-0908,5103.93,2026-09-25T12:38:29+00:00,INTERNAL_TRANSFER
TX-N-03138,ACC-N-0711,EXT-A-035-4,2425.94,2026-06-15T01:58:10+00:00,INTERNAL_TRANSFER
TX-N-03139,ACC-N-0467,ACC-N-0794,9110.56,2026-04-02T12:26:28+00:00,INTERNAL_TRANSFER
TX-N-03140,ACC-N-0768,EXT-A-054-4,4251.7,2026-11-03T19:27:38+00:00,INTERNAL_TRANSFER
TX-N-03141,ACC-N-0563,ACC-N-0695,2039.02,2026-07-05T12:15:40+00:00,INTERNAL_TRANSFER
TX-N-03142,EXT-A-019-1,ACC-N-0484,3886.01,2026-01-21T02:58:35+00:00,INTERNAL_TRANSFER
TX-N-03143,ACC-N-0507,EXT-A-004-2,4215.25,2026-12-24T06:10:29+00:00,INTERNAL_TRANSFER
TX-N-03144,ACC-N-0846,ACC-N-0671,782.44,2026-06-18T20:58:18+00:00,INTERNAL_TRANSFER
TX-N-03145,EXT-A-020-2,ACC-N-0988,18217.58,2026-01-16T19:39:44+00:00,INTERNAL_TRANSFER
TX-N-03146,EXT-A-035-2,ACC-N-0682,32557.18,2026-05-02T15:30:12+00:00,INTERNAL_TRANSFER
TX-N-03147,EXT-A-050-4,ACC-N-0734,2256.36,2026-05-07T19:33:52+00:00,ATM
TX-N-03148,ACC-N-0492,ACC-B-B,29757.78,2026-08-03T08:36:37+00:00,WIRE
TX-N-03149,ACC-N-0426,ACC-C-PAY-03,5082.07,2026-02-11T00:27:44+00:00,INTERNAL_TRANSFER
TX-N-03150,EXT-A-039-4,ACC-N-0942,9179.82,2026-06-26T08:51:30+00:00,INTERNAL_TRANSFER
TX-N-03151,ACC-N-0588,ACC-B-04-C,27019.35,2026-05-13T22:50:24+00:00,INTERNAL_TRANSFER
TX-N-03152,EXT-A-013-2,ACC-N-0767,19864.24,2026-01-24T00:01:28+00:00,INTERNAL_TRANSFER
TX-N-03153,ACC-N-0896,ACC-N-0773,11501.21,2026-02-03T13:55:27+00:00,INTERNAL_TRANSFER
TX-N-03154,ACC-N-0598,EXT-A-044-2,14684.46,2026-04-09T09:51:27+00:00,INTERNAL_TRANSFER
TX-N-03155,EXT-A-024-3,EXT-A-064-3,1721.0,2026-06-06T11:37:00+00:00,INTERNAL_TRANSFER
TX-N-03156,ACC-N-0429,EXT-A-053-3,7887.03,2026-01-31T13:51:23+00:00,WIRE
TX-N-03157,ACC-N-0993,EXT-A-030-4,25400.12,2026-06-04T15:50:46+00:00,INTERNAL_TRANSFER
TX-N-03158,EXT-A-024-2,EXT-A-011-2,12342.74,2026-10-23T01:19:00+00:00,INTERNAL_TRANSFER
TX-N-03159,EXT-A-053-3,ACC-N-0613,56174.52,2026-02-16T03:26:05+00:00,INTERNAL_TRANSFER
TX-N-03160,ACC-N-0674,EXT-A-040-2,796.49,2026-04-24T07:05:21+00:00,INTERNAL_TRANSFER
TX-N-03161,ACC-N-0999,ACC-N-0694,2964.05,2026-09-16T02:43:29+00:00,INTERNAL_TRANSFER
TX-N-03162,ACC-N-0698,EXT-A-022-2,1998.39,2026-03-29T20:20:30+00:00,INTERNAL_TRANSFER
TX-N-03163,EXT-A-058-2,ACC-N-0584,13307.81,2026-12-22T13:49:41+00:00,INTERNAL_TRANSFER
TX-N-03164,ACC-N-0582,EXT-A-005-2,3770.11,2026-08-27T08:46:23+00:00,WIRE
TX-N-03165,ACC-N-0500,ACC-N-0679,4881.25,2026-04-27T17:56:03+00:00,WIRE
TX-N-03166,EXT-A-019-3,ACC-N-0766,7166.56,2026-05-29T21:27:39+00:00,INTERNAL_TRANSFER
TX-N-03167,ACC-N-0695,EXT-A-052-4,23473.47,2026-07-25T11:22:36+00:00,ATM
TX-N-03168,ACC-N-0468,ACC-N-0470,2201.91,2026-05-22T00:19:45+00:00,INTERNAL_TRANSFER
TX-N-03169,ACC-N-0848,ACC-N-0404,2701.03,2026-01-27T13:28:42+00:00,WIRE
TX-N-03170,EXT-A-018-4,EXT-A-065-3,7617.26,2026-12-25T01:22:12+00:00,WIRE
TX-N-03171,ACC-N-0895,ACC-N-0416,10228.04,2026-10-03T22:57:26+00:00,INTERNAL_TRANSFER
TX-N-03172,EXT-A-060-1,ACC-N-0649,2976.17,2026-11-22T09:39:04+00:00,INTERNAL_TRANSFER
TX-N-03173,ACC-N-0497,ACC-N-0648,45839.16,2026-05-13T15:44:12+00:00,WIRE
TX-N-03174,ACC-N-0937,ACC-N-0416,3219.32,2026-02-26T04:57:31+00:00,INTERNAL_TRANSFER
TX-N-03175,ACC-N-0642,EXT-A-047-4,671.85,2026-11-20T09:01:30+00:00,INTERNAL_TRANSFER
TX-N-03176,ACC-C-HNW-02,ACC-N-0773,8611.65,2026-01-02T13:23:36+00:00,INTERNAL_TRANSFER
TX-N-03177,ACC-N-0678,ACC-N-0767,19164.11,2026-08-26T05:19:23+00:00,INTERNAL_TRANSFER
TX-N-03178,EXT-A-035-2,ACC-N-0429,13455.69,2026-06-04T15:29:24+00:00,INTERNAL_TRANSFER
TX-N-03179,ACC-N-0535,EXT-A-015-3,3751.48,2026-11-11T11:42:28+00:00,INTERNAL_TRANSFER
TX-N-03180,EXT-A-006-2,EXT-A-007-4,5963.65,2026-03-05T18:57:34+00:00,INTERNAL_TRANSFER
TX-N-03181,ACC-N-0791,ACC-N-0918,2628.78,2026-02-03T20:55:28+00:00,WIRE
TX-N-03182,ACC-N-0464,ACC-N-0455,34635.85,2026-02-05T01:02:36+00:00,INTERNAL_TRANSFER
TX-N-03183,ACC-N-0445,ACC-N-0564,5602.73,2026-01-19T11:34:13+00:00,INTERNAL_TRANSFER
TX-N-03184,EXT-A-012-1,EXT-A-063-3,6658.89,2026-10-04T08:15:48+00:00,INTERNAL_TRANSFER
TX-N-03185,ACC-N-0679,EXT-A-063-1,13004.71,2026-06-02T11:40:46+00:00,WIRE
TX-N-03186,EXT-A-023-3,ACC-N-0547,5754.95,2026-01-27T19:28:23+00:00,INTERNAL_TRANSFER
TX-N-03187,EXT-A-026-4,ACC-N-0732,3317.63,2026-05-28T05:36:29+00:00,INTERNAL_TRANSFER
TX-N-03188,ACC-N-0961,ACC-N-0506,8363.8,2026-10-25T14:43:18+00:00,WIRE
TX-N-03189,ACC-N-0844,ACC-N-0438,1471.0,2026-09-28T07:24:33+00:00,INTERNAL_TRANSFER
TX-N-03190,ACC-N-0571,ACC-N-0458,3253.32,2026-06-15T06:47:39+00:00,ATM
TX-N-03191,ACC-N-0725,ACC-N-0751,12491.91,2026-09-21T05:56:13+00:00,INTERNAL_TRANSFER
TX-N-03192,EXT-A-017-2,ACC-N-0826,841.86,2026-01-06T10:56:53+00:00,INTERNAL_TRANSFER
TX-N-03193,ACC-C-PAY-06,ACC-N-0851,6994.22,2026-07-10T01:21:36+00:00,INTERNAL_TRANSFER
TX-N-03194,EXT-A-068-3,EXT-A-003-3,8359.63,2026-12-28T21:42:32+00:00,INTERNAL_TRANSFER
TX-N-03195,EXT-A-019-2,ACC-N-0743,19927.43,2026-11-11T05:16:52+00:00,INTERNAL_TRANSFER
TX-N-03196,EXT-A-017-1,ACC-N-0608,28599.63,2026-11-14T21:29:33+00:00,INTERNAL_TRANSFER
TX-N-03197,EXT-A-031-3,EXT-A-053-3,2829.47,2026-05-01T12:01:54+00:00,WIRE
TX-N-03198,EXT-A-032-1,ACC-N-0455,1888.48,2026-03-18T22:13:59+00:00,INTERNAL_TRANSFER
TX-N-03199,ACC-N-0789,ACC-N-0962,3925.7,2026-04-20T17:30:19+00:00,WIRE
TX-N-03200,ACC-N-0721,ACC-N-0867,19241.91,2026-02-08T02:01:47+00:00,INTERNAL_TRANSFER
TX-N-03201,ACC-N-0903,EXT-A-053-3,1645.38,2026-06-07T08:04:08+00:00,INTERNAL_TRANSFER
TX-N-03202,ACC-N-0680,ACC-N-0710,6273.73,2026-04-28T10:30:54+00:00,INTERNAL_TRANSFER
TX-N-03203,ACC-N-0854,ACC-N-0592,1570.85,2026-12-31T01:00:20+00:00,INTERNAL_TRANSFER
TX-N-03204,EXT-A-033-1,EXT-A-040-3,763.06,2026-09-19T11:20:22+00:00,INTERNAL_TRANSFER
TX-N-03205,EXT-A-007-1,ACC-N-0918,1523.21,2026-04-28T13:07:42+00:00,WIRE
TX-N-03206,ACC-N-0823,EXT-A-008-3,7350.88,2026-03-03T01:57:27+00:00,WIRE
TX-N-03207,ACC-N-0699,ACC-N-0894,3582.73,2026-12-15T19:22:56+00:00,INTERNAL_TRANSFER
TX-N-03208,ACC-N-0978,EXT-A-039-3,3573.6,2026-07-10T21:40:09+00:00,INTERNAL_TRANSFER
TX-N-03209,ACC-N-0570,ACC-N-0740,1928.42,2026-05-13T09:51:13+00:00,INTERNAL_TRANSFER
TX-N-03210,ACC-N-0918,ACC-N-0819,10175.04,2026-07-07T12:16:33+00:00,INTERNAL_TRANSFER
TX-N-03211,ACC-N-0808,ACC-N-0974,4353.94,2026-03-16T04:31:16+00:00,INTERNAL_TRANSFER
TX-N-03212,ACC-N-0651,ACC-N-0846,5536.88,2026-12-19T08:12:06+00:00,WIRE
TX-N-03213,ACC-N-0465,ACC-N-0893,2473.61,2026-11-04T16:28:37+00:00,INTERNAL_TRANSFER
TX-N-03214,ACC-N-0632,ACC-N-0486,708.09,2026-09-05T06:40:55+00:00,INTERNAL_TRANSFER
TX-N-03215,ACC-N-0706,ACC-N-0718,336.07,2026-07-19T20:58:58+00:00,INTERNAL_TRANSFER
TX-N-03216,ACC-N-0552,ACC-N-0397,11012.99,2026-05-06T16:13:45+00:00,WIRE
TX-N-03217,ACC-N-0830,ACC-N-0413,2869.81,2026-02-27T20:31:21+00:00,INTERNAL_TRANSFER
TX-N-03218,ACC-N-0535,EXT-A-024-1,20958.54,2026-09-01T06:11:05+00:00,INTERNAL_TRANSFER
TX-N-03219,ACC-N-0798,EXT-A-030-3,25217.97,2026-11-26T11:59:43+00:00,INTERNAL_TRANSFER
TX-N-03220,EXT-A-003-3,ACC-N-0612,4079.27,2026-03-30T11:20:45+00:00,INTERNAL_TRANSFER
TX-N-03221,ACC-N-0527,ACC-N-0403,1425.79,2026-02-11T09:18:02+00:00,INTERNAL_TRANSFER
TX-N-03222,ACC-N-0967,ACC-N-0658,7935.9,2026-12-07T09:10:13+00:00,WIRE
TX-N-03223,ACC-N-0795,ACC-N-0852,669.92,2026-08-12T07:16:02+00:00,WIRE
TX-N-03224,ACC-N-0914,ACC-N-0879,2585.51,2026-09-21T23:37:27+00:00,INTERNAL_TRANSFER
TX-N-03225,EXT-A-060-1,ACC-N-0924,5023.24,2026-02-16T20:29:15+00:00,WIRE
TX-N-03226,ACC-N-0573,EXT-A-053-3,941.91,2026-08-05T01:14:11+00:00,INTERNAL_TRANSFER
TX-N-03227,ACC-N-0733,ACC-N-0571,1800.4,2026-01-29T11:58:43+00:00,INTERNAL_TRANSFER
TX-N-03228,ACC-N-0701,ACC-N-0436,7415.26,2026-09-25T14:42:53+00:00,INTERNAL_TRANSFER
TX-N-03229,ACC-N-0509,EXT-A-044-2,1446.23,2026-09-11T18:30:36+00:00,INTERNAL_TRANSFER
TX-N-03230,ACC-N-0403,EXT-A-048-1,14115.23,2026-08-15T12:29:59+00:00,WIRE
TX-N-03231,EXT-A-042-2,ACC-N-0945,2338.21,2026-03-09T07:09:50+00:00,ATM
TX-N-03232,EXT-A-017-4,ACC-N-0409,2026.34,2026-06-28T16:31:30+00:00,WIRE
TX-N-03233,ACC-N-0947,EXT-A-052-3,1994.39,2026-12-05T22:43:56+00:00,INTERNAL_TRANSFER
TX-N-03234,EXT-A-040-3,ACC-N-0798,7311.72,2026-12-10T03:13:47+00:00,INTERNAL_TRANSFER
TX-N-03235,EXT-A-036-3,EXT-A-069-4,2301.45,2026-03-06T10:27:06+00:00,INTERNAL_TRANSFER
TX-N-03236,ACC-N-0484,EXT-A-072-3,1437.82,2026-01-21T06:24:52+00:00,WIRE
TX-N-03237,ACC-N-0657,EXT-A-065-2,7389.23,2026-09-29T11:11:23+00:00,INTERNAL_TRANSFER
TX-N-03238,ACC-N-0678,ACC-N-0495,9777.66,2026-11-02T21:00:21+00:00,INTERNAL_TRANSFER
TX-N-03239,ACC-N-0510,ACC-N-0896,2265.3,2026-03-17T05:04:31+00:00,INTERNAL_TRANSFER
TX-N-03240,EXT-A-042-3,EXT-A-027-3,2534.81,2026-12-05T00:23:04+00:00,ATM
TX-N-03241,ACC-N-0571,ACC-N-0605,2458.27,2026-12-15T21:33:22+00:00,INTERNAL_TRANSFER
TX-N-03242,ACC-N-0929,ACC-N-0819,20649.22,2026-04-16T04:36:28+00:00,INTERNAL_TRANSFER
TX-N-03243,ACC-N-0957,EXT-A-064-3,2544.48,2026-10-30T14:59:34+00:00,ATM
TX-N-03244,EXT-A-020-2,ACC-N-0751,3819.74,2026-06-30T03:31:04+00:00,WIRE
TX-N-03245,ACC-N-0965,ACC-N-0595,19166.37,2026-12-30T19:46:30+00:00,INTERNAL_TRANSFER
TX-N-03246,ACC-N-0675,ACC-N-0406,1710.75,2026-09-09T23:38:06+00:00,INTERNAL_TRANSFER
TX-N-03247,EXT-A-044-4,ACC-N-0750,49423.46,2026-01-13T19:48:53+00:00,INTERNAL_TRANSFER
TX-N-03248,ACC-N-0439,ACC-N-0681,3359.81,2026-04-19T06:53:06+00:00,WIRE
TX-N-03249,ACC-N-0777,ACC-N-0639,10353.81,2026-06-24T14:28:52+00:00,INTERNAL_TRANSFER
TX-N-03250,ACC-N-0652,ACC-N-0998,5669.27,2026-05-01T01:28:09+00:00,INTERNAL_TRANSFER
TX-N-03251,EXT-A-061-4,ACC-N-0750,4697.91,2026-05-13T14:25:21+00:00,INTERNAL_TRANSFER
TX-N-03252,ACC-N-0774,ACC-N-0738,4591.52,2026-06-21T20:57:39+00:00,WIRE
TX-N-03253,ACC-N-0514,EXT-A-047-1,10609.23,2026-04-02T03:20:33+00:00,INTERNAL_TRANSFER
TX-N-03254,EXT-A-014-3,ACC-N-0630,599.09,2026-11-03T17:38:35+00:00,WIRE
TX-N-03255,ACC-N-0804,EXT-A-070-1,6303.35,2026-01-22T14:59:30+00:00,INTERNAL_TRANSFER
TX-N-03256,ACC-N-0883,ACC-N-0962,9567.31,2026-09-21T13:17:41+00:00,INTERNAL_TRANSFER
TX-N-03257,ACC-N-0810,EXT-A-020-4,10518.44,2026-03-13T16:36:54+00:00,INTERNAL_TRANSFER
TX-N-03258,EXT-A-037-2,EXT-A-010-2,2341.87,2026-11-01T00:12:23+00:00,INTERNAL_TRANSFER
TX-N-03259,EXT-A-031-1,EXT-A-038-1,64790.64,2026-07-26T15:23:47+00:00,WIRE
TX-N-03260,ACC-N-0495,EXT-A-050-2,951.0,2026-05-08T22:59:39+00:00,WIRE
TX-N-03261,EXT-A-026-2,EXT-A-018-3,1529.76,2026-06-07T07:11:15+00:00,WIRE
TX-N-03262,ACC-N-0751,EXT-A-033-4,14315.24,2026-11-15T08:14:54+00:00,WIRE
TX-N-03263,ACC-N-0886,EXT-A-029-2,27888.83,2026-07-05T02:47:42+00:00,INTERNAL_TRANSFER
TX-N-03264,ACC-N-0807,ACC-N-0975,5581.87,2026-04-17T15:17:36+00:00,WIRE
TX-N-03265,ACC-N-0733,ACC-N-0816,6297.83,2026-02-27T06:16:11+00:00,INTERNAL_TRANSFER
TX-N-03266,ACC-N-0474,EXT-A-028-2,1121.56,2026-11-28T12:00:10+00:00,INTERNAL_TRANSFER
TX-N-03267,EXT-A-014-4,EXT-A-003-1,6463.39,2026-09-06T13:10:18+00:00,WIRE
TX-N-03268,ACC-N-0807,EXT-A-035-1,718.87,2026-02-27T15:12:56+00:00,WIRE
TX-N-03269,ACC-N-0705,ACC-N-0978,2646.71,2026-09-07T10:43:39+00:00,INTERNAL_TRANSFER
TX-N-03270,EXT-A-047-2,ACC-N-0639,3749.88,2026-01-23T15:57:30+00:00,INTERNAL_TRANSFER
TX-N-03271,EXT-A-017-2,ACC-N-0837,12112.23,2026-10-15T08:59:23+00:00,INTERNAL_TRANSFER
TX-N-03272,ACC-N-0871,ACC-N-0424,1510.63,2026-10-14T23:36:03+00:00,INTERNAL_TRANSFER
TX-N-03273,EXT-A-056-2,ACC-N-0549,1431.13,2026-04-29T19:09:15+00:00,INTERNAL_TRANSFER
TX-N-03274,EXT-A-015-3,EXT-A-053-2,2484.39,2026-04-24T17:44:41+00:00,ATM
TX-N-03275,ACC-N-0875,EXT-A-011-3,3054.97,2026-10-28T22:12:27+00:00,INTERNAL_TRANSFER
TX-N-03276,ACC-N-0967,EXT-A-016-4,13402.97,2026-06-22T09:10:52+00:00,WIRE
TX-N-03277,ACC-N-0687,EXT-A-055-1,1227.4,2026-12-14T21:13:15+00:00,INTERNAL_TRANSFER
TX-N-03278,ACC-N-0569,ACC-C-PAY-05,3890.03,2026-07-21T01:15:55+00:00,WIRE
TX-N-03279,ACC-N-0578,EXT-A-010-4,2772.54,2026-09-06T12:22:31+00:00,INTERNAL_TRANSFER
TX-N-03280,EXT-A-030-2,ACC-N-0526,2304.82,2026-02-02T05:19:31+00:00,INTERNAL_TRANSFER
TX-N-03281,ACC-N-0706,ACC-N-0440,6048.02,2026-09-19T06:14:19+00:00,INTERNAL_TRANSFER
TX-N-03282,ACC-N-0584,EXT-A-029-2,11303.55,2026-10-17T12:00:04+00:00,WIRE
TX-N-03283,ACC-N-0511,ACC-N-0413,3146.93,2026-10-09T17:41:11+00:00,INTERNAL_TRANSFER
TX-N-03284,ACC-N-0788,EXT-A-056-3,2147.14,2026-01-24T23:36:56+00:00,INTERNAL_TRANSFER
TX-N-03285,ACC-N-0888,EXT-A-048-1,8302.55,2026-09-13T10:28:33+00:00,INTERNAL_TRANSFER
TX-N-03286,ACC-N-0536,ACC-N-0572,4418.24,2026-07-01T09:51:50+00:00,ATM
TX-N-03287,ACC-N-0670,EXT-A-006-4,11789.28,2026-04-14T22:56:22+00:00,ATM
TX-N-03288,ACC-N-0683,EXT-A-064-4,6860.03,2026-02-09T16:42:49+00:00,INTERNAL_TRANSFER
TX-N-03289,EXT-A-053-3,ACC-C-PAY-05,1017.76,2026-09-08T01:13:47+00:00,INTERNAL_TRANSFER
TX-N-03290,EXT-A-068-4,ACC-N-0585,25255.65,2026-03-03T22:32:26+00:00,INTERNAL_TRANSFER
TX-N-03291,EXT-A-051-2,EXT-A-021-3,12879.03,2026-11-04T05:44:45+00:00,WIRE
TX-N-03292,ACC-N-0561,EXT-A-060-2,1062.49,2026-04-22T03:23:47+00:00,ATM
TX-N-03293,ACC-N-0991,EXT-A-051-2,8871.67,2026-03-12T14:53:52+00:00,WIRE
TX-N-03294,ACC-N-0398,ACC-N-0602,2947.15,2026-10-07T01:08:29+00:00,INTERNAL_TRANSFER
TX-N-03295,ACC-N-0716,ACC-N-0897,546.47,2026-05-01T00:46:42+00:00,ATM
TX-N-03296,EXT-A-026-2,ACC-N-0683,9305.1,2026-05-14T00:40:23+00:00,INTERNAL_TRANSFER
TX-N-03297,EXT-A-050-4,ACC-N-0748,10952.86,2026-10-12T17:08:35+00:00,INTERNAL_TRANSFER
TX-N-03298,EXT-A-021-3,ACC-N-0832,6758.4,2026-06-14T20:38:10+00:00,INTERNAL_TRANSFER
TX-N-03299,EXT-A-042-2,EXT-A-037-3,5255.69,2026-10-19T08:38:35+00:00,INTERNAL_TRANSFER
TX-N-03300,ACC-N-0406,ACC-N-0428,5965.17,2026-01-09T12:07:30+00:00,INTERNAL_TRANSFER
TX-N-03301,ACC-N-0793,ACC-N-0946,13085.02,2026-09-21T18:43:48+00:00,WIRE
TX-N-03302,EXT-A-017-1,ACC-N-0806,1707.86,2026-02-07T05:36:33+00:00,ATM
TX-N-03303,ACC-N-0513,ACC-N-0956,10122.32,2026-12-20T19:26:36+00:00,INTERNAL_TRANSFER
TX-N-03304,ACC-N-0470,ACC-N-0940,2844.41,2026-12-04T08:35:51+00:00,INTERNAL_TRANSFER
TX-N-03305,ACC-N-0737,EXT-A-067-4,12808.19,2026-05-17T01:02:46+00:00,INTERNAL_TRANSFER
TX-N-03306,EXT-A-051-2,ACC-N-0562,4354.65,2026-09-01T22:31:37+00:00,ATM
TX-N-03307,EXT-A-039-3,ACC-N-0698,1751.57,2026-08-12T19:59:04+00:00,INTERNAL_TRANSFER
TX-N-03308,EXT-A-070-4,ACC-N-0508,11506.14,2026-10-03T04:28:33+00:00,WIRE
TX-N-03309,ACC-N-0779,EXT-A-036-2,1993.29,2026-08-06T23:57:59+00:00,WIRE
TX-N-03310,EXT-A-025-1,ACC-N-0885,2128.06,2026-08-21T12:13:55+00:00,INTERNAL_TRANSFER
TX-N-03311,EXT-A-042-2,ACC-N-0661,4124.39,2026-03-13T15:13:16+00:00,INTERNAL_TRANSFER
TX-N-03312,EXT-A-024-4,ACC-N-0532,7960.36,2026-06-05T12:13:49+00:00,INTERNAL_TRANSFER
TX-N-03313,EXT-A-064-4,EXT-A-018-4,1882.71,2026-01-13T09:46:35+00:00,WIRE
TX-N-03314,EXT-A-006-3,ACC-N-0590,9285.6,2026-04-24T00:24:11+00:00,INTERNAL_TRANSFER
TX-N-03315,EXT-A-070-3,EXT-A-020-2,6324.81,2026-05-17T20:04:47+00:00,WIRE
TX-N-03316,ACC-N-0710,EXT-A-047-4,6636.17,2026-02-27T00:24:36+00:00,INTERNAL_TRANSFER
TX-N-03317,EXT-A-058-2,EXT-A-011-2,3826.95,2026-06-25T19:04:42+00:00,WIRE
TX-N-03318,EXT-A-069-3,ACC-N-0883,1207.7,2026-06-24T15:17:32+00:00,ATM
TX-N-03319,ACC-N-0849,ACC-N-0430,6857.13,2026-06-03T15:08:38+00:00,INTERNAL_TRANSFER
TX-N-03320,EXT-A-034-1,ACC-N-0928,14141.19,2026-12-25T07:48:33+00:00,INTERNAL_TRANSFER
TX-N-03321,EXT-A-013-3,ACC-N-0884,22704.4,2026-06-27T08:53:43+00:00,INTERNAL_TRANSFER
TX-N-03322,EXT-A-052-1,EXT-A-022-1,1398.47,2026-07-25T04:12:16+00:00,WIRE
TX-N-03323,ACC-N-0751,ACC-N-0568,2670.88,2026-02-04T15:17:22+00:00,INTERNAL_TRANSFER
TX-N-03324,EXT-A-022-2,ACC-N-0742,9629.02,2026-01-18T01:52:31+00:00,INTERNAL_TRANSFER
TX-N-03325,ACC-N-0463,ACC-N-0801,8486.43,2026-02-13T14:41:05+00:00,WIRE
TX-N-03326,ACC-N-0944,ACC-N-0906,5814.64,2026-06-29T19:26:44+00:00,INTERNAL_TRANSFER
TX-N-03327,ACC-N-0739,EXT-A-017-4,13847.68,2026-11-09T03:45:25+00:00,INTERNAL_TRANSFER
TX-N-03328,ACC-N-0933,ACC-N-0482,2613.74,2026-05-22T21:34:02+00:00,INTERNAL_TRANSFER
TX-N-03329,ACC-N-0756,ACC-N-0547,9056.79,2026-12-20T05:07:02+00:00,INTERNAL_TRANSFER
TX-N-03330,EXT-A-070-1,ACC-N-0641,9790.45,2026-09-03T11:53:44+00:00,INTERNAL_TRANSFER
TX-N-03331,ACC-B-04-C,ACC-N-0847,2417.14,2026-05-29T18:19:19+00:00,INTERNAL_TRANSFER
TX-N-03332,EXT-A-049-2,ACC-N-0580,12036.43,2026-09-04T09:08:00+00:00,WIRE
TX-N-03333,ACC-N-0962,EXT-A-072-2,416.18,2026-06-10T20:02:21+00:00,INTERNAL_TRANSFER
TX-N-03334,ACC-N-0920,ACC-N-0725,18597.46,2026-10-21T22:57:55+00:00,INTERNAL_TRANSFER
TX-N-03335,EXT-A-070-2,ACC-N-0533,4516.75,2026-10-25T01:36:39+00:00,INTERNAL_TRANSFER
TX-N-03336,ACC-N-0951,ACC-N-0659,4803.84,2026-06-09T20:14:33+00:00,ATM
TX-N-03337,EXT-A-041-3,EXT-A-060-2,1464.84,2026-04-09T12:58:24+00:00,WIRE
TX-N-03338,EXT-A-032-2,ACC-N-0473,598.12,2026-03-08T21:36:19+00:00,INTERNAL_TRANSFER
TX-N-03339,EXT-A-018-2,ACC-C-HNW-05,1116.22,2026-07-21T16:08:55+00:00,WIRE
TX-N-03340,EXT-A-055-4,ACC-N-0675,2309.72,2026-08-25T08:00:03+00:00,INTERNAL_TRANSFER
TX-N-03341,EXT-A-060-1,EXT-A-867458,3456.4,2026-10-11T11:31:27+00:00,WIRE
TX-N-03342,ACC-N-0657,EXT-A-002-4,795.51,2026-07-21T16:40:26+00:00,INTERNAL_TRANSFER
TX-N-03343,ACC-N-0632,ACC-N-0674,1881.77,2026-12-31T21:53:49+00:00,INTERNAL_TRANSFER
TX-N-03344,ACC-N-0861,ACC-C-HNW-03,27326.46,2026-11-08T18:59:33+00:00,WIRE
TX-N-03345,ACC-N-0529,EXT-A-050-2,3295.54,2026-08-26T18:04:27+00:00,INTERNAL_TRANSFER
TX-N-03346,ACC-N-0703,ACC-N-0419,27365.94,2026-04-06T01:16:01+00:00,ATM
TX-N-03347,ACC-N-0795,ACC-N-0750,16750.37,2026-11-16T14:05:19+00:00,INTERNAL_TRANSFER
TX-N-03348,EXT-A-038-3,EXT-A-059-3,3563.03,2026-08-06T09:42:50+00:00,WIRE
TX-N-03349,ACC-N-0743,ACC-N-0647,20194.02,2026-10-11T12:37:03+00:00,INTERNAL_TRANSFER
TX-N-03350,ACC-N-0506,ACC-N-0632,5639.07,2026-07-28T14:57:35+00:00,WIRE
TX-N-03351,ACC-N-0532,ACC-N-0443,4623.9,2026-09-26T23:00:20+00:00,INTERNAL_TRANSFER
TX-N-03352,EXT-A-010-1,ACC-N-0923,2009.92,2026-02-21T08:45:56+00:00,WIRE
TX-N-03353,ACC-N-0487,ACC-N-0399,814.98,2026-05-30T09:15:02+00:00,INTERNAL_TRANSFER
TX-N-03354,EXT-A-024-4,EXT-A-908166,4405.43,2026-04-04T21:02:31+00:00,INTERNAL_TRANSFER
TX-N-03355,ACC-N-0563,ACC-N-0788,1299.59,2026-03-18T02:20:12+00:00,INTERNAL_TRANSFER
TX-N-03356,ACC-N-0822,ACC-N-0758,8801.19,2026-05-02T23:05:20+00:00,INTERNAL_TRANSFER
TX-N-03357,ACC-N-0612,EXT-A-037-3,8379.82,2026-07-13T12:40:44+00:00,ATM
TX-N-03358,ACC-N-0777,EXT-A-021-4,3149.51,2026-03-31T08:48:13+00:00,WIRE
TX-N-03359,ACC-N-0648,ACC-N-0430,15526.93,2026-07-28T12:22:18+00:00,INTERNAL_TRANSFER
TX-N-03360,ACC-N-0905,ACC-N-0976,3635.06,2026-10-24T16:14:56+00:00,INTERNAL_TRANSFER
TX-N-03361,EXT-A-008-3,EXT-A-054-2,2565.08,2026-02-18T07:30:55+00:00,INTERNAL_TRANSFER
TX-N-03362,ACC-N-0498,EXT-A-030-2,434.66,2026-11-01T21:03:01+00:00,INTERNAL_TRANSFER
TX-N-03363,EXT-A-009-4,ACC-N-0734,7334.93,2026-01-06T05:42:01+00:00,WIRE
TX-N-03364,ACC-N-0599,ACC-N-0805,1620.76,2026-10-28T17:45:08+00:00,INTERNAL_TRANSFER
TX-N-03365,EXT-A-059-1,EXT-A-045-4,19865.45,2026-11-20T14:16:37+00:00,INTERNAL_TRANSFER
TX-N-03366,EXT-A-029-2,ACC-C-PAY-07,5113.59,2026-08-12T07:24:44+00:00,ATM
TX-N-03367,ACC-N-0567,ACC-N-0757,1032.57,2026-02-10T00:08:10+00:00,INTERNAL_TRANSFER
TX-N-03368,EXT-A-019-4,EXT-A-063-2,3039.7,2026-03-26T07:56:27+00:00,INTERNAL_TRANSFER
TX-N-03369,ACC-N-0977,ACC-N-0829,14905.69,2026-01-27T04:42:55+00:00,INTERNAL_TRANSFER
TX-N-03370,EXT-A-045-4,ACC-N-0974,16057.19,2026-01-14T05:20:47+00:00,INTERNAL_TRANSFER
TX-N-03371,ACC-N-0428,ACC-N-0658,33347.21,2026-09-17T02:03:28+00:00,WIRE
TX-N-03372,EXT-A-059-1,EXT-A-018-3,340.41,2026-08-12T21:06:21+00:00,INTERNAL_TRANSFER
TX-N-03373,ACC-N-0452,ACC-N-0679,993.09,2026-12-11T05:56:10+00:00,ATM
TX-N-03374,EXT-A-053-3,ACC-N-0752,1747.56,2026-07-09T18:58:05+00:00,ATM
TX-N-03375,ACC-N-0668,EXT-A-030-3,7546.24,2026-04-03T10:44:05+00:00,WIRE
TX-N-03376,ACC-N-0546,ACC-N-0528,2000.28,2026-12-03T09:49:47+00:00,INTERNAL_TRANSFER
TX-N-03377,ACC-N-0802,ACC-N-0907,475.38,2026-01-16T13:27:47+00:00,INTERNAL_TRANSFER
TX-N-03378,ACC-N-0503,ACC-N-0900,3863.06,2026-11-23T15:01:12+00:00,WIRE
TX-N-03379,ACC-N-0649,ACC-N-0615,2205.53,2026-01-31T03:55:03+00:00,INTERNAL_TRANSFER
TX-N-03380,EXT-A-069-2,ACC-N-0699,1769.8,2026-03-13T07:26:58+00:00,INTERNAL_TRANSFER
TX-N-03381,ACC-N-0789,EXT-A-025-1,9753.93,2026-10-09T14:23:23+00:00,INTERNAL_TRANSFER
TX-N-03382,ACC-N-0517,EXT-A-051-2,8256.84,2026-10-11T23:34:35+00:00,INTERNAL_TRANSFER
TX-N-03383,EXT-A-052-3,EXT-A-054-2,5019.92,2026-06-18T14:59:40+00:00,INTERNAL_TRANSFER
TX-N-03384,ACC-N-0974,ACC-N-0519,4190.09,2026-06-29T10:26:14+00:00,INTERNAL_TRANSFER
TX-N-03385,ACC-N-0857,EXT-A-024-4,18834.68,2026-07-04T09:12:04+00:00,INTERNAL_TRANSFER
TX-N-03386,ACC-N-0804,EXT-A-867458,12964.76,2026-04-08T16:10:36+00:00,WIRE
TX-N-03387,ACC-N-0848,EXT-A-044-4,2523.29,2026-03-08T19:58:04+00:00,WIRE
TX-N-03388,ACC-N-0408,EXT-A-046-2,551.03,2026-08-09T07:32:30+00:00,INTERNAL_TRANSFER
TX-N-03389,ACC-N-0722,EXT-A-040-4,999.29,2026-09-27T06:04:46+00:00,INTERNAL_TRANSFER
TX-N-03390,ACC-N-0491,ACC-C-HNW-06,5453.76,2026-09-22T14:27:51+00:00,WIRE
TX-N-03391,ACC-N-0906,ACC-N-0940,10300.92,2026-07-02T09:36:41+00:00,INTERNAL_TRANSFER
TX-N-03392,EXT-A-016-1,EXT-A-004-4,7833.9,2026-08-17T16:08:33+00:00,INTERNAL_TRANSFER
TX-N-03393,EXT-A-049-3,ACC-N-0721,15284.21,2026-11-25T05:02:16+00:00,INTERNAL_TRANSFER
TX-N-03394,ACC-N-0739,ACC-N-0675,6635.27,2026-06-12T03:51:56+00:00,WIRE
TX-N-03395,EXT-A-007-1,ACC-N-0959,22626.81,2026-09-25T08:24:18+00:00,ATM
TX-N-03396,ACC-N-0979,EXT-A-063-4,6393.78,2026-06-11T14:55:09+00:00,INTERNAL_TRANSFER
TX-N-03397,ACC-N-0700,ACC-N-0491,9452.97,2026-02-20T14:34:56+00:00,INTERNAL_TRANSFER
TX-N-03398,ACC-N-0774,ACC-N-0467,10984.17,2026-08-18T16:00:39+00:00,INTERNAL_TRANSFER
TX-N-03399,ACC-N-0512,EXT-A-072-4,4191.23,2026-05-19T13:29:52+00:00,WIRE
TX-N-03400,ACC-N-0721,ACC-N-0598,21029.05,2026-10-19T04:45:12+00:00,INTERNAL_TRANSFER
TX-N-03401,EXT-A-004-2,ACC-N-0935,26138.44,2026-03-12T18:03:15+00:00,INTERNAL_TRANSFER
TX-N-03402,EXT-A-023-1,ACC-N-0767,11182.9,2026-12-04T03:31:12+00:00,INTERNAL_TRANSFER
TX-N-03403,ACC-B-B,ACC-N-0539,1065.48,2026-08-06T09:29:24+00:00,INTERNAL_TRANSFER
TX-N-03404,ACC-N-0677,ACC-N-0929,7039.97,2026-01-09T23:53:42+00:00,ATM
TX-N-03405,ACC-N-0693,ACC-N-0991,3713.45,2026-03-07T22:23:29+00:00,INTERNAL_TRANSFER
TX-N-03406,ACC-N-0808,ACC-N-0593,6774.21,2026-11-29T10:52:13+00:00,WIRE
TX-N-03407,ACC-N-0761,EXT-A-020-4,1224.63,2026-01-03T07:00:36+00:00,INTERNAL_TRANSFER
TX-N-03408,EXT-A-021-1,ACC-B-03-B,1613.96,2026-12-01T11:08:18+00:00,WIRE
TX-N-03409,ACC-N-0426,ACC-N-0660,9985.91,2026-09-04T12:12:55+00:00,INTERNAL_TRANSFER
TX-N-03410,EXT-A-070-3,ACC-N-0408,540.45,2026-10-29T00:09:59+00:00,INTERNAL_TRANSFER
TX-N-03411,EXT-A-016-3,ACC-N-0890,3063.54,2026-05-10T01:51:44+00:00,ATM
TX-N-03412,ACC-N-0901,ACC-N-0956,7719.78,2026-03-29T16:05:42+00:00,INTERNAL_TRANSFER
TX-N-03413,ACC-N-0879,EXT-A-002-1,9213.23,2026-07-11T18:22:19+00:00,INTERNAL_TRANSFER
TX-N-03414,ACC-N-0683,ACC-N-0498,11918.38,2026-09-26T20:49:08+00:00,WIRE
TX-N-03415,ACC-N-0999,ACC-N-0955,4051.4,2026-12-22T03:49:10+00:00,INTERNAL_TRANSFER
TX-N-03416,EXT-A-067-2,EXT-A-028-1,7608.29,2026-02-16T02:15:29+00:00,WIRE
TX-N-03417,EXT-A-011-3,EXT-A-033-2,800.99,2026-01-17T01:42:44+00:00,INTERNAL_TRANSFER
TX-N-03418,EXT-A-024-2,ACC-N-0760,2278.05,2026-09-07T12:37:20+00:00,WIRE
TX-N-03419,ACC-N-0823,ACC-N-0890,2524.78,2026-03-17T04:54:59+00:00,INTERNAL_TRANSFER
TX-N-03420,ACC-B-04-A,ACC-N-0873,5193.46,2026-11-12T08:57:04+00:00,INTERNAL_TRANSFER
TX-N-03421,EXT-A-051-4,EXT-A-055-3,6699.11,2026-04-29T00:49:40+00:00,WIRE
TX-N-03422,ACC-N-0878,ACC-N-0817,6349.61,2026-04-28T06:49:37+00:00,INTERNAL_TRANSFER
TX-N-03423,ACC-N-0760,EXT-A-307484,10369.65,2026-08-29T23:35:56+00:00,INTERNAL_TRANSFER
TX-N-03424,ACC-N-0627,EXT-A-011-4,7200.69,2026-06-06T18:28:30+00:00,WIRE
TX-N-03425,ACC-N-0394,EXT-A-042-2,15936.49,2026-06-23T07:22:00+00:00,ATM
TX-N-03426,EXT-A-047-1,EXT-A-011-4,4324.38,2026-02-07T06:31:46+00:00,INTERNAL_TRANSFER
TX-N-03427,ACC-N-0904,ACC-N-0887,5959.29,2026-09-20T00:41:19+00:00,INTERNAL_TRANSFER
TX-N-03428,ACC-C-PAY-02,ACC-N-0418,1143.4,2026-09-28T18:44:33+00:00,WIRE
TX-N-03429,ACC-N-0701,EXT-A-044-3,5675.38,2026-06-28T03:05:04+00:00,INTERNAL_TRANSFER
TX-N-03430,EXT-A-047-2,EXT-A-037-2,1447.13,2026-09-07T19:44:50+00:00,INTERNAL_TRANSFER
TX-N-03431,EXT-A-038-4,ACC-N-0573,3727.88,2026-04-08T19:07:54+00:00,INTERNAL_TRANSFER
TX-N-03432,EXT-A-038-2,ACC-N-0722,31794.6,2026-08-24T23:23:12+00:00,ATM
TX-N-03433,ACC-N-0638,ACC-N-0630,9937.87,2026-06-03T22:07:18+00:00,INTERNAL_TRANSFER
TX-N-03434,EXT-A-042-2,ACC-N-0565,2119.48,2026-07-03T19:07:41+00:00,INTERNAL_TRANSFER
TX-N-03435,EXT-A-058-1,EXT-A-013-2,14264.2,2026-06-30T14:08:07+00:00,INTERNAL_TRANSFER
TX-N-03436,EXT-A-072-2,ACC-N-0542,4593.29,2026-05-02T16:22:45+00:00,ATM
TX-N-03437,ACC-N-0529,EXT-A-011-2,13491.58,2026-03-29T17:54:28+00:00,WIRE
TX-N-03438,ACC-N-0689,ACC-N-0711,3126.21,2026-11-27T18:24:31+00:00,INTERNAL_TRANSFER
TX-N-03439,ACC-N-0939,ACC-N-0726,16280.84,2026-12-13T10:37:23+00:00,ATM
TX-N-03440,EXT-A-067-4,EXT-A-039-2,953.07,2026-08-18T23:31:34+00:00,INTERNAL_TRANSFER
TX-N-03441,ACC-N-0492,ACC-N-0648,17880.32,2026-04-15T10:21:21+00:00,INTERNAL_TRANSFER
TX-N-03442,ACC-N-0749,ACC-N-0703,40934.86,2026-10-03T05:52:32+00:00,WIRE
TX-N-03443,ACC-N-0751,EXT-A-043-2,1710.1,2026-10-26T13:16:42+00:00,INTERNAL_TRANSFER
TX-N-03444,ACC-N-0791,ACC-N-0985,13098.57,2026-09-13T22:09:13+00:00,INTERNAL_TRANSFER
TX-N-03445,EXT-A-069-3,ACC-N-0607,1092.05,2026-01-18T15:57:19+00:00,WIRE
TX-N-03446,ACC-N-0716,ACC-N-0534,9446.85,2026-09-07T09:25:23+00:00,ATM
TX-N-03447,ACC-N-0748,ACC-N-0710,21528.16,2026-04-24T11:20:17+00:00,INTERNAL_TRANSFER
TX-N-03448,ACC-N-0948,ACC-N-0677,1040.36,2026-04-14T18:41:26+00:00,ATM
TX-N-03449,ACC-N-0804,ACC-N-0766,2326.12,2026-05-19T09:09:34+00:00,WIRE
TX-N-03450,ACC-N-0763,ACC-N-0833,4037.29,2026-07-20T17:34:15+00:00,INTERNAL_TRANSFER
TX-N-03451,EXT-A-057-4,ACC-N-0859,3448.83,2026-01-09T17:25:55+00:00,ATM
TX-N-03452,ACC-N-0513,EXT-A-011-3,11567.03,2026-01-12T12:27:57+00:00,INTERNAL_TRANSFER
TX-N-03453,EXT-A-052-3,ACC-N-0819,3269.99,2026-03-29T17:57:12+00:00,INTERNAL_TRANSFER
TX-N-03454,EXT-A-065-2,ACC-N-0609,11467.74,2026-05-01T15:17:51+00:00,ATM
TX-N-03455,ACC-N-0459,ACC-N-0565,5920.54,2026-12-07T09:17:54+00:00,INTERNAL_TRANSFER
TX-N-03456,ACC-N-0960,ACC-N-0464,6569.14,2026-11-15T02:58:27+00:00,INTERNAL_TRANSFER
TX-N-03457,ACC-N-0803,ACC-N-0438,1250.65,2026-06-14T18:24:57+00:00,INTERNAL_TRANSFER
TX-N-03458,ACC-B-02-B,EXT-A-002-2,6883.05,2026-03-24T09:02:14+00:00,INTERNAL_TRANSFER
TX-N-03459,ACC-N-0498,ACC-N-0832,6616.29,2026-11-01T23:51:54+00:00,INTERNAL_TRANSFER
TX-N-03460,EXT-A-032-3,ACC-N-0444,1937.24,2026-12-23T06:55:17+00:00,WIRE
TX-N-03461,ACC-N-0835,ACC-N-0496,457.11,2026-08-31T06:20:02+00:00,WIRE
TX-N-03462,EXT-A-008-3,EXT-A-010-1,2186.8,2026-01-15T12:29:54+00:00,INTERNAL_TRANSFER
TX-N-03463,ACC-N-0865,ACC-N-0936,3241.7,2026-09-08T12:26:23+00:00,INTERNAL_TRANSFER
TX-N-03464,ACC-C-HNW-02,ACC-B-A,4440.51,2026-12-06T17:12:32+00:00,WIRE
TX-N-03465,ACC-N-0909,ACC-N-0973,2200.9,2026-08-03T19:40:41+00:00,INTERNAL_TRANSFER
TX-N-03466,ACC-N-0548,EXT-A-059-4,3538.2,2026-04-29T22:16:15+00:00,INTERNAL_TRANSFER
TX-N-03467,ACC-N-0598,ACC-N-0971,16220.81,2026-01-04T19:22:31+00:00,INTERNAL_TRANSFER
TX-N-03468,EXT-A-070-2,EXT-A-072-3,7192.49,2026-02-15T18:38:59+00:00,INTERNAL_TRANSFER
TX-N-03469,ACC-N-0701,ACC-N-0741,11759.97,2026-03-03T17:52:01+00:00,INTERNAL_TRANSFER
TX-N-03470,ACC-N-0537,ACC-N-0416,3147.38,2026-10-18T17:58:46+00:00,WIRE
TX-N-03471,ACC-N-0426,EXT-A-010-3,2850.33,2026-03-08T10:29:09+00:00,INTERNAL_TRANSFER
TX-N-03472,ACC-N-0805,ACC-N-0676,5418.25,2026-11-04T11:38:55+00:00,INTERNAL_TRANSFER
TX-N-03473,EXT-A-035-1,ACC-N-0803,3996.15,2026-02-16T19:55:37+00:00,INTERNAL_TRANSFER
TX-N-03474,ACC-N-0719,EXT-A-058-4,2547.31,2026-08-11T00:56:43+00:00,INTERNAL_TRANSFER
TX-N-03475,ACC-N-0683,ACC-N-0867,6819.0,2026-12-05T05:52:47+00:00,INTERNAL_TRANSFER
TX-N-03476,ACC-N-0727,ACC-N-0714,7999.36,2026-04-24T05:18:17+00:00,INTERNAL_TRANSFER
TX-N-03477,EXT-A-071-4,ACC-N-0944,2232.95,2026-10-04T11:51:13+00:00,INTERNAL_TRANSFER
TX-N-03478,ACC-N-0903,ACC-N-0994,7050.08,2026-01-06T01:13:49+00:00,INTERNAL_TRANSFER
TX-N-03479,ACC-N-0641,EXT-A-037-2,7751.46,2026-07-11T01:34:51+00:00,INTERNAL_TRANSFER
TX-N-03480,ACC-N-0609,EXT-A-020-1,9734.91,2026-01-27T16:51:42+00:00,INTERNAL_TRANSFER
TX-N-03481,ACC-N-0832,EXT-A-013-1,3418.83,2026-10-07T13:01:26+00:00,WIRE
TX-N-03482,EXT-A-002-4,ACC-N-0960,313.66,2026-11-23T23:57:05+00:00,WIRE
TX-N-03483,ACC-N-0492,EXT-A-025-1,171.01,2026-09-27T17:04:47+00:00,INTERNAL_TRANSFER
TX-N-03484,ACC-N-0807,ACC-N-0915,6678.92,2026-10-11T22:16:02+00:00,INTERNAL_TRANSFER
TX-N-03485,EXT-A-050-1,EXT-A-011-4,14251.01,2026-11-28T16:01:51+00:00,INTERNAL_TRANSFER
TX-N-03486,ACC-N-0744,EXT-A-022-1,2813.66,2026-02-14T17:12:17+00:00,ATM
TX-N-03487,ACC-N-0934,ACC-C-PAY-10,1418.84,2026-11-15T17:46:42+00:00,WIRE
TX-N-03488,EXT-A-071-4,EXT-A-005-2,13147.53,2026-08-23T08:28:15+00:00,ATM
TX-N-03489,ACC-N-0463,ACC-N-0801,1922.53,2026-08-09T01:37:19+00:00,ATM
TX-N-03490,EXT-A-006-4,EXT-A-030-1,22434.49,2026-09-26T03:18:11+00:00,INTERNAL_TRANSFER
TX-N-03491,EXT-A-024-1,ACC-N-0580,696.67,2026-08-07T08:24:40+00:00,INTERNAL_TRANSFER
TX-N-03492,EXT-A-058-1,ACC-N-0574,6908.38,2026-07-31T06:50:59+00:00,INTERNAL_TRANSFER
TX-N-03493,ACC-N-0731,EXT-A-058-3,1735.79,2026-05-18T14:49:28+00:00,INTERNAL_TRANSFER
TX-N-03494,ACC-N-0443,EXT-A-063-2,662.16,2026-12-06T13:43:58+00:00,WIRE
TX-N-03495,ACC-N-0472,ACC-N-0511,16864.59,2026-10-14T20:32:14+00:00,INTERNAL_TRANSFER
TX-N-03496,ACC-N-0783,ACC-N-0670,4770.52,2026-07-28T23:34:08+00:00,INTERNAL_TRANSFER
TX-N-03497,ACC-N-0576,EXT-A-062-2,5587.26,2026-03-14T18:46:36+00:00,INTERNAL_TRANSFER
TX-N-03498,ACC-N-0884,ACC-N-0824,10765.85,2026-05-20T15:45:03+00:00,INTERNAL_TRANSFER
TX-N-03499,ACC-N-0897,ACC-B-04-B,3481.49,2026-12-27T07:08:42+00:00,WIRE
TX-N-03500,ACC-N-0592,ACC-N-0856,29384.63,2026-08-09T05:51:34+00:00,INTERNAL_TRANSFER
TX-N-03501,ACC-N-0456,EXT-A-015-4,220.0,2026-12-23T22:37:29+00:00,INTERNAL_TRANSFER
TX-N-03502,ACC-N-0951,ACC-N-0687,1227.29,2026-02-14T03:03:24+00:00,INTERNAL_TRANSFER
TX-N-03503,ACC-N-0757,ACC-C-PAY-05,5923.22,2026-12-17T22:21:15+00:00,INTERNAL_TRANSFER
TX-N-03504,EXT-A-010-3,EXT-A-003-1,8632.73,2026-10-05T07:19:04+00:00,INTERNAL_TRANSFER
TX-N-03505,EXT-A-062-4,ACC-N-0705,7249.94,2026-07-12T16:00:41+00:00,INTERNAL_TRANSFER
TX-N-03506,EXT-A-068-1,EXT-A-025-1,16371.31,2026-05-24T17:17:34+00:00,WIRE
TX-N-03507,ACC-N-0809,ACC-N-0657,1205.84,2026-02-09T08:01:22+00:00,ATM
TX-N-03508,ACC-N-0999,EXT-A-004-3,2315.64,2026-11-30T11:12:00+00:00,INTERNAL_TRANSFER
TX-N-03509,EXT-A-032-2,EXT-A-009-4,469.69,2026-03-18T10:09:59+00:00,WIRE
TX-N-03510,ACC-N-0991,ACC-N-0461,2812.77,2026-05-23T07:14:21+00:00,WIRE
TX-N-03511,EXT-A-021-4,ACC-N-0956,1908.43,2026-02-20T00:55:16+00:00,ATM
TX-N-03512,EXT-A-006-1,ACC-N-0487,3013.8,2026-10-24T10:18:48+00:00,INTERNAL_TRANSFER
TX-N-03513,ACC-N-0481,ACC-N-0730,1357.49,2026-04-21T15:51:23+00:00,WIRE
TX-N-03514,ACC-N-0520,EXT-A-071-4,5235.25,2026-08-25T08:47:49+00:00,INTERNAL_TRANSFER
TX-N-03515,ACC-N-0564,EXT-A-052-2,8739.19,2026-10-21T04:20:56+00:00,ATM
TX-N-03516,EXT-A-046-3,EXT-A-029-1,3915.2,2026-09-11T19:27:06+00:00,INTERNAL_TRANSFER
TX-N-03517,ACC-N-0899,EXT-A-035-3,9188.57,2026-08-23T15:54:28+00:00,INTERNAL_TRANSFER
TX-N-03518,ACC-N-0879,EXT-A-030-2,457.03,2026-12-03T21:50:20+00:00,ATM
TX-N-03519,ACC-N-0960,ACC-N-0849,3932.96,2026-08-02T22:51:20+00:00,ATM
TX-N-03520,ACC-N-0435,ACC-N-0902,330.29,2026-08-28T02:13:53+00:00,INTERNAL_TRANSFER
TX-N-03521,EXT-A-008-2,ACC-N-0706,1722.36,2026-09-20T17:39:02+00:00,INTERNAL_TRANSFER
TX-N-03522,EXT-A-043-1,ACC-N-0807,64344.4,2026-03-14T02:07:50+00:00,INTERNAL_TRANSFER
TX-N-03523,EXT-A-025-1,EXT-A-016-4,3707.82,2026-03-17T17:42:58+00:00,WIRE
TX-N-03524,EXT-A-010-3,EXT-A-026-1,31193.61,2026-04-02T09:12:00+00:00,INTERNAL_TRANSFER
TX-N-03525,ACC-N-0932,ACC-N-0902,15598.19,2026-11-09T11:56:32+00:00,INTERNAL_TRANSFER
TX-N-03526,EXT-A-019-1,EXT-A-023-3,329.18,2026-03-28T02:47:27+00:00,INTERNAL_TRANSFER
TX-N-03527,EXT-A-023-1,ACC-N-0541,4061.02,2026-05-23T13:12:21+00:00,WIRE
TX-N-03528,EXT-A-041-4,ACC-N-0629,2720.12,2026-08-07T06:20:39+00:00,INTERNAL_TRANSFER
TX-N-03529,EXT-A-013-4,ACC-N-0999,8437.81,2026-08-29T19:55:43+00:00,INTERNAL_TRANSFER
TX-N-03530,EXT-A-053-3,ACC-N-0667,6601.4,2026-06-04T03:07:28+00:00,INTERNAL_TRANSFER
TX-N-03531,ACC-N-0764,EXT-A-060-2,3392.28,2026-07-18T20:30:22+00:00,INTERNAL_TRANSFER
TX-N-03532,EXT-A-037-3,EXT-A-070-3,1414.73,2026-12-01T14:53:24+00:00,WIRE
TX-N-03533,ACC-N-0997,EXT-A-062-2,4419.18,2026-06-08T09:38:27+00:00,INTERNAL_TRANSFER
TX-N-03534,ACC-N-0394,ACC-N-0420,3226.8,2026-10-30T15:12:59+00:00,INTERNAL_TRANSFER
TX-N-03535,ACC-N-0894,ACC-N-0426,8746.77,2026-07-15T06:23:23+00:00,INTERNAL_TRANSFER
TX-N-03536,EXT-A-069-1,EXT-A-030-2,1447.79,2026-04-21T02:36:16+00:00,INTERNAL_TRANSFER
TX-N-03537,ACC-N-0999,ACC-N-0918,435.54,2026-02-04T16:05:12+00:00,INTERNAL_TRANSFER
TX-N-03538,ACC-C-PAY-03,ACC-N-0472,440.25,2026-02-15T02:16:22+00:00,INTERNAL_TRANSFER
TX-N-03539,ACC-N-0658,ACC-N-0940,3120.88,2026-01-19T02:37:46+00:00,ATM
TX-N-03540,ACC-C-PAY-12,ACC-N-0492,3085.12,2026-04-12T23:57:02+00:00,INTERNAL_TRANSFER
TX-N-03541,ACC-N-0430,ACC-N-0857,1132.31,2026-08-15T11:02:36+00:00,INTERNAL_TRANSFER
TX-N-03542,ACC-N-0899,ACC-N-0921,2423.69,2026-02-25T13:19:25+00:00,INTERNAL_TRANSFER
TX-N-03543,ACC-N-0593,ACC-N-0500,6726.18,2026-07-17T12:40:04+00:00,INTERNAL_TRANSFER
TX-N-03544,EXT-A-037-2,ACC-N-0765,4717.76,2026-12-02T15:05:09+00:00,ATM
TX-N-03545,ACC-N-0671,ACC-N-0507,2477.97,2026-06-29T15:20:53+00:00,INTERNAL_TRANSFER
TX-N-03546,ACC-N-0679,ACC-N-0489,4796.62,2026-06-01T21:58:35+00:00,INTERNAL_TRANSFER
TX-N-03547,ACC-N-0985,ACC-N-0867,2527.46,2026-10-29T13:46:24+00:00,WIRE
TX-N-03548,ACC-N-0809,ACC-N-0715,37118.98,2026-02-05T13:50:18+00:00,INTERNAL_TRANSFER
TX-N-03549,ACC-N-0869,ACC-C-PAY-10,11303.77,2026-09-16T00:15:40+00:00,WIRE
TX-N-03550,ACC-N-0906,EXT-A-025-3,7911.48,2026-05-09T22:52:53+00:00,INTERNAL_TRANSFER
TX-N-03551,ACC-N-0586,ACC-N-0920,2534.86,2026-09-29T16:33:01+00:00,INTERNAL_TRANSFER
TX-N-03552,ACC-N-0905,ACC-B-04-C,1478.72,2026-05-15T07:53:31+00:00,INTERNAL_TRANSFER
TX-N-03553,EXT-A-011-1,ACC-N-0649,4403.86,2026-05-31T14:02:52+00:00,INTERNAL_TRANSFER
TX-N-03554,EXT-A-054-4,ACC-N-0487,1263.22,2026-12-13T02:47:28+00:00,WIRE
TX-N-03555,ACC-N-0485,ACC-N-0853,10945.32,2026-09-29T01:01:05+00:00,INTERNAL_TRANSFER
TX-N-03556,ACC-N-0765,ACC-N-0896,4833.68,2026-06-24T00:15:49+00:00,WIRE
TX-N-03557,EXT-A-023-1,ACC-N-0899,1927.8,2026-10-05T16:57:51+00:00,INTERNAL_TRANSFER
TX-N-03558,ACC-N-0763,ACC-N-0767,17925.3,2026-12-31T21:28:45+00:00,INTERNAL_TRANSFER
TX-N-03559,EXT-A-053-3,ACC-N-0936,666.57,2026-03-10T18:43:06+00:00,INTERNAL_TRANSFER
TX-N-03560,ACC-N-0948,ACC-N-0883,19591.17,2026-10-18T13:18:21+00:00,INTERNAL_TRANSFER
TX-N-03561,EXT-A-067-1,ACC-N-0489,2694.8,2026-02-02T01:44:36+00:00,INTERNAL_TRANSFER
TX-N-03562,ACC-N-0874,ACC-N-0824,2651.09,2026-05-17T03:36:43+00:00,INTERNAL_TRANSFER
TX-N-03563,ACC-N-0947,ACC-N-0519,4331.77,2026-06-20T04:53:39+00:00,INTERNAL_TRANSFER
TX-N-03564,ACC-N-0766,ACC-B-04-A,18458.0,2026-10-02T22:00:17+00:00,WIRE
TX-N-03565,ACC-B-03-A,ACC-N-0673,13572.52,2026-06-24T12:26:48+00:00,ATM
TX-N-03566,ACC-N-0484,ACC-N-0797,23891.49,2026-09-17T03:22:33+00:00,WIRE
TX-N-03567,EXT-A-031-3,EXT-A-053-3,15020.58,2026-12-05T02:12:37+00:00,INTERNAL_TRANSFER
TX-N-03568,ACC-N-0854,ACC-N-0797,9905.73,2026-08-07T05:28:10+00:00,INTERNAL_TRANSFER
TX-N-03569,ACC-N-0604,EXT-A-019-4,2631.3,2026-10-06T09:27:25+00:00,WIRE
TX-N-03570,ACC-N-0767,EXT-A-054-2,16462.29,2026-04-02T00:43:28+00:00,INTERNAL_TRANSFER
TX-N-03571,ACC-N-0544,EXT-A-014-4,11210.2,2026-06-18T15:34:26+00:00,INTERNAL_TRANSFER
TX-N-03572,ACC-N-0959,EXT-A-029-3,1070.04,2026-04-05T02:44:09+00:00,WIRE
TX-N-03573,ACC-N-0839,ACC-N-0519,965.85,2026-01-23T03:31:06+00:00,INTERNAL_TRANSFER
TX-N-03574,ACC-N-0696,EXT-A-003-2,13312.04,2026-06-28T08:24:21+00:00,INTERNAL_TRANSFER
TX-N-03575,EXT-A-005-3,ACC-N-0901,8376.2,2026-08-24T13:00:01+00:00,INTERNAL_TRANSFER
TX-N-03576,EXT-A-068-4,ACC-N-0886,384.91,2026-07-02T13:24:38+00:00,INTERNAL_TRANSFER
TX-N-03577,ACC-N-0508,ACC-N-0420,3366.97,2026-02-28T21:54:37+00:00,INTERNAL_TRANSFER
TX-N-03578,ACC-N-0963,ACC-N-0506,11349.78,2026-05-08T08:51:01+00:00,INTERNAL_TRANSFER
TX-N-03579,ACC-N-0487,EXT-A-061-2,6154.03,2026-06-24T03:34:43+00:00,INTERNAL_TRANSFER
TX-N-03580,ACC-N-0501,ACC-N-0968,17210.93,2026-02-20T13:26:26+00:00,INTERNAL_TRANSFER
TX-N-03581,ACC-N-0631,ACC-N-0538,4189.69,2026-01-05T16:50:07+00:00,WIRE
TX-N-03582,EXT-A-070-4,ACC-N-0977,1261.0,2026-07-23T20:38:02+00:00,WIRE
TX-N-03583,ACC-N-0684,EXT-A-005-1,3900.16,2026-07-29T15:10:48+00:00,INTERNAL_TRANSFER
TX-N-03584,EXT-A-006-4,ACC-N-0603,6236.06,2026-06-27T12:31:26+00:00,INTERNAL_TRANSFER
TX-N-03585,ACC-N-0455,EXT-A-027-1,2329.06,2026-12-11T23:07:17+00:00,INTERNAL_TRANSFER
TX-N-03586,EXT-A-070-4,EXT-A-013-1,3332.93,2026-04-02T11:03:05+00:00,WIRE
TX-N-03587,ACC-N-0871,EXT-A-018-2,699.34,2026-10-15T22:21:16+00:00,INTERNAL_TRANSFER
TX-N-03588,ACC-C-HNW-06,EXT-A-008-4,2208.05,2026-11-03T18:41:06+00:00,INTERNAL_TRANSFER
TX-N-03589,ACC-N-0513,ACC-N-0738,2559.74,2026-11-13T17:14:08+00:00,INTERNAL_TRANSFER
TX-N-03590,ACC-N-0404,EXT-A-042-3,2452.0,2026-12-27T21:34:43+00:00,INTERNAL_TRANSFER
TX-N-03591,EXT-A-032-4,ACC-N-0485,1579.83,2026-09-29T14:40:38+00:00,WIRE
TX-N-03592,ACC-N-0700,EXT-A-045-3,4462.52,2026-01-15T18:22:11+00:00,ATM
TX-N-03593,ACC-N-0595,EXT-A-018-2,2995.78,2026-03-16T03:57:04+00:00,INTERNAL_TRANSFER
TX-N-03594,ACC-C-PAY-10,ACC-N-0859,23243.66,2026-08-10T15:14:31+00:00,INTERNAL_TRANSFER
TX-N-03595,ACC-N-0668,EXT-A-053-3,4117.49,2026-09-27T04:33:20+00:00,INTERNAL_TRANSFER
TX-N-03596,ACC-N-0884,EXT-A-023-1,6975.3,2026-03-18T06:53:38+00:00,INTERNAL_TRANSFER
TX-N-03597,ACC-N-0474,ACC-N-0493,4768.38,2026-08-01T01:20:23+00:00,INTERNAL_TRANSFER
TX-N-03598,ACC-N-0703,ACC-N-0721,79514.06,2026-04-29T17:42:36+00:00,WIRE
TX-N-03599,EXT-A-005-3,ACC-C-PAY-12,3325.56,2026-08-18T21:41:20+00:00,INTERNAL_TRANSFER
TX-N-03600,EXT-A-013-1,EXT-A-023-2,13779.68,2026-08-05T06:32:17+00:00,WIRE
TX-N-03601,EXT-A-045-1,ACC-N-0810,14245.17,2026-12-05T22:49:43+00:00,INTERNAL_TRANSFER
TX-N-03602,EXT-A-071-3,EXT-A-018-4,3076.31,2026-05-20T15:07:11+00:00,INTERNAL_TRANSFER
TX-N-03603,ACC-N-0930,EXT-A-070-3,48228.38,2026-12-30T10:13:22+00:00,INTERNAL_TRANSFER
TX-N-03604,ACC-N-0964,ACC-N-0700,12711.43,2026-09-14T04:41:03+00:00,WIRE
TX-N-03605,ACC-N-0501,ACC-N-0691,7748.12,2026-07-08T17:11:36+00:00,INTERNAL_TRANSFER
TX-N-03606,EXT-A-053-2,EXT-A-039-2,1922.31,2026-09-30T10:47:46+00:00,INTERNAL_TRANSFER
TX-N-03607,ACC-N-0982,ACC-N-0691,5849.48,2026-03-18T13:54:42+00:00,INTERNAL_TRANSFER
TX-N-03608,EXT-A-019-3,ACC-N-0530,37003.4,2026-09-18T05:20:00+00:00,ATM
TX-N-03609,ACC-N-0535,EXT-A-009-3,12997.44,2026-04-04T03:30:11+00:00,INTERNAL_TRANSFER
TX-N-03610,ACC-B-02-A,EXT-A-049-4,793.06,2026-10-31T04:50:48+00:00,INTERNAL_TRANSFER
TX-N-03611,ACC-N-0967,ACC-N-0399,3085.06,2026-02-19T19:08:13+00:00,INTERNAL_TRANSFER
TX-N-03612,ACC-N-0615,ACC-N-0658,6955.7,2026-11-12T04:24:06+00:00,ATM
TX-N-03613,EXT-A-008-2,ACC-N-0800,4135.52,2026-10-14T23:35:06+00:00,WIRE
TX-N-03614,ACC-N-0726,ACC-N-0684,7555.44,2026-02-02T05:28:24+00:00,INTERNAL_TRANSFER
TX-N-03615,ACC-N-0828,EXT-A-027-1,2678.92,2026-08-05T00:12:18+00:00,INTERNAL_TRANSFER
TX-N-03616,EXT-A-036-3,EXT-A-006-2,4276.28,2026-06-14T16:25:28+00:00,WIRE
TX-N-03617,EXT-A-012-1,ACC-N-0924,580.58,2026-11-23T22:17:07+00:00,INTERNAL_TRANSFER
TX-N-03618,ACC-N-0952,ACC-N-0440,6837.64,2026-07-22T21:09:06+00:00,WIRE
TX-N-03619,ACC-N-0995,ACC-N-0547,1474.18,2026-08-07T18:59:12+00:00,WIRE
TX-N-03620,ACC-N-0527,ACC-N-0551,3000.38,2026-12-03T21:51:56+00:00,INTERNAL_TRANSFER
TX-N-03621,EXT-A-026-1,EXT-A-053-2,16240.92,2026-02-17T17:05:19+00:00,INTERNAL_TRANSFER
TX-N-03622,EXT-A-054-3,ACC-N-0663,7472.53,2026-07-20T00:41:17+00:00,INTERNAL_TRANSFER
TX-N-03623,ACC-N-0990,ACC-N-0446,4550.91,2026-08-19T23:30:28+00:00,WIRE
TX-N-03624,ACC-N-0816,ACC-N-0619,6480.0,2026-02-07T21:50:59+00:00,INTERNAL_TRANSFER
TX-N-03625,ACC-N-0505,ACC-N-0620,3310.03,2026-05-01T19:40:18+00:00,INTERNAL_TRANSFER
TX-N-03626,ACC-N-0965,ACC-N-0879,14210.67,2026-08-22T00:15:44+00:00,INTERNAL_TRANSFER
TX-N-03627,ACC-N-0651,ACC-N-0642,2095.06,2026-12-02T09:36:24+00:00,WIRE
TX-N-03628,ACC-N-0587,EXT-A-044-3,5837.68,2026-05-28T13:47:45+00:00,WIRE
TX-N-03629,ACC-N-0562,ACC-N-0572,14362.03,2026-10-08T06:34:52+00:00,INTERNAL_TRANSFER
TX-N-03630,EXT-A-046-2,ACC-N-0681,4656.44,2026-03-03T20:39:02+00:00,INTERNAL_TRANSFER
TX-N-03631,ACC-N-0533,ACC-N-0904,5589.64,2026-05-31T02:49:53+00:00,INTERNAL_TRANSFER
TX-N-03632,ACC-N-0572,ACC-N-0761,2424.68,2026-02-08T10:29:07+00:00,WIRE
TX-N-03633,ACC-N-0991,ACC-N-0765,7934.03,2026-07-28T23:20:06+00:00,ATM
TX-N-03634,EXT-A-026-4,ACC-N-0603,10122.86,2026-07-15T21:13:52+00:00,INTERNAL_TRANSFER
TX-N-03635,EXT-A-025-4,EXT-A-009-3,3078.09,2026-12-02T19:00:09+00:00,INTERNAL_TRANSFER
TX-N-03636,ACC-N-0767,ACC-N-0448,18267.76,2026-02-03T08:22:37+00:00,WIRE
TX-N-03637,ACC-C-PAY-03,ACC-N-0863,6518.1,2026-06-26T00:57:06+00:00,INTERNAL_TRANSFER
TX-N-03638,ACC-B-C,ACC-N-0567,8823.58,2026-03-29T12:50:31+00:00,INTERNAL_TRANSFER
TX-N-03639,EXT-A-046-3,ACC-N-0600,8183.88,2026-10-02T17:19:30+00:00,INTERNAL_TRANSFER
TX-N-03640,ACC-N-0596,ACC-N-0903,672.01,2026-04-07T13:29:37+00:00,INTERNAL_TRANSFER
TX-N-03641,EXT-A-027-1,ACC-N-0451,2076.84,2026-09-27T14:19:16+00:00,WIRE
TX-N-03642,ACC-N-0453,ACC-N-0837,5075.99,2026-11-23T14:18:51+00:00,INTERNAL_TRANSFER
TX-N-03643,ACC-N-0592,ACC-N-0910,3456.23,2026-03-16T20:28:24+00:00,ATM
TX-N-03644,EXT-A-071-3,EXT-A-008-2,45801.78,2026-01-18T09:16:41+00:00,INTERNAL_TRANSFER
TX-N-03645,ACC-N-0573,ACC-N-0743,4439.38,2026-06-28T18:00:59+00:00,INTERNAL_TRANSFER
TX-N-03646,EXT-A-029-1,ACC-N-0506,2189.79,2026-10-01T03:45:10+00:00,INTERNAL_TRANSFER
TX-N-03647,ACC-N-0998,EXT-A-071-2,4681.75,2026-05-04T12:26:51+00:00,INTERNAL_TRANSFER
TX-N-03648,ACC-N-0522,ACC-N-0559,3684.13,2026-09-11T01:36:29+00:00,INTERNAL_TRANSFER
TX-N-03649,ACC-N-0658,EXT-A-060-2,4670.04,2026-05-26T19:24:26+00:00,INTERNAL_TRANSFER
TX-N-03650,ACC-N-0516,ACC-N-0824,4121.0,2026-02-19T08:01:17+00:00,INTERNAL_TRANSFER
TX-N-03651,ACC-N-0415,ACC-N-0425,3897.51,2026-02-09T08:32:53+00:00,INTERNAL_TRANSFER
TX-N-03652,ACC-N-0416,ACC-N-0481,6899.92,2026-04-15T11:07:59+00:00,INTERNAL_TRANSFER
TX-N-03653,ACC-N-0405,EXT-A-030-1,1983.0,2026-05-19T22:30:01+00:00,INTERNAL_TRANSFER
TX-N-03654,ACC-N-0420,ACC-N-0626,10269.12,2026-01-21T07:16:35+00:00,INTERNAL_TRANSFER
TX-N-03655,ACC-N-0804,ACC-N-0632,713.79,2026-10-15T06:22:26+00:00,WIRE
TX-N-03656,ACC-N-0766,ACC-N-0780,2450.96,2026-08-22T12:09:36+00:00,WIRE
TX-N-03657,ACC-N-0655,ACC-N-0891,22590.78,2026-12-20T08:37:05+00:00,INTERNAL_TRANSFER
TX-N-03658,ACC-N-0485,EXT-A-046-3,2019.86,2026-08-11T16:00:47+00:00,ATM
TX-N-03659,ACC-N-0650,ACC-N-0708,18374.3,2026-06-08T14:09:11+00:00,INTERNAL_TRANSFER
TX-N-03660,ACC-N-0547,ACC-N-0961,3445.33,2026-03-26T02:14:31+00:00,INTERNAL_TRANSFER
TX-N-03661,EXT-A-008-1,ACC-C-PAY-07,13663.61,2026-11-23T02:22:34+00:00,INTERNAL_TRANSFER
TX-N-03662,EXT-A-059-4,EXT-A-003-3,3282.92,2026-11-21T23:20:16+00:00,INTERNAL_TRANSFER
TX-N-03663,EXT-A-050-2,ACC-C-PAY-03,725.46,2026-04-06T14:14:13+00:00,WIRE
TX-N-03664,ACC-N-0920,ACC-N-0790,14280.43,2026-09-03T02:46:48+00:00,WIRE
TX-N-03665,EXT-A-038-4,EXT-A-026-2,5721.85,2026-09-27T06:06:23+00:00,ATM
TX-N-03666,ACC-N-0895,ACC-N-0997,5314.89,2026-07-06T10:35:51+00:00,INTERNAL_TRANSFER
TX-N-03667,ACC-C-PAY-02,ACC-N-0569,4018.09,2026-05-01T13:03:57+00:00,INTERNAL_TRANSFER
TX-N-03668,EXT-A-037-2,ACC-N-0994,22967.88,2026-08-28T21:59:56+00:00,INTERNAL_TRANSFER
TX-N-03669,ACC-N-0557,ACC-N-0725,8158.96,2026-01-23T07:37:24+00:00,INTERNAL_TRANSFER
TX-N-03670,ACC-N-0935,ACC-N-0769,5945.69,2026-11-08T17:02:13+00:00,WIRE
TX-N-03671,EXT-A-063-3,EXT-A-024-4,5872.25,2026-07-16T11:09:25+00:00,INTERNAL_TRANSFER
TX-N-03672,ACC-N-0695,ACC-N-0405,43399.68,2026-12-24T05:28:27+00:00,ATM
TX-N-03673,ACC-N-0706,ACC-N-0994,4130.39,2026-06-20T21:29:56+00:00,INTERNAL_TRANSFER
TX-N-03674,ACC-N-0821,EXT-A-027-4,524.52,2026-02-12T05:00:45+00:00,INTERNAL_TRANSFER
TX-N-03675,ACC-N-0537,ACC-N-0580,3455.92,2026-04-05T18:54:50+00:00,INTERNAL_TRANSFER
TX-N-03676,ACC-N-0650,ACC-N-0576,1057.35,2026-01-27T23:01:04+00:00,INTERNAL_TRANSFER
TX-N-03677,ACC-N-0595,EXT-A-068-1,1601.52,2026-06-22T00:45:19+00:00,INTERNAL_TRANSFER
TX-N-03678,EXT-A-064-2,ACC-N-0848,1630.7,2026-02-20T13:20:36+00:00,INTERNAL_TRANSFER
TX-N-03679,EXT-A-034-1,ACC-N-0392,27200.37,2026-07-05T15:31:03+00:00,INTERNAL_TRANSFER
TX-N-03680,ACC-N-0813,ACC-N-0851,6701.27,2026-09-21T04:55:14+00:00,INTERNAL_TRANSFER
TX-N-03681,ACC-C-PAY-05,ACC-N-0483,2856.71,2026-10-01T09:12:30+00:00,INTERNAL_TRANSFER
TX-N-03682,ACC-N-0689,ACC-N-0461,91807.36,2026-01-31T06:23:55+00:00,INTERNAL_TRANSFER
TX-N-03683,ACC-N-0681,ACC-N-0735,3499.96,2026-03-09T12:42:53+00:00,INTERNAL_TRANSFER
TX-N-03684,ACC-N-0543,ACC-N-0434,5614.34,2026-05-28T06:03:23+00:00,ATM
TX-N-03685,ACC-N-0649,EXT-A-013-4,8087.64,2026-05-03T03:52:23+00:00,INTERNAL_TRANSFER
TX-N-03686,ACC-N-0749,ACC-N-0684,11846.65,2026-03-25T00:54:25+00:00,WIRE
TX-N-03687,ACC-N-0673,EXT-A-038-3,2018.23,2026-07-16T16:54:27+00:00,WIRE
TX-N-03688,ACC-N-0988,ACC-N-0498,1649.28,2026-05-15T15:49:17+00:00,INTERNAL_TRANSFER
TX-N-03689,ACC-N-0807,ACC-N-0725,2104.94,2026-01-12T04:00:52+00:00,INTERNAL_TRANSFER
TX-N-03690,ACC-N-0917,ACC-N-0691,1408.23,2026-11-09T06:15:01+00:00,WIRE
TX-N-03691,ACC-N-0756,ACC-N-0500,10596.17,2026-02-02T13:34:55+00:00,WIRE
TX-N-03692,EXT-A-022-1,EXT-A-012-4,3768.82,2026-05-15T13:15:34+00:00,INTERNAL_TRANSFER
TX-N-03693,ACC-N-0752,EXT-A-035-4,3564.94,2026-06-27T22:51:15+00:00,WIRE
TX-N-03694,ACC-N-0876,EXT-A-058-1,11440.17,2026-01-17T18:47:05+00:00,INTERNAL_TRANSFER
TX-N-03695,ACC-N-0515,ACC-N-0631,3392.76,2026-12-04T14:18:37+00:00,INTERNAL_TRANSFER
TX-N-03696,ACC-N-0534,ACC-N-0496,590.2,2026-09-27T22:19:40+00:00,WIRE
TX-N-03697,EXT-A-002-4,ACC-N-0410,22299.24,2026-01-05T12:31:31+00:00,INTERNAL_TRANSFER
TX-N-03698,ACC-N-0914,EXT-A-023-2,23002.75,2026-12-27T06:54:48+00:00,WIRE
TX-N-03699,ACC-N-0747,ACC-N-0924,2495.43,2026-05-24T00:03:04+00:00,INTERNAL_TRANSFER
TX-N-03700,EXT-A-069-1,EXT-A-030-1,3147.84,2026-09-04T19:39:46+00:00,INTERNAL_TRANSFER
TX-N-03701,ACC-N-0445,EXT-A-026-1,2611.84,2026-08-19T16:30:59+00:00,WIRE
TX-N-03702,EXT-A-025-1,EXT-A-048-3,2118.58,2026-12-09T20:50:11+00:00,INTERNAL_TRANSFER
TX-N-03703,EXT-A-017-4,EXT-A-015-2,3210.21,2026-01-22T09:37:33+00:00,INTERNAL_TRANSFER
TX-N-03704,ACC-N-0517,ACC-N-0777,2286.49,2026-08-16T19:05:07+00:00,WIRE
TX-N-03705,ACC-N-0492,ACC-N-0564,1632.07,2026-09-01T12:43:49+00:00,INTERNAL_TRANSFER
TX-N-03706,ACC-N-0416,ACC-N-0758,5785.68,2026-01-27T03:18:55+00:00,INTERNAL_TRANSFER
TX-N-03707,ACC-N-0810,EXT-A-047-1,3128.27,2026-05-14T16:19:38+00:00,INTERNAL_TRANSFER
TX-N-03708,ACC-N-0681,EXT-A-057-4,1661.41,2026-08-25T13:41:20+00:00,INTERNAL_TRANSFER
TX-N-03709,ACC-N-0521,ACC-N-0994,7118.74,2026-07-03T03:17:57+00:00,INTERNAL_TRANSFER
TX-N-03710,ACC-N-0939,ACC-N-0422,6677.9,2026-09-18T04:53:47+00:00,WIRE
TX-N-03711,ACC-N-0828,EXT-A-120482,145.44,2026-08-11T21:21:35+00:00,ATM
TX-N-03712,ACC-N-0438,EXT-A-065-2,4455.12,2026-12-02T11:40:03+00:00,INTERNAL_TRANSFER
TX-N-03713,ACC-N-0498,ACC-N-0848,7483.04,2026-03-12T23:31:16+00:00,INTERNAL_TRANSFER
TX-N-03714,EXT-A-015-1,EXT-A-022-2,9384.45,2026-02-18T14:15:43+00:00,INTERNAL_TRANSFER
TX-N-03715,ACC-N-0802,ACC-N-0873,5585.85,2026-07-04T21:15:56+00:00,ATM
TX-N-03716,EXT-A-046-1,ACC-N-0864,7789.51,2026-01-13T05:30:26+00:00,ATM
TX-N-03717,ACC-N-0959,ACC-N-0864,4781.15,2026-09-26T10:58:46+00:00,WIRE
TX-N-03718,ACC-N-0869,ACC-N-0878,14677.08,2026-11-29T17:40:53+00:00,INTERNAL_TRANSFER
TX-N-03719,ACC-N-0640,ACC-N-0534,3307.47,2026-11-19T16:41:47+00:00,INTERNAL_TRANSFER
TX-N-03720,ACC-N-0589,EXT-A-055-1,9493.25,2026-09-09T21:09:34+00:00,INTERNAL_TRANSFER
TX-N-03721,ACC-N-0683,ACC-N-0963,6689.13,2026-03-23T11:17:59+00:00,ATM
TX-N-03722,EXT-A-045-2,ACC-N-0593,9050.89,2026-10-13T05:45:49+00:00,INTERNAL_TRANSFER
TX-N-03723,ACC-N-0486,EXT-A-065-1,6985.4,2026-03-04T19:16:17+00:00,WIRE
TX-N-03724,ACC-N-0936,ACC-N-0864,21192.04,2026-11-03T04:57:53+00:00,ATM
TX-N-03725,EXT-A-051-3,EXT-A-051-4,15022.66,2026-11-18T11:36:12+00:00,WIRE
TX-N-03726,ACC-N-0598,ACC-N-0894,12926.09,2026-02-08T03:39:43+00:00,WIRE
TX-N-03727,ACC-N-0537,ACC-N-0814,12061.62,2026-02-22T01:00:57+00:00,INTERNAL_TRANSFER
TX-N-03728,EXT-A-058-1,ACC-N-0833,27917.98,2026-10-23T07:40:47+00:00,WIRE
TX-N-03729,ACC-N-0878,ACC-N-0602,1148.49,2026-06-21T05:54:04+00:00,INTERNAL_TRANSFER
TX-N-03730,ACC-N-0995,EXT-A-062-2,2495.42,2026-06-16T19:18:58+00:00,INTERNAL_TRANSFER
TX-N-03731,ACC-N-0968,ACC-N-0686,4010.49,2026-02-23T22:53:00+00:00,WIRE
TX-N-03732,ACC-N-0441,ACC-N-0769,8892.53,2026-08-06T11:32:11+00:00,INTERNAL_TRANSFER
TX-N-03733,EXT-A-020-1,EXT-A-017-4,2744.95,2026-07-20T11:19:39+00:00,INTERNAL_TRANSFER
TX-N-03734,ACC-N-0513,ACC-N-0696,4345.63,2026-10-23T07:52:29+00:00,INTERNAL_TRANSFER
TX-N-03735,ACC-B-03-B,ACC-N-0533,6448.0,2026-10-05T03:33:20+00:00,INTERNAL_TRANSFER
TX-N-03736,ACC-N-0729,EXT-A-006-3,18429.53,2026-08-01T11:32:49+00:00,INTERNAL_TRANSFER
TX-N-03737,ACC-N-0814,ACC-N-0558,6445.74,2026-06-15T23:50:56+00:00,WIRE
TX-N-03738,EXT-A-018-1,EXT-A-069-4,3296.07,2026-12-31T07:05:10+00:00,INTERNAL_TRANSFER
TX-N-03739,ACC-N-0620,EXT-A-051-1,8781.06,2026-08-04T06:09:09+00:00,INTERNAL_TRANSFER
TX-N-03740,ACC-N-0930,ACC-N-0574,6561.18,2026-01-17T23:49:25+00:00,WIRE
TX-N-03741,ACC-N-0890,EXT-A-041-4,5881.87,2026-04-20T13:33:26+00:00,INTERNAL_TRANSFER
TX-N-03742,EXT-A-039-4,EXT-A-049-2,8827.05,2026-04-28T16:25:10+00:00,INTERNAL_TRANSFER
TX-N-03743,ACC-N-0878,ACC-N-0412,1763.62,2026-07-23T14:04:56+00:00,ATM
TX-N-03744,ACC-N-0542,ACC-N-0515,4751.96,2026-09-05T03:37:06+00:00,INTERNAL_TRANSFER
TX-N-03745,ACC-N-0950,EXT-A-062-3,24346.58,2026-10-05T13:17:01+00:00,INTERNAL_TRANSFER
TX-N-03746,ACC-N-0419,ACC-N-0777,3657.6,2026-01-22T23:41:50+00:00,INTERNAL_TRANSFER
TX-N-03747,ACC-N-0413,ACC-N-0716,9672.94,2026-06-17T07:45:29+00:00,INTERNAL_TRANSFER
TX-N-03748,ACC-N-0404,ACC-N-0940,4175.55,2026-04-04T13:18:57+00:00,INTERNAL_TRANSFER
TX-N-03749,ACC-N-0847,ACC-N-0754,13985.55,2026-09-13T03:42:31+00:00,INTERNAL_TRANSFER
TX-N-03750,ACC-N-0517,ACC-N-0715,4058.21,2026-03-18T02:54:28+00:00,INTERNAL_TRANSFER
TX-N-03751,ACC-N-0437,EXT-A-044-1,5770.07,2026-12-08T02:38:27+00:00,INTERNAL_TRANSFER
TX-N-03752,ACC-N-0708,ACC-N-0821,3173.52,2026-03-09T01:06:03+00:00,INTERNAL_TRANSFER
TX-N-03753,EXT-A-070-4,ACC-N-0718,32754.19,2026-01-03T07:57:59+00:00,WIRE
TX-N-03754,ACC-N-0994,EXT-A-036-4,1882.43,2026-01-22T22:22:21+00:00,INTERNAL_TRANSFER
TX-N-03755,ACC-N-0906,ACC-N-0503,11256.02,2026-08-14T16:12:10+00:00,INTERNAL_TRANSFER
TX-N-03756,EXT-A-049-4,ACC-N-0627,920.99,2026-05-29T05:35:16+00:00,INTERNAL_TRANSFER
TX-N-03757,EXT-A-017-3,ACC-N-0741,7073.78,2026-01-27T21:11:50+00:00,INTERNAL_TRANSFER
TX-N-03758,EXT-A-039-3,ACC-N-0781,19870.1,2026-06-25T02:06:08+00:00,INTERNAL_TRANSFER
TX-N-03759,ACC-N-0735,ACC-N-0452,2047.56,2026-08-02T10:41:27+00:00,INTERNAL_TRANSFER
TX-N-03760,ACC-N-0946,ACC-N-0947,7087.49,2026-03-02T10:23:52+00:00,ATM
TX-N-03761,EXT-A-007-3,EXT-A-010-3,4325.55,2026-01-06T15:10:22+00:00,WIRE
TX-N-03762,ACC-N-0903,ACC-N-0956,11077.3,2026-03-15T14:10:16+00:00,INTERNAL_TRANSFER
TX-N-03763,EXT-A-071-1,ACC-N-0987,2523.29,2026-07-17T19:30:28+00:00,WIRE
TX-N-03764,ACC-N-0723,ACC-N-0994,13459.36,2026-01-07T23:53:24+00:00,INTERNAL_TRANSFER
TX-N-03765,EXT-A-049-4,ACC-N-0444,2708.7,2026-02-17T06:53:09+00:00,INTERNAL_TRANSFER
TX-N-03766,EXT-A-051-1,EXT-A-002-4,14285.86,2026-02-02T08:29:53+00:00,INTERNAL_TRANSFER
TX-N-03767,ACC-N-0964,ACC-N-0884,11972.79,2026-06-14T03:52:48+00:00,ATM
TX-N-03768,ACC-N-0869,ACC-C-PAY-01,9251.14,2026-09-26T10:11:37+00:00,INTERNAL_TRANSFER
TX-N-03769,EXT-A-036-3,EXT-A-908166,3315.67,2026-04-27T21:36:53+00:00,WIRE
TX-N-03770,ACC-N-0985,ACC-N-0723,39189.73,2026-12-19T07:20:13+00:00,INTERNAL_TRANSFER
TX-N-03771,ACC-C-PAY-09,ACC-N-0928,755.84,2026-09-29T00:26:14+00:00,INTERNAL_TRANSFER
TX-N-03772,EXT-A-052-4,EXT-A-034-2,4315.47,2026-10-24T14:03:51+00:00,WIRE
TX-N-03773,EXT-A-055-2,EXT-A-008-1,2425.05,2026-07-18T20:05:25+00:00,INTERNAL_TRANSFER
TX-N-03774,ACC-N-0568,EXT-A-041-3,3674.85,2026-03-07T18:09:04+00:00,INTERNAL_TRANSFER
TX-N-03775,ACC-N-0923,ACC-N-0485,3361.12,2026-05-09T13:23:04+00:00,INTERNAL_TRANSFER
TX-N-03776,ACC-N-0890,ACC-N-0573,5918.62,2026-02-06T09:44:42+00:00,INTERNAL_TRANSFER
TX-N-03777,EXT-A-307484,EXT-A-020-4,2397.51,2026-06-10T00:08:01+00:00,WIRE
TX-N-03778,ACC-N-0495,EXT-A-026-1,6422.3,2026-05-21T11:22:38+00:00,WIRE
TX-N-03779,ACC-N-0541,ACC-N-0908,42913.05,2026-11-27T00:14:11+00:00,INTERNAL_TRANSFER
TX-N-03780,ACC-N-0589,EXT-A-045-3,4686.04,2026-07-04T09:24:49+00:00,WIRE
TX-N-03781,ACC-N-0416,ACC-N-0946,2122.82,2026-07-15T03:22:09+00:00,WIRE
TX-N-03782,ACC-N-0775,ACC-N-0561,3475.4,2026-12-04T19:30:56+00:00,INTERNAL_TRANSFER
TX-N-03783,EXT-A-061-2,ACC-N-0607,7263.67,2026-12-15T04:52:28+00:00,INTERNAL_TRANSFER
TX-N-03784,ACC-N-0791,ACC-N-0749,9706.27,2026-10-29T01:49:29+00:00,INTERNAL_TRANSFER
TX-N-03785,ACC-N-0926,ACC-N-0714,1862.97,2026-12-17T17:03:13+00:00,INTERNAL_TRANSFER
TX-N-03786,ACC-N-0902,ACC-N-0869,2032.37,2026-11-01T16:30:37+00:00,WIRE
TX-N-03787,EXT-A-027-1,EXT-A-026-1,7934.47,2026-02-02T19:14:38+00:00,ATM
TX-N-03788,ACC-N-0606,EXT-A-062-4,33149.96,2026-08-22T12:34:58+00:00,WIRE
TX-N-03789,ACC-N-0570,EXT-A-042-2,5714.92,2026-09-04T07:42:11+00:00,INTERNAL_TRANSFER
TX-N-03790,EXT-A-908166,ACC-N-0879,37121.33,2026-03-19T20:46:01+00:00,INTERNAL_TRANSFER
TX-N-03791,EXT-A-003-1,ACC-N-0849,1954.16,2026-01-12T03:24:14+00:00,INTERNAL_TRANSFER
TX-N-03792,EXT-A-035-4,EXT-A-056-1,788.59,2026-08-26T10:32:02+00:00,INTERNAL_TRANSFER
TX-N-03793,ACC-N-0930,ACC-N-0968,12119.7,2026-07-26T21:12:29+00:00,INTERNAL_TRANSFER
TX-N-03794,ACC-B-A,ACC-N-0541,6929.55,2026-01-21T06:15:28+00:00,INTERNAL_TRANSFER
TX-N-03795,ACC-N-0428,EXT-A-019-1,7287.31,2026-02-21T16:31:26+00:00,INTERNAL_TRANSFER
TX-N-03796,ACC-N-0948,ACC-N-0568,3599.96,2026-05-29T14:34:10+00:00,ATM
TX-N-03797,EXT-A-015-1,ACC-N-0892,3285.21,2026-05-08T11:46:40+00:00,INTERNAL_TRANSFER
TX-N-03798,ACC-N-0503,ACC-N-0586,7741.73,2026-11-11T06:39:38+00:00,INTERNAL_TRANSFER
TX-N-03799,ACC-N-0998,EXT-A-033-1,922.46,2026-06-20T19:21:54+00:00,INTERNAL_TRANSFER
TX-N-03800,ACC-N-0477,ACC-N-0505,4347.45,2026-12-24T07:13:01+00:00,INTERNAL_TRANSFER
TX-N-03801,EXT-A-007-1,ACC-N-0661,12213.92,2026-10-28T14:51:23+00:00,INTERNAL_TRANSFER
TX-N-03802,EXT-A-066-3,ACC-N-0804,8648.91,2026-04-24T09:50:10+00:00,INTERNAL_TRANSFER
TX-N-03803,ACC-N-0713,ACC-N-0573,3782.84,2026-10-07T06:42:17+00:00,WIRE
TX-N-03804,ACC-N-0569,ACC-N-0948,1592.85,2026-10-28T21:42:22+00:00,INTERNAL_TRANSFER
TX-N-03805,ACC-N-0738,ACC-N-0919,582.29,2026-12-30T16:55:20+00:00,INTERNAL_TRANSFER
TX-N-03806,ACC-N-0810,ACC-N-0967,1670.0,2026-10-19T04:55:18+00:00,INTERNAL_TRANSFER
TX-N-03807,ACC-N-0559,ACC-N-0632,34728.0,2026-03-16T23:52:23+00:00,WIRE
TX-N-03808,ACC-N-0783,ACC-N-0961,1951.48,2026-03-01T01:31:02+00:00,INTERNAL_TRANSFER
TX-N-03809,ACC-N-0772,ACC-N-0633,6499.69,2026-10-18T09:34:04+00:00,INTERNAL_TRANSFER
TX-N-03810,ACC-N-0745,ACC-N-0975,54162.55,2026-07-24T09:34:29+00:00,WIRE
TX-N-03811,ACC-N-0816,ACC-N-0415,374.4,2026-08-21T20:19:39+00:00,WIRE
TX-N-03812,ACC-N-0927,EXT-A-049-2,4398.66,2026-11-30T15:39:02+00:00,INTERNAL_TRANSFER
TX-N-03813,ACC-N-0567,ACC-N-0424,11928.69,2026-04-19T08:25:27+00:00,WIRE
TX-N-03814,ACC-N-0781,ACC-N-0458,3020.18,2026-04-10T14:55:39+00:00,INTERNAL_TRANSFER
TX-N-03815,EXT-A-049-4,ACC-N-0922,14300.79,2026-11-04T01:44:47+00:00,ATM
TX-N-03816,EXT-A-005-3,ACC-N-0467,14063.23,2026-08-14T12:47:00+00:00,INTERNAL_TRANSFER
TX-N-03817,EXT-A-067-2,EXT-A-049-4,956.1,2026-03-16T10:23:49+00:00,WIRE
TX-N-03818,ACC-N-0789,ACC-N-0909,1996.74,2026-06-03T09:34:13+00:00,INTERNAL_TRANSFER
TX-N-03819,ACC-N-0595,EXT-A-016-4,3965.93,2026-08-22T10:09:42+00:00,WIRE
TX-N-03820,EXT-A-060-2,ACC-N-0574,6795.6,2026-11-15T22:03:27+00:00,INTERNAL_TRANSFER
TX-N-03821,ACC-N-0474,ACC-N-0796,11272.27,2026-09-12T05:07:50+00:00,INTERNAL_TRANSFER
TX-N-03822,ACC-N-0872,ACC-N-0844,4404.94,2026-04-07T21:45:29+00:00,INTERNAL_TRANSFER
TX-N-03823,ACC-N-0436,ACC-N-0737,4039.6,2026-03-12T02:38:00+00:00,INTERNAL_TRANSFER
TX-N-03824,ACC-N-0963,EXT-A-034-3,3878.97,2026-04-15T14:25:00+00:00,WIRE
TX-N-03825,ACC-N-0717,ACC-N-0585,3490.16,2026-11-09T22:49:39+00:00,WIRE
TX-N-03826,ACC-N-0828,ACC-N-0947,2442.41,2026-03-21T10:00:35+00:00,WIRE
TX-N-03827,ACC-N-0538,ACC-N-0632,2400.85,2026-07-12T23:43:08+00:00,WIRE
TX-N-03828,ACC-N-0404,ACC-N-0548,4676.98,2026-11-24T22:17:50+00:00,INTERNAL_TRANSFER
TX-N-03829,ACC-N-0483,EXT-A-071-4,9458.67,2026-09-30T23:23:26+00:00,INTERNAL_TRANSFER
TX-N-03830,ACC-N-0704,ACC-N-0886,5501.01,2026-09-14T02:30:25+00:00,INTERNAL_TRANSFER
TX-N-03831,EXT-A-015-1,EXT-A-014-4,560.88,2026-01-19T10:56:32+00:00,INTERNAL_TRANSFER
TX-N-03832,ACC-N-0783,ACC-N-0619,20586.4,2026-09-29T11:00:58+00:00,INTERNAL_TRANSFER
TX-N-03833,ACC-N-0935,EXT-A-023-3,1106.65,2026-07-02T17:40:02+00:00,INTERNAL_TRANSFER
TX-N-03834,ACC-N-0593,ACC-N-0765,3649.43,2026-10-27T02:09:31+00:00,WIRE
TX-N-03835,ACC-N-0849,ACC-N-0450,2596.79,2026-02-05T12:54:42+00:00,ATM
TX-N-03836,ACC-N-0864,EXT-A-036-1,5655.92,2026-06-08T10:24:29+00:00,ATM
TX-N-03837,EXT-A-031-1,ACC-N-0847,2661.7,2026-07-21T07:01:53+00:00,WIRE
TX-N-03838,ACC-N-0571,ACC-N-1000,10321.53,2026-01-28T10:47:55+00:00,INTERNAL_TRANSFER
TX-N-03839,EXT-A-018-3,ACC-N-0751,15112.26,2026-11-09T09:27:44+00:00,ATM
TX-N-03840,EXT-A-016-3,EXT-A-006-1,1705.76,2026-12-27T11:18:26+00:00,INTERNAL_TRANSFER
TX-N-03841,EXT-A-063-4,ACC-N-0550,955.88,2026-11-22T20:35:40+00:00,INTERNAL_TRANSFER
TX-N-03842,EXT-A-010-1,EXT-A-007-2,4301.06,2026-02-16T23:29:39+00:00,INTERNAL_TRANSFER
TX-N-03843,ACC-N-0419,ACC-N-0704,1875.57,2026-05-13T17:38:08+00:00,INTERNAL_TRANSFER
TX-N-03844,EXT-A-057-2,EXT-A-048-3,2451.9,2026-01-20T23:56:38+00:00,INTERNAL_TRANSFER
TX-N-03845,ACC-N-0920,ACC-N-0763,10291.6,2026-02-22T12:42:26+00:00,WIRE
TX-N-03846,EXT-A-010-2,ACC-N-0397,7590.79,2026-02-05T15:50:38+00:00,INTERNAL_TRANSFER
TX-N-03847,ACC-N-0647,ACC-N-0969,3413.26,2026-01-26T15:37:07+00:00,INTERNAL_TRANSFER
TX-N-03848,ACC-N-0958,ACC-N-0822,2385.32,2026-07-10T18:14:56+00:00,INTERNAL_TRANSFER
TX-N-03849,EXT-A-033-1,EXT-A-038-1,2583.51,2026-08-22T23:02:14+00:00,WIRE
TX-N-03850,EXT-A-036-3,EXT-A-072-2,6399.55,2026-04-03T11:50:42+00:00,INTERNAL_TRANSFER
TX-N-03851,ACC-N-0708,ACC-N-0511,8809.79,2026-06-12T05:01:38+00:00,INTERNAL_TRANSFER
TX-N-03852,ACC-C-PAY-03,ACC-N-0520,6131.53,2026-01-22T13:28:45+00:00,INTERNAL_TRANSFER
TX-N-03853,ACC-N-0564,EXT-A-006-3,16539.61,2026-02-20T21:35:51+00:00,INTERNAL_TRANSFER
TX-N-03854,EXT-A-037-4,ACC-N-0832,3570.91,2026-01-16T22:52:40+00:00,WIRE
TX-N-03855,ACC-N-0747,EXT-A-051-4,12746.46,2026-08-04T19:13:10+00:00,INTERNAL_TRANSFER
TX-N-03856,EXT-A-061-1,EXT-A-024-1,11182.07,2026-03-07T01:12:05+00:00,INTERNAL_TRANSFER
TX-N-03857,EXT-A-067-1,EXT-A-050-4,2477.17,2026-06-10T04:17:03+00:00,INTERNAL_TRANSFER
TX-N-03858,ACC-N-0460,ACC-N-0593,3495.96,2026-10-21T23:27:08+00:00,INTERNAL_TRANSFER
TX-N-03859,ACC-N-0713,ACC-N-0495,1478.19,2026-10-07T04:05:32+00:00,INTERNAL_TRANSFER
TX-N-03860,ACC-N-0640,EXT-A-034-1,3380.43,2026-11-09T23:41:57+00:00,INTERNAL_TRANSFER
TX-N-03861,ACC-N-0441,ACC-N-0656,8637.99,2026-06-17T15:33:27+00:00,INTERNAL_TRANSFER
TX-N-03862,EXT-A-050-3,ACC-N-0482,7022.87,2026-03-17T17:58:53+00:00,WIRE
TX-N-03863,ACC-B-A,EXT-A-022-3,13002.23,2026-10-10T16:59:51+00:00,INTERNAL_TRANSFER
TX-N-03864,EXT-A-012-1,ACC-N-0499,6576.28,2026-10-28T05:47:37+00:00,INTERNAL_TRANSFER
TX-N-03865,ACC-N-0724,ACC-C-PAY-12,15597.34,2026-05-05T18:36:46+00:00,WIRE
TX-N-03866,EXT-A-037-3,EXT-A-008-1,3589.75,2026-07-05T08:26:14+00:00,INTERNAL_TRANSFER
TX-N-03867,ACC-N-0550,EXT-A-058-2,1989.78,2026-03-12T23:22:51+00:00,INTERNAL_TRANSFER
TX-N-03868,ACC-N-0952,EXT-A-043-1,3732.99,2026-04-08T15:43:16+00:00,INTERNAL_TRANSFER
TX-N-03869,ACC-N-0835,ACC-N-0629,1651.66,2026-11-10T09:49:28+00:00,INTERNAL_TRANSFER
TX-N-03870,EXT-A-042-3,ACC-N-0691,3672.15,2026-12-13T07:13:58+00:00,INTERNAL_TRANSFER
TX-N-03871,EXT-A-018-2,ACC-N-0704,1139.9,2026-04-27T10:51:05+00:00,ATM
TX-N-03872,EXT-A-040-3,ACC-N-0638,31200.34,2026-06-16T22:45:53+00:00,WIRE
TX-N-03873,ACC-N-0413,EXT-A-002-2,7051.04,2026-05-07T20:26:21+00:00,ATM
TX-N-03874,EXT-A-029-3,ACC-N-0933,1064.47,2026-12-25T04:09:24+00:00,INTERNAL_TRANSFER
TX-N-03875,EXT-A-060-1,ACC-N-0477,12539.9,2026-08-23T14:36:53+00:00,INTERNAL_TRANSFER
TX-N-03876,ACC-N-0819,EXT-A-030-3,3950.69,2026-07-08T09:59:08+00:00,INTERNAL_TRANSFER
TX-N-03877,ACC-N-0923,ACC-N-0536,6035.83,2026-04-19T00:20:50+00:00,INTERNAL_TRANSFER
TX-N-03878,ACC-N-0474,ACC-N-0475,4572.84,2026-06-30T00:10:28+00:00,INTERNAL_TRANSFER
TX-N-03879,ACC-N-0508,ACC-N-0424,3803.13,2026-12-26T03:25:03+00:00,WIRE
TX-N-03880,EXT-A-046-3,ACC-N-0459,4636.31,2026-05-26T20:49:50+00:00,INTERNAL_TRANSFER
TX-N-03881,ACC-N-0592,ACC-N-0933,1270.68,2026-03-08T01:25:38+00:00,INTERNAL_TRANSFER
TX-N-03882,ACC-N-0964,ACC-N-0406,9188.67,2026-11-15T22:43:21+00:00,INTERNAL_TRANSFER
TX-N-03883,ACC-N-0909,ACC-N-0540,21672.05,2026-11-15T15:21:03+00:00,INTERNAL_TRANSFER
TX-N-03884,ACC-N-0804,EXT-A-045-1,2187.36,2026-03-11T01:11:13+00:00,INTERNAL_TRANSFER
TX-N-03885,ACC-N-0513,EXT-A-009-3,4837.86,2026-10-21T20:02:44+00:00,ATM
TX-N-03886,ACC-N-0686,EXT-A-051-3,19852.55,2026-06-06T06:26:11+00:00,WIRE
TX-N-03887,ACC-N-0404,ACC-N-0500,16601.5,2026-10-27T17:50:52+00:00,WIRE
TX-N-03888,ACC-N-0547,ACC-N-0878,3818.74,2026-10-21T21:08:35+00:00,INTERNAL_TRANSFER
TX-N-03889,ACC-N-0691,EXT-A-041-4,1111.07,2026-12-05T02:05:21+00:00,INTERNAL_TRANSFER
TX-N-03890,EXT-A-004-1,ACC-B-02-A,6012.37,2026-08-15T09:42:23+00:00,INTERNAL_TRANSFER
TX-N-03891,ACC-N-0392,ACC-N-0440,8085.54,2026-02-12T17:11:47+00:00,INTERNAL_TRANSFER
TX-N-03892,EXT-A-040-1,ACC-N-0737,4524.52,2026-08-06T13:00:17+00:00,INTERNAL_TRANSFER
TX-N-03893,ACC-N-0485,ACC-N-0612,10837.74,2026-01-03T02:12:47+00:00,INTERNAL_TRANSFER
TX-N-03894,ACC-N-0886,ACC-N-0629,1061.42,2026-08-10T11:54:18+00:00,WIRE
TX-N-03895,ACC-N-0568,ACC-N-0673,13296.61,2026-02-19T13:48:37+00:00,INTERNAL_TRANSFER
TX-N-03896,EXT-A-041-1,ACC-N-0552,1639.5,2026-01-04T22:43:36+00:00,INTERNAL_TRANSFER
TX-N-03897,ACC-N-0509,ACC-N-0610,2631.64,2026-04-26T23:39:11+00:00,WIRE
TX-N-03898,ACC-N-0528,EXT-A-009-4,9590.87,2026-07-26T09:16:47+00:00,INTERNAL_TRANSFER
TX-N-03899,ACC-N-0460,ACC-C-PAY-09,33671.35,2026-03-12T03:00:12+00:00,INTERNAL_TRANSFER
TX-N-03900,EXT-A-011-1,ACC-N-0516,5525.19,2026-12-23T12:04:53+00:00,INTERNAL_TRANSFER
TX-N-03901,ACC-N-0750,EXT-A-027-3,14034.53,2026-06-26T00:50:45+00:00,INTERNAL_TRANSFER
TX-N-03902,ACC-N-0789,EXT-A-014-3,3691.67,2026-08-27T09:15:12+00:00,INTERNAL_TRANSFER
TX-N-03903,EXT-A-043-3,ACC-N-0697,5607.36,2026-03-01T14:32:01+00:00,INTERNAL_TRANSFER
TX-N-03904,ACC-N-0434,ACC-N-0730,759.54,2026-04-06T11:57:36+00:00,INTERNAL_TRANSFER
TX-N-03905,EXT-A-033-1,ACC-N-0884,5463.23,2026-10-15T03:14:58+00:00,INTERNAL_TRANSFER
TX-N-03906,ACC-N-0639,ACC-N-0915,15869.76,2026-01-21T06:43:13+00:00,INTERNAL_TRANSFER
TX-N-03907,ACC-N-0691,EXT-A-026-3,3253.54,2026-08-25T16:24:12+00:00,INTERNAL_TRANSFER
TX-N-03908,EXT-A-033-3,EXT-A-066-4,2032.12,2026-02-06T14:58:08+00:00,ATM
TX-N-03909,ACC-N-0506,EXT-A-010-3,43519.49,2026-08-05T13:50:31+00:00,INTERNAL_TRANSFER
TX-N-03910,ACC-N-0447,ACC-N-0908,4642.89,2026-09-05T17:30:27+00:00,INTERNAL_TRANSFER
TX-N-03911,ACC-N-0394,ACC-N-0496,8435.22,2026-08-25T04:29:40+00:00,INTERNAL_TRANSFER
TX-N-03912,ACC-N-0719,ACC-N-0852,3044.08,2026-10-22T01:24:13+00:00,WIRE
TX-N-03913,ACC-N-0778,ACC-N-0962,2126.92,2026-12-22T23:37:02+00:00,WIRE
TX-N-03914,ACC-N-0949,EXT-A-032-3,3029.77,2026-10-26T16:51:15+00:00,INTERNAL_TRANSFER
TX-N-03915,ACC-N-0502,ACC-N-0394,1677.73,2026-08-20T13:50:25+00:00,WIRE
TX-N-03916,ACC-N-0775,EXT-A-018-2,5747.77,2026-05-20T17:35:43+00:00,ATM
TX-N-03917,ACC-N-0754,EXT-A-072-4,27766.77,2026-09-25T01:17:22+00:00,ATM
TX-N-03918,EXT-A-011-3,EXT-A-048-4,6712.33,2026-10-27T15:36:41+00:00,INTERNAL_TRANSFER
TX-N-03919,ACC-N-0510,EXT-A-014-4,575.83,2026-01-23T03:43:43+00:00,ATM
TX-N-03920,EXT-A-046-1,ACC-N-0775,826.18,2026-03-05T12:39:20+00:00,INTERNAL_TRANSFER
TX-N-03921,EXT-A-043-1,ACC-N-0962,7820.87,2026-01-25T09:44:07+00:00,INTERNAL_TRANSFER
TX-N-03922,EXT-A-036-1,ACC-N-0639,2177.55,2026-02-01T18:47:47+00:00,ATM
TX-N-03923,ACC-N-0432,EXT-A-013-1,1494.22,2026-05-14T01:23:34+00:00,INTERNAL_TRANSFER
TX-N-03924,ACC-N-0631,EXT-A-019-3,3674.2,2026-12-06T13:22:15+00:00,WIRE
TX-N-03925,EXT-A-028-3,ACC-N-0535,56035.05,2026-03-24T12:33:09+00:00,INTERNAL_TRANSFER
TX-N-03926,EXT-A-024-2,ACC-N-0726,7549.96,2026-02-15T13:39:36+00:00,INTERNAL_TRANSFER
TX-N-03927,EXT-A-046-1,ACC-N-0551,4541.88,2026-12-28T13:41:43+00:00,INTERNAL_TRANSFER
TX-N-03928,EXT-A-014-1,ACC-N-0626,15192.02,2026-04-19T20:03:37+00:00,ATM
TX-N-03929,ACC-N-0677,ACC-N-0749,28109.93,2026-03-04T09:18:08+00:00,ATM
TX-N-03930,EXT-A-072-4,ACC-N-0514,2621.12,2026-12-07T08:55:44+00:00,INTERNAL_TRANSFER
TX-N-03931,ACC-N-0445,ACC-N-0849,7577.07,2026-04-15T01:17:12+00:00,WIRE
TX-N-03932,EXT-A-060-3,EXT-A-040-4,1703.21,2026-10-07T10:59:29+00:00,INTERNAL_TRANSFER
TX-N-03933,EXT-A-050-4,ACC-N-0838,5727.59,2026-05-26T10:30:58+00:00,ATM
TX-N-03934,ACC-N-0606,ACC-B-02-A,17578.86,2026-08-28T06:35:18+00:00,INTERNAL_TRANSFER
TX-N-03935,ACC-N-0979,ACC-N-0928,4838.21,2026-08-19T07:19:15+00:00,INTERNAL_TRANSFER
TX-N-03936,EXT-A-059-3,ACC-N-0655,7387.02,2026-09-04T02:27:40+00:00,INTERNAL_TRANSFER
TX-N-03937,ACC-N-0873,ACC-N-0692,13405.09,2026-08-24T13:41:37+00:00,INTERNAL_TRANSFER
TX-N-03938,ACC-N-0913,ACC-N-0679,10934.18,2026-03-02T20:46:50+00:00,INTERNAL_TRANSFER
TX-N-03939,ACC-N-0644,EXT-A-055-2,12050.27,2026-07-04T12:13:29+00:00,INTERNAL_TRANSFER
TX-N-03940,EXT-A-024-2,ACC-N-0613,30981.1,2026-10-07T20:26:10+00:00,INTERNAL_TRANSFER
TX-N-03941,ACC-N-0869,ACC-N-0512,7071.23,2026-04-03T16:15:54+00:00,WIRE
TX-N-03942,EXT-A-016-4,EXT-A-043-1,48579.59,2026-01-18T22:27:14+00:00,WIRE
TX-N-03943,ACC-N-0795,ACC-N-0468,16407.74,2026-06-26T03:07:05+00:00,INTERNAL_TRANSFER
TX-N-03944,ACC-N-0920,ACC-N-0425,6460.33,2026-04-13T14:04:55+00:00,INTERNAL_TRANSFER
TX-N-03945,ACC-N-0447,ACC-N-0893,2908.47,2026-04-23T08:08:16+00:00,ATM
TX-N-03946,ACC-N-0849,ACC-N-0584,8624.87,2026-09-21T00:35:43+00:00,INTERNAL_TRANSFER
TX-N-03947,ACC-N-0748,ACC-N-0565,14015.17,2026-06-26T02:18:19+00:00,INTERNAL_TRANSFER
TX-N-03948,ACC-N-0470,EXT-A-043-4,4422.64,2026-04-24T23:46:41+00:00,INTERNAL_TRANSFER
TX-N-03949,ACC-N-0549,ACC-B-02-C,3604.02,2026-12-09T14:44:02+00:00,ATM
TX-N-03950,EXT-A-015-2,ACC-N-0670,5392.64,2026-07-19T05:58:33+00:00,WIRE
TX-N-03951,ACC-N-0495,ACC-N-0901,6915.87,2026-03-20T01:37:32+00:00,INTERNAL_TRANSFER
TX-N-03952,ACC-N-0632,ACC-N-0599,5504.13,2026-03-29T12:19:52+00:00,WIRE
TX-N-03953,ACC-N-0537,ACC-N-0988,8868.25,2026-04-03T22:25:30+00:00,INTERNAL_TRANSFER
TX-N-03954,EXT-A-012-2,ACC-N-0559,12287.3,2026-03-13T15:33:01+00:00,WIRE
TX-N-03955,ACC-N-0746,ACC-N-0873,3052.62,2026-03-14T14:40:50+00:00,INTERNAL_TRANSFER
TX-N-03956,EXT-A-049-2,ACC-N-0734,3674.96,2026-11-07T17:27:20+00:00,INTERNAL_TRANSFER
TX-N-03957,ACC-N-0926,ACC-N-0900,6838.78,2026-03-31T21:21:02+00:00,INTERNAL_TRANSFER
TX-N-03958,ACC-N-0460,EXT-A-071-2,10346.39,2026-06-28T14:01:24+00:00,INTERNAL_TRANSFER
TX-N-03959,ACC-N-0896,ACC-N-0453,8001.2,2026-10-01T22:02:41+00:00,INTERNAL_TRANSFER
TX-N-03960,ACC-N-0895,ACC-N-0766,2259.27,2026-01-29T21:46:50+00:00,WIRE
TX-N-03961,EXT-A-056-3,ACC-N-0959,5973.13,2026-06-19T10:40:16+00:00,INTERNAL_TRANSFER
TX-N-03962,ACC-N-0435,ACC-N-0890,4191.95,2026-06-26T04:31:43+00:00,INTERNAL_TRANSFER
TX-N-03963,EXT-A-020-1,EXT-A-067-4,4426.8,2026-09-29T02:06:51+00:00,INTERNAL_TRANSFER
TX-N-03964,EXT-A-043-4,EXT-A-029-2,5449.01,2026-01-19T21:13:00+00:00,INTERNAL_TRANSFER
TX-N-03965,ACC-N-0542,ACC-N-0396,4772.3,2026-07-31T04:42:47+00:00,INTERNAL_TRANSFER
TX-N-03966,EXT-A-061-1,EXT-A-039-2,14615.68,2026-09-03T23:21:36+00:00,INTERNAL_TRANSFER
TX-N-03967,ACC-N-0601,ACC-N-0533,1325.04,2026-05-29T21:48:57+00:00,INTERNAL_TRANSFER
TX-N-03968,EXT-A-016-4,ACC-N-0685,1979.79,2026-07-18T12:28:29+00:00,WIRE
TX-N-03969,EXT-A-053-1,EXT-A-053-4,1036.23,2026-09-18T21:04:05+00:00,INTERNAL_TRANSFER
TX-N-03970,ACC-N-0697,EXT-A-016-2,47907.74,2026-10-02T20:19:44+00:00,INTERNAL_TRANSFER
TX-N-03971,ACC-N-0549,ACC-N-0511,3935.9,2026-10-19T06:57:14+00:00,INTERNAL_TRANSFER
TX-N-03972,ACC-N-0977,ACC-N-0481,4028.91,2026-03-16T05:13:25+00:00,INTERNAL_TRANSFER
TX-N-03973,EXT-A-033-4,ACC-N-0691,6324.64,2026-05-13T04:40:25+00:00,ATM
TX-N-03974,ACC-N-0663,EXT-A-059-2,2281.14,2026-06-02T02:47:23+00:00,INTERNAL_TRANSFER
TX-N-03975,ACC-N-0641,EXT-A-034-2,13380.26,2026-07-18T14:52:03+00:00,INTERNAL_TRANSFER
TX-N-03976,ACC-N-0794,EXT-A-056-2,1529.35,2026-03-24T13:03:14+00:00,INTERNAL_TRANSFER
TX-N-03977,ACC-N-0852,ACC-N-0991,5571.68,2026-08-28T00:18:12+00:00,INTERNAL_TRANSFER
TX-N-03978,ACC-N-0969,EXT-A-006-2,1966.51,2026-01-28T07:50:38+00:00,INTERNAL_TRANSFER
TX-N-03979,ACC-N-0743,ACC-N-0476,10301.92,2026-09-28T06:54:44+00:00,INTERNAL_TRANSFER
TX-N-03980,ACC-N-0789,ACC-N-0502,5426.31,2026-05-06T12:36:41+00:00,WIRE
TX-N-03981,EXT-A-055-1,ACC-N-0586,1409.98,2026-07-01T12:25:19+00:00,INTERNAL_TRANSFER
TX-N-03982,ACC-N-0814,EXT-A-035-3,4374.19,2026-08-09T04:49:32+00:00,INTERNAL_TRANSFER
TX-N-03983,EXT-A-027-2,ACC-N-0929,5948.2,2026-01-09T07:29:31+00:00,INTERNAL_TRANSFER
TX-N-03984,EXT-A-003-3,ACC-N-0752,1867.33,2026-03-24T08:47:25+00:00,INTERNAL_TRANSFER
TX-N-03985,ACC-N-0418,ACC-N-0940,7415.12,2026-01-17T04:24:26+00:00,WIRE
TX-N-03986,ACC-N-0522,ACC-N-0642,9353.15,2026-01-17T00:08:06+00:00,INTERNAL_TRANSFER
TX-N-03987,ACC-N-0544,ACC-N-0951,43630.44,2026-07-06T01:27:39+00:00,INTERNAL_TRANSFER
TX-N-03988,ACC-N-0444,EXT-A-042-3,3163.28,2026-02-26T16:57:37+00:00,WIRE
TX-N-03989,EXT-A-004-1,ACC-N-0966,1255.21,2026-06-19T17:16:49+00:00,INTERNAL_TRANSFER
TX-N-03990,ACC-N-0834,ACC-N-0824,7779.42,2026-09-15T16:33:07+00:00,INTERNAL_TRANSFER
TX-N-03991,ACC-C-PAY-04,ACC-C-PAY-10,8850.36,2026-06-27T07:03:55+00:00,WIRE
TX-N-03992,EXT-A-004-4,EXT-A-008-2,3641.12,2026-08-02T11:14:05+00:00,INTERNAL_TRANSFER
TX-N-03993,EXT-A-038-3,ACC-N-0473,7696.94,2026-06-14T09:31:45+00:00,INTERNAL_TRANSFER
TX-N-03994,ACC-N-0394,ACC-N-0977,2221.28,2026-09-22T07:36:43+00:00,INTERNAL_TRANSFER
TX-N-03995,EXT-A-015-4,EXT-A-025-2,8373.55,2026-12-06T22:52:35+00:00,INTERNAL_TRANSFER
TX-N-03996,ACC-N-0964,EXT-A-006-2,1902.7,2026-10-12T02:52:25+00:00,INTERNAL_TRANSFER
TX-N-03997,EXT-A-012-1,EXT-A-002-4,28278.73,2026-06-21T09:49:32+00:00,INTERNAL_TRANSFER
TX-N-03998,ACC-N-0647,ACC-N-0463,3625.07,2026-11-15T10:47:09+00:00,WIRE
TX-N-03999,ACC-N-0497,EXT-A-069-1,2204.12,2026-03-21T02:44:44+00:00,INTERNAL_TRANSFER
TX-N-04000,ACC-N-0645,ACC-N-0479,3777.14,2026-01-16T16:32:25+00:00,INTERNAL_TRANSFER
TX-N-04001,ACC-N-0707,ACC-N-0713,7229.81,2026-09-09T23:41:59+00:00,WIRE
TX-N-04002,EXT-A-050-3,EXT-A-029-4,1409.11,2026-11-15T23:50:17+00:00,INTERNAL_TRANSFER
TX-N-04003,ACC-N-0563,ACC-N-0873,2507.78,2026-12-18T09:56:37+00:00,INTERNAL_TRANSFER
TX-N-04004,EXT-A-060-2,ACC-N-0576,5106.14,2026-09-24T04:27:04+00:00,INTERNAL_TRANSFER
TX-N-04005,EXT-A-051-2,ACC-N-0610,14479.8,2026-10-10T02:45:38+00:00,INTERNAL_TRANSFER
TX-N-04006,EXT-A-071-1,ACC-B-04-B,2806.26,2026-03-20T23:59:49+00:00,ATM
TX-N-04007,EXT-A-027-1,EXT-A-011-3,5519.85,2026-12-02T21:49:42+00:00,INTERNAL_TRANSFER
TX-N-04008,EXT-A-048-1,EXT-A-045-3,20163.22,2026-10-16T09:31:44+00:00,INTERNAL_TRANSFER
TX-N-04009,ACC-N-0873,EXT-A-032-3,1896.1,2026-05-13T15:58:36+00:00,INTERNAL_TRANSFER
TX-N-04010,ACC-N-0940,ACC-N-0811,23933.88,2026-05-31T09:59:44+00:00,INTERNAL_TRANSFER
TX-N-04011,ACC-N-0997,ACC-N-0462,7688.71,2026-05-14T10:38:17+00:00,INTERNAL_TRANSFER
TX-N-04012,ACC-N-0496,EXT-A-045-3,18468.94,2026-06-25T12:47:17+00:00,ATM
TX-N-04013,EXT-A-060-4,ACC-N-0976,1846.95,2026-01-06T18:30:22+00:00,WIRE
TX-N-04014,ACC-N-0813,ACC-N-0945,4313.69,2026-04-02T12:48:37+00:00,INTERNAL_TRANSFER
TX-N-04015,EXT-A-038-4,EXT-A-071-2,2920.35,2026-02-08T14:37:46+00:00,INTERNAL_TRANSFER
TX-N-04016,ACC-N-0977,ACC-N-0613,656.97,2026-12-21T21:49:21+00:00,INTERNAL_TRANSFER
TX-N-04017,EXT-A-053-4,EXT-A-032-1,1097.73,2026-09-14T06:46:55+00:00,INTERNAL_TRANSFER
TX-N-04018,ACC-N-0459,EXT-A-004-2,1545.12,2026-10-09T19:48:04+00:00,WIRE
TX-N-04019,EXT-A-069-1,EXT-A-005-2,2471.53,2026-05-06T17:56:16+00:00,INTERNAL_TRANSFER
TX-N-04020,ACC-N-0394,ACC-N-0818,3514.81,2026-10-21T17:54:46+00:00,INTERNAL_TRANSFER
TX-N-04021,ACC-N-0588,ACC-N-0419,21347.47,2026-01-26T18:13:16+00:00,INTERNAL_TRANSFER
TX-N-04022,EXT-A-002-4,EXT-A-012-4,563.56,2026-06-09T17:36:45+00:00,INTERNAL_TRANSFER
TX-N-04023,EXT-A-034-4,EXT-A-050-1,8893.91,2026-12-21T07:04:47+00:00,INTERNAL_TRANSFER
TX-N-04024,EXT-A-008-2,ACC-N-0810,1261.35,2026-11-28T20:50:01+00:00,INTERNAL_TRANSFER
TX-N-04025,EXT-A-035-4,ACC-N-0434,5524.96,2026-10-19T10:48:38+00:00,INTERNAL_TRANSFER
TX-N-04026,ACC-N-0648,ACC-N-0663,7647.6,2026-01-17T04:29:08+00:00,INTERNAL_TRANSFER
TX-N-04027,ACC-N-0420,EXT-A-031-3,1856.89,2026-11-28T04:16:30+00:00,WIRE
TX-N-04028,ACC-N-0426,EXT-A-062-3,685.61,2026-10-24T10:26:02+00:00,WIRE
TX-N-04029,EXT-A-020-1,ACC-B-02-A,1332.0,2026-10-22T07:22:36+00:00,INTERNAL_TRANSFER
TX-N-04030,ACC-N-0532,EXT-A-004-4,4243.08,2026-08-26T17:33:36+00:00,INTERNAL_TRANSFER
TX-N-04031,EXT-A-060-1,ACC-N-0988,17353.22,2026-02-24T22:35:20+00:00,INTERNAL_TRANSFER
TX-N-04032,ACC-N-0677,ACC-N-0403,11320.77,2026-10-27T12:59:59+00:00,INTERNAL_TRANSFER
TX-N-04033,ACC-C-PAY-10,ACC-N-0499,1905.42,2026-12-06T07:23:46+00:00,INTERNAL_TRANSFER
TX-N-04034,ACC-N-0648,ACC-N-0928,6995.14,2026-03-19T07:17:56+00:00,INTERNAL_TRANSFER
TX-N-04035,EXT-A-061-1,ACC-N-0426,3497.86,2026-08-13T10:50:16+00:00,INTERNAL_TRANSFER
TX-N-04036,ACC-N-0950,ACC-N-0526,888.89,2026-01-28T00:55:01+00:00,INTERNAL_TRANSFER
TX-N-04037,ACC-C-PAY-12,EXT-A-016-1,12525.86,2026-10-13T12:54:03+00:00,INTERNAL_TRANSFER
TX-N-04038,EXT-A-048-2,EXT-A-069-2,1427.19,2026-05-16T09:07:39+00:00,INTERNAL_TRANSFER
TX-N-04039,ACC-N-0905,ACC-N-0875,2220.96,2026-01-18T07:12:20+00:00,WIRE
TX-N-04040,ACC-N-0839,EXT-A-016-4,39740.2,2026-12-28T18:43:31+00:00,INTERNAL_TRANSFER
TX-N-04041,ACC-N-0872,ACC-B-03-B,52893.64,2026-09-15T17:31:47+00:00,INTERNAL_TRANSFER
TX-N-04042,ACC-N-0806,ACC-N-0629,5651.89,2026-07-29T20:38:18+00:00,INTERNAL_TRANSFER
TX-N-04043,EXT-A-051-4,ACC-C-PAY-06,9796.61,2026-05-14T12:46:42+00:00,WIRE
TX-N-04044,ACC-N-0796,EXT-A-030-3,2148.56,2026-04-26T02:06:28+00:00,INTERNAL_TRANSFER
TX-N-04045,ACC-N-0694,EXT-A-013-3,14264.72,2026-09-18T21:55:12+00:00,ATM
TX-N-04046,ACC-N-0937,ACC-N-0416,4052.32,2026-11-22T21:40:44+00:00,INTERNAL_TRANSFER
TX-N-04047,ACC-N-0641,ACC-B-04-C,10847.05,2026-11-13T04:12:52+00:00,INTERNAL_TRANSFER
TX-N-04048,EXT-A-055-3,ACC-N-0861,2530.93,2026-01-14T14:20:01+00:00,WIRE
TX-N-04049,EXT-A-040-4,EXT-A-006-1,967.21,2026-12-27T23:13:58+00:00,INTERNAL_TRANSFER
TX-N-04050,EXT-A-016-3,ACC-N-0547,12876.66,2026-03-13T08:54:46+00:00,WIRE
TX-N-04051,ACC-N-0436,ACC-N-0500,1288.63,2026-03-15T08:38:47+00:00,ATM
TX-N-04052,EXT-A-024-2,ACC-N-0418,737.99,2026-10-29T00:23:45+00:00,ATM
TX-N-04053,ACC-N-0907,ACC-N-0966,2203.43,2026-07-28T13:15:37+00:00,INTERNAL_TRANSFER
TX-N-04054,EXT-A-011-3,ACC-N-0830,4923.96,2026-06-16T11:53:02+00:00,INTERNAL_TRANSFER
TX-N-04055,EXT-A-058-4,ACC-N-0459,2039.94,2026-11-08T15:31:49+00:00,WIRE
TX-N-04056,EXT-A-051-4,ACC-N-0580,3316.15,2026-10-01T09:45:34+00:00,INTERNAL_TRANSFER
TX-N-04057,ACC-N-0456,EXT-A-055-2,5314.2,2026-04-02T08:08:41+00:00,INTERNAL_TRANSFER
TX-N-04058,ACC-N-0639,ACC-N-0746,10514.86,2026-09-20T06:11:26+00:00,WIRE
TX-N-04059,ACC-N-0722,ACC-N-0521,1433.71,2026-07-14T04:58:30+00:00,INTERNAL_TRANSFER
TX-N-04060,ACC-N-0462,ACC-N-0984,32441.59,2026-01-04T13:10:55+00:00,WIRE
TX-N-04061,ACC-N-0878,ACC-N-0842,3107.46,2026-10-23T09:46:55+00:00,INTERNAL_TRANSFER
TX-N-04062,ACC-N-1000,EXT-A-056-2,3231.02,2026-08-07T23:14:01+00:00,INTERNAL_TRANSFER
TX-N-04063,EXT-A-003-4,EXT-A-064-3,3595.22,2026-07-27T23:22:29+00:00,INTERNAL_TRANSFER
TX-N-04064,EXT-A-059-4,ACC-N-0910,9180.54,2026-09-14T20:31:19+00:00,WIRE
TX-N-04065,ACC-N-0716,ACC-N-0786,5662.68,2026-12-24T17:12:03+00:00,INTERNAL_TRANSFER
TX-N-04066,ACC-N-0754,ACC-N-0752,19288.99,2026-05-29T00:01:56+00:00,INTERNAL_TRANSFER
TX-N-04067,ACC-N-0578,EXT-A-011-2,787.33,2026-07-29T11:34:34+00:00,INTERNAL_TRANSFER
TX-N-04068,ACC-N-0411,ACC-N-0396,734.42,2026-07-06T11:29:39+00:00,INTERNAL_TRANSFER
TX-N-04069,ACC-N-0696,ACC-N-0660,15451.11,2026-02-23T06:59:49+00:00,WIRE
TX-N-04070,ACC-N-0924,EXT-A-040-3,3599.56,2026-04-30T04:43:32+00:00,INTERNAL_TRANSFER
TX-N-04071,EXT-A-023-4,EXT-A-009-3,6503.46,2026-01-09T01:37:45+00:00,INTERNAL_TRANSFER
TX-N-04072,EXT-A-030-3,ACC-N-0965,51270.49,2026-01-27T03:07:10+00:00,WIRE
TX-N-04073,EXT-A-031-1,EXT-A-064-3,7275.44,2026-09-16T22:28:31+00:00,INTERNAL_TRANSFER
TX-N-04074,ACC-N-0673,ACC-N-0923,21797.05,2026-09-22T08:47:55+00:00,INTERNAL_TRANSFER
TX-N-04075,ACC-N-0744,EXT-A-008-1,3450.49,2026-10-18T16:33:13+00:00,INTERNAL_TRANSFER
TX-N-04076,ACC-N-0661,EXT-A-021-4,9478.16,2026-02-27T07:13:47+00:00,INTERNAL_TRANSFER
TX-N-04077,ACC-N-0514,ACC-N-0681,1516.91,2026-01-06T23:01:25+00:00,INTERNAL_TRANSFER
TX-N-04078,ACC-N-0851,ACC-N-0607,21470.9,2026-03-27T22:08:46+00:00,INTERNAL_TRANSFER
TX-N-04079,ACC-N-0533,EXT-A-062-1,18923.93,2026-12-08T05:52:31+00:00,WIRE
TX-N-04080,EXT-A-060-3,EXT-A-029-1,25163.71,2026-12-28T23:38:35+00:00,INTERNAL_TRANSFER
TX-N-04081,ACC-N-0634,EXT-A-063-4,1835.98,2026-12-15T20:18:34+00:00,INTERNAL_TRANSFER
TX-N-04082,ACC-N-0409,ACC-N-0764,10899.99,2026-01-05T11:59:25+00:00,INTERNAL_TRANSFER
TX-N-04083,ACC-N-0580,EXT-A-058-3,28008.15,2026-08-09T01:24:35+00:00,INTERNAL_TRANSFER
TX-N-04084,EXT-A-047-3,ACC-N-0911,3281.71,2026-03-08T08:18:31+00:00,ATM
TX-N-04085,EXT-A-043-2,EXT-A-044-1,11364.85,2026-02-25T18:58:20+00:00,WIRE
TX-N-04086,ACC-N-0629,EXT-A-008-3,4754.88,2026-05-26T04:58:06+00:00,INTERNAL_TRANSFER
TX-N-04087,ACC-N-0938,EXT-A-064-2,400.19,2026-06-26T08:31:54+00:00,WIRE
TX-N-04088,ACC-C-PAY-10,EXT-A-008-3,1439.58,2026-09-29T10:04:20+00:00,INTERNAL_TRANSFER
TX-N-04089,EXT-A-026-3,ACC-N-0416,3938.59,2026-03-28T21:21:44+00:00,INTERNAL_TRANSFER
TX-N-04090,EXT-A-051-4,EXT-A-030-4,2004.72,2026-11-28T16:03:07+00:00,INTERNAL_TRANSFER
TX-N-04091,ACC-N-0791,EXT-A-018-3,833.83,2026-11-12T10:38:31+00:00,INTERNAL_TRANSFER
TX-N-04092,ACC-N-0520,ACC-N-0588,3488.89,2026-03-04T13:17:26+00:00,INTERNAL_TRANSFER
TX-N-04093,EXT-A-067-3,ACC-N-0559,907.29,2026-12-21T14:29:12+00:00,INTERNAL_TRANSFER
TX-N-04094,EXT-A-035-1,ACC-N-0533,1336.06,2026-03-19T13:06:58+00:00,INTERNAL_TRANSFER
TX-N-04095,ACC-N-0693,ACC-C-PAY-05,21075.73,2026-06-21T11:03:06+00:00,INTERNAL_TRANSFER
TX-N-04096,EXT-A-061-1,ACC-N-0447,819.34,2026-11-19T08:39:24+00:00,INTERNAL_TRANSFER
TX-N-04097,EXT-A-043-2,EXT-A-005-1,6173.03,2026-02-11T06:33:06+00:00,INTERNAL_TRANSFER
TX-N-04098,ACC-N-0885,ACC-N-0696,1661.47,2026-01-21T15:46:30+00:00,ATM
TX-N-04099,EXT-A-071-1,ACC-N-0587,2615.95,2026-10-11T11:01:31+00:00,INTERNAL_TRANSFER
TX-N-04100,ACC-N-0707,EXT-A-020-4,5807.79,2026-03-10T12:31:06+00:00,INTERNAL_TRANSFER
TX-N-04101,EXT-A-069-1,EXT-A-065-3,3072.78,2026-01-04T13:21:36+00:00,INTERNAL_TRANSFER
TX-N-04102,ACC-N-0675,EXT-A-065-3,1900.2,2026-12-01T07:55:17+00:00,INTERNAL_TRANSFER
TX-N-04103,ACC-N-0886,ACC-N-0705,18315.11,2026-03-09T12:47:29+00:00,INTERNAL_TRANSFER
TX-N-04104,EXT-A-070-3,EXT-A-024-3,36516.93,2026-04-15T19:06:22+00:00,INTERNAL_TRANSFER
TX-N-04105,ACC-N-0756,ACC-N-0544,4490.81,2026-11-14T04:17:59+00:00,INTERNAL_TRANSFER
TX-N-04106,EXT-A-057-1,EXT-A-054-3,5911.27,2026-11-18T00:30:03+00:00,INTERNAL_TRANSFER
TX-N-04107,EXT-A-009-2,ACC-N-0945,3555.49,2026-05-24T02:26:46+00:00,WIRE
TX-N-04108,ACC-N-0961,EXT-A-012-2,2748.6,2026-07-16T11:26:16+00:00,INTERNAL_TRANSFER
TX-N-04109,ACC-N-0817,ACC-N-1000,2167.25,2026-12-26T16:07:24+00:00,INTERNAL_TRANSFER
TX-N-04110,ACC-C-PAY-07,ACC-N-0678,740.35,2026-11-28T15:22:04+00:00,INTERNAL_TRANSFER
TX-N-04111,EXT-A-012-4,ACC-N-0964,1726.72,2026-12-24T12:59:18+00:00,INTERNAL_TRANSFER
TX-N-04112,EXT-A-054-2,EXT-A-040-3,1366.07,2026-07-05T05:00:40+00:00,INTERNAL_TRANSFER
TX-N-04113,ACC-N-0715,ACC-N-0498,3238.81,2026-08-24T12:37:32+00:00,INTERNAL_TRANSFER
TX-N-04114,EXT-A-072-4,EXT-A-066-2,5765.45,2026-11-24T09:43:48+00:00,INTERNAL_TRANSFER
TX-N-04115,ACC-N-0489,ACC-N-0945,2448.6,2026-02-14T11:39:57+00:00,INTERNAL_TRANSFER
TX-N-04116,ACC-N-0552,ACC-N-0419,3431.15,2026-06-14T02:28:31+00:00,INTERNAL_TRANSFER
TX-N-04117,EXT-A-025-4,ACC-N-0503,2164.1,2026-07-14T09:27:46+00:00,INTERNAL_TRANSFER
TX-N-04118,ACC-N-0601,ACC-N-0481,9046.11,2026-03-05T06:51:56+00:00,WIRE
TX-N-04119,EXT-A-033-2,EXT-A-042-3,7143.39,2026-05-24T12:44:37+00:00,INTERNAL_TRANSFER
TX-N-04120,EXT-A-056-2,ACC-N-0826,1217.6,2026-08-27T19:14:37+00:00,INTERNAL_TRANSFER
TX-N-04121,ACC-N-0458,ACC-N-0708,2621.33,2026-01-18T20:30:05+00:00,WIRE
TX-N-04122,ACC-N-0900,EXT-A-032-1,6366.76,2026-11-01T03:13:46+00:00,WIRE
TX-N-04123,ACC-N-0453,ACC-N-0924,1121.16,2026-03-02T21:39:08+00:00,WIRE
TX-N-04124,EXT-A-063-1,ACC-N-0706,5211.97,2026-10-15T06:33:19+00:00,ATM
TX-N-04125,ACC-N-0864,ACC-N-0459,2264.76,2026-03-11T18:25:00+00:00,INTERNAL_TRANSFER
TX-N-04126,EXT-A-062-1,ACC-N-0424,1269.11,2026-11-02T16:24:31+00:00,INTERNAL_TRANSFER
TX-N-04127,EXT-A-066-2,EXT-A-069-3,3155.79,2026-12-03T10:14:54+00:00,INTERNAL_TRANSFER
TX-N-04128,EXT-A-062-2,EXT-A-016-1,5799.95,2026-06-25T14:51:29+00:00,INTERNAL_TRANSFER
TX-N-04129,EXT-A-050-1,EXT-A-020-2,5188.81,2026-06-17T17:27:15+00:00,INTERNAL_TRANSFER
TX-N-04130,ACC-N-0962,ACC-N-0741,2552.73,2026-05-30T22:39:06+00:00,INTERNAL_TRANSFER
TX-N-04131,EXT-A-039-4,ACC-N-0815,37641.34,2026-06-22T18:03:07+00:00,INTERNAL_TRANSFER
TX-N-04132,EXT-A-045-2,ACC-N-0485,1604.85,2026-07-31T07:13:37+00:00,INTERNAL_TRANSFER
TX-N-04133,ACC-N-0952,ACC-N-0599,3058.92,2026-04-18T22:32:13+00:00,INTERNAL_TRANSFER
TX-N-04134,ACC-C-PAY-04,ACC-N-0472,1599.44,2026-07-22T20:31:07+00:00,WIRE
TX-N-04135,ACC-N-0847,EXT-A-032-4,8003.92,2026-05-29T10:40:03+00:00,WIRE
TX-N-04136,ACC-N-0700,EXT-A-002-4,11144.51,2026-01-27T12:55:24+00:00,ATM
TX-N-04137,ACC-N-0501,ACC-N-0715,13969.94,2026-04-30T14:13:41+00:00,ATM
TX-N-04138,ACC-N-0861,EXT-A-054-1,1591.21,2026-03-23T00:34:14+00:00,INTERNAL_TRANSFER
TX-N-04139,ACC-C-HNW-03,ACC-N-0935,1851.13,2026-03-24T21:54:44+00:00,INTERNAL_TRANSFER
TX-N-04140,ACC-N-0394,EXT-A-026-4,6071.73,2026-11-30T01:13:20+00:00,WIRE
TX-N-04141,ACC-N-0815,ACC-N-0777,1822.92,2026-06-22T20:01:11+00:00,INTERNAL_TRANSFER
TX-N-04142,ACC-N-0757,EXT-A-055-2,14139.57,2026-08-27T23:46:22+00:00,INTERNAL_TRANSFER
TX-N-04143,ACC-N-0576,ACC-N-0876,1983.5,2026-02-21T00:03:41+00:00,INTERNAL_TRANSFER
TX-N-04144,EXT-A-017-1,ACC-N-0619,4859.11,2026-01-17T23:52:21+00:00,INTERNAL_TRANSFER
TX-N-04145,ACC-N-0934,ACC-N-0842,9422.88,2026-10-27T06:05:52+00:00,INTERNAL_TRANSFER
TX-N-04146,ACC-N-0593,EXT-A-030-1,2775.52,2026-10-27T07:01:13+00:00,INTERNAL_TRANSFER
TX-N-04147,ACC-N-0882,ACC-N-0569,6888.99,2026-01-29T09:34:41+00:00,INTERNAL_TRANSFER
TX-N-04148,ACC-C-HNW-06,EXT-A-036-4,3477.01,2026-05-03T08:40:34+00:00,INTERNAL_TRANSFER
TX-N-04149,EXT-A-006-3,ACC-C-PAY-01,8128.77,2026-12-13T14:54:59+00:00,WIRE
TX-N-04150,EXT-A-009-3,ACC-N-0432,8852.25,2026-06-25T10:23:43+00:00,INTERNAL_TRANSFER
TX-N-04151,ACC-N-0867,EXT-A-045-4,27327.87,2026-02-14T08:20:45+00:00,INTERNAL_TRANSFER
TX-N-04152,EXT-A-057-4,EXT-A-030-2,12975.8,2026-09-28T15:55:18+00:00,INTERNAL_TRANSFER
TX-N-04153,ACC-N-0789,ACC-N-0638,1233.55,2026-10-24T08:04:59+00:00,INTERNAL_TRANSFER
TX-N-04154,EXT-A-046-1,EXT-A-052-1,3392.91,2026-03-29T13:52:38+00:00,INTERNAL_TRANSFER
TX-N-04155,ACC-N-0927,EXT-A-052-3,4330.43,2026-04-05T10:35:54+00:00,INTERNAL_TRANSFER
TX-N-04156,EXT-A-003-1,EXT-A-024-4,7222.06,2026-10-30T07:08:00+00:00,WIRE
TX-N-04157,ACC-N-0413,ACC-N-0706,11414.07,2026-04-09T09:15:23+00:00,INTERNAL_TRANSFER
TX-N-04158,EXT-A-020-1,EXT-A-011-4,1342.85,2026-01-06T04:29:59+00:00,INTERNAL_TRANSFER
TX-N-04159,EXT-A-014-3,ACC-N-0496,41255.85,2026-03-27T02:11:42+00:00,INTERNAL_TRANSFER
TX-N-04160,ACC-N-0767,ACC-N-0400,1975.73,2026-07-08T05:09:43+00:00,WIRE
TX-N-04161,ACC-N-0584,EXT-A-048-3,6230.72,2026-07-11T22:30:17+00:00,INTERNAL_TRANSFER
TX-N-04162,EXT-A-009-2,EXT-A-072-2,293.34,2026-02-14T05:55:11+00:00,INTERNAL_TRANSFER
TX-N-04163,ACC-N-0904,EXT-A-059-4,6734.29,2026-11-23T11:41:00+00:00,INTERNAL_TRANSFER
TX-N-04164,ACC-N-0988,EXT-A-068-3,4328.9,2026-11-10T18:47:56+00:00,INTERNAL_TRANSFER
TX-N-04165,ACC-C-PAY-08,EXT-A-056-3,1228.98,2026-09-22T10:01:41+00:00,WIRE
TX-N-04166,ACC-B-02-B,EXT-A-006-1,3527.18,2026-01-31T21:56:45+00:00,INTERNAL_TRANSFER
TX-N-04167,EXT-A-012-2,ACC-N-0656,1816.18,2026-02-10T00:40:24+00:00,WIRE
TX-N-04168,EXT-A-043-3,ACC-N-0763,12924.27,2026-09-23T22:47:01+00:00,INTERNAL_TRANSFER
TX-N-04169,ACC-C-PAY-11,EXT-A-018-4,1137.46,2026-06-09T10:53:06+00:00,WIRE
TX-N-04170,ACC-N-0705,ACC-N-0908,9483.67,2026-09-11T01:59:31+00:00,INTERNAL_TRANSFER
TX-N-04171,ACC-N-0932,EXT-A-047-4,1628.8,2026-03-17T03:43:43+00:00,INTERNAL_TRANSFER
TX-N-04172,ACC-N-0878,EXT-A-020-4,4237.48,2026-01-13T04:06:49+00:00,INTERNAL_TRANSFER
TX-N-04173,ACC-N-0964,ACC-N-0777,436.98,2026-02-21T15:40:25+00:00,ATM
TX-N-04174,EXT-A-057-3,EXT-A-050-2,8281.82,2026-04-30T13:54:40+00:00,INTERNAL_TRANSFER
TX-N-04175,EXT-A-042-1,EXT-A-062-1,8813.9,2026-12-16T00:50:32+00:00,WIRE
TX-N-04176,ACC-N-0687,EXT-A-028-4,2354.97,2026-01-04T12:34:06+00:00,INTERNAL_TRANSFER
TX-N-04177,ACC-N-0894,EXT-A-070-3,3045.79,2026-11-08T08:32:03+00:00,INTERNAL_TRANSFER
TX-N-04178,EXT-A-002-3,ACC-N-0682,5324.69,2026-07-24T05:25:19+00:00,INTERNAL_TRANSFER
TX-N-04179,ACC-N-0521,ACC-N-0693,1991.47,2026-01-20T19:09:44+00:00,WIRE
TX-N-04180,ACC-N-0575,ACC-N-0772,2375.38,2026-12-09T07:24:54+00:00,INTERNAL_TRANSFER
TX-N-04181,ACC-N-0760,ACC-N-0807,11534.04,2026-11-08T17:04:30+00:00,WIRE
TX-N-04182,ACC-N-0461,ACC-N-0459,585.44,2026-03-17T23:07:57+00:00,WIRE
TX-N-04183,ACC-N-0697,ACC-N-0610,2818.13,2026-10-12T17:01:27+00:00,INTERNAL_TRANSFER
TX-N-04184,EXT-A-068-3,EXT-A-021-1,1129.02,2026-06-13T22:46:26+00:00,WIRE
TX-N-04185,ACC-C-PAY-12,EXT-A-051-2,57216.87,2026-01-10T22:33:48+00:00,INTERNAL_TRANSFER
TX-N-04186,EXT-A-010-3,ACC-N-0887,5377.75,2026-11-10T05:57:46+00:00,INTERNAL_TRANSFER
TX-N-04187,ACC-N-0552,EXT-A-064-2,7949.05,2026-12-24T01:32:53+00:00,INTERNAL_TRANSFER
TX-N-04188,ACC-C-PAY-07,ACC-N-0427,1182.52,2026-02-06T12:05:50+00:00,INTERNAL_TRANSFER
TX-N-04189,EXT-A-307484,ACC-N-0663,816.56,2026-08-22T09:34:06+00:00,INTERNAL_TRANSFER
TX-N-04190,ACC-N-0942,EXT-A-017-1,3209.89,2026-07-10T04:03:40+00:00,INTERNAL_TRANSFER
TX-N-04191,ACC-N-0558,ACC-N-0922,2375.36,2026-11-24T02:46:30+00:00,INTERNAL_TRANSFER
TX-N-04192,EXT-A-015-1,ACC-N-0500,3560.96,2026-08-29T08:32:15+00:00,INTERNAL_TRANSFER
TX-N-04193,EXT-A-035-2,ACC-N-0582,8912.53,2026-01-03T11:24:11+00:00,INTERNAL_TRANSFER
TX-N-04194,EXT-A-033-3,EXT-A-048-1,1076.16,2026-05-16T06:15:30+00:00,INTERNAL_TRANSFER
TX-N-04195,ACC-N-0668,ACC-N-0510,4018.21,2026-11-20T21:21:51+00:00,WIRE
TX-N-04196,EXT-A-065-2,EXT-A-015-1,15167.69,2026-05-20T08:15:19+00:00,INTERNAL_TRANSFER
TX-N-04197,ACC-N-0671,ACC-N-0999,10640.09,2026-01-14T20:37:47+00:00,INTERNAL_TRANSFER
TX-N-04198,ACC-N-0629,ACC-N-0986,14499.82,2026-05-04T15:44:10+00:00,INTERNAL_TRANSFER
TX-N-04199,ACC-N-0595,ACC-N-0857,2636.95,2026-07-19T12:49:50+00:00,INTERNAL_TRANSFER
TX-N-04200,ACC-N-0455,ACC-N-0723,1798.71,2026-06-07T20:32:16+00:00,INTERNAL_TRANSFER
TX-N-04201,EXT-A-042-3,ACC-N-0582,1533.22,2026-11-26T07:25:21+00:00,WIRE
TX-N-04202,ACC-N-0438,ACC-N-0817,3049.33,2026-06-24T22:28:28+00:00,INTERNAL_TRANSFER
TX-N-04203,EXT-A-120482,ACC-N-0612,17521.19,2026-09-14T02:47:53+00:00,INTERNAL_TRANSFER
TX-N-04204,ACC-N-0472,EXT-A-066-4,9885.57,2026-02-19T12:07:35+00:00,ATM
TX-N-04205,EXT-A-044-1,ACC-N-0479,9549.07,2026-04-02T06:06:24+00:00,INTERNAL_TRANSFER
TX-N-04206,ACC-N-0556,ACC-N-0824,4930.05,2026-12-22T14:14:54+00:00,ATM
TX-N-04207,ACC-N-0504,EXT-A-004-3,829.48,2026-10-10T01:15:16+00:00,WIRE
TX-N-04208,ACC-N-0613,EXT-A-028-2,16709.84,2026-10-27T09:18:14+00:00,INTERNAL_TRANSFER
TX-N-04209,EXT-A-010-4,ACC-N-0752,988.75,2026-03-11T05:08:55+00:00,INTERNAL_TRANSFER
TX-N-04210,ACC-N-0733,ACC-B-A,7400.08,2026-05-16T16:40:07+00:00,INTERNAL_TRANSFER
TX-N-04211,EXT-A-054-1,ACC-N-0604,16558.9,2026-12-22T03:14:03+00:00,INTERNAL_TRANSFER
TX-N-04212,ACC-N-0839,ACC-N-0848,1509.34,2026-02-09T11:31:02+00:00,INTERNAL_TRANSFER
TX-N-04213,ACC-N-0548,EXT-A-033-4,742.64,2026-11-21T03:35:26+00:00,INTERNAL_TRANSFER
TX-N-04214,EXT-A-011-2,EXT-A-002-1,1683.5,2026-07-01T18:11:12+00:00,INTERNAL_TRANSFER
TX-N-04215,ACC-N-0742,ACC-N-0629,14290.12,2026-06-10T08:36:39+00:00,INTERNAL_TRANSFER
TX-N-04216,ACC-N-0668,ACC-N-0451,7363.28,2026-06-20T05:36:20+00:00,INTERNAL_TRANSFER
TX-N-04217,EXT-A-020-4,EXT-A-027-3,236.46,2026-07-01T03:36:22+00:00,WIRE
TX-N-04218,EXT-A-016-2,EXT-A-070-2,3032.45,2026-04-07T09:43:08+00:00,INTERNAL_TRANSFER
TX-N-04219,ACC-N-0840,ACC-N-0676,10539.43,2026-04-06T15:34:26+00:00,WIRE
TX-N-04220,ACC-N-0775,ACC-N-0982,1362.88,2026-05-08T05:37:47+00:00,INTERNAL_TRANSFER
TX-N-04221,ACC-N-0640,EXT-A-024-3,6740.43,2026-10-04T13:36:30+00:00,INTERNAL_TRANSFER
TX-N-04222,ACC-N-0426,ACC-N-0844,3575.9,2026-12-20T04:18:05+00:00,INTERNAL_TRANSFER
TX-N-04223,EXT-A-047-4,ACC-N-0492,15275.91,2026-08-24T04:27:52+00:00,INTERNAL_TRANSFER
TX-N-04224,EXT-A-006-2,EXT-A-042-2,7782.91,2026-04-22T05:06:46+00:00,INTERNAL_TRANSFER
TX-N-04225,EXT-A-050-4,ACC-N-0985,4631.84,2026-04-03T11:13:16+00:00,INTERNAL_TRANSFER
TX-N-04226,ACC-N-0972,ACC-N-0698,7525.45,2026-09-27T20:18:06+00:00,INTERNAL_TRANSFER
TX-N-04227,ACC-N-0656,EXT-A-071-4,3738.19,2026-12-26T10:30:12+00:00,INTERNAL_TRANSFER
TX-N-04228,ACC-N-0986,ACC-N-0797,2979.6,2026-12-19T13:12:36+00:00,INTERNAL_TRANSFER
TX-N-04229,EXT-A-020-1,EXT-A-057-2,9285.3,2026-11-24T21:57:46+00:00,WIRE
TX-N-04230,EXT-A-054-4,ACC-N-0801,14812.8,2026-02-09T00:57:08+00:00,INTERNAL_TRANSFER
TX-N-04231,ACC-N-0845,EXT-A-032-1,5313.94,2026-04-26T20:00:14+00:00,INTERNAL_TRANSFER
TX-N-04232,ACC-N-0969,ACC-N-0786,2356.07,2026-12-06T08:21:34+00:00,INTERNAL_TRANSFER
TX-N-04233,ACC-N-0902,EXT-A-012-4,5418.38,2026-10-25T21:12:45+00:00,INTERNAL_TRANSFER
TX-N-04234,ACC-N-0756,ACC-N-0660,13202.47,2026-01-18T19:40:18+00:00,INTERNAL_TRANSFER
TX-N-04235,EXT-A-038-2,EXT-A-069-1,3891.36,2026-05-12T22:18:02+00:00,INTERNAL_TRANSFER
TX-N-04236,ACC-N-0991,ACC-N-0767,8521.81,2026-01-10T20:04:01+00:00,INTERNAL_TRANSFER
TX-N-04237,ACC-N-0875,ACC-N-0937,18131.57,2026-07-05T22:38:27+00:00,INTERNAL_TRANSFER
TX-N-04238,ACC-N-0675,ACC-N-0939,21371.89,2026-03-04T17:19:07+00:00,INTERNAL_TRANSFER
TX-N-04239,ACC-N-0742,ACC-N-0616,7182.82,2026-07-24T02:27:55+00:00,INTERNAL_TRANSFER
TX-N-04240,ACC-N-0752,EXT-A-058-4,2341.59,2026-03-05T09:23:32+00:00,INTERNAL_TRANSFER
TX-N-04241,ACC-N-0758,EXT-A-867458,35808.24,2026-09-20T08:46:35+00:00,INTERNAL_TRANSFER
TX-N-04242,ACC-N-0761,EXT-A-017-2,1233.98,2026-01-20T00:20:57+00:00,INTERNAL_TRANSFER
TX-N-04243,ACC-N-0910,ACC-N-0767,974.86,2026-04-21T17:19:35+00:00,INTERNAL_TRANSFER
TX-N-04244,ACC-N-0807,EXT-A-064-3,15406.56,2026-01-02T15:48:49+00:00,INTERNAL_TRANSFER
TX-N-04245,ACC-N-0607,ACC-N-0492,2226.03,2026-06-18T09:43:49+00:00,INTERNAL_TRANSFER
TX-N-04246,ACC-N-0622,EXT-A-070-1,22443.46,2026-01-18T22:15:09+00:00,INTERNAL_TRANSFER
TX-N-04247,ACC-N-0765,ACC-N-0835,1141.26,2026-03-12T17:36:05+00:00,INTERNAL_TRANSFER
TX-N-04248,ACC-N-0574,EXT-A-002-4,6596.32,2026-09-28T15:34:03+00:00,INTERNAL_TRANSFER
TX-N-04249,ACC-N-0630,ACC-N-0641,2376.93,2026-08-02T23:20:13+00:00,INTERNAL_TRANSFER
TX-N-04250,EXT-A-055-2,ACC-N-0780,4874.16,2026-02-03T23:52:33+00:00,INTERNAL_TRANSFER
TX-N-04251,ACC-C-PAY-06,ACC-N-0537,2449.98,2026-01-15T13:37:07+00:00,INTERNAL_TRANSFER
TX-N-04252,ACC-N-0666,EXT-A-049-2,12027.08,2026-11-07T20:03:22+00:00,INTERNAL_TRANSFER
TX-N-04253,EXT-A-908166,ACC-N-0464,9230.73,2026-07-24T20:02:40+00:00,INTERNAL_TRANSFER
TX-N-04254,EXT-A-043-2,ACC-N-0869,6326.11,2026-07-28T17:15:03+00:00,WIRE
TX-N-04255,EXT-A-064-3,ACC-N-0556,2205.73,2026-11-10T16:09:46+00:00,INTERNAL_TRANSFER
TX-N-04256,ACC-N-0860,ACC-N-0452,16594.84,2026-08-24T01:27:33+00:00,INTERNAL_TRANSFER
TX-N-04257,ACC-N-0752,EXT-A-011-3,11048.66,2026-08-04T22:59:52+00:00,WIRE
TX-N-04258,ACC-N-0615,ACC-C-CORP,10931.52,2026-02-21T17:35:40+00:00,INTERNAL_TRANSFER
TX-N-04259,EXT-A-071-3,ACC-N-0584,4586.41,2026-01-03T03:00:34+00:00,INTERNAL_TRANSFER
TX-N-04260,EXT-A-056-2,ACC-N-0782,2491.1,2026-05-16T06:15:43+00:00,INTERNAL_TRANSFER
TX-N-04261,EXT-A-062-3,ACC-N-0486,5315.25,2026-10-25T17:40:03+00:00,INTERNAL_TRANSFER
TX-N-04262,EXT-A-047-4,ACC-N-0854,3366.19,2026-11-06T14:51:50+00:00,INTERNAL_TRANSFER
TX-N-04263,EXT-A-054-2,EXT-A-022-1,5418.3,2026-04-18T01:29:33+00:00,INTERNAL_TRANSFER
TX-N-04264,ACC-N-0886,ACC-N-0595,9431.94,2026-11-24T20:40:14+00:00,ATM
TX-N-04265,ACC-N-0747,ACC-N-0922,10787.57,2026-07-29T10:09:59+00:00,INTERNAL_TRANSFER
TX-N-04266,EXT-A-030-2,EXT-A-065-3,23139.41,2026-08-23T00:36:09+00:00,INTERNAL_TRANSFER
TX-N-04267,ACC-N-0822,ACC-N-0515,8122.18,2026-05-14T22:25:31+00:00,INTERNAL_TRANSFER
TX-N-04268,ACC-N-0884,EXT-A-027-4,23468.57,2026-08-26T15:07:35+00:00,INTERNAL_TRANSFER
TX-N-04269,ACC-N-0765,EXT-A-060-3,1651.22,2026-01-31T18:14:46+00:00,ATM
TX-N-04270,ACC-N-0437,EXT-A-072-4,7488.55,2026-02-27T05:20:14+00:00,WIRE
TX-N-04271,EXT-A-120482,EXT-A-012-2,18835.09,2026-11-02T11:24:11+00:00,INTERNAL_TRANSFER
TX-N-04272,EXT-A-064-4,ACC-N-0650,2149.42,2026-07-31T15:35:31+00:00,INTERNAL_TRANSFER
TX-N-04273,EXT-A-028-1,ACC-N-0938,965.71,2026-07-26T16:24:53+00:00,INTERNAL_TRANSFER
TX-N-04274,ACC-N-0741,EXT-A-049-4,2853.98,2026-05-29T21:51:48+00:00,INTERNAL_TRANSFER
TX-N-04275,EXT-A-055-2,ACC-N-0869,9367.59,2026-03-09T17:16:22+00:00,INTERNAL_TRANSFER
TX-N-04276,EXT-A-006-4,ACC-N-0737,29550.3,2026-08-29T20:53:42+00:00,INTERNAL_TRANSFER
TX-N-04277,ACC-N-0512,EXT-A-003-2,604.84,2026-01-06T07:26:08+00:00,INTERNAL_TRANSFER
TX-N-04278,ACC-N-0683,ACC-C-CORP,1938.05,2026-03-25T18:22:51+00:00,INTERNAL_TRANSFER
TX-N-04279,ACC-N-0584,ACC-N-0735,24348.48,2026-10-10T01:32:52+00:00,WIRE
TX-N-04280,EXT-A-044-2,ACC-N-0985,12835.88,2026-06-17T06:01:12+00:00,INTERNAL_TRANSFER
TX-N-04281,ACC-N-0896,ACC-N-0832,583.8,2026-06-30T08:49:11+00:00,INTERNAL_TRANSFER
TX-N-04282,ACC-N-0950,EXT-A-032-1,2405.73,2026-10-03T11:34:30+00:00,INTERNAL_TRANSFER
TX-N-04283,ACC-N-0495,ACC-N-0964,5736.84,2026-04-06T22:35:30+00:00,WIRE
TX-N-04284,ACC-N-0783,ACC-N-0950,7085.04,2026-09-29T00:30:32+00:00,WIRE
TX-N-04285,ACC-N-0739,ACC-N-0985,3536.62,2026-09-08T13:37:02+00:00,INTERNAL_TRANSFER
TX-N-04286,EXT-A-013-1,ACC-N-0470,6347.78,2026-06-21T21:26:23+00:00,INTERNAL_TRANSFER
TX-N-04287,EXT-A-035-1,EXT-A-023-1,7426.22,2026-01-01T21:51:11+00:00,INTERNAL_TRANSFER
TX-N-04288,ACC-C-PAY-12,ACC-N-0707,15211.54,2026-04-23T17:12:32+00:00,INTERNAL_TRANSFER
TX-N-04289,ACC-N-0439,EXT-A-009-1,3223.21,2026-10-31T17:13:06+00:00,INTERNAL_TRANSFER
TX-N-04290,ACC-N-0544,EXT-A-047-1,820.41,2026-10-30T08:12:21+00:00,INTERNAL_TRANSFER
TX-N-04291,EXT-A-033-1,ACC-N-0620,1959.47,2026-05-08T06:36:46+00:00,INTERNAL_TRANSFER
TX-N-04292,EXT-A-021-4,EXT-A-307484,4739.38,2026-08-04T18:16:30+00:00,INTERNAL_TRANSFER
TX-N-04293,ACC-N-0940,ACC-N-0685,640.22,2026-04-10T03:45:57+00:00,INTERNAL_TRANSFER
TX-N-04294,ACC-N-0860,ACC-N-0661,6769.19,2026-07-22T12:06:02+00:00,INTERNAL_TRANSFER
TX-N-04295,ACC-N-0410,ACC-N-0951,8434.32,2026-10-01T06:27:31+00:00,INTERNAL_TRANSFER
TX-N-04296,ACC-N-0640,ACC-N-0691,39575.81,2026-02-09T21:12:20+00:00,INTERNAL_TRANSFER
TX-N-04297,EXT-A-051-3,ACC-N-0909,6295.99,2026-05-05T11:51:05+00:00,INTERNAL_TRANSFER
TX-N-04298,ACC-N-0764,EXT-A-031-4,22282.34,2026-05-11T05:42:48+00:00,WIRE
TX-N-04299,ACC-N-0907,EXT-A-040-3,1952.77,2026-12-03T05:16:21+00:00,WIRE
TX-N-04300,ACC-N-0547,ACC-N-0448,5201.84,2026-01-31T05:27:15+00:00,ATM
TX-N-04301,EXT-A-048-4,EXT-A-027-1,1909.01,2026-06-01T08:05:37+00:00,INTERNAL_TRANSFER
TX-N-04302,ACC-N-0840,EXT-A-006-4,2392.74,2026-06-11T12:20:28+00:00,INTERNAL_TRANSFER
TX-N-04303,ACC-N-0896,ACC-N-0533,1510.21,2026-01-30T12:08:04+00:00,WIRE
TX-N-04304,EXT-A-058-4,ACC-N-0835,870.25,2026-04-12T21:59:55+00:00,WIRE
TX-N-04305,EXT-A-010-4,ACC-N-0739,10469.36,2026-07-02T08:11:04+00:00,INTERNAL_TRANSFER
TX-N-04306,EXT-A-015-1,ACC-N-0965,3688.98,2026-03-07T04:26:41+00:00,INTERNAL_TRANSFER
TX-N-04307,ACC-N-0434,ACC-N-0780,10680.5,2026-04-20T21:28:40+00:00,INTERNAL_TRANSFER
TX-N-04308,ACC-N-0864,EXT-A-051-2,116284.79,2026-10-20T00:32:00+00:00,INTERNAL_TRANSFER
TX-N-04309,ACC-N-0937,ACC-N-0484,892.0,2026-03-14T23:04:14+00:00,INTERNAL_TRANSFER
TX-N-04310,ACC-N-0863,ACC-N-0788,7416.36,2026-12-08T19:09:58+00:00,WIRE
TX-N-04311,ACC-N-0674,ACC-N-0463,10301.59,2026-04-23T17:59:46+00:00,INTERNAL_TRANSFER
TX-N-04312,ACC-N-0813,ACC-N-0806,1823.82,2026-08-31T02:14:09+00:00,WIRE
TX-N-04313,ACC-N-0506,EXT-A-006-3,10889.17,2026-07-21T11:47:35+00:00,INTERNAL_TRANSFER
TX-N-04314,EXT-A-020-2,ACC-N-0883,10436.21,2026-09-09T04:41:23+00:00,ATM
TX-N-04315,ACC-N-0979,EXT-A-008-2,1949.69,2026-03-23T06:13:10+00:00,WIRE
TX-N-04316,ACC-N-0608,ACC-N-0938,1225.05,2026-11-11T15:57:48+00:00,INTERNAL_TRANSFER
TX-N-04317,EXT-A-066-3,EXT-A-067-3,1099.19,2026-10-13T01:16:38+00:00,WIRE
TX-N-04318,ACC-N-0671,EXT-A-048-2,2803.15,2026-09-01T16:19:07+00:00,WIRE
TX-N-04319,ACC-N-0448,ACC-N-0549,5568.2,2026-06-11T04:05:31+00:00,INTERNAL_TRANSFER
TX-N-04320,ACC-N-0495,EXT-A-067-1,2221.35,2026-08-09T11:13:47+00:00,INTERNAL_TRANSFER
TX-N-04321,ACC-N-0710,EXT-A-022-2,3972.3,2026-05-04T18:27:41+00:00,INTERNAL_TRANSFER
TX-N-04322,ACC-N-0812,EXT-A-012-4,11154.87,2026-11-18T22:23:10+00:00,INTERNAL_TRANSFER
TX-N-04323,EXT-A-023-4,ACC-N-0859,2303.6,2026-05-14T23:08:57+00:00,WIRE
TX-N-04324,ACC-N-0579,ACC-N-0422,15374.59,2026-07-28T02:35:50+00:00,WIRE
TX-N-04325,ACC-N-0568,ACC-N-0883,1542.8,2026-07-17T19:37:40+00:00,INTERNAL_TRANSFER
TX-N-04326,EXT-A-021-4,ACC-N-0522,22699.44,2026-03-14T13:02:25+00:00,INTERNAL_TRANSFER
TX-N-04327,ACC-N-0589,EXT-A-008-2,15945.89,2026-06-11T18:02:12+00:00,WIRE
TX-N-04328,EXT-A-044-3,ACC-N-0937,1979.67,2026-07-15T09:35:49+00:00,WIRE
TX-N-04329,EXT-A-002-1,ACC-N-0711,3998.16,2026-03-28T03:33:35+00:00,WIRE
TX-N-04330,ACC-N-0479,EXT-A-059-3,2043.99,2026-08-06T00:33:03+00:00,ATM
TX-N-04331,ACC-N-0869,ACC-N-0894,51844.58,2026-04-04T00:13:20+00:00,INTERNAL_TRANSFER
TX-N-04332,EXT-A-017-3,ACC-N-0600,9159.65,2026-05-24T17:31:53+00:00,WIRE
TX-N-04333,ACC-N-0774,ACC-N-0635,1338.03,2026-04-28T22:31:47+00:00,WIRE
TX-N-04334,ACC-N-0609,ACC-N-0419,3045.93,2026-05-06T16:27:31+00:00,WIRE
TX-N-04335,EXT-A-028-3,ACC-N-0605,11666.22,2026-07-30T22:13:20+00:00,WIRE
TX-N-04336,ACC-N-0462,ACC-N-0455,3223.09,2026-07-14T14:13:38+00:00,INTERNAL_TRANSFER
TX-N-04337,EXT-A-055-4,ACC-N-0922,16536.9,2026-07-27T20:41:06+00:00,INTERNAL_TRANSFER
TX-N-04338,EXT-A-039-1,EXT-A-047-4,3386.72,2026-09-17T05:29:58+00:00,ATM
TX-N-04339,ACC-N-0982,ACC-N-0429,6683.59,2026-09-14T00:54:49+00:00,ATM
TX-N-04340,ACC-N-0572,ACC-N-0496,29603.26,2026-08-27T04:10:33+00:00,WIRE
TX-N-04341,EXT-A-035-3,ACC-N-0508,19483.11,2026-07-04T20:10:55+00:00,INTERNAL_TRANSFER
TX-N-04342,ACC-B-03-C,EXT-A-066-3,4232.76,2026-03-06T19:48:51+00:00,INTERNAL_TRANSFER
TX-N-04343,ACC-N-0424,ACC-N-0972,5141.68,2026-09-01T06:54:30+00:00,INTERNAL_TRANSFER
TX-N-04344,EXT-A-064-1,ACC-N-0718,4613.56,2026-01-18T06:37:34+00:00,INTERNAL_TRANSFER
TX-N-04345,EXT-A-006-1,ACC-N-0603,42703.39,2026-06-28T21:25:38+00:00,INTERNAL_TRANSFER
TX-N-04346,ACC-N-0783,ACC-N-0515,11001.03,2026-04-01T02:44:01+00:00,INTERNAL_TRANSFER
TX-N-04347,EXT-A-030-2,EXT-A-062-4,20040.37,2026-03-30T18:30:24+00:00,INTERNAL_TRANSFER
TX-N-04348,ACC-N-0866,ACC-N-0788,4131.81,2026-06-08T01:41:29+00:00,INTERNAL_TRANSFER
TX-N-04349,EXT-A-028-1,ACC-N-0459,2705.41,2026-09-05T03:41:57+00:00,INTERNAL_TRANSFER
TX-N-04350,ACC-N-0600,ACC-N-0678,1561.2,2026-12-17T10:58:03+00:00,INTERNAL_TRANSFER
TX-N-04351,ACC-N-0921,EXT-A-867458,18775.93,2026-03-14T18:25:37+00:00,INTERNAL_TRANSFER
TX-N-04352,ACC-N-0909,ACC-N-0671,1365.45,2026-08-28T21:46:42+00:00,INTERNAL_TRANSFER
TX-N-04353,ACC-B-02-C,EXT-A-027-3,8313.81,2026-09-21T20:45:32+00:00,INTERNAL_TRANSFER
TX-N-04354,ACC-N-0902,ACC-N-0891,2136.37,2026-08-18T05:04:47+00:00,ATM
TX-N-04355,ACC-N-0552,EXT-A-060-4,1310.03,2026-08-10T10:22:53+00:00,WIRE
TX-N-04356,ACC-N-0957,EXT-A-004-2,5809.48,2026-12-28T19:20:18+00:00,INTERNAL_TRANSFER
TX-N-04357,ACC-N-0620,EXT-A-041-3,17103.95,2026-06-12T21:32:18+00:00,INTERNAL_TRANSFER
TX-N-04358,EXT-A-027-4,ACC-N-0592,8313.09,2026-11-30T11:51:41+00:00,INTERNAL_TRANSFER
TX-N-04359,EXT-A-056-4,ACC-N-0890,2350.68,2026-12-15T01:21:11+00:00,INTERNAL_TRANSFER
TX-N-04360,ACC-N-0786,EXT-A-009-3,4703.49,2026-11-09T12:04:50+00:00,INTERNAL_TRANSFER
TX-N-04361,ACC-N-0458,ACC-N-0782,19457.27,2026-04-25T19:07:14+00:00,INTERNAL_TRANSFER
TX-N-04362,ACC-N-0411,ACC-N-0511,1511.48,2026-11-05T21:59:03+00:00,WIRE
TX-N-04363,ACC-B-A,ACC-N-0627,1332.48,2026-10-18T00:20:16+00:00,INTERNAL_TRANSFER
TX-N-04364,ACC-N-0557,ACC-N-0694,6487.14,2026-02-08T03:15:44+00:00,INTERNAL_TRANSFER
TX-N-04365,ACC-N-0619,EXT-A-047-2,1066.07,2026-07-10T20:11:34+00:00,INTERNAL_TRANSFER
TX-N-04366,ACC-N-0468,ACC-N-0838,458.32,2026-04-07T04:24:59+00:00,WIRE
TX-N-04367,ACC-N-0643,EXT-A-046-2,908.5,2026-06-24T17:22:33+00:00,ATM
TX-N-04368,EXT-A-063-2,ACC-N-0915,15432.53,2026-09-30T19:57:10+00:00,INTERNAL_TRANSFER
TX-N-04369,ACC-N-0502,ACC-N-0805,588.14,2026-11-30T22:05:24+00:00,INTERNAL_TRANSFER
TX-N-04370,EXT-A-069-4,ACC-N-0576,2739.19,2026-04-18T15:15:41+00:00,INTERNAL_TRANSFER
TX-N-04371,ACC-C-PAY-11,ACC-N-0738,6414.27,2026-06-21T17:03:28+00:00,INTERNAL_TRANSFER
TX-N-04372,ACC-N-0957,EXT-A-036-4,3800.49,2026-10-14T13:39:22+00:00,INTERNAL_TRANSFER
TX-N-04373,EXT-A-057-4,ACC-N-0955,4348.24,2026-10-28T05:16:11+00:00,WIRE
TX-N-04374,ACC-N-0716,ACC-N-0804,878.45,2026-01-23T15:19:17+00:00,INTERNAL_TRANSFER
TX-N-04375,ACC-N-0501,ACC-N-0642,8764.13,2026-11-18T09:40:06+00:00,WIRE
TX-N-04376,ACC-N-0756,ACC-N-0985,40486.93,2026-03-04T01:46:08+00:00,INTERNAL_TRANSFER
TX-N-04377,ACC-N-0905,EXT-A-032-4,284.4,2026-04-05T12:49:09+00:00,INTERNAL_TRANSFER
TX-N-04378,EXT-A-048-4,EXT-A-069-3,6084.4,2026-10-06T05:50:20+00:00,INTERNAL_TRANSFER
TX-N-04379,ACC-N-0569,ACC-C-HNW-03,7114.06,2026-05-22T01:27:47+00:00,INTERNAL_TRANSFER
TX-N-04380,ACC-N-0735,ACC-N-0897,7638.55,2026-03-23T11:57:09+00:00,WIRE
TX-N-04381,EXT-A-071-3,ACC-C-PAY-02,3394.47,2026-04-10T09:17:06+00:00,WIRE
TX-N-04382,ACC-N-0486,ACC-N-0634,1331.33,2026-06-06T12:05:00+00:00,WIRE
TX-N-04383,ACC-N-0935,EXT-A-057-2,11265.52,2026-06-05T16:03:58+00:00,INTERNAL_TRANSFER
TX-N-04384,ACC-N-0763,ACC-N-0704,787.85,2026-07-04T03:58:49+00:00,INTERNAL_TRANSFER
TX-N-04385,EXT-A-068-4,ACC-N-0830,12805.17,2026-08-02T03:24:36+00:00,WIRE
TX-N-04386,ACC-N-0489,ACC-N-0394,6566.56,2026-12-29T08:26:34+00:00,INTERNAL_TRANSFER
TX-N-04387,EXT-A-037-3,EXT-A-011-4,18918.29,2026-02-18T09:52:27+00:00,INTERNAL_TRANSFER
TX-N-04388,ACC-N-0990,EXT-A-034-1,3213.31,2026-06-02T11:19:22+00:00,INTERNAL_TRANSFER
TX-N-04389,ACC-N-0605,ACC-N-0927,28847.1,2026-11-26T08:00:19+00:00,WIRE
TX-N-04390,ACC-N-0707,ACC-N-0561,56676.47,2026-01-15T23:59:44+00:00,INTERNAL_TRANSFER
TX-N-04391,ACC-N-0489,ACC-N-0694,5031.43,2026-09-23T19:07:09+00:00,INTERNAL_TRANSFER
TX-N-04392,ACC-N-0805,EXT-A-014-1,3287.25,2026-02-09T14:49:51+00:00,INTERNAL_TRANSFER
TX-N-04393,ACC-B-04-C,ACC-N-0869,8899.12,2026-07-08T23:50:53+00:00,WIRE
TX-N-04394,EXT-A-031-2,ACC-N-0474,2935.74,2026-03-05T17:01:25+00:00,ATM
TX-N-04395,EXT-A-064-3,ACC-N-0587,5216.46,2026-04-09T14:25:53+00:00,INTERNAL_TRANSFER
TX-N-04396,ACC-N-0788,ACC-N-0937,1553.42,2026-06-04T19:53:23+00:00,ATM
TX-N-04397,EXT-A-056-4,ACC-N-0761,4558.21,2026-09-29T02:14:39+00:00,INTERNAL_TRANSFER
TX-N-04398,EXT-A-063-3,ACC-N-0768,1128.19,2026-01-12T17:29:39+00:00,ATM
TX-N-04399,ACC-N-0765,ACC-N-0536,7053.37,2026-03-21T09:08:15+00:00,INTERNAL_TRANSFER
TX-N-04400,ACC-N-0641,ACC-N-0573,3850.66,2026-01-31T21:06:39+00:00,INTERNAL_TRANSFER
TX-N-04401,ACC-N-0854,ACC-N-0519,10146.51,2026-04-15T12:33:59+00:00,INTERNAL_TRANSFER
TX-N-04402,EXT-A-037-3,ACC-N-0713,2663.45,2026-11-27T21:42:36+00:00,WIRE
TX-N-04403,EXT-A-053-2,EXT-A-051-4,4426.54,2026-08-05T19:04:25+00:00,INTERNAL_TRANSFER
TX-N-04404,ACC-N-0811,ACC-N-0969,460.58,2026-04-25T00:45:33+00:00,ATM
TX-N-04405,EXT-A-040-3,ACC-N-0456,3963.74,2026-05-27T22:15:18+00:00,INTERNAL_TRANSFER
TX-N-04406,ACC-N-0404,ACC-N-0586,1029.36,2026-04-09T06:11:05+00:00,ATM
TX-N-04407,ACC-N-0735,EXT-A-058-2,4033.52,2026-07-18T04:07:19+00:00,WIRE
TX-N-04408,ACC-N-0748,ACC-N-0649,6336.6,2026-03-16T14:41:27+00:00,INTERNAL_TRANSFER
TX-N-04409,ACC-N-0537,ACC-N-0498,12556.06,2026-10-05T02:53:38+00:00,INTERNAL_TRANSFER
TX-N-04410,EXT-A-031-4,ACC-N-0655,8110.39,2026-08-16T20:45:46+00:00,INTERNAL_TRANSFER
TX-N-04411,EXT-A-070-3,ACC-N-0754,36043.21,2026-06-02T02:35:07+00:00,INTERNAL_TRANSFER
TX-N-04412,ACC-N-0835,ACC-N-0949,8734.98,2026-08-09T18:49:51+00:00,INTERNAL_TRANSFER
TX-N-04413,EXT-A-061-3,EXT-A-056-3,1279.82,2026-05-07T09:16:32+00:00,INTERNAL_TRANSFER
TX-N-04414,EXT-A-039-2,ACC-N-0467,29452.42,2026-12-25T05:47:39+00:00,ATM
TX-N-04415,ACC-N-0481,EXT-A-039-2,3073.27,2026-12-26T04:34:51+00:00,INTERNAL_TRANSFER
TX-N-04416,ACC-N-0446,EXT-A-063-3,28394.07,2026-01-02T23:51:01+00:00,WIRE
TX-N-04417,ACC-N-0821,EXT-A-058-4,6592.88,2026-12-01T17:32:47+00:00,WIRE
TX-N-04418,ACC-N-0938,ACC-C-PAY-05,21182.93,2026-06-27T14:58:58+00:00,WIRE
TX-N-04419,ACC-N-0600,EXT-A-042-1,1060.74,2026-06-10T20:43:15+00:00,INTERNAL_TRANSFER
TX-N-04420,ACC-N-0564,ACC-N-0956,362.67,2026-04-01T21:26:12+00:00,WIRE
TX-N-04421,EXT-A-023-2,ACC-N-0529,16615.02,2026-12-26T20:34:31+00:00,INTERNAL_TRANSFER
TX-N-04422,ACC-N-0446,ACC-N-0979,1568.23,2026-11-09T15:17:47+00:00,ATM
TX-N-04423,ACC-N-0398,ACC-B-04-C,10160.6,2026-07-06T09:57:10+00:00,WIRE
TX-N-04424,EXT-A-066-2,ACC-N-0656,1848.68,2026-09-20T09:37:38+00:00,INTERNAL_TRANSFER
TX-N-04425,EXT-A-007-3,ACC-N-0574,966.01,2026-04-17T07:42:11+00:00,INTERNAL_TRANSFER
TX-N-04426,ACC-N-0579,EXT-A-016-2,319.68,2026-02-07T23:37:36+00:00,WIRE
TX-N-04427,ACC-B-02-A,ACC-N-0952,8702.56,2026-09-18T00:04:35+00:00,INTERNAL_TRANSFER
TX-N-04428,EXT-A-003-2,ACC-N-0872,38470.14,2026-09-27T06:59:56+00:00,INTERNAL_TRANSFER
TX-N-04429,ACC-N-0956,ACC-N-0520,2790.83,2026-06-15T09:44:36+00:00,INTERNAL_TRANSFER
TX-N-04430,ACC-N-0838,EXT-A-908166,1982.57,2026-10-22T03:18:42+00:00,INTERNAL_TRANSFER
TX-N-04431,ACC-N-0840,EXT-A-042-3,2240.95,2026-09-19T20:37:45+00:00,INTERNAL_TRANSFER
TX-N-04432,ACC-N-0775,EXT-A-071-2,10092.55,2026-01-09T04:10:46+00:00,WIRE
TX-N-04433,EXT-A-066-2,ACC-N-0955,1963.05,2026-07-06T18:25:11+00:00,INTERNAL_TRANSFER
TX-N-04434,ACC-N-0740,ACC-N-0526,6207.02,2026-10-04T08:29:11+00:00,INTERNAL_TRANSFER
TX-N-04435,ACC-N-0576,ACC-N-0657,7931.67,2026-06-11T15:43:05+00:00,INTERNAL_TRANSFER
TX-N-04436,EXT-A-019-2,EXT-A-006-1,1115.33,2026-06-27T03:32:44+00:00,INTERNAL_TRANSFER
TX-N-04437,ACC-N-0813,ACC-N-0830,3277.23,2026-01-15T11:37:08+00:00,INTERNAL_TRANSFER
TX-N-04438,EXT-A-025-1,EXT-A-039-1,7219.71,2026-01-10T08:50:47+00:00,INTERNAL_TRANSFER
TX-N-04439,ACC-N-0521,EXT-A-047-1,5075.2,2026-01-24T06:39:29+00:00,INTERNAL_TRANSFER
TX-N-04440,EXT-A-036-3,ACC-N-0590,861.15,2026-07-09T06:32:21+00:00,INTERNAL_TRANSFER
TX-N-04441,ACC-N-0864,ACC-N-0730,3925.84,2026-01-02T11:01:05+00:00,INTERNAL_TRANSFER
TX-N-04442,ACC-N-0464,EXT-A-042-3,15687.95,2026-01-05T15:49:30+00:00,INTERNAL_TRANSFER
TX-N-04443,ACC-N-0618,ACC-B-02-B,12777.41,2026-05-06T08:54:01+00:00,INTERNAL_TRANSFER
TX-N-04444,ACC-N-0765,ACC-C-PAY-07,948.2,2026-02-13T10:08:49+00:00,INTERNAL_TRANSFER
TX-N-04445,ACC-N-0684,EXT-A-028-4,10280.41,2026-12-20T13:39:53+00:00,INTERNAL_TRANSFER
TX-N-04446,ACC-N-0432,ACC-N-0511,392.31,2026-08-09T04:36:02+00:00,INTERNAL_TRANSFER
TX-N-04447,ACC-N-0881,ACC-N-0473,3486.39,2026-03-01T09:26:19+00:00,INTERNAL_TRANSFER
TX-N-04448,EXT-A-067-1,EXT-A-065-3,1933.81,2026-12-29T17:11:22+00:00,INTERNAL_TRANSFER
TX-N-04449,EXT-A-018-1,ACC-N-0838,862.12,2026-11-23T19:23:44+00:00,WIRE
TX-N-04450,EXT-A-025-3,ACC-N-0945,2444.24,2026-11-23T22:13:45+00:00,INTERNAL_TRANSFER
TX-N-04451,ACC-N-0722,ACC-N-0650,18662.79,2026-05-09T01:17:08+00:00,INTERNAL_TRANSFER
TX-N-04452,EXT-A-003-2,ACC-N-0564,6695.47,2026-08-26T03:40:21+00:00,INTERNAL_TRANSFER
TX-N-04453,EXT-A-026-1,ACC-N-0982,4628.0,2026-11-16T07:32:16+00:00,INTERNAL_TRANSFER
TX-N-04454,ACC-C-PAY-10,ACC-N-0652,1092.69,2026-07-03T17:30:43+00:00,INTERNAL_TRANSFER
TX-N-04455,EXT-A-069-4,ACC-N-0683,492.44,2026-06-08T11:33:47+00:00,INTERNAL_TRANSFER
TX-N-04456,ACC-N-0485,ACC-N-0991,6508.75,2026-12-14T17:09:29+00:00,INTERNAL_TRANSFER
TX-N-04457,ACC-N-0986,ACC-N-0546,7451.13,2026-09-17T12:36:30+00:00,INTERNAL_TRANSFER
TX-N-04458,EXT-A-009-2,ACC-N-0891,3007.05,2026-01-14T12:30:05+00:00,ATM
TX-N-04459,EXT-A-044-1,ACC-B-02-A,9802.16,2026-12-30T08:31:28+00:00,INTERNAL_TRANSFER
TX-N-04460,ACC-N-0801,EXT-A-030-1,4812.81,2026-06-30T17:15:32+00:00,INTERNAL_TRANSFER
TX-N-04461,ACC-C-CORP,ACC-N-0748,2684.17,2026-05-07T21:13:51+00:00,INTERNAL_TRANSFER
TX-N-04462,ACC-N-0859,EXT-A-006-1,631.02,2026-01-12T11:03:53+00:00,WIRE
TX-N-04463,EXT-A-070-1,ACC-N-0851,10438.53,2026-09-20T05:03:06+00:00,INTERNAL_TRANSFER
TX-N-04464,ACC-N-0933,ACC-C-PAY-12,9071.19,2026-08-23T03:51:59+00:00,INTERNAL_TRANSFER
TX-N-04465,ACC-N-0891,ACC-N-0693,3126.0,2026-11-26T23:10:29+00:00,INTERNAL_TRANSFER
TX-N-04466,ACC-N-0844,EXT-A-072-4,11511.07,2026-01-19T00:26:46+00:00,INTERNAL_TRANSFER
TX-N-04467,ACC-N-0462,ACC-B-04-A,1692.99,2026-05-11T23:10:24+00:00,INTERNAL_TRANSFER
TX-N-04468,ACC-N-0493,EXT-A-026-4,8846.88,2026-03-22T19:23:48+00:00,INTERNAL_TRANSFER
TX-N-04469,ACC-N-0691,ACC-N-0875,17108.27,2026-02-22T17:04:42+00:00,WIRE
TX-N-04470,ACC-N-0565,ACC-N-0572,21979.78,2026-11-23T03:54:05+00:00,INTERNAL_TRANSFER
TX-N-04471,EXT-A-033-3,ACC-N-0687,633.28,2026-01-08T19:07:33+00:00,WIRE
TX-N-04472,ACC-N-0670,EXT-A-042-3,14809.89,2026-10-06T00:45:17+00:00,INTERNAL_TRANSFER
TX-N-04473,ACC-N-0565,ACC-N-0506,5709.85,2026-03-06T04:54:39+00:00,WIRE
TX-N-04474,ACC-N-0818,ACC-N-0848,3870.67,2026-10-14T16:08:29+00:00,WIRE
TX-N-04475,ACC-N-0489,ACC-N-0927,558.53,2026-03-29T03:12:42+00:00,INTERNAL_TRANSFER
TX-N-04476,ACC-N-0412,ACC-N-0700,8118.19,2026-03-02T19:54:18+00:00,WIRE
TX-N-04477,ACC-N-0832,EXT-A-013-4,11743.25,2026-05-25T17:34:53+00:00,INTERNAL_TRANSFER
TX-N-04478,ACC-N-0412,ACC-N-0872,6499.95,2026-01-07T03:18:57+00:00,INTERNAL_TRANSFER
TX-N-04479,ACC-N-0758,EXT-A-066-2,6194.09,2026-06-28T05:33:11+00:00,INTERNAL_TRANSFER
TX-N-04480,ACC-N-0485,EXT-A-032-4,1841.03,2026-11-17T16:17:47+00:00,INTERNAL_TRANSFER
TX-N-04481,EXT-A-013-2,ACC-N-0962,12006.11,2026-10-22T20:17:12+00:00,INTERNAL_TRANSFER
TX-N-04482,ACC-N-0914,ACC-N-0680,1858.23,2026-05-05T13:30:00+00:00,WIRE
TX-N-04483,ACC-N-0745,ACC-N-0803,3799.38,2026-10-17T00:33:14+00:00,WIRE
TX-N-04484,ACC-N-0902,EXT-A-067-2,1189.69,2026-11-09T06:14:22+00:00,INTERNAL_TRANSFER
TX-N-04485,EXT-A-008-1,ACC-N-0487,1096.39,2026-10-04T12:15:29+00:00,INTERNAL_TRANSFER
TX-N-04486,ACC-N-0689,ACC-C-PAY-05,8876.11,2026-03-19T15:58:06+00:00,INTERNAL_TRANSFER
TX-N-04487,EXT-A-007-2,ACC-N-0709,2549.01,2026-12-30T20:49:28+00:00,INTERNAL_TRANSFER
TX-N-04488,EXT-A-031-1,ACC-N-0726,2906.45,2026-01-06T19:04:16+00:00,INTERNAL_TRANSFER
TX-N-04489,ACC-N-0867,ACC-N-0960,11045.4,2026-03-06T06:25:22+00:00,INTERNAL_TRANSFER
TX-N-04490,ACC-N-0574,ACC-N-0638,11139.51,2026-05-26T21:18:51+00:00,WIRE
TX-N-04491,ACC-N-0696,ACC-N-0692,4250.91,2026-01-23T00:46:39+00:00,ATM
TX-N-04492,ACC-N-0415,ACC-N-0731,21129.23,2026-08-29T11:55:38+00:00,WIRE
TX-N-04493,ACC-N-0944,ACC-N-0519,3767.78,2026-03-04T10:05:53+00:00,INTERNAL_TRANSFER
TX-N-04494,ACC-N-0873,ACC-N-0678,3350.28,2026-06-28T05:10:53+00:00,INTERNAL_TRANSFER
TX-N-04495,EXT-A-040-3,ACC-N-0797,25498.39,2026-09-24T15:11:48+00:00,INTERNAL_TRANSFER
TX-N-04496,ACC-N-0833,EXT-A-024-3,840.04,2026-11-11T10:37:20+00:00,INTERNAL_TRANSFER
TX-N-04497,ACC-N-0620,EXT-A-070-4,12863.24,2026-01-17T05:45:38+00:00,INTERNAL_TRANSFER
TX-N-04498,ACC-N-0718,ACC-N-0533,2936.03,2026-10-20T16:57:37+00:00,INTERNAL_TRANSFER
TX-N-04499,ACC-N-0723,ACC-N-0638,1619.44,2026-01-26T14:08:40+00:00,WIRE
TX-N-04500,ACC-N-0622,ACC-N-0543,8990.64,2026-09-02T01:49:33+00:00,INTERNAL_TRANSFER
TX-N-04501,EXT-A-052-2,ACC-N-0923,4043.53,2026-05-21T21:05:58+00:00,INTERNAL_TRANSFER
TX-N-04502,ACC-N-0478,EXT-A-021-1,34759.06,2026-05-18T01:56:08+00:00,INTERNAL_TRANSFER
TX-N-04503,EXT-A-030-1,ACC-N-0933,3253.51,2026-04-26T09:52:47+00:00,INTERNAL_TRANSFER
TX-N-04504,ACC-N-0852,EXT-A-026-2,7022.04,2026-05-22T08:51:04+00:00,WIRE
TX-N-04505,ACC-N-0610,ACC-N-0778,4418.85,2026-07-18T20:49:49+00:00,WIRE
TX-N-04506,EXT-A-048-3,ACC-N-0714,2844.32,2026-02-25T11:19:05+00:00,INTERNAL_TRANSFER
TX-N-04507,EXT-A-037-1,EXT-A-022-1,2035.86,2026-02-26T04:41:09+00:00,WIRE
TX-N-04508,ACC-N-0838,EXT-A-010-1,1738.13,2026-09-09T21:09:43+00:00,INTERNAL_TRANSFER
TX-N-04509,ACC-N-0687,EXT-A-007-3,32242.43,2026-10-07T10:49:49+00:00,INTERNAL_TRANSFER
TX-N-04510,ACC-N-0590,ACC-N-0801,7258.43,2026-04-19T00:03:02+00:00,INTERNAL_TRANSFER
TX-N-04511,ACC-N-0464,ACC-N-0636,10730.72,2026-01-27T22:28:49+00:00,INTERNAL_TRANSFER
TX-N-04512,EXT-A-048-2,ACC-N-0886,2304.8,2026-07-03T19:36:22+00:00,INTERNAL_TRANSFER
TX-N-04513,ACC-N-0709,ACC-N-0933,1090.76,2026-08-16T17:42:51+00:00,WIRE
TX-N-04514,ACC-N-0990,ACC-N-0599,3149.09,2026-08-08T21:25:35+00:00,WIRE
TX-N-04515,ACC-N-0726,EXT-A-040-4,517.16,2026-07-27T17:10:46+00:00,ATM
TX-N-04516,ACC-N-0829,ACC-N-0395,3434.46,2026-08-17T23:21:27+00:00,INTERNAL_TRANSFER
TX-N-04517,EXT-A-040-2,ACC-N-0600,3555.59,2026-08-13T15:23:05+00:00,INTERNAL_TRANSFER
TX-N-04518,ACC-N-0779,ACC-N-0872,8367.32,2026-05-04T06:31:23+00:00,WIRE
TX-N-04519,ACC-N-0819,ACC-N-0537,6908.18,2026-05-23T16:27:13+00:00,WIRE
TX-N-04520,ACC-N-0462,ACC-N-0810,7788.85,2026-04-13T18:55:23+00:00,WIRE
TX-N-04521,EXT-A-048-2,EXT-A-017-3,4239.75,2026-12-05T11:42:50+00:00,INTERNAL_TRANSFER
TX-N-04522,ACC-N-0745,EXT-A-028-1,4012.66,2026-11-24T22:42:33+00:00,INTERNAL_TRANSFER
TX-N-04523,ACC-N-0724,ACC-N-0796,13289.98,2026-08-08T13:50:51+00:00,INTERNAL_TRANSFER
TX-N-04524,ACC-N-0894,EXT-A-027-3,60776.71,2026-02-23T07:31:29+00:00,INTERNAL_TRANSFER
TX-N-04525,ACC-N-0871,EXT-A-010-1,705.64,2026-12-02T09:33:22+00:00,WIRE
TX-N-04526,ACC-N-0892,EXT-A-007-1,7714.6,2026-07-20T03:31:17+00:00,INTERNAL_TRANSFER
TX-N-04527,ACC-N-0969,ACC-N-0731,5355.79,2026-10-11T14:38:46+00:00,INTERNAL_TRANSFER
TX-N-04528,ACC-N-0905,EXT-A-063-1,7851.67,2026-08-13T10:06:22+00:00,WIRE
TX-N-04529,EXT-A-009-1,ACC-N-0828,10159.79,2026-04-02T21:17:14+00:00,INTERNAL_TRANSFER
TX-N-04530,EXT-A-052-2,ACC-N-0418,1943.99,2026-02-01T10:44:56+00:00,INTERNAL_TRANSFER
TX-N-04531,ACC-N-0911,ACC-N-0472,3953.24,2026-01-11T08:37:42+00:00,INTERNAL_TRANSFER
TX-N-04532,ACC-N-0834,ACC-N-0783,18905.19,2026-07-30T22:05:13+00:00,WIRE
TX-N-04533,ACC-N-0734,ACC-N-0430,86095.93,2026-09-28T21:30:36+00:00,ATM
TX-N-04534,ACC-N-0714,ACC-N-0935,4164.43,2026-04-14T00:05:49+00:00,INTERNAL_TRANSFER
TX-N-04535,ACC-N-0534,EXT-A-007-1,6202.24,2026-07-26T12:29:48+00:00,ATM
TX-N-04536,ACC-N-0630,ACC-N-0606,5558.45,2026-03-18T01:29:24+00:00,WIRE
TX-N-04537,ACC-N-0971,EXT-A-011-1,30684.55,2026-03-13T03:11:58+00:00,WIRE
TX-N-04538,EXT-A-007-3,ACC-N-0610,7996.13,2026-01-06T11:02:46+00:00,INTERNAL_TRANSFER
TX-N-04539,ACC-N-0917,EXT-A-046-4,2090.54,2026-04-18T22:35:55+00:00,WIRE
TX-N-04540,EXT-A-042-1,ACC-N-0405,1806.04,2026-02-18T14:41:18+00:00,INTERNAL_TRANSFER
TX-N-04541,ACC-N-0940,ACC-N-0947,8077.95,2026-01-22T13:01:16+00:00,INTERNAL_TRANSFER
TX-N-04542,ACC-N-0908,EXT-A-006-4,26164.76,2026-11-07T09:15:06+00:00,INTERNAL_TRANSFER
TX-N-04543,ACC-N-0537,ACC-N-0516,2293.66,2026-04-01T06:20:28+00:00,INTERNAL_TRANSFER
TX-N-04544,ACC-N-0657,EXT-A-037-2,50215.91,2026-07-06T15:53:37+00:00,INTERNAL_TRANSFER
TX-N-04545,EXT-A-003-1,ACC-N-0856,4631.77,2026-01-20T00:21:09+00:00,INTERNAL_TRANSFER
TX-N-04546,ACC-N-0893,EXT-A-013-3,900.81,2026-02-06T00:07:30+00:00,INTERNAL_TRANSFER
TX-N-04547,ACC-N-0460,ACC-N-0764,4099.44,2026-08-18T17:33:49+00:00,INTERNAL_TRANSFER
TX-N-04548,ACC-N-0790,ACC-C-PAY-08,19261.23,2026-06-29T05:16:43+00:00,WIRE
TX-N-04549,EXT-A-017-3,ACC-N-0426,555.77,2026-04-06T02:48:33+00:00,INTERNAL_TRANSFER
TX-N-04550,ACC-N-0672,EXT-A-071-4,1785.02,2026-09-05T15:17:36+00:00,WIRE
TX-N-04551,EXT-A-071-3,EXT-A-015-4,6343.32,2026-10-06T12:32:30+00:00,INTERNAL_TRANSFER
TX-N-04552,ACC-N-0866,ACC-N-0571,1156.64,2026-10-11T11:34:56+00:00,INTERNAL_TRANSFER
TX-N-04553,ACC-N-0430,ACC-N-0604,35851.73,2026-01-26T20:06:09+00:00,INTERNAL_TRANSFER
TX-N-04554,EXT-A-052-1,EXT-A-042-3,6536.76,2026-12-15T04:31:41+00:00,INTERNAL_TRANSFER
TX-N-04555,EXT-A-003-2,ACC-N-0968,3127.73,2026-04-23T20:09:07+00:00,INTERNAL_TRANSFER
TX-N-04556,ACC-N-0982,ACC-N-0746,8173.34,2026-12-15T03:12:50+00:00,INTERNAL_TRANSFER
TX-N-04557,EXT-A-030-4,ACC-N-0682,10249.5,2026-05-31T07:34:35+00:00,WIRE
TX-N-04558,ACC-N-0885,ACC-B-04-C,2052.11,2026-10-21T03:59:19+00:00,ATM
TX-N-04559,ACC-N-0558,EXT-A-039-1,8720.03,2026-07-28T13:44:32+00:00,WIRE
TX-N-04560,ACC-N-0587,EXT-A-064-1,11336.32,2026-05-13T09:48:08+00:00,INTERNAL_TRANSFER
TX-N-04561,EXT-A-024-2,ACC-N-0837,13208.41,2026-11-24T08:27:19+00:00,WIRE
TX-N-04562,ACC-N-0532,EXT-A-050-2,1448.13,2026-12-21T10:59:32+00:00,WIRE
TX-N-04563,ACC-C-CORP,ACC-N-0977,74245.0,2026-10-11T13:35:53+00:00,WIRE
TX-N-04564,ACC-N-0500,EXT-A-027-1,1225.78,2026-11-03T21:04:49+00:00,WIRE
TX-N-04565,ACC-N-0861,ACC-C-PAY-02,5168.25,2026-08-16T05:28:19+00:00,INTERNAL_TRANSFER
TX-N-04566,EXT-A-055-2,ACC-N-0468,1931.68,2026-02-25T07:48:14+00:00,ATM
TX-N-04567,ACC-N-0757,ACC-N-0692,3539.89,2026-12-05T20:39:31+00:00,INTERNAL_TRANSFER
TX-N-04568,ACC-N-0884,EXT-A-038-3,3028.22,2026-06-24T18:08:28+00:00,INTERNAL_TRANSFER
TX-N-04569,EXT-A-034-4,EXT-A-908166,14519.95,2026-05-23T04:02:59+00:00,INTERNAL_TRANSFER
TX-N-04570,EXT-A-057-4,EXT-A-050-2,17498.23,2026-05-22T23:35:22+00:00,INTERNAL_TRANSFER
TX-N-04571,ACC-N-0458,ACC-N-0789,16172.19,2026-07-05T00:07:21+00:00,INTERNAL_TRANSFER
TX-N-04572,ACC-C-HNW-04,EXT-A-057-4,29338.65,2026-01-20T20:46:46+00:00,INTERNAL_TRANSFER
TX-N-04573,ACC-N-0732,ACC-N-0795,20857.01,2026-02-10T04:56:45+00:00,INTERNAL_TRANSFER
TX-N-04574,EXT-A-029-4,ACC-N-0492,881.11,2026-09-12T14:41:01+00:00,WIRE
TX-N-04575,EXT-A-012-4,ACC-N-0525,1461.25,2026-07-07T00:22:26+00:00,WIRE
TX-N-04576,ACC-N-0645,ACC-N-0459,37614.22,2026-01-17T04:25:35+00:00,INTERNAL_TRANSFER
TX-N-04577,EXT-A-065-1,ACC-N-0663,955.2,2026-12-27T23:32:48+00:00,INTERNAL_TRANSFER
TX-N-04578,ACC-C-PAY-10,ACC-N-0991,5169.57,2026-10-30T23:35:38+00:00,INTERNAL_TRANSFER
TX-N-04579,EXT-A-034-2,ACC-N-0586,2651.18,2026-08-27T07:47:58+00:00,INTERNAL_TRANSFER
TX-N-04580,EXT-A-011-4,ACC-N-0840,7335.0,2026-06-24T22:56:33+00:00,INTERNAL_TRANSFER
TX-N-04581,ACC-N-0501,ACC-C-HNW-03,12787.83,2026-04-21T16:24:38+00:00,WIRE
TX-N-04582,ACC-B-04-A,ACC-N-0768,2249.42,2026-02-18T14:13:34+00:00,WIRE
TX-N-04583,ACC-N-0724,EXT-A-018-2,3398.12,2026-09-12T16:43:02+00:00,WIRE
TX-N-04584,ACC-N-0884,ACC-N-0599,1858.64,2026-01-16T21:52:54+00:00,INTERNAL_TRANSFER
TX-N-04585,EXT-A-072-2,EXT-A-072-3,95697.12,2026-07-18T18:51:57+00:00,INTERNAL_TRANSFER
TX-N-04586,ACC-N-0582,ACC-N-0767,53273.98,2026-12-02T12:34:26+00:00,INTERNAL_TRANSFER
TX-N-04587,ACC-N-0556,ACC-N-0743,6990.55,2026-08-21T13:56:07+00:00,WIRE
TX-N-04588,ACC-N-0999,ACC-N-0904,1360.53,2026-07-01T15:46:55+00:00,INTERNAL_TRANSFER
TX-N-04589,ACC-N-0984,EXT-A-050-2,13708.66,2026-01-25T02:13:22+00:00,INTERNAL_TRANSFER
TX-N-04590,ACC-N-0879,ACC-N-0426,3846.47,2026-04-17T03:28:50+00:00,INTERNAL_TRANSFER
TX-N-04591,EXT-A-044-1,ACC-N-0436,7231.24,2026-07-01T18:13:24+00:00,INTERNAL_TRANSFER
TX-N-04592,EXT-A-307484,ACC-N-0505,28502.32,2026-05-08T07:09:33+00:00,INTERNAL_TRANSFER
TX-N-04593,ACC-N-0464,ACC-N-0691,6872.09,2026-07-15T11:51:22+00:00,WIRE
TX-N-04594,ACC-N-0975,ACC-N-0973,12565.77,2026-09-30T09:01:16+00:00,INTERNAL_TRANSFER
TX-N-04595,ACC-N-0541,ACC-N-0676,1969.55,2026-04-28T12:17:55+00:00,INTERNAL_TRANSFER
TX-N-04596,ACC-N-0699,ACC-N-0725,3452.97,2026-03-05T21:29:12+00:00,INTERNAL_TRANSFER
TX-N-04597,ACC-N-0847,EXT-A-020-1,34861.93,2026-12-31T17:41:25+00:00,INTERNAL_TRANSFER
TX-N-04598,ACC-N-0791,ACC-N-0842,18500.1,2026-01-24T06:23:57+00:00,INTERNAL_TRANSFER
TX-N-04599,ACC-N-0537,ACC-N-0504,11079.82,2026-01-09T09:21:57+00:00,INTERNAL_TRANSFER
TX-N-04600,ACC-N-0640,ACC-N-0942,3877.16,2026-08-22T01:09:43+00:00,INTERNAL_TRANSFER
TX-N-04601,ACC-N-0783,ACC-N-0976,29799.3,2026-04-29T03:00:03+00:00,INTERNAL_TRANSFER
TX-N-04602,ACC-N-0810,EXT-A-064-4,9727.3,2026-04-29T20:11:35+00:00,INTERNAL_TRANSFER
TX-N-04603,EXT-A-029-3,ACC-N-0923,67612.25,2026-11-06T03:27:39+00:00,ATM
TX-N-04604,EXT-A-061-4,ACC-N-0745,18745.82,2026-05-19T22:02:17+00:00,WIRE
TX-N-04605,ACC-N-0607,ACC-N-0994,6317.41,2026-01-04T22:59:07+00:00,INTERNAL_TRANSFER
TX-N-04606,ACC-N-0441,ACC-N-0917,821.42,2026-08-24T02:38:03+00:00,INTERNAL_TRANSFER
TX-N-04607,ACC-N-0598,ACC-N-0873,3770.79,2026-10-01T15:23:06+00:00,INTERNAL_TRANSFER
TX-N-04608,ACC-N-0704,EXT-A-010-1,13024.27,2026-05-03T09:54:23+00:00,INTERNAL_TRANSFER
TX-N-04609,EXT-A-025-2,ACC-N-0630,1080.79,2026-07-09T18:11:25+00:00,WIRE
TX-N-04610,EXT-A-038-4,EXT-A-058-3,7306.26,2026-11-11T18:25:30+00:00,INTERNAL_TRANSFER
TX-N-04611,ACC-N-0408,ACC-N-0782,11129.38,2026-05-31T03:07:23+00:00,INTERNAL_TRANSFER
TX-N-04612,ACC-N-0435,ACC-N-0930,3264.86,2026-12-21T20:21:01+00:00,INTERNAL_TRANSFER
TX-N-04613,ACC-N-0665,ACC-N-0606,6276.92,2026-11-03T07:07:13+00:00,WIRE
TX-N-04614,ACC-N-0944,EXT-A-058-4,15706.2,2026-08-30T05:47:05+00:00,INTERNAL_TRANSFER
TX-N-04615,ACC-C-PAY-06,ACC-N-0485,3541.05,2026-09-09T10:22:53+00:00,WIRE
TX-N-04616,EXT-A-049-1,ACC-N-0422,59459.17,2026-10-08T23:56:30+00:00,WIRE
TX-N-04617,ACC-N-0579,EXT-A-051-2,1815.96,2026-06-19T16:04:24+00:00,WIRE
TX-N-04618,EXT-A-062-2,ACC-N-0546,6947.84,2026-08-26T00:43:54+00:00,INTERNAL_TRANSFER
TX-N-04619,ACC-N-0985,ACC-N-0569,1991.88,2026-06-24T07:08:59+00:00,INTERNAL_TRANSFER
TX-N-04620,ACC-N-0478,ACC-N-0833,5193.01,2026-10-28T15:36:33+00:00,INTERNAL_TRANSFER
TX-N-04621,EXT-A-049-1,ACC-N-0687,2909.45,2026-06-11T13:18:43+00:00,INTERNAL_TRANSFER
TX-N-04622,ACC-N-0397,ACC-N-0496,7532.78,2026-12-28T09:43:44+00:00,WIRE
TX-N-04623,EXT-A-025-2,ACC-N-0905,3321.42,2026-12-31T07:26:13+00:00,WIRE
TX-N-04624,ACC-C-HNW-01,ACC-N-0700,8329.88,2026-10-05T05:11:25+00:00,ATM
TX-N-04625,EXT-A-003-3,ACC-N-0512,12649.57,2026-08-15T14:23:26+00:00,INTERNAL_TRANSFER
TX-N-04626,ACC-N-0903,ACC-N-0689,705.02,2026-07-21T19:14:37+00:00,WIRE
TX-N-04627,EXT-A-018-1,ACC-N-0537,4430.01,2026-11-24T12:36:15+00:00,INTERNAL_TRANSFER
TX-N-04628,EXT-A-020-4,ACC-N-0956,13153.62,2026-12-26T03:16:22+00:00,WIRE
TX-N-04629,EXT-A-038-3,EXT-A-013-3,1653.95,2026-10-21T06:06:34+00:00,INTERNAL_TRANSFER
TX-N-04630,ACC-N-0730,ACC-N-0805,5154.16,2026-11-28T06:24:03+00:00,INTERNAL_TRANSFER
TX-N-04631,ACC-N-0909,ACC-N-0566,1515.14,2026-10-12T13:23:37+00:00,INTERNAL_TRANSFER
TX-N-04632,ACC-N-0686,EXT-A-025-2,1033.12,2026-07-29T19:30:40+00:00,INTERNAL_TRANSFER
TX-N-04633,ACC-N-0627,ACC-N-0512,5374.39,2026-07-06T02:46:25+00:00,INTERNAL_TRANSFER
TX-N-04634,EXT-A-029-2,ACC-N-0978,2022.12,2026-05-24T02:53:15+00:00,INTERNAL_TRANSFER
TX-N-04635,EXT-A-043-4,ACC-N-0894,2034.09,2026-10-04T13:21:54+00:00,INTERNAL_TRANSFER
TX-N-04636,ACC-N-0716,ACC-N-0726,4978.97,2026-02-28T21:29:08+00:00,INTERNAL_TRANSFER
TX-N-04637,EXT-A-046-1,EXT-A-009-1,2151.49,2026-12-30T22:59:59+00:00,INTERNAL_TRANSFER
TX-N-04638,EXT-A-009-1,EXT-A-037-4,4216.11,2026-12-27T19:29:22+00:00,ATM
TX-N-04639,EXT-A-062-2,EXT-A-004-2,2498.31,2026-03-05T07:36:12+00:00,INTERNAL_TRANSFER
TX-N-04640,EXT-A-029-4,EXT-A-032-3,1119.71,2026-04-26T17:46:50+00:00,ATM
TX-N-04641,ACC-N-0497,ACC-N-0804,12977.1,2026-12-04T02:24:35+00:00,INTERNAL_TRANSFER
TX-N-04642,ACC-N-0413,ACC-N-0515,12030.17,2026-02-15T07:37:46+00:00,INTERNAL_TRANSFER
TX-N-04643,ACC-N-0496,ACC-N-0497,2464.75,2026-04-11T08:55:13+00:00,INTERNAL_TRANSFER
TX-N-04644,ACC-N-0514,EXT-A-072-2,11006.36,2026-12-05T15:14:06+00:00,WIRE
TX-N-04645,EXT-A-061-3,EXT-A-030-3,2690.54,2026-06-30T11:57:19+00:00,INTERNAL_TRANSFER
TX-N-04646,ACC-N-0800,ACC-N-0695,4923.87,2026-07-20T13:20:33+00:00,ATM
TX-N-04647,ACC-C-HNW-02,ACC-N-0461,551.73,2026-02-02T12:45:14+00:00,INTERNAL_TRANSFER
TX-N-04648,ACC-N-0420,ACC-N-0441,5999.66,2026-09-08T00:40:56+00:00,INTERNAL_TRANSFER
TX-N-04649,EXT-A-011-2,EXT-A-028-4,4182.74,2026-04-15T08:37:04+00:00,INTERNAL_TRANSFER
TX-N-04650,ACC-N-0495,ACC-N-0689,2298.5,2026-08-24T09:37:27+00:00,INTERNAL_TRANSFER
TX-N-04651,EXT-A-003-4,ACC-N-0821,6203.44,2026-03-15T09:49:01+00:00,WIRE
TX-N-04652,EXT-A-062-4,ACC-N-0924,24606.04,2026-10-15T12:30:59+00:00,WIRE
TX-N-04653,ACC-N-0506,EXT-A-021-3,11879.49,2026-04-09T11:38:16+00:00,WIRE
TX-N-04654,EXT-A-019-2,EXT-A-053-4,1082.36,2026-12-30T15:32:22+00:00,WIRE
TX-N-04655,EXT-A-067-1,ACC-N-0505,918.6,2026-03-25T17:16:03+00:00,INTERNAL_TRANSFER
TX-N-04656,ACC-N-0715,ACC-N-0901,7097.89,2026-12-05T16:34:21+00:00,WIRE
TX-N-04657,ACC-N-0740,ACC-N-0484,2784.38,2026-04-22T11:30:24+00:00,WIRE
TX-N-04658,ACC-N-0671,EXT-A-012-4,40330.34,2026-04-28T23:28:01+00:00,INTERNAL_TRANSFER
TX-N-04659,EXT-A-072-2,ACC-N-0979,13682.75,2026-09-04T03:25:00+00:00,INTERNAL_TRANSFER
TX-N-04660,ACC-N-0772,EXT-A-004-3,25414.21,2026-11-09T10:45:03+00:00,INTERNAL_TRANSFER
TX-N-04661,EXT-A-069-3,ACC-N-0499,4408.19,2026-08-14T21:54:58+00:00,WIRE
TX-N-04662,EXT-A-014-2,ACC-N-0540,23053.88,2026-07-03T06:27:56+00:00,INTERNAL_TRANSFER
TX-N-04663,EXT-A-045-1,ACC-N-0651,1807.3,2026-01-20T21:38:31+00:00,INTERNAL_TRANSFER
TX-N-04664,ACC-N-0697,EXT-A-046-1,4161.34,2026-09-08T22:53:55+00:00,INTERNAL_TRANSFER
TX-N-04665,EXT-A-014-2,ACC-N-0476,3705.55,2026-10-17T06:09:07+00:00,INTERNAL_TRANSFER
TX-N-04666,ACC-N-0693,ACC-N-0844,7284.44,2026-01-15T02:32:42+00:00,INTERNAL_TRANSFER
TX-N-04667,ACC-N-0539,ACC-N-0602,13330.7,2026-01-02T20:47:08+00:00,INTERNAL_TRANSFER
TX-N-04668,ACC-N-0638,EXT-A-017-2,1747.35,2026-11-28T01:05:27+00:00,INTERNAL_TRANSFER
TX-N-04669,ACC-N-0847,ACC-N-0475,7226.98,2026-02-13T06:15:09+00:00,INTERNAL_TRANSFER
TX-N-04670,ACC-N-0424,ACC-N-0814,2056.43,2026-12-12T20:56:45+00:00,INTERNAL_TRANSFER
TX-N-04671,ACC-N-0978,EXT-A-030-4,12980.61,2026-12-23T12:50:20+00:00,INTERNAL_TRANSFER
TX-N-04672,ACC-N-0640,ACC-N-0808,1043.62,2026-08-03T01:39:43+00:00,INTERNAL_TRANSFER
TX-N-04673,ACC-N-0883,ACC-N-0630,3515.05,2026-07-19T12:39:14+00:00,INTERNAL_TRANSFER
TX-N-04674,EXT-A-017-3,ACC-B-04-A,977.01,2026-01-20T17:19:00+00:00,INTERNAL_TRANSFER
TX-N-04675,ACC-N-0957,ACC-N-0715,6204.54,2026-01-23T18:18:33+00:00,INTERNAL_TRANSFER
TX-N-04676,EXT-A-067-3,EXT-A-014-2,18430.18,2026-06-14T18:33:58+00:00,INTERNAL_TRANSFER
TX-N-04677,ACC-N-0527,EXT-A-043-1,8588.95,2026-04-16T23:40:40+00:00,WIRE
TX-N-04678,ACC-N-0734,EXT-A-011-2,1262.85,2026-08-14T16:38:13+00:00,INTERNAL_TRANSFER
TX-N-04679,EXT-A-057-3,ACC-N-0583,7878.0,2026-01-24T20:44:04+00:00,INTERNAL_TRANSFER
TX-N-04680,ACC-N-0838,ACC-N-0506,56476.67,2026-05-18T03:43:00+00:00,INTERNAL_TRANSFER
TX-N-04681,EXT-A-015-3,ACC-N-0699,14095.53,2026-08-10T23:36:48+00:00,INTERNAL_TRANSFER
TX-N-04682,ACC-N-0998,ACC-N-0990,668.75,2026-09-29T16:07:37+00:00,INTERNAL_TRANSFER
TX-N-04683,ACC-B-03-B,ACC-N-0464,26759.11,2026-08-23T19:07:48+00:00,INTERNAL_TRANSFER
TX-N-04684,EXT-A-040-2,ACC-N-0512,21998.4,2026-02-11T12:48:32+00:00,INTERNAL_TRANSFER
TX-N-04685,EXT-A-026-1,EXT-A-013-1,353.36,2026-10-24T03:24:38+00:00,INTERNAL_TRANSFER
TX-N-04686,ACC-N-0913,ACC-N-0893,6386.29,2026-10-13T00:40:20+00:00,INTERNAL_TRANSFER
TX-N-04687,ACC-B-03-A,EXT-A-071-3,3022.32,2026-09-25T11:15:29+00:00,INTERNAL_TRANSFER
TX-N-04688,ACC-N-0742,ACC-N-0645,5923.72,2026-03-26T13:00:50+00:00,ATM
TX-N-04689,EXT-A-026-2,ACC-N-0561,17318.37,2026-10-03T08:59:07+00:00,ATM
TX-N-04690,EXT-A-012-4,ACC-N-0874,4950.08,2026-04-06T09:38:35+00:00,INTERNAL_TRANSFER
TX-N-04691,ACC-N-0455,EXT-A-010-1,11699.41,2026-11-07T16:48:22+00:00,INTERNAL_TRANSFER
TX-N-04692,ACC-N-0676,ACC-N-0415,4909.68,2026-12-31T21:09:53+00:00,INTERNAL_TRANSFER
TX-N-04693,ACC-N-0535,ACC-N-0512,6115.78,2026-05-30T21:00:33+00:00,INTERNAL_TRANSFER
TX-N-04694,ACC-N-0675,ACC-N-0985,2026.0,2026-10-23T23:11:05+00:00,INTERNAL_TRANSFER
TX-N-04695,ACC-N-0901,ACC-N-0657,939.91,2026-02-02T18:33:48+00:00,INTERNAL_TRANSFER
TX-N-04696,EXT-A-066-1,EXT-A-037-1,3631.95,2026-06-08T17:49:33+00:00,INTERNAL_TRANSFER
TX-N-04697,ACC-N-0882,ACC-N-0815,4911.98,2026-03-03T15:35:31+00:00,INTERNAL_TRANSFER
TX-N-04698,ACC-N-0461,ACC-N-0670,4939.26,2026-07-16T21:49:37+00:00,WIRE
TX-N-04699,ACC-N-0427,ACC-N-0539,2223.64,2026-03-24T00:12:13+00:00,INTERNAL_TRANSFER
TX-N-04700,ACC-N-0410,EXT-A-007-2,36486.8,2026-05-11T14:59:58+00:00,INTERNAL_TRANSFER
TX-N-04701,ACC-N-0723,ACC-N-0532,2959.08,2026-02-04T05:41:21+00:00,INTERNAL_TRANSFER
TX-N-04702,ACC-N-0707,ACC-N-0502,884.07,2026-07-27T23:42:43+00:00,INTERNAL_TRANSFER
TX-N-04703,ACC-N-0769,ACC-C-PAY-05,8003.37,2026-03-01T04:54:33+00:00,INTERNAL_TRANSFER
TX-N-04704,ACC-N-0894,ACC-N-0405,771.63,2026-01-24T05:29:02+00:00,INTERNAL_TRANSFER
TX-N-04705,ACC-C-PAY-09,EXT-A-011-3,672.73,2026-02-22T06:40:51+00:00,WIRE
TX-N-04706,EXT-A-051-3,ACC-N-0761,6760.91,2026-07-03T23:38:49+00:00,INTERNAL_TRANSFER
TX-N-04707,EXT-A-057-1,ACC-N-0472,3177.87,2026-11-15T02:36:54+00:00,INTERNAL_TRANSFER
TX-N-04708,ACC-N-0934,ACC-N-0547,16326.74,2026-04-05T16:46:07+00:00,INTERNAL_TRANSFER
TX-N-04709,ACC-N-0687,ACC-N-0900,4919.4,2026-12-23T23:27:33+00:00,INTERNAL_TRANSFER
TX-N-04710,ACC-N-0578,EXT-A-027-4,1086.78,2026-02-03T10:07:56+00:00,INTERNAL_TRANSFER
TX-N-04711,EXT-A-049-2,ACC-N-0897,2578.36,2026-08-28T07:06:10+00:00,INTERNAL_TRANSFER
TX-N-04712,ACC-N-0413,EXT-A-036-4,13505.96,2026-03-03T23:58:20+00:00,WIRE
TX-N-04713,ACC-N-0966,ACC-N-0740,3374.96,2026-06-14T05:19:43+00:00,WIRE
TX-N-04714,ACC-N-0593,ACC-N-0680,11146.02,2026-05-06T20:02:57+00:00,INTERNAL_TRANSFER
TX-N-04715,ACC-N-0450,EXT-A-060-2,3565.95,2026-03-29T11:58:58+00:00,WIRE
TX-N-04716,EXT-A-048-1,EXT-A-052-1,2788.97,2026-07-13T20:18:38+00:00,ATM
TX-N-04717,ACC-N-0847,ACC-C-HNW-02,3896.19,2026-10-02T08:02:20+00:00,INTERNAL_TRANSFER
TX-N-04718,EXT-A-003-1,EXT-A-011-1,9932.94,2026-10-27T21:48:49+00:00,INTERNAL_TRANSFER
TX-N-04719,ACC-N-0500,ACC-N-0612,3316.41,2026-10-03T06:14:50+00:00,WIRE
TX-N-04720,EXT-A-026-3,ACC-N-0923,23273.17,2026-02-11T04:33:41+00:00,INTERNAL_TRANSFER
TX-N-04721,ACC-N-0948,ACC-N-0838,7552.29,2026-11-30T20:19:54+00:00,INTERNAL_TRANSFER
TX-N-04722,EXT-A-053-2,EXT-A-014-2,40920.13,2026-01-31T04:45:07+00:00,INTERNAL_TRANSFER
TX-N-04723,EXT-A-003-3,ACC-C-CORP,8538.86,2026-07-08T00:56:02+00:00,INTERNAL_TRANSFER
TX-N-04724,EXT-A-020-1,EXT-A-044-2,2758.46,2026-07-12T17:52:56+00:00,INTERNAL_TRANSFER
TX-N-04725,ACC-N-0925,ACC-N-0454,1078.58,2026-12-31T04:32:11+00:00,WIRE
TX-N-04726,EXT-A-061-1,ACC-N-0397,24658.81,2026-06-12T17:42:08+00:00,WIRE
TX-N-04727,EXT-A-002-3,ACC-N-0440,7853.8,2026-03-27T22:17:03+00:00,INTERNAL_TRANSFER
TX-N-04728,EXT-A-041-4,ACC-N-0543,1355.37,2026-06-07T21:49:58+00:00,WIRE
TX-N-04729,ACC-N-0706,ACC-N-0892,8937.84,2026-01-18T21:55:04+00:00,WIRE
TX-N-04730,EXT-A-048-3,ACC-N-0814,10526.61,2026-01-07T14:04:29+00:00,INTERNAL_TRANSFER
TX-N-04731,ACC-C-PAY-09,EXT-A-043-3,2000.49,2026-10-10T14:04:38+00:00,INTERNAL_TRANSFER
TX-N-04732,EXT-A-065-2,EXT-A-063-1,1061.07,2026-10-05T02:18:50+00:00,INTERNAL_TRANSFER
TX-N-04733,ACC-N-0557,ACC-N-0760,15041.79,2026-12-01T13:38:03+00:00,INTERNAL_TRANSFER
TX-N-04734,ACC-N-0475,ACC-N-0540,17588.17,2026-03-25T22:46:48+00:00,INTERNAL_TRANSFER
TX-N-04735,ACC-N-0810,ACC-N-0966,4785.3,2026-08-11T14:52:35+00:00,WIRE
TX-N-04736,EXT-A-307484,EXT-A-029-4,6822.15,2026-10-16T01:16:29+00:00,ATM
TX-N-04737,ACC-N-0543,ACC-N-0593,2885.78,2026-03-20T08:35:01+00:00,INTERNAL_TRANSFER
TX-N-04738,ACC-N-0697,EXT-A-009-2,11977.18,2026-09-11T04:22:54+00:00,INTERNAL_TRANSFER
TX-N-04739,EXT-A-002-1,EXT-A-002-2,475.53,2026-08-17T23:46:50+00:00,INTERNAL_TRANSFER
TX-N-04740,ACC-N-0418,ACC-N-0797,3475.15,2026-10-06T03:23:38+00:00,WIRE
TX-N-04741,EXT-A-054-3,EXT-A-061-3,10076.42,2026-03-02T09:09:33+00:00,INTERNAL_TRANSFER
TX-N-04742,EXT-A-012-1,ACC-N-0549,5943.24,2026-07-07T09:54:35+00:00,WIRE
TX-N-04743,EXT-A-063-2,ACC-N-0928,15171.62,2026-02-16T13:38:49+00:00,INTERNAL_TRANSFER
TX-N-04744,EXT-A-002-1,ACC-N-0424,5212.8,2026-06-20T23:33:21+00:00,INTERNAL_TRANSFER
TX-N-04745,EXT-A-025-4,ACC-N-0508,8386.85,2026-06-02T12:26:24+00:00,WIRE
TX-N-04746,ACC-N-0590,EXT-A-053-1,4490.73,2026-03-12T16:20:57+00:00,INTERNAL_TRANSFER
TX-N-04747,ACC-N-0763,ACC-N-0876,14252.64,2026-12-23T20:55:28+00:00,INTERNAL_TRANSFER
TX-N-04748,EXT-A-039-2,ACC-N-0796,3866.51,2026-03-22T20:58:28+00:00,INTERNAL_TRANSFER
TX-N-04749,ACC-N-0418,EXT-A-029-1,17209.6,2026-07-23T07:07:30+00:00,WIRE
TX-N-04750,ACC-N-0432,ACC-N-0986,2407.08,2026-03-07T07:07:34+00:00,INTERNAL_TRANSFER
TX-N-04751,ACC-B-03-C,ACC-N-0499,1430.0,2026-02-05T12:41:24+00:00,INTERNAL_TRANSFER
TX-N-04752,ACC-N-0551,ACC-N-0453,10801.77,2026-10-19T08:10:41+00:00,ATM
TX-N-04753,EXT-A-055-1,ACC-N-0930,7533.61,2026-05-01T22:10:34+00:00,INTERNAL_TRANSFER
TX-N-04754,EXT-A-068-4,EXT-A-062-2,1880.02,2026-05-25T06:41:38+00:00,WIRE
TX-N-04755,EXT-A-057-3,ACC-N-0899,1764.8,2026-07-14T00:25:53+00:00,INTERNAL_TRANSFER
TX-N-04756,ACC-N-0500,EXT-A-037-3,13656.5,2026-12-18T04:08:59+00:00,INTERNAL_TRANSFER
TX-N-04757,EXT-A-022-2,ACC-N-0531,7887.29,2026-09-25T11:34:06+00:00,INTERNAL_TRANSFER
TX-N-04758,ACC-N-0550,ACC-N-0420,844.44,2026-11-17T23:41:05+00:00,WIRE
TX-N-04759,EXT-A-007-2,ACC-N-0429,12079.19,2026-08-19T21:53:59+00:00,INTERNAL_TRANSFER
TX-N-04760,ACC-N-0879,EXT-A-046-3,2904.36,2026-09-19T07:52:02+00:00,WIRE
TX-N-04761,ACC-N-0425,EXT-A-051-2,1546.19,2026-07-16T18:51:14+00:00,INTERNAL_TRANSFER
TX-N-04762,EXT-A-039-2,ACC-N-0729,2840.16,2026-10-31T18:00:56+00:00,ATM
TX-N-04763,EXT-A-070-1,EXT-A-064-1,4083.35,2026-11-28T23:22:38+00:00,INTERNAL_TRANSFER
TX-N-04764,EXT-A-003-4,EXT-A-013-4,16004.16,2026-11-07T04:51:39+00:00,INTERNAL_TRANSFER
TX-N-04765,ACC-N-0883,ACC-N-0501,2259.66,2026-08-22T13:39:20+00:00,INTERNAL_TRANSFER
TX-N-04766,ACC-N-0444,ACC-N-0480,1779.18,2026-08-24T13:53:07+00:00,INTERNAL_TRANSFER
TX-N-04767,ACC-N-0816,ACC-N-0796,5156.43,2026-08-10T09:43:33+00:00,INTERNAL_TRANSFER
TX-N-04768,EXT-A-013-2,ACC-N-0394,28346.82,2026-09-29T00:39:13+00:00,ATM
TX-N-04769,ACC-N-0949,ACC-N-0733,4223.83,2026-11-18T08:01:44+00:00,INTERNAL_TRANSFER
TX-N-04770,ACC-N-0539,ACC-N-0507,7872.68,2026-10-27T07:55:11+00:00,INTERNAL_TRANSFER
TX-N-04771,ACC-N-0546,EXT-A-037-4,10515.18,2026-11-17T20:58:46+00:00,INTERNAL_TRANSFER
TX-N-04772,ACC-N-0693,ACC-N-0503,6831.81,2026-08-11T01:51:57+00:00,INTERNAL_TRANSFER
TX-N-04773,EXT-A-041-4,ACC-N-0402,48014.13,2026-02-03T04:59:15+00:00,INTERNAL_TRANSFER
TX-N-04774,ACC-N-0629,EXT-A-012-2,3166.54,2026-01-14T13:34:30+00:00,INTERNAL_TRANSFER
TX-N-04775,ACC-N-0701,EXT-A-049-2,1460.08,2026-02-11T08:39:31+00:00,WIRE
TX-N-04776,ACC-N-0810,ACC-N-0887,3509.8,2026-09-21T22:14:00+00:00,INTERNAL_TRANSFER
TX-N-04777,EXT-A-070-4,ACC-N-0864,1513.47,2026-05-02T17:05:54+00:00,INTERNAL_TRANSFER
TX-N-04778,ACC-N-0990,ACC-N-0579,8434.21,2026-07-22T12:54:53+00:00,INTERNAL_TRANSFER
TX-N-04779,ACC-N-0566,EXT-A-033-1,3560.52,2026-05-28T23:18:46+00:00,ATM
TX-N-04780,EXT-A-004-4,EXT-A-028-1,2727.63,2026-06-14T23:45:16+00:00,INTERNAL_TRANSFER
TX-N-04781,ACC-N-0689,ACC-N-0620,7512.11,2026-04-04T20:16:09+00:00,INTERNAL_TRANSFER
TX-N-04782,EXT-A-049-2,ACC-N-0764,14552.4,2026-10-23T02:14:55+00:00,INTERNAL_TRANSFER
TX-N-04783,ACC-N-0412,EXT-A-031-3,6703.09,2026-04-24T03:19:53+00:00,WIRE
TX-N-04784,EXT-A-026-1,ACC-N-0482,10667.54,2026-05-20T19:35:44+00:00,WIRE
TX-N-04785,EXT-A-061-2,ACC-N-0984,694.28,2026-11-16T14:15:06+00:00,INTERNAL_TRANSFER
TX-N-04786,ACC-N-0933,ACC-N-0569,5115.9,2026-07-13T18:09:47+00:00,WIRE
TX-N-04787,ACC-N-0411,EXT-A-005-3,1951.87,2026-07-06T14:10:24+00:00,INTERNAL_TRANSFER
TX-N-04788,ACC-N-0935,ACC-N-0483,5717.0,2026-12-25T10:52:22+00:00,INTERNAL_TRANSFER
TX-N-04789,ACC-N-0513,EXT-A-030-4,14780.88,2026-11-24T17:42:53+00:00,INTERNAL_TRANSFER
TX-N-04790,ACC-N-0791,ACC-N-0453,10456.2,2026-05-29T09:41:00+00:00,ATM
TX-N-04791,ACC-N-0592,ACC-N-0923,6045.49,2026-03-23T01:12:18+00:00,INTERNAL_TRANSFER
TX-N-04792,ACC-N-0733,ACC-N-0583,2360.43,2026-02-01T15:31:22+00:00,ATM
TX-N-04793,EXT-A-015-2,ACC-N-0885,686.2,2026-09-25T00:48:27+00:00,WIRE
TX-N-04794,ACC-N-0549,EXT-A-047-3,1424.01,2026-05-24T00:47:31+00:00,INTERNAL_TRANSFER
TX-N-04795,EXT-A-024-2,EXT-A-030-4,624.36,2026-04-04T13:48:37+00:00,WIRE
TX-N-04796,EXT-A-015-2,ACC-N-0638,3146.49,2026-01-10T05:49:11+00:00,INTERNAL_TRANSFER
TX-N-04797,EXT-A-031-4,ACC-N-0871,1109.9,2026-02-27T13:33:48+00:00,INTERNAL_TRANSFER
TX-N-04798,ACC-N-0592,ACC-N-0525,8444.12,2026-02-17T17:50:45+00:00,INTERNAL_TRANSFER
TX-N-04799,ACC-N-0780,ACC-N-0507,22431.03,2026-12-06T06:56:48+00:00,INTERNAL_TRANSFER
TX-N-04800,ACC-N-0982,EXT-A-047-3,16296.8,2026-09-11T12:47:22+00:00,WIRE
TX-N-04801,ACC-N-0817,ACC-N-0517,2131.48,2026-05-12T15:45:48+00:00,WIRE
TX-N-04802,EXT-A-023-1,EXT-A-037-2,317.27,2026-10-10T04:56:50+00:00,INTERNAL_TRANSFER
TX-N-04803,EXT-A-908166,EXT-A-016-2,2995.11,2026-05-20T08:35:17+00:00,INTERNAL_TRANSFER
TX-N-04804,ACC-N-0582,EXT-A-045-4,3303.36,2026-08-08T03:00:13+00:00,INTERNAL_TRANSFER
TX-N-04805,EXT-A-022-2,ACC-N-0837,19433.91,2026-12-31T23:50:47+00:00,INTERNAL_TRANSFER
TX-N-04806,ACC-N-0472,ACC-N-0781,4628.71,2026-04-05T03:59:25+00:00,INTERNAL_TRANSFER
TX-N-04807,ACC-C-PAY-08,ACC-N-0638,13178.95,2026-09-20T23:48:27+00:00,WIRE
TX-N-04808,ACC-N-0464,ACC-N-0926,7249.88,2026-03-02T19:31:02+00:00,ATM
TX-N-04809,ACC-N-0915,ACC-N-0533,18878.02,2026-03-03T06:51:38+00:00,INTERNAL_TRANSFER
TX-N-04810,ACC-N-0948,EXT-A-066-3,5481.17,2026-09-24T18:32:13+00:00,INTERNAL_TRANSFER
TX-N-04811,ACC-N-0426,ACC-N-0567,3690.14,2026-09-10T06:07:58+00:00,INTERNAL_TRANSFER
TX-N-04812,EXT-A-018-2,EXT-A-017-3,4751.56,2026-05-09T22:42:23+00:00,INTERNAL_TRANSFER
TX-N-04813,ACC-N-0571,ACC-N-0885,3221.44,2026-12-18T02:36:39+00:00,INTERNAL_TRANSFER
TX-N-04814,ACC-N-0706,EXT-A-050-3,7357.41,2026-07-24T06:32:56+00:00,INTERNAL_TRANSFER
TX-N-04815,ACC-N-0777,ACC-N-0415,3718.03,2026-04-15T03:36:15+00:00,INTERNAL_TRANSFER
TX-N-04816,ACC-N-0834,ACC-N-0949,621.84,2026-06-17T00:57:51+00:00,INTERNAL_TRANSFER
TX-N-04817,ACC-N-0768,ACC-N-0660,11265.5,2026-06-07T18:34:47+00:00,INTERNAL_TRANSFER
TX-N-04818,ACC-N-0590,EXT-A-018-3,819.57,2026-12-30T22:59:52+00:00,INTERNAL_TRANSFER
TX-N-04819,ACC-N-0904,EXT-A-063-1,2268.41,2026-06-17T02:42:24+00:00,INTERNAL_TRANSFER
TX-N-04820,ACC-B-04-B,EXT-A-031-4,2832.18,2026-01-21T16:30:47+00:00,INTERNAL_TRANSFER
TX-N-04821,ACC-C-HNW-02,EXT-A-061-1,658.38,2026-01-08T17:50:23+00:00,WIRE
TX-N-04822,EXT-A-005-3,ACC-N-0864,9347.07,2026-12-12T08:14:58+00:00,INTERNAL_TRANSFER
TX-N-04823,ACC-N-0582,ACC-N-0540,2457.37,2026-02-11T04:18:14+00:00,ATM
TX-N-04824,EXT-A-058-4,EXT-A-023-1,4271.74,2026-02-25T16:46:37+00:00,WIRE
TX-N-04825,EXT-A-017-1,EXT-A-022-1,6214.48,2026-09-02T17:26:17+00:00,INTERNAL_TRANSFER
TX-N-04826,ACC-N-0535,EXT-A-017-3,27667.3,2026-05-02T09:21:22+00:00,INTERNAL_TRANSFER
TX-N-04827,EXT-A-011-1,ACC-N-0605,3509.13,2026-09-08T11:45:40+00:00,INTERNAL_TRANSFER
TX-N-04828,ACC-N-0574,ACC-N-0848,6805.17,2026-05-27T11:15:07+00:00,INTERNAL_TRANSFER
TX-N-04829,ACC-N-0859,ACC-N-0763,13808.68,2026-04-13T04:39:34+00:00,INTERNAL_TRANSFER
TX-N-04830,ACC-N-0635,ACC-N-0440,22275.9,2026-02-01T06:38:09+00:00,INTERNAL_TRANSFER
TX-N-04831,ACC-N-0998,EXT-A-023-2,21244.83,2026-06-20T09:09:01+00:00,INTERNAL_TRANSFER
TX-N-04832,ACC-N-0461,ACC-N-0501,6137.87,2026-01-27T19:14:02+00:00,INTERNAL_TRANSFER
TX-N-04833,ACC-N-0785,ACC-N-0410,3720.18,2026-01-11T07:58:58+00:00,INTERNAL_TRANSFER
TX-N-04834,EXT-A-068-2,EXT-A-028-4,3423.96,2026-08-29T10:00:47+00:00,INTERNAL_TRANSFER
TX-N-04835,EXT-A-005-2,ACC-N-0890,5212.26,2026-05-13T19:38:50+00:00,INTERNAL_TRANSFER
TX-N-04836,EXT-A-051-4,EXT-A-070-4,2928.5,2026-06-10T08:49:08+00:00,INTERNAL_TRANSFER
TX-N-04837,ACC-N-0935,ACC-N-0673,540.88,2026-06-21T19:00:26+00:00,WIRE
TX-N-04838,EXT-A-037-1,EXT-A-063-4,1849.98,2026-07-17T02:23:38+00:00,INTERNAL_TRANSFER
TX-N-04839,EXT-A-004-3,EXT-A-055-1,10268.61,2026-01-08T14:19:29+00:00,INTERNAL_TRANSFER
TX-N-04840,EXT-A-066-4,ACC-N-0718,3405.86,2026-10-11T10:22:34+00:00,WIRE
TX-N-04841,ACC-N-0875,ACC-N-0936,7106.16,2026-12-03T09:42:40+00:00,INTERNAL_TRANSFER
TX-N-04842,ACC-N-0961,ACC-N-0854,1049.29,2026-07-13T15:21:53+00:00,WIRE
TX-N-04843,EXT-A-023-1,ACC-N-0547,804.11,2026-10-12T23:30:11+00:00,INTERNAL_TRANSFER
TX-N-04844,EXT-A-029-3,EXT-A-033-4,1893.61,2026-02-15T01:32:25+00:00,INTERNAL_TRANSFER
TX-N-04845,EXT-A-072-2,ACC-N-0538,5892.41,2026-10-10T00:56:25+00:00,INTERNAL_TRANSFER
TX-N-04846,ACC-N-0453,ACC-N-0876,21590.38,2026-02-02T00:12:04+00:00,INTERNAL_TRANSFER
TX-N-04847,ACC-N-0572,EXT-A-006-2,1642.33,2026-06-24T03:26:54+00:00,INTERNAL_TRANSFER
TX-N-04848,ACC-N-0885,ACC-N-0503,9722.03,2026-03-04T12:58:44+00:00,WIRE
TX-N-04849,EXT-A-003-2,EXT-A-053-4,6946.82,2026-02-15T08:39:02+00:00,INTERNAL_TRANSFER
TX-N-04850,ACC-N-0830,ACC-N-0610,17084.63,2026-06-18T09:19:02+00:00,INTERNAL_TRANSFER
TX-N-04851,ACC-N-0885,ACC-N-0609,6903.12,2026-03-05T23:31:23+00:00,INTERNAL_TRANSFER
TX-N-04852,ACC-N-0500,ACC-N-0724,1774.49,2026-03-16T17:13:50+00:00,INTERNAL_TRANSFER
TX-N-04853,ACC-N-0453,EXT-A-004-1,5087.88,2026-03-23T01:52:01+00:00,INTERNAL_TRANSFER
TX-N-04854,ACC-C-PAY-12,ACC-N-0874,13577.25,2026-10-21T21:46:39+00:00,WIRE
TX-N-04855,EXT-A-058-4,ACC-N-0503,18058.72,2026-04-12T05:52:05+00:00,INTERNAL_TRANSFER
TX-N-04856,EXT-A-055-4,ACC-N-0856,1681.01,2026-02-09T11:49:17+00:00,INTERNAL_TRANSFER
TX-N-04857,EXT-A-011-4,ACC-N-0734,13798.8,2026-12-10T04:17:36+00:00,WIRE
TX-N-04858,ACC-N-0506,ACC-N-0746,9496.55,2026-10-25T13:21:38+00:00,INTERNAL_TRANSFER
TX-N-04859,ACC-N-0735,ACC-N-0451,13175.79,2026-04-01T03:18:20+00:00,INTERNAL_TRANSFER
TX-N-04860,ACC-N-0437,ACC-N-0867,4277.06,2026-02-28T18:49:08+00:00,INTERNAL_TRANSFER
TX-N-04861,ACC-N-0457,ACC-N-0529,44114.13,2026-03-11T02:21:05+00:00,INTERNAL_TRANSFER
TX-N-04862,ACC-N-0856,ACC-N-0708,2675.18,2026-03-06T16:22:42+00:00,INTERNAL_TRANSFER
TX-N-04863,ACC-N-0816,ACC-N-0906,1042.74,2026-08-01T08:04:32+00:00,INTERNAL_TRANSFER
TX-N-04864,ACC-N-0526,ACC-N-0491,7416.78,2026-03-22T23:31:45+00:00,INTERNAL_TRANSFER
TX-N-04865,ACC-N-0514,ACC-N-0447,7410.77,2026-11-24T14:39:24+00:00,INTERNAL_TRANSFER
TX-N-04866,ACC-N-0963,ACC-N-0663,3667.6,2026-03-30T07:27:58+00:00,INTERNAL_TRANSFER
TX-N-04867,EXT-A-049-1,ACC-N-0956,3333.8,2026-09-06T23:28:33+00:00,INTERNAL_TRANSFER
TX-N-04868,EXT-A-012-2,ACC-N-0835,19886.37,2026-11-20T03:34:52+00:00,INTERNAL_TRANSFER
TX-N-04869,ACC-N-0842,ACC-N-0625,30237.97,2026-01-12T18:45:36+00:00,WIRE
TX-N-04870,ACC-N-0949,ACC-N-0600,2124.57,2026-06-05T16:17:48+00:00,WIRE
TX-N-04871,ACC-N-0797,ACC-N-0551,2775.62,2026-06-25T22:37:47+00:00,INTERNAL_TRANSFER
TX-N-04872,ACC-N-0793,ACC-N-0997,5748.73,2026-08-18T18:07:41+00:00,ATM
TX-N-04873,ACC-N-0951,ACC-N-0505,7601.33,2026-11-22T17:19:19+00:00,INTERNAL_TRANSFER
TX-N-04874,ACC-N-0914,ACC-N-0833,21751.33,2026-11-25T05:39:06+00:00,INTERNAL_TRANSFER
TX-N-04875,ACC-N-0813,ACC-N-0681,2102.66,2026-05-03T06:44:20+00:00,INTERNAL_TRANSFER
TX-N-04876,EXT-A-011-1,EXT-A-038-2,6683.42,2026-10-09T18:03:13+00:00,INTERNAL_TRANSFER
TX-N-04877,EXT-A-063-1,ACC-N-0741,2479.24,2026-12-24T20:40:26+00:00,ATM
TX-N-04878,ACC-N-0474,EXT-A-067-4,11932.05,2026-06-01T02:22:13+00:00,INTERNAL_TRANSFER
TX-N-04879,ACC-N-0948,EXT-A-008-3,14257.47,2026-01-01T04:53:12+00:00,INTERNAL_TRANSFER
TX-N-04880,EXT-A-032-2,ACC-N-0452,7381.13,2026-07-09T01:43:38+00:00,INTERNAL_TRANSFER
TX-N-04881,ACC-N-0779,ACC-N-0732,1000.71,2026-10-21T09:10:04+00:00,WIRE
TX-N-04882,ACC-N-0659,ACC-N-0470,6817.32,2026-10-31T07:36:35+00:00,INTERNAL_TRANSFER
TX-N-04883,ACC-N-0459,ACC-N-0503,1454.44,2026-10-07T01:51:00+00:00,INTERNAL_TRANSFER
TX-N-04884,EXT-A-030-2,ACC-N-0604,1972.5,2026-11-01T12:31:39+00:00,WIRE
TX-N-04885,EXT-A-063-3,ACC-N-0456,13383.56,2026-07-21T22:14:12+00:00,INTERNAL_TRANSFER
TX-N-04886,EXT-A-028-2,ACC-N-0394,10453.86,2026-03-21T02:44:09+00:00,WIRE
TX-N-04887,EXT-A-068-4,ACC-N-0507,1411.9,2026-07-19T06:53:28+00:00,INTERNAL_TRANSFER
TX-N-04888,ACC-N-0836,EXT-A-007-1,6111.27,2026-10-11T18:24:49+00:00,INTERNAL_TRANSFER
TX-N-04889,ACC-N-0878,ACC-N-0600,2568.76,2026-03-15T19:40:43+00:00,WIRE
TX-N-04890,ACC-N-0990,ACC-C-PAY-12,1410.94,2026-01-12T23:01:09+00:00,WIRE
TX-N-04891,EXT-A-013-3,ACC-N-0422,10431.28,2026-02-24T00:00:46+00:00,WIRE
TX-N-04892,EXT-A-038-2,ACC-B-C,9653.31,2026-09-20T13:07:10+00:00,WIRE
TX-N-04893,EXT-A-003-2,ACC-N-0939,5502.67,2026-08-31T22:44:41+00:00,INTERNAL_TRANSFER
TX-N-04894,EXT-A-016-4,ACC-N-0500,15374.39,2026-07-28T00:34:03+00:00,INTERNAL_TRANSFER
TX-N-04895,ACC-N-0891,ACC-N-0978,6359.44,2026-09-23T06:50:51+00:00,INTERNAL_TRANSFER
TX-N-04896,ACC-N-0741,ACC-N-0786,7670.16,2026-10-03T11:35:02+00:00,WIRE
TX-N-04897,EXT-A-043-2,ACC-N-0568,8756.91,2026-04-10T02:17:30+00:00,INTERNAL_TRANSFER
TX-N-04898,EXT-A-071-4,EXT-A-025-3,14383.92,2026-06-05T14:52:12+00:00,INTERNAL_TRANSFER
TX-N-04899,EXT-A-063-1,ACC-N-0920,5573.75,2026-03-01T23:10:53+00:00,ATM
TX-N-04900,ACC-N-0665,ACC-N-0908,384.57,2026-11-13T20:31:42+00:00,WIRE
TX-N-04901,ACC-N-0573,ACC-N-0697,412.73,2026-02-20T03:51:16+00:00,INTERNAL_TRANSFER
TX-N-04902,EXT-A-059-4,ACC-N-0777,6594.93,2026-07-02T00:42:46+00:00,ATM
TX-N-04903,EXT-A-069-3,ACC-N-0781,9236.85,2026-10-16T08:19:41+00:00,INTERNAL_TRANSFER
TX-N-04904,ACC-N-0694,ACC-N-0693,13637.46,2026-02-25T17:59:47+00:00,INTERNAL_TRANSFER
TX-N-04905,EXT-A-071-4,ACC-N-0744,37528.12,2026-05-06T21:07:34+00:00,INTERNAL_TRANSFER
TX-N-04906,ACC-N-0974,EXT-A-068-3,5531.2,2026-03-17T21:42:32+00:00,INTERNAL_TRANSFER
TX-N-04907,ACC-N-0551,ACC-N-0473,4044.2,2026-11-18T02:33:23+00:00,INTERNAL_TRANSFER
TX-N-04908,EXT-A-016-3,ACC-N-0501,1356.7,2026-01-16T12:30:45+00:00,INTERNAL_TRANSFER
TX-N-04909,EXT-A-012-3,EXT-A-040-4,10860.38,2026-12-04T03:34:23+00:00,INTERNAL_TRANSFER
TX-N-04910,EXT-A-071-4,EXT-A-022-2,4497.93,2026-03-10T00:42:01+00:00,INTERNAL_TRANSFER
TX-N-04911,EXT-A-040-4,EXT-A-059-2,2956.2,2026-06-18T04:51:06+00:00,INTERNAL_TRANSFER
TX-N-04912,EXT-A-043-1,ACC-N-0649,5497.21,2026-01-07T18:32:26+00:00,INTERNAL_TRANSFER
TX-N-04913,ACC-N-0500,ACC-N-0467,3983.69,2026-11-23T19:43:25+00:00,WIRE
TX-N-04914,ACC-N-0505,ACC-N-0444,5754.22,2026-07-14T13:22:56+00:00,ATM
TX-N-04915,EXT-A-048-4,ACC-N-0834,2308.32,2026-04-09T14:37:03+00:00,ATM
TX-N-04916,EXT-A-032-3,ACC-N-0542,2390.98,2026-01-07T22:54:46+00:00,INTERNAL_TRANSFER
TX-N-04917,ACC-N-0519,ACC-N-0967,5524.63,2026-09-07T03:19:43+00:00,INTERNAL_TRANSFER
TX-N-04918,ACC-N-0763,ACC-N-0929,7442.3,2026-03-31T20:14:52+00:00,INTERNAL_TRANSFER
TX-N-04919,ACC-N-0580,EXT-A-003-2,5395.23,2026-02-24T23:13:33+00:00,INTERNAL_TRANSFER
TX-N-04920,ACC-N-0605,ACC-N-0910,6399.75,2026-07-13T19:49:43+00:00,INTERNAL_TRANSFER
TX-N-04921,ACC-N-0968,EXT-A-036-2,692.32,2026-10-29T13:53:10+00:00,INTERNAL_TRANSFER
TX-N-04922,ACC-B-03-C,EXT-A-027-4,2018.92,2026-10-17T00:00:59+00:00,INTERNAL_TRANSFER
TX-N-04923,ACC-N-0732,ACC-N-0940,1903.57,2026-03-09T23:56:13+00:00,INTERNAL_TRANSFER
TX-N-04924,EXT-A-028-2,ACC-N-0593,5977.48,2026-08-06T23:02:05+00:00,INTERNAL_TRANSFER
TX-N-04925,ACC-N-0910,EXT-A-046-3,104847.13,2026-12-13T01:22:42+00:00,WIRE
TX-N-04926,ACC-N-0573,ACC-N-0499,4766.53,2026-03-16T00:56:50+00:00,INTERNAL_TRANSFER
TX-N-04927,EXT-A-021-3,ACC-N-0443,6736.91,2026-03-07T12:32:46+00:00,WIRE
TX-N-04928,EXT-A-066-3,ACC-N-0865,2879.72,2026-03-14T14:38:27+00:00,INTERNAL_TRANSFER
TX-N-04929,ACC-N-0464,EXT-A-030-3,3491.77,2026-01-31T06:14:37+00:00,INTERNAL_TRANSFER
TX-N-04930,EXT-A-045-1,ACC-N-0491,1040.76,2026-05-26T22:58:36+00:00,INTERNAL_TRANSFER
TX-N-04931,EXT-A-011-4,ACC-N-0398,3010.21,2026-02-28T00:14:51+00:00,WIRE
TX-N-04932,ACC-N-0537,EXT-A-027-1,19451.24,2026-01-29T00:13:30+00:00,WIRE
TX-N-04933,ACC-N-0677,EXT-A-013-3,12367.46,2026-01-08T01:34:37+00:00,INTERNAL_TRANSFER
TX-N-04934,ACC-N-0846,EXT-A-066-2,3895.48,2026-06-23T07:21:37+00:00,INTERNAL_TRANSFER
TX-N-04935,ACC-N-0497,EXT-A-057-4,16490.71,2026-05-05T00:04:08+00:00,WIRE
TX-N-04936,EXT-A-057-4,ACC-N-0679,1429.36,2026-08-14T07:18:09+00:00,ATM
TX-N-04937,EXT-A-019-3,ACC-N-0483,2223.19,2026-11-18T20:18:32+00:00,INTERNAL_TRANSFER
TX-N-04938,ACC-N-0514,ACC-N-0640,9133.55,2026-03-20T19:17:46+00:00,INTERNAL_TRANSFER
TX-N-04939,EXT-A-057-1,EXT-A-009-4,6315.92,2026-03-28T09:07:28+00:00,INTERNAL_TRANSFER
TX-N-04940,ACC-C-HNW-03,ACC-N-0949,2943.5,2026-01-23T04:05:41+00:00,ATM
TX-N-04941,ACC-N-0786,ACC-N-0648,54701.3,2026-03-09T12:07:08+00:00,INTERNAL_TRANSFER
TX-N-04942,EXT-A-032-2,ACC-N-0789,5418.86,2026-07-16T00:54:20+00:00,INTERNAL_TRANSFER
TX-N-04943,ACC-N-0874,EXT-A-022-4,3682.63,2026-06-06T15:27:44+00:00,INTERNAL_TRANSFER
TX-N-04944,ACC-N-0598,ACC-N-0746,8052.89,2026-11-23T08:25:11+00:00,ATM
TX-N-04945,ACC-N-0406,ACC-N-0875,2691.21,2026-04-29T11:15:24+00:00,WIRE
TX-N-04946,ACC-N-0852,ACC-N-0539,13006.89,2026-01-29T22:05:15+00:00,INTERNAL_TRANSFER
TX-N-04947,ACC-N-0746,EXT-A-058-4,1029.62,2026-12-07T09:27:49+00:00,INTERNAL_TRANSFER
TX-N-04948,ACC-N-0468,ACC-B-04-B,1887.14,2026-04-01T04:02:35+00:00,WIRE
TX-N-04949,EXT-A-053-2,ACC-N-0952,37572.45,2026-10-24T23:38:01+00:00,INTERNAL_TRANSFER
TX-N-04950,ACC-N-0652,EXT-A-067-1,5269.98,2026-04-18T23:57:56+00:00,WIRE
TX-N-04951,ACC-N-0748,ACC-N-0957,4285.18,2026-06-23T09:23:02+00:00,INTERNAL_TRANSFER
TX-N-04952,ACC-N-0478,EXT-A-028-2,5823.94,2026-03-21T20:50:52+00:00,WIRE
TX-N-04953,ACC-N-0696,ACC-N-0803,1262.54,2026-09-27T05:20:16+00:00,INTERNAL_TRANSFER
TX-N-04954,ACC-B-04-B,ACC-N-0846,1610.77,2026-08-10T03:12:31+00:00,INTERNAL_TRANSFER
TX-N-04955,ACC-N-0725,EXT-A-003-1,3830.14,2026-02-15T00:07:57+00:00,INTERNAL_TRANSFER
TX-N-04956,EXT-A-065-2,ACC-N-0475,690.66,2026-05-01T22:16:48+00:00,WIRE
TX-N-04957,ACC-N-0807,EXT-A-041-3,1933.84,2026-08-27T01:53:10+00:00,INTERNAL_TRANSFER
TX-N-04958,ACC-N-0674,ACC-N-0416,12676.41,2026-10-14T23:09:57+00:00,INTERNAL_TRANSFER
TX-N-04959,ACC-N-0975,ACC-N-0468,338.5,2026-12-05T21:34:51+00:00,INTERNAL_TRANSFER
TX-N-04960,EXT-A-011-4,ACC-N-0707,34753.79,2026-12-06T00:27:22+00:00,WIRE
TX-N-04961,EXT-A-004-4,ACC-N-0818,6648.46,2026-07-08T06:14:56+00:00,INTERNAL_TRANSFER
TX-N-04962,ACC-N-0793,ACC-N-0899,11813.32,2026-06-25T22:50:42+00:00,WIRE
TX-N-04963,EXT-A-062-3,ACC-N-0961,12463.63,2026-09-03T17:25:41+00:00,INTERNAL_TRANSFER
TX-N-04964,ACC-N-0618,ACC-N-0933,9813.05,2026-10-29T18:20:44+00:00,INTERNAL_TRANSFER
TX-N-04965,ACC-N-0891,ACC-N-0678,1110.96,2026-11-12T00:23:51+00:00,INTERNAL_TRANSFER
TX-N-04966,EXT-A-035-3,ACC-N-0426,8463.38,2026-01-31T09:00:18+00:00,INTERNAL_TRANSFER
TX-N-04967,ACC-N-0798,ACC-N-0991,2655.47,2026-11-30T01:17:34+00:00,INTERNAL_TRANSFER
TX-N-04968,EXT-A-004-1,EXT-A-027-4,16973.7,2026-03-13T02:48:34+00:00,ATM
TX-N-04969,EXT-A-022-2,ACC-N-0470,1957.92,2026-10-04T04:11:16+00:00,INTERNAL_TRANSFER
TX-N-04970,ACC-N-0878,ACC-N-1000,18295.71,2026-12-08T16:49:36+00:00,INTERNAL_TRANSFER
TX-N-04971,EXT-A-048-3,ACC-N-0629,5718.16,2026-10-21T18:01:24+00:00,INTERNAL_TRANSFER
TX-N-04972,EXT-A-044-4,ACC-N-0729,9167.56,2026-11-03T05:06:19+00:00,INTERNAL_TRANSFER
TX-N-04973,EXT-A-062-1,ACC-N-0857,21494.39,2026-04-29T03:08:52+00:00,WIRE
TX-N-04974,ACC-N-0965,EXT-A-045-1,7434.41,2026-02-13T05:31:26+00:00,WIRE
TX-N-04975,ACC-N-0590,EXT-A-065-1,9147.43,2026-02-16T03:51:27+00:00,INTERNAL_TRANSFER
TX-N-04976,EXT-A-060-3,EXT-A-036-1,2329.0,2026-08-22T17:46:31+00:00,ATM
TX-N-04977,EXT-A-070-4,ACC-N-0732,1303.89,2026-12-12T09:49:14+00:00,INTERNAL_TRANSFER
TX-N-04978,ACC-N-0486,ACC-C-HNW-04,1350.22,2026-01-13T02:35:39+00:00,INTERNAL_TRANSFER
TX-N-04979,EXT-A-022-3,EXT-A-024-3,61165.59,2026-03-06T10:53:04+00:00,ATM
TX-N-04980,EXT-A-029-4,ACC-N-0573,6755.28,2026-09-25T09:32:21+00:00,INTERNAL_TRANSFER
TX-N-04981,EXT-A-007-2,EXT-A-038-1,554.66,2026-04-14T05:29:40+00:00,INTERNAL_TRANSFER
TX-N-04982,ACC-N-0672,ACC-N-0979,1472.34,2026-09-05T18:13:18+00:00,WIRE
TX-N-04983,EXT-A-011-1,ACC-N-0656,6558.57,2026-01-01T03:44:53+00:00,INTERNAL_TRANSFER
TX-N-04984,EXT-A-024-3,EXT-A-064-2,21325.43,2026-02-03T18:24:47+00:00,INTERNAL_TRANSFER
TX-N-04985,ACC-N-0928,ACC-N-0701,4891.81,2026-02-28T03:14:08+00:00,WIRE
TX-N-04986,EXT-A-018-4,ACC-N-0800,2645.09,2026-05-31T13:22:00+00:00,WIRE
TX-N-04987,EXT-A-006-4,ACC-N-0781,903.39,2026-03-25T18:17:59+00:00,WIRE
TX-N-04988,EXT-A-022-4,ACC-N-0795,7685.76,2026-02-18T22:45:58+00:00,INTERNAL_TRANSFER
TX-N-04989,ACC-N-0399,EXT-A-030-4,2274.43,2026-03-31T04:21:13+00:00,INTERNAL_TRANSFER
TX-N-04990,ACC-N-0640,ACC-N-0569,1951.58,2026-01-17T06:21:39+00:00,INTERNAL_TRANSFER
TX-N-04991,EXT-A-053-4,EXT-A-066-3,11195.9,2026-03-06T15:08:07+00:00,WIRE
TX-N-04992,EXT-A-070-4,ACC-N-0926,5890.79,2026-10-04T11:35:04+00:00,INTERNAL_TRANSFER
TX-N-04993,ACC-N-0626,EXT-A-019-2,3182.47,2026-07-28T03:12:39+00:00,INTERNAL_TRANSFER
TX-N-04994,EXT-A-024-4,ACC-N-0539,2166.37,2026-07-11T14:07:04+00:00,INTERNAL_TRANSFER
TX-N-04995,EXT-A-024-2,ACC-N-0623,2215.31,2026-02-26T18:12:36+00:00,INTERNAL_TRANSFER
TX-N-04996,EXT-A-049-2,ACC-N-0937,722.82,2026-02-04T21:04:15+00:00,ATM
TX-N-04997,ACC-N-0699,ACC-N-0485,23858.22,2026-07-30T00:48:16+00:00,INTERNAL_TRANSFER
TX-N-04998,ACC-N-0921,ACC-N-0813,928.94,2026-08-28T20:41:43+00:00,INTERNAL_TRANSFER
TX-N-04999,ACC-N-0443,EXT-A-051-2,34762.42,2026-01-16T00:11:41+00:00,INTERNAL_TRANSFER
TX-N-05000,ACC-N-0942,ACC-N-0972,3305.75,2026-10-05T04:53:03+00:00,INTERNAL_TRANSFER
TX-N-05001,ACC-B-C,ACC-N-0906,5101.33,2026-09-26T10:37:25+00:00,INTERNAL_TRANSFER
TX-N-05002,ACC-N-0555,ACC-N-0418,19746.36,2026-03-02T08:49:24+00:00,INTERNAL_TRANSFER
TX-N-05003,EXT-A-058-3,EXT-A-032-1,3230.83,2026-03-21T07:37:17+00:00,INTERNAL_TRANSFER
TX-N-05004,ACC-N-0830,ACC-N-0661,14543.05,2026-01-24T12:03:21+00:00,INTERNAL_TRANSFER
TX-N-05005,ACC-N-0840,ACC-N-0909,5029.17,2026-07-11T22:59:01+00:00,INTERNAL_TRANSFER
TX-N-05006,ACC-N-0447,ACC-N-0934,14002.74,2026-10-02T00:30:25+00:00,WIRE
TX-N-05007,ACC-N-0881,ACC-N-0580,10960.75,2026-02-10T03:40:00+00:00,WIRE
TX-N-05008,EXT-A-072-3,ACC-N-0678,248.21,2026-04-18T03:29:47+00:00,INTERNAL_TRANSFER
TX-N-05009,ACC-N-0726,ACC-N-0882,2354.38,2026-03-23T01:06:36+00:00,INTERNAL_TRANSFER
TX-N-05010,ACC-N-0893,EXT-A-014-2,2488.61,2026-02-12T16:00:58+00:00,INTERNAL_TRANSFER
TX-N-05011,ACC-N-0994,EXT-A-066-2,5911.27,2026-01-26T08:13:24+00:00,INTERNAL_TRANSFER
TX-N-05012,ACC-N-0935,ACC-N-0496,1523.36,2026-08-24T00:14:36+00:00,INTERNAL_TRANSFER
TX-N-05013,ACC-N-0464,EXT-A-043-3,13177.49,2026-10-31T20:58:53+00:00,INTERNAL_TRANSFER
TX-N-05014,ACC-N-0631,ACC-N-0639,8676.28,2026-10-26T00:23:58+00:00,INTERNAL_TRANSFER
TX-N-05015,EXT-A-010-3,ACC-N-0805,18857.75,2026-08-17T02:33:06+00:00,INTERNAL_TRANSFER
TX-N-05016,ACC-N-0882,EXT-A-009-1,2078.49,2026-09-06T07:55:43+00:00,INTERNAL_TRANSFER
TX-N-05017,EXT-A-063-1,ACC-N-0630,5403.81,2026-07-21T18:15:08+00:00,INTERNAL_TRANSFER
TX-N-05018,ACC-N-0427,EXT-A-068-4,1161.42,2026-05-09T18:32:38+00:00,INTERNAL_TRANSFER
TX-N-05019,ACC-N-0761,ACC-N-0453,6332.03,2026-02-12T23:27:06+00:00,WIRE
TX-N-05020,ACC-N-0839,ACC-N-0905,425.75,2026-03-30T01:20:09+00:00,INTERNAL_TRANSFER
TX-N-05021,EXT-A-048-1,ACC-N-0923,1695.94,2026-11-14T15:14:27+00:00,WIRE
TX-N-05022,ACC-N-0587,ACC-N-0556,5286.91,2026-05-05T00:53:37+00:00,INTERNAL_TRANSFER
TX-N-05023,ACC-N-0774,EXT-A-061-3,21653.44,2026-09-03T04:05:17+00:00,INTERNAL_TRANSFER
TX-N-05024,ACC-N-0639,ACC-N-0620,4109.3,2026-07-06T11:54:14+00:00,INTERNAL_TRANSFER
TX-N-05025,ACC-N-0815,ACC-N-0802,8131.47,2026-09-09T16:05:15+00:00,INTERNAL_TRANSFER
TX-N-05026,EXT-A-070-3,EXT-A-010-1,4797.6,2026-08-07T02:46:17+00:00,WIRE
TX-N-05027,EXT-A-023-2,ACC-N-0851,8872.86,2026-06-23T05:12:20+00:00,INTERNAL_TRANSFER
TX-N-05028,ACC-N-0645,ACC-N-0963,2042.34,2026-05-30T17:50:45+00:00,INTERNAL_TRANSFER
TX-N-05029,ACC-N-0684,ACC-N-0622,4042.25,2026-05-26T05:31:42+00:00,INTERNAL_TRANSFER
TX-N-05030,ACC-N-0479,ACC-N-0724,9774.64,2026-12-14T18:36:29+00:00,INTERNAL_TRANSFER
TX-N-05031,ACC-N-0822,ACC-N-0643,11596.41,2026-02-01T06:54:42+00:00,INTERNAL_TRANSFER
TX-N-05032,ACC-N-0881,ACC-N-0772,5725.57,2026-07-21T16:50:13+00:00,INTERNAL_TRANSFER
TX-N-05033,ACC-N-0752,EXT-A-028-3,2227.24,2026-09-20T22:30:54+00:00,INTERNAL_TRANSFER
TX-N-05034,EXT-A-052-3,ACC-N-0735,5642.2,2026-06-09T15:04:43+00:00,INTERNAL_TRANSFER
TX-N-05035,ACC-N-0641,ACC-N-0956,4766.52,2026-05-27T03:43:01+00:00,INTERNAL_TRANSFER
TX-N-05036,ACC-N-0702,EXT-A-047-2,704.15,2026-04-10T08:04:30+00:00,INTERNAL_TRANSFER
TX-N-05037,ACC-N-0818,ACC-C-PAY-01,341.21,2026-10-22T23:39:23+00:00,INTERNAL_TRANSFER
TX-N-05038,ACC-N-0752,ACC-N-0749,6087.6,2026-11-14T16:41:49+00:00,WIRE
TX-N-05039,EXT-A-009-3,EXT-A-017-3,1926.8,2026-08-10T06:19:58+00:00,WIRE
TX-N-05040,ACC-N-0536,EXT-A-007-1,583.54,2026-10-14T17:10:38+00:00,INTERNAL_TRANSFER
TX-N-05041,ACC-N-0890,ACC-N-0911,1152.58,2026-08-09T12:39:50+00:00,INTERNAL_TRANSFER
TX-N-05042,ACC-N-0856,ACC-N-0392,7917.64,2026-11-23T23:19:24+00:00,INTERNAL_TRANSFER
TX-N-05043,EXT-A-059-3,EXT-A-054-4,4895.73,2026-04-29T16:34:19+00:00,WIRE
TX-N-05044,ACC-N-0429,ACC-N-0867,3962.25,2026-01-16T13:46:39+00:00,INTERNAL_TRANSFER
TX-N-05045,EXT-A-048-3,ACC-N-0847,7329.34,2026-06-12T05:05:23+00:00,INTERNAL_TRANSFER
TX-N-05046,ACC-N-0892,ACC-N-0859,1573.41,2026-02-14T11:47:04+00:00,INTERNAL_TRANSFER
TX-N-05047,EXT-A-069-4,EXT-A-045-4,31071.87,2026-01-02T02:41:22+00:00,WIRE
TX-N-05048,ACC-N-0864,EXT-A-046-2,4413.56,2026-02-05T16:05:47+00:00,WIRE
TX-N-05049,ACC-N-0420,ACC-N-0993,5675.02,2026-08-23T02:59:40+00:00,INTERNAL_TRANSFER
TX-N-05050,EXT-A-038-4,ACC-N-0873,8618.38,2026-02-22T15:05:15+00:00,INTERNAL_TRANSFER
TX-N-05051,ACC-N-0979,EXT-A-003-1,4083.68,2026-02-18T10:15:00+00:00,INTERNAL_TRANSFER
TX-N-05052,ACC-N-0418,ACC-N-0687,8571.37,2026-02-27T09:13:32+00:00,INTERNAL_TRANSFER
TX-N-05053,ACC-N-0819,ACC-N-0647,3512.72,2026-06-23T02:51:49+00:00,INTERNAL_TRANSFER
TX-N-05054,ACC-N-0903,ACC-N-0969,5026.35,2026-05-25T13:18:00+00:00,INTERNAL_TRANSFER
TX-N-05055,ACC-N-0687,ACC-N-0629,44460.16,2026-03-24T12:19:26+00:00,INTERNAL_TRANSFER
TX-N-05056,ACC-N-0731,ACC-N-0587,14998.1,2026-10-08T14:08:14+00:00,WIRE
TX-N-05057,ACC-N-0699,ACC-N-0778,2550.87,2026-08-09T16:29:41+00:00,INTERNAL_TRANSFER
TX-N-05058,ACC-C-PAY-05,ACC-N-0445,847.13,2026-09-04T19:04:25+00:00,INTERNAL_TRANSFER
TX-N-05059,ACC-N-0814,ACC-N-0540,11376.69,2026-03-16T14:22:38+00:00,INTERNAL_TRANSFER
TX-N-05060,EXT-A-055-1,ACC-N-0397,7364.97,2026-10-03T20:02:55+00:00,INTERNAL_TRANSFER
TX-N-05061,ACC-N-0878,ACC-N-0742,7729.13,2026-10-06T21:47:14+00:00,ATM
TX-N-05062,EXT-A-307484,ACC-N-0419,7406.12,2026-10-17T11:56:21+00:00,INTERNAL_TRANSFER
TX-N-05063,ACC-N-0636,EXT-A-025-2,4142.1,2026-06-21T05:23:54+00:00,INTERNAL_TRANSFER
TX-N-05064,ACC-N-0677,EXT-A-029-1,3204.63,2026-12-27T06:31:04+00:00,WIRE
TX-N-05065,ACC-N-0772,ACC-N-0767,32913.65,2026-08-08T16:27:20+00:00,INTERNAL_TRANSFER
TX-N-05066,ACC-N-0746,EXT-A-008-1,3510.72,2026-03-16T04:22:48+00:00,INTERNAL_TRANSFER
TX-N-05067,EXT-A-050-1,ACC-N-0756,2382.09,2026-01-06T13:16:51+00:00,INTERNAL_TRANSFER
TX-N-05068,ACC-N-0699,ACC-C-PAY-06,3208.97,2026-04-10T07:25:04+00:00,ATM
TX-N-05069,EXT-A-048-4,ACC-N-0530,626.31,2026-10-14T05:34:16+00:00,INTERNAL_TRANSFER
TX-N-05070,ACC-N-0605,EXT-A-057-3,2524.53,2026-09-25T01:08:45+00:00,WIRE
TX-N-05071,ACC-N-0863,ACC-N-0879,4230.72,2026-08-03T23:11:43+00:00,INTERNAL_TRANSFER
TX-N-05072,ACC-C-HNW-01,ACC-N-0526,2899.76,2026-10-09T01:02:44+00:00,INTERNAL_TRANSFER
TX-N-05073,ACC-N-0634,ACC-N-0483,3062.56,2026-12-11T13:13:05+00:00,ATM
TX-N-05074,ACC-N-0757,ACC-N-0711,7346.91,2026-06-26T23:41:34+00:00,WIRE
TX-N-05075,ACC-N-0642,ACC-N-0622,8532.1,2026-01-20T02:37:05+00:00,INTERNAL_TRANSFER
TX-N-05076,ACC-N-0958,ACC-N-0971,34493.78,2026-05-13T14:11:32+00:00,INTERNAL_TRANSFER
TX-N-05077,ACC-N-0671,EXT-A-024-2,5574.63,2026-05-09T16:37:07+00:00,INTERNAL_TRANSFER
TX-N-05078,ACC-N-0452,EXT-A-067-3,4584.48,2026-10-27T12:11:56+00:00,INTERNAL_TRANSFER
TX-N-05079,EXT-A-008-1,EXT-A-057-4,5589.67,2026-11-14T15:34:54+00:00,INTERNAL_TRANSFER
TX-N-05080,ACC-C-PAY-09,ACC-N-0775,1940.84,2026-07-12T01:34:54+00:00,INTERNAL_TRANSFER
TX-N-05081,EXT-A-071-2,EXT-A-015-4,11443.43,2026-06-21T19:17:30+00:00,INTERNAL_TRANSFER
TX-N-05082,ACC-C-HNW-04,EXT-A-025-2,3723.73,2026-08-24T02:27:04+00:00,WIRE
TX-N-05083,ACC-C-PAY-07,ACC-N-0725,2116.57,2026-12-03T13:45:45+00:00,INTERNAL_TRANSFER
TX-N-05084,ACC-N-0782,ACC-N-0748,3902.16,2026-08-17T16:55:55+00:00,INTERNAL_TRANSFER
TX-N-05085,ACC-N-0579,EXT-A-048-3,14219.98,2026-07-24T21:26:25+00:00,INTERNAL_TRANSFER
TX-N-05086,ACC-N-0729,ACC-N-0517,3547.74,2026-03-27T08:26:27+00:00,WIRE
TX-N-05087,ACC-N-0778,ACC-N-0448,5779.09,2026-11-13T01:51:00+00:00,INTERNAL_TRANSFER
TX-N-05088,EXT-A-004-4,ACC-N-0481,3608.24,2026-06-13T02:39:39+00:00,INTERNAL_TRANSFER
TX-N-05089,ACC-N-0583,ACC-N-0430,5863.22,2026-01-02T22:14:39+00:00,WIRE
TX-N-05090,ACC-N-0929,EXT-A-048-4,6638.29,2026-01-02T09:45:12+00:00,INTERNAL_TRANSFER
TX-N-05091,ACC-N-0452,EXT-A-040-4,3021.03,2026-03-14T18:38:57+00:00,INTERNAL_TRANSFER
TX-N-05092,EXT-A-050-4,EXT-A-056-4,3763.91,2026-04-25T02:09:38+00:00,INTERNAL_TRANSFER
TX-N-05093,EXT-A-066-3,ACC-N-0643,4856.52,2026-06-15T03:21:00+00:00,INTERNAL_TRANSFER
TX-N-05094,ACC-N-0852,EXT-A-043-2,2384.66,2026-05-28T01:12:55+00:00,ATM
TX-N-05095,ACC-N-0730,ACC-N-0512,5073.3,2026-12-29T10:57:38+00:00,INTERNAL_TRANSFER
TX-N-05096,EXT-A-052-4,EXT-A-043-4,7272.32,2026-02-28T01:24:17+00:00,INTERNAL_TRANSFER
TX-N-05097,EXT-A-051-2,ACC-N-0682,1527.51,2026-07-17T03:35:33+00:00,INTERNAL_TRANSFER
TX-N-05098,EXT-A-008-4,EXT-A-054-3,3582.8,2026-05-04T12:37:33+00:00,INTERNAL_TRANSFER
TX-N-05099,ACC-N-0717,ACC-N-0681,1432.03,2026-07-20T12:46:42+00:00,INTERNAL_TRANSFER
TX-N-05100,EXT-A-007-1,ACC-N-0723,2537.57,2026-11-14T17:53:34+00:00,INTERNAL_TRANSFER
TX-N-05101,ACC-N-0969,ACC-N-0405,1394.36,2026-08-03T19:43:03+00:00,INTERNAL_TRANSFER
TX-N-05102,EXT-A-026-3,ACC-N-0623,6629.17,2026-09-28T16:26:50+00:00,INTERNAL_TRANSFER
TX-N-05103,ACC-N-0794,EXT-A-070-1,15521.43,2026-06-07T17:25:29+00:00,INTERNAL_TRANSFER
TX-N-05104,ACC-N-0795,ACC-N-0682,64500.81,2026-06-04T15:26:41+00:00,WIRE
TX-N-05105,ACC-N-0857,ACC-N-0530,1357.97,2026-11-17T03:01:00+00:00,ATM
TX-N-05106,EXT-A-028-2,EXT-A-048-4,15025.9,2026-09-26T23:19:36+00:00,INTERNAL_TRANSFER
TX-N-05107,ACC-N-0671,EXT-A-031-2,267.49,2026-01-09T03:25:13+00:00,INTERNAL_TRANSFER
TX-N-05108,ACC-N-0779,ACC-N-0532,10330.39,2026-01-19T13:38:39+00:00,INTERNAL_TRANSFER
TX-N-05109,EXT-A-061-4,ACC-N-0424,15932.79,2026-05-24T18:23:26+00:00,INTERNAL_TRANSFER
TX-N-05110,ACC-N-0743,ACC-N-0711,5586.42,2026-12-03T06:15:13+00:00,INTERNAL_TRANSFER
TX-N-05111,EXT-A-010-2,ACC-N-0511,41542.82,2026-04-08T03:07:07+00:00,ATM
TX-N-05112,EXT-A-012-1,EXT-A-044-2,10705.24,2026-05-22T18:05:23+00:00,INTERNAL_TRANSFER
TX-N-05113,ACC-N-0659,ACC-N-0780,5825.22,2026-06-19T01:42:22+00:00,INTERNAL_TRANSFER
TX-N-05114,EXT-A-063-1,ACC-N-0395,7902.48,2026-09-16T21:26:46+00:00,INTERNAL_TRANSFER
TX-N-05115,ACC-N-0927,ACC-N-0960,23394.56,2026-07-14T02:30:54+00:00,ATM
TX-N-05116,EXT-A-046-4,ACC-N-0622,568.71,2026-10-02T04:20:16+00:00,INTERNAL_TRANSFER
TX-N-05117,EXT-A-033-3,EXT-A-048-4,21085.31,2026-05-24T21:00:43+00:00,INTERNAL_TRANSFER
TX-N-05118,EXT-A-051-1,EXT-A-011-2,3826.99,2026-01-01T05:29:38+00:00,INTERNAL_TRANSFER
TX-N-05119,ACC-N-0727,ACC-N-0535,2507.84,2026-06-26T23:38:51+00:00,INTERNAL_TRANSFER
TX-N-05120,ACC-N-0786,ACC-N-0926,15776.66,2026-07-06T19:10:36+00:00,INTERNAL_TRANSFER
TX-N-05121,EXT-A-005-4,ACC-B-03-A,1651.27,2026-03-18T22:42:31+00:00,INTERNAL_TRANSFER
TX-N-05122,ACC-N-0789,EXT-A-064-1,961.82,2026-06-12T21:25:25+00:00,INTERNAL_TRANSFER
TX-N-05123,EXT-A-042-4,EXT-A-071-1,7553.24,2026-11-16T14:02:23+00:00,INTERNAL_TRANSFER
TX-N-05124,ACC-N-0750,EXT-A-052-3,11475.71,2026-11-27T08:41:14+00:00,INTERNAL_TRANSFER
TX-N-05125,ACC-N-0437,EXT-A-070-3,9954.24,2026-08-30T16:15:10+00:00,ATM
TX-N-05126,ACC-N-0470,ACC-N-0507,8993.55,2026-09-01T21:47:01+00:00,WIRE
TX-N-05127,EXT-A-048-4,ACC-N-0966,3980.03,2026-01-06T06:56:00+00:00,INTERNAL_TRANSFER
TX-N-05128,ACC-N-0684,EXT-A-008-1,5962.31,2026-08-13T14:09:03+00:00,INTERNAL_TRANSFER
TX-N-05129,EXT-A-027-3,EXT-A-034-4,521.45,2026-01-03T04:08:58+00:00,WIRE
TX-N-05130,ACC-N-0895,EXT-A-067-3,34163.36,2026-08-21T16:35:54+00:00,INTERNAL_TRANSFER
TX-N-05131,EXT-A-032-1,ACC-N-0726,5857.06,2026-08-08T18:52:06+00:00,INTERNAL_TRANSFER
TX-N-05132,EXT-A-018-2,ACC-N-0979,11809.05,2026-06-21T11:09:49+00:00,WIRE
TX-N-05133,ACC-N-0978,ACC-N-0562,12292.06,2026-09-25T22:04:30+00:00,INTERNAL_TRANSFER
TX-N-05134,ACC-C-HNW-03,EXT-A-043-1,19291.52,2026-09-07T23:19:56+00:00,INTERNAL_TRANSFER
TX-N-05135,EXT-A-072-4,EXT-A-039-1,1265.68,2026-05-08T16:28:38+00:00,INTERNAL_TRANSFER
TX-N-05136,EXT-A-057-2,EXT-A-029-2,5117.19,2026-06-26T07:40:53+00:00,INTERNAL_TRANSFER
TX-N-05137,ACC-N-0734,ACC-N-0644,2206.33,2026-08-30T02:29:35+00:00,INTERNAL_TRANSFER
TX-N-05138,EXT-A-034-2,EXT-A-033-4,9915.83,2026-06-22T13:03:36+00:00,INTERNAL_TRANSFER
TX-N-05139,EXT-A-061-3,EXT-A-033-2,2267.41,2026-09-01T05:03:00+00:00,ATM
TX-N-05140,EXT-A-069-3,ACC-N-0791,3036.85,2026-09-19T21:11:07+00:00,WIRE
TX-N-05141,ACC-N-0642,ACC-N-0481,6606.69,2026-01-11T15:28:27+00:00,INTERNAL_TRANSFER
TX-N-05142,ACC-C-PAY-03,EXT-A-006-1,2325.48,2026-07-02T09:19:32+00:00,INTERNAL_TRANSFER
TX-N-05143,ACC-N-0907,ACC-N-0692,4799.28,2026-02-25T03:34:18+00:00,INTERNAL_TRANSFER
TX-N-05144,ACC-N-0500,EXT-A-045-4,1926.95,2026-11-17T22:00:14+00:00,INTERNAL_TRANSFER
TX-N-05145,ACC-C-PAY-05,ACC-N-0680,26880.76,2026-09-05T19:40:09+00:00,INTERNAL_TRANSFER
TX-N-05146,ACC-N-0459,ACC-N-0837,826.87,2026-07-23T17:08:59+00:00,INTERNAL_TRANSFER
TX-N-05147,EXT-A-023-1,ACC-N-0455,1438.48,2026-05-02T08:45:18+00:00,INTERNAL_TRANSFER
TX-N-05148,ACC-N-0959,EXT-A-018-4,4738.54,2026-10-31T03:38:17+00:00,INTERNAL_TRANSFER
TX-N-05149,ACC-N-0946,EXT-A-032-3,1010.77,2026-12-13T12:24:57+00:00,WIRE
TX-N-05150,ACC-N-0661,ACC-B-02-C,31665.73,2026-06-16T22:16:05+00:00,INTERNAL_TRANSFER
TX-N-05151,ACC-N-0684,ACC-N-0678,11136.15,2026-10-08T00:47:22+00:00,INTERNAL_TRANSFER
TX-N-05152,EXT-A-033-2,ACC-N-0907,904.87,2026-10-25T09:48:48+00:00,INTERNAL_TRANSFER
TX-N-05153,ACC-N-0476,EXT-A-020-1,829.83,2026-02-27T22:44:03+00:00,INTERNAL_TRANSFER
TX-N-05154,EXT-A-003-4,ACC-N-0473,14896.6,2026-12-14T03:01:49+00:00,INTERNAL_TRANSFER
TX-N-05155,EXT-A-039-4,EXT-A-011-4,9424.65,2026-07-10T18:08:58+00:00,WIRE
TX-N-05156,ACC-N-0815,ACC-N-0724,25365.81,2026-04-30T22:30:32+00:00,WIRE
TX-N-05157,ACC-B-04-C,ACC-N-0514,14198.64,2026-08-19T14:55:09+00:00,INTERNAL_TRANSFER
TX-N-05158,EXT-A-061-1,EXT-A-052-3,15123.52,2026-02-09T22:12:06+00:00,INTERNAL_TRANSFER
TX-N-05159,EXT-A-029-4,EXT-A-024-4,9247.6,2026-03-23T13:25:45+00:00,INTERNAL_TRANSFER
TX-N-05160,ACC-N-0463,EXT-A-017-2,18244.44,2026-07-21T16:41:03+00:00,INTERNAL_TRANSFER
TX-N-05161,ACC-N-0631,EXT-A-058-2,3308.27,2026-05-20T14:13:21+00:00,INTERNAL_TRANSFER
TX-N-05162,EXT-A-024-2,EXT-A-063-3,1007.57,2026-11-30T11:53:51+00:00,WIRE
TX-N-05163,ACC-N-0908,ACC-N-0839,15339.94,2026-03-04T05:16:30+00:00,WIRE
TX-N-05164,ACC-N-0934,ACC-N-0871,8974.5,2026-03-22T18:32:16+00:00,INTERNAL_TRANSFER
TX-N-05165,ACC-N-0527,ACC-N-0620,2058.04,2026-05-14T10:36:00+00:00,INTERNAL_TRANSFER
TX-N-05166,ACC-N-0437,ACC-N-0408,16237.76,2026-07-15T06:28:42+00:00,INTERNAL_TRANSFER
TX-N-05167,ACC-N-0829,ACC-N-0698,2267.95,2026-07-13T04:40:16+00:00,INTERNAL_TRANSFER
TX-N-05168,EXT-A-067-3,ACC-N-0772,14168.46,2026-01-25T23:45:41+00:00,WIRE
TX-N-05169,EXT-A-307484,ACC-N-0854,9787.66,2026-01-12T07:23:42+00:00,INTERNAL_TRANSFER
TX-N-05170,ACC-B-02-C,ACC-N-0687,2998.86,2026-06-03T13:40:05+00:00,INTERNAL_TRANSFER
TX-N-05171,ACC-N-0603,ACC-N-0766,10926.04,2026-11-05T10:10:43+00:00,INTERNAL_TRANSFER
TX-N-05172,ACC-N-0478,ACC-N-0847,993.93,2026-11-18T03:18:54+00:00,INTERNAL_TRANSFER
TX-N-05173,ACC-N-0731,ACC-N-0813,1104.05,2026-03-14T15:18:22+00:00,INTERNAL_TRANSFER
TX-N-05174,ACC-N-0531,EXT-A-014-2,7591.72,2026-01-19T21:39:34+00:00,WIRE
TX-N-05175,ACC-N-0731,EXT-A-070-3,4310.03,2026-07-18T21:59:21+00:00,INTERNAL_TRANSFER
TX-N-05176,ACC-N-0537,ACC-C-PAY-08,2848.93,2026-06-12T11:07:07+00:00,INTERNAL_TRANSFER
TX-N-05177,ACC-N-0655,ACC-N-0838,7567.49,2026-02-15T22:55:22+00:00,INTERNAL_TRANSFER
TX-N-05178,ACC-N-0526,EXT-A-041-2,1697.58,2026-05-24T20:12:28+00:00,WIRE
TX-N-05179,EXT-A-060-4,ACC-N-0919,5602.82,2026-09-04T10:36:44+00:00,INTERNAL_TRANSFER
TX-N-05180,ACC-N-0909,EXT-A-041-2,2149.54,2026-11-24T00:14:55+00:00,WIRE
TX-N-05181,ACC-N-0409,ACC-N-0730,3623.36,2026-05-05T11:56:40+00:00,INTERNAL_TRANSFER
TX-N-05182,ACC-N-0529,ACC-N-0802,4125.5,2026-01-03T17:38:45+00:00,WIRE
TX-N-05183,ACC-N-0714,ACC-N-0851,37627.58,2026-06-13T01:34:09+00:00,INTERNAL_TRANSFER
TX-N-05184,EXT-A-002-3,ACC-N-0556,726.09,2026-04-06T16:32:22+00:00,WIRE
TX-N-05185,EXT-A-003-3,ACC-N-0947,1039.47,2026-10-22T00:47:15+00:00,INTERNAL_TRANSFER
TX-N-05186,ACC-B-02-A,ACC-N-0922,7078.78,2026-03-22T14:19:34+00:00,INTERNAL_TRANSFER
TX-N-05187,ACC-N-0489,ACC-N-0726,20025.87,2026-02-28T11:51:13+00:00,WIRE
TX-N-05188,ACC-N-0608,ACC-N-0679,6726.2,2026-08-25T08:42:45+00:00,INTERNAL_TRANSFER
TX-N-05189,ACC-N-0484,EXT-A-023-3,5396.76,2026-09-15T19:41:43+00:00,INTERNAL_TRANSFER
TX-N-05190,ACC-N-0603,EXT-A-057-1,2030.53,2026-03-16T13:42:23+00:00,INTERNAL_TRANSFER
TX-N-05191,EXT-A-054-3,EXT-A-069-3,10350.89,2026-12-19T23:47:19+00:00,WIRE
TX-N-05192,EXT-A-029-4,ACC-N-0918,1987.6,2026-07-18T13:51:31+00:00,ATM
TX-N-05193,EXT-A-006-3,ACC-N-0644,1739.53,2026-01-25T03:41:04+00:00,INTERNAL_TRANSFER
TX-N-05194,ACC-N-0448,ACC-N-0501,1636.92,2026-04-01T03:56:36+00:00,INTERNAL_TRANSFER
TX-N-05195,ACC-N-0909,EXT-A-030-4,4261.81,2026-03-14T06:06:31+00:00,INTERNAL_TRANSFER
TX-N-05196,ACC-N-0542,ACC-B-03-C,61880.63,2026-05-19T08:48:51+00:00,INTERNAL_TRANSFER
TX-N-05197,ACC-N-0865,ACC-N-0711,9173.42,2026-05-29T13:04:55+00:00,INTERNAL_TRANSFER
TX-N-05198,EXT-A-060-4,ACC-N-0463,15720.55,2026-02-16T14:38:39+00:00,INTERNAL_TRANSFER
TX-N-05199,ACC-N-0587,EXT-A-015-1,3497.4,2026-11-09T19:56:57+00:00,WIRE
TX-N-05200,ACC-N-0626,ACC-N-0496,3505.17,2026-06-30T22:36:15+00:00,WIRE
TX-N-05201,EXT-A-050-3,ACC-N-0636,11010.35,2026-10-12T15:31:44+00:00,INTERNAL_TRANSFER
TX-N-05202,ACC-N-0849,ACC-N-0412,46502.36,2026-03-01T11:55:45+00:00,INTERNAL_TRANSFER
TX-N-05203,ACC-N-0959,ACC-N-0477,1295.54,2026-06-30T19:14:27+00:00,INTERNAL_TRANSFER
TX-N-05204,ACC-N-0513,ACC-B-03-A,9395.44,2026-05-07T23:17:32+00:00,WIRE
TX-N-05205,ACC-N-0392,ACC-N-0847,17647.04,2026-12-05T01:29:57+00:00,INTERNAL_TRANSFER
TX-N-05206,EXT-A-023-3,EXT-A-044-4,3108.7,2026-09-26T02:28:45+00:00,WIRE
TX-N-05207,ACC-N-0408,ACC-N-0515,6799.47,2026-02-17T21:46:59+00:00,INTERNAL_TRANSFER
TX-N-05208,EXT-A-056-1,ACC-N-0672,1538.26,2026-08-12T08:26:21+00:00,WIRE
TX-N-05209,ACC-N-0657,EXT-A-055-1,5858.54,2026-10-05T10:32:03+00:00,WIRE
TX-N-05210,ACC-N-0573,ACC-N-0521,1917.06,2026-01-09T17:21:30+00:00,WIRE
TX-N-05211,ACC-N-0932,EXT-A-007-3,1082.1,2026-05-02T19:49:10+00:00,INTERNAL_TRANSFER
TX-N-05212,EXT-A-065-1,ACC-N-0875,7448.15,2026-02-21T05:52:02+00:00,INTERNAL_TRANSFER
TX-N-05213,EXT-A-021-3,ACC-N-0782,6701.0,2026-05-13T09:56:29+00:00,ATM
TX-N-05214,EXT-A-037-1,EXT-A-070-3,41506.55,2026-02-05T19:30:31+00:00,INTERNAL_TRANSFER
TX-N-05215,ACC-N-0548,EXT-A-046-2,7154.4,2026-04-28T08:00:20+00:00,INTERNAL_TRANSFER
TX-N-05216,ACC-N-0835,EXT-A-056-2,4267.18,2026-10-20T13:55:54+00:00,INTERNAL_TRANSFER
TX-N-05217,ACC-N-0420,ACC-N-0693,14339.27,2026-07-10T11:41:08+00:00,INTERNAL_TRANSFER
TX-N-05218,EXT-A-020-1,ACC-C-PAY-11,4522.85,2026-02-21T11:46:39+00:00,INTERNAL_TRANSFER
TX-N-05219,ACC-N-0598,ACC-N-0593,3232.52,2026-06-14T07:24:17+00:00,INTERNAL_TRANSFER
TX-N-05220,EXT-A-021-1,EXT-A-047-1,3991.24,2026-05-20T21:13:11+00:00,INTERNAL_TRANSFER
TX-N-05221,ACC-N-0713,ACC-N-0450,2618.44,2026-03-23T21:13:44+00:00,INTERNAL_TRANSFER
TX-N-05222,EXT-A-006-1,ACC-N-0884,19980.44,2026-10-11T21:47:42+00:00,WIRE
TX-N-05223,ACC-N-0570,ACC-N-0487,2614.14,2026-04-05T16:38:25+00:00,INTERNAL_TRANSFER
TX-N-05224,ACC-N-0475,ACC-N-0403,4974.02,2026-05-30T21:46:20+00:00,INTERNAL_TRANSFER
TX-N-05225,EXT-A-052-4,ACC-N-0710,3663.47,2026-05-12T14:55:40+00:00,WIRE
TX-N-05226,ACC-N-0748,ACC-N-0758,1501.5,2026-05-04T17:21:58+00:00,INTERNAL_TRANSFER
TX-N-05227,ACC-N-0519,ACC-N-0638,3733.04,2026-08-25T05:02:41+00:00,WIRE
TX-N-05228,EXT-A-069-1,ACC-B-04-A,6361.27,2026-12-05T07:14:32+00:00,INTERNAL_TRANSFER
TX-N-05229,EXT-A-043-4,EXT-A-023-1,1473.46,2026-05-01T15:28:09+00:00,INTERNAL_TRANSFER
TX-N-05230,EXT-A-055-3,ACC-N-0499,7256.76,2026-02-18T06:28:14+00:00,INTERNAL_TRANSFER
TX-N-05231,ACC-B-03-A,ACC-N-0964,31458.63,2026-05-29T08:51:45+00:00,INTERNAL_TRANSFER
TX-N-05232,ACC-N-0836,ACC-N-0493,10654.32,2026-04-28T19:06:41+00:00,INTERNAL_TRANSFER
TX-N-05233,EXT-A-014-3,EXT-A-041-3,480.3,2026-10-25T14:46:21+00:00,INTERNAL_TRANSFER
TX-N-05234,ACC-N-0680,ACC-N-0718,2585.56,2026-02-24T11:13:38+00:00,INTERNAL_TRANSFER
TX-N-05235,ACC-N-0589,EXT-A-007-4,2254.35,2026-06-26T01:42:18+00:00,ATM
TX-N-05236,ACC-N-0823,ACC-N-0932,728.58,2026-05-30T01:40:00+00:00,INTERNAL_TRANSFER
TX-N-05237,EXT-A-059-2,ACC-C-PAY-12,2071.49,2026-06-08T21:24:15+00:00,INTERNAL_TRANSFER
TX-N-05238,ACC-N-0893,EXT-A-045-3,3879.8,2026-12-28T20:55:15+00:00,WIRE
TX-N-05239,ACC-N-0958,ACC-N-0906,3334.54,2026-03-04T10:31:50+00:00,WIRE
TX-N-05240,ACC-C-CORP,EXT-A-045-1,7794.88,2026-04-05T22:57:37+00:00,INTERNAL_TRANSFER
TX-N-05241,EXT-A-032-2,ACC-N-0730,1560.29,2026-03-05T09:04:38+00:00,ATM
TX-N-05242,EXT-A-060-2,ACC-N-0403,3162.85,2026-10-10T04:36:25+00:00,INTERNAL_TRANSFER
TX-N-05243,EXT-A-068-4,ACC-N-0726,5843.84,2026-11-24T06:21:11+00:00,ATM
TX-N-05244,ACC-N-0403,ACC-N-0887,13960.46,2026-09-25T08:58:31+00:00,INTERNAL_TRANSFER
TX-N-05245,ACC-N-0923,ACC-N-0783,653.24,2026-10-12T09:35:19+00:00,INTERNAL_TRANSFER
TX-N-05246,ACC-N-0845,ACC-N-0719,17374.96,2026-04-25T23:11:37+00:00,WIRE
TX-N-05247,ACC-N-0967,ACC-N-0626,18561.08,2026-02-10T23:13:05+00:00,INTERNAL_TRANSFER
TX-N-05248,ACC-N-0875,EXT-A-067-4,41833.73,2026-11-15T12:52:26+00:00,INTERNAL_TRANSFER
TX-N-05249,ACC-N-0687,ACC-N-0508,11545.07,2026-06-05T16:43:34+00:00,WIRE
TX-N-05250,EXT-A-008-4,ACC-N-0852,1976.49,2026-07-08T20:04:05+00:00,INTERNAL_TRANSFER
TX-N-05251,ACC-N-0544,ACC-N-0951,12483.87,2026-01-05T23:55:31+00:00,INTERNAL_TRANSFER
TX-N-05252,EXT-A-012-4,ACC-N-0761,1528.68,2026-07-11T14:15:29+00:00,INTERNAL_TRANSFER
TX-N-05253,ACC-N-0746,EXT-A-021-4,28313.47,2026-10-31T23:30:49+00:00,INTERNAL_TRANSFER
TX-N-05254,ACC-N-0783,ACC-N-0430,4173.9,2026-08-22T11:31:18+00:00,WIRE
TX-N-05255,EXT-A-032-1,EXT-A-034-4,3293.33,2026-01-16T21:59:46+00:00,INTERNAL_TRANSFER
TX-N-05256,ACC-N-0589,EXT-A-010-4,2563.63,2026-05-10T19:51:09+00:00,INTERNAL_TRANSFER
TX-N-05257,EXT-A-068-2,ACC-N-0413,3923.84,2026-01-31T14:18:21+00:00,INTERNAL_TRANSFER
TX-N-05258,EXT-A-048-2,EXT-A-010-1,1053.73,2026-06-21T19:15:10+00:00,INTERNAL_TRANSFER
TX-N-05259,ACC-N-0960,ACC-N-0543,15400.83,2026-04-03T09:45:42+00:00,WIRE
TX-N-05260,ACC-N-0778,ACC-N-0867,12268.61,2026-07-16T05:29:27+00:00,ATM
TX-N-05261,EXT-A-032-4,ACC-N-0513,13367.73,2026-02-12T17:06:10+00:00,WIRE
TX-N-05262,ACC-N-0587,ACC-N-0957,465.05,2026-11-08T20:21:28+00:00,INTERNAL_TRANSFER
TX-N-05263,ACC-N-0582,ACC-B-04-C,2535.77,2026-02-16T08:05:35+00:00,INTERNAL_TRANSFER
TX-N-05264,EXT-A-049-1,ACC-N-0993,818.69,2026-01-15T07:54:04+00:00,INTERNAL_TRANSFER
TX-N-05265,ACC-N-0756,ACC-N-0404,1045.2,2026-12-30T20:04:48+00:00,WIRE
TX-N-05266,ACC-N-0832,ACC-N-0882,2479.55,2026-02-17T13:05:31+00:00,INTERNAL_TRANSFER
TX-N-05267,ACC-N-0536,ACC-N-0613,16429.8,2026-04-12T14:47:23+00:00,INTERNAL_TRANSFER
TX-N-05268,EXT-A-007-3,EXT-A-019-2,7723.39,2026-10-08T12:29:08+00:00,INTERNAL_TRANSFER
TX-N-05269,EXT-A-006-4,ACC-N-0544,1191.84,2026-09-29T01:39:25+00:00,WIRE
TX-N-05270,ACC-N-0896,ACC-N-0682,1574.22,2026-02-18T06:02:07+00:00,WIRE
TX-N-05271,EXT-A-045-3,ACC-N-0769,5426.92,2026-09-09T22:31:17+00:00,WIRE
TX-N-05272,ACC-C-PAY-02,EXT-A-026-4,2832.25,2026-10-29T15:57:55+00:00,INTERNAL_TRANSFER
TX-N-05273,ACC-N-0587,ACC-N-0963,4461.2,2026-07-06T14:27:52+00:00,INTERNAL_TRANSFER
TX-N-05274,ACC-N-0958,ACC-N-0838,7227.27,2026-10-14T15:44:18+00:00,INTERNAL_TRANSFER
TX-N-05275,ACC-N-0600,ACC-N-0832,7967.08,2026-12-18T22:10:36+00:00,INTERNAL_TRANSFER
TX-N-05276,EXT-A-004-3,EXT-A-007-2,16308.61,2026-02-09T08:57:35+00:00,INTERNAL_TRANSFER
TX-N-05277,ACC-N-0453,ACC-N-0461,3627.37,2026-07-16T01:47:55+00:00,INTERNAL_TRANSFER
TX-N-05278,EXT-A-068-2,ACC-N-0725,955.45,2026-04-26T10:16:14+00:00,INTERNAL_TRANSFER
TX-N-05279,EXT-A-009-1,ACC-N-0833,4854.38,2026-04-23T21:16:35+00:00,ATM
TX-N-05280,ACC-N-0761,EXT-A-004-4,998.17,2026-09-06T04:54:48+00:00,INTERNAL_TRANSFER
TX-N-05281,ACC-N-0948,ACC-N-0840,5282.78,2026-06-03T03:30:58+00:00,INTERNAL_TRANSFER
TX-N-05282,ACC-C-PAY-10,ACC-N-0778,6374.07,2026-04-11T06:39:39+00:00,INTERNAL_TRANSFER
TX-N-05283,EXT-A-019-2,ACC-N-0627,3643.79,2026-05-20T04:36:20+00:00,INTERNAL_TRANSFER
TX-N-05284,ACC-N-0891,ACC-N-0777,7253.38,2026-01-07T07:31:02+00:00,INTERNAL_TRANSFER
TX-N-05285,ACC-N-0570,EXT-A-072-2,3809.43,2026-09-22T22:49:16+00:00,INTERNAL_TRANSFER
TX-N-05286,ACC-N-0906,EXT-A-066-2,3615.49,2026-11-05T20:41:41+00:00,INTERNAL_TRANSFER
TX-N-05287,EXT-A-004-2,ACC-N-0405,9461.13,2026-10-11T06:08:48+00:00,WIRE
TX-N-05288,ACC-N-0949,ACC-N-0547,27316.93,2026-03-20T14:22:00+00:00,WIRE
TX-N-05289,ACC-N-0613,ACC-C-CORP,4383.78,2026-09-04T15:09:40+00:00,ATM
TX-N-05290,ACC-B-A,EXT-A-047-3,5882.43,2026-02-14T23:43:24+00:00,INTERNAL_TRANSFER
TX-N-05291,ACC-N-0667,EXT-A-016-3,1779.13,2026-10-11T02:38:11+00:00,ATM
TX-N-05292,EXT-A-045-3,ACC-N-0547,4697.8,2026-09-12T04:13:05+00:00,WIRE
TX-N-05293,EXT-A-051-3,EXT-A-070-1,1337.34,2026-07-09T23:00:23+00:00,INTERNAL_TRANSFER
TX-N-05294,EXT-A-052-4,ACC-N-0676,2472.59,2026-12-25T05:09:22+00:00,WIRE
TX-N-05295,EXT-A-071-2,ACC-N-0774,8125.3,2026-04-21T21:54:45+00:00,INTERNAL_TRANSFER
TX-N-05296,ACC-N-0956,ACC-N-0608,3046.52,2026-09-12T21:01:09+00:00,WIRE
TX-N-05297,ACC-N-0795,EXT-A-035-2,2545.76,2026-03-21T06:15:25+00:00,INTERNAL_TRANSFER
TX-N-05298,ACC-N-0719,ACC-N-0955,3201.4,2026-03-01T16:59:58+00:00,INTERNAL_TRANSFER
TX-N-05299,ACC-N-0744,ACC-N-0982,971.39,2026-04-15T04:12:50+00:00,INTERNAL_TRANSFER
TX-N-05300,ACC-N-0814,ACC-N-0839,24217.09,2026-06-18T18:40:54+00:00,INTERNAL_TRANSFER
TX-N-05301,ACC-N-0592,ACC-N-0516,3650.63,2026-04-02T05:54:42+00:00,ATM
TX-N-05302,ACC-N-0927,EXT-A-012-4,18750.83,2026-02-20T12:32:42+00:00,WIRE
TX-N-05303,EXT-A-013-3,EXT-A-037-4,1324.39,2026-04-16T22:28:52+00:00,WIRE
TX-N-05304,ACC-N-0887,EXT-A-018-3,6119.17,2026-12-21T18:06:28+00:00,INTERNAL_TRANSFER
TX-N-05305,ACC-N-0566,ACC-N-0537,626.66,2026-03-17T01:50:18+00:00,INTERNAL_TRANSFER
TX-N-05306,EXT-A-020-1,EXT-A-019-1,8514.03,2026-11-24T00:48:18+00:00,WIRE
TX-N-05307,ACC-N-0489,ACC-N-0981,6011.47,2026-02-07T13:28:58+00:00,INTERNAL_TRANSFER
TX-N-05308,EXT-A-062-4,ACC-N-0977,905.93,2026-06-08T08:06:40+00:00,INTERNAL_TRANSFER
TX-N-05309,ACC-N-0566,ACC-N-0531,4057.14,2026-01-03T02:54:29+00:00,ATM
TX-N-05310,ACC-N-0779,EXT-A-046-4,6487.11,2026-09-28T09:24:46+00:00,INTERNAL_TRANSFER
TX-N-05311,ACC-N-0847,ACC-C-HNW-06,1853.27,2026-11-18T06:09:49+00:00,INTERNAL_TRANSFER
TX-N-05312,ACC-N-0543,EXT-A-010-4,4459.64,2026-02-13T13:32:05+00:00,INTERNAL_TRANSFER
TX-N-05313,ACC-C-PAY-12,ACC-N-0492,43771.59,2026-06-08T18:47:27+00:00,INTERNAL_TRANSFER
TX-N-05314,EXT-A-042-2,ACC-N-0563,3359.92,2026-03-24T13:15:24+00:00,ATM
TX-N-05315,ACC-N-0458,ACC-N-0505,4097.44,2026-11-16T04:32:49+00:00,INTERNAL_TRANSFER
TX-N-05316,ACC-N-0493,ACC-N-0703,6003.94,2026-09-09T08:19:58+00:00,INTERNAL_TRANSFER
TX-N-05317,EXT-A-044-3,ACC-N-0760,5142.69,2026-11-19T03:02:50+00:00,WIRE
TX-N-05318,ACC-N-0666,EXT-A-120482,1110.8,2026-11-19T06:43:36+00:00,ATM
TX-N-05319,EXT-A-003-1,EXT-A-057-1,2308.4,2026-10-15T14:36:06+00:00,INTERNAL_TRANSFER
TX-N-05320,ACC-N-0698,EXT-A-051-3,8536.6,2026-02-20T11:34:40+00:00,INTERNAL_TRANSFER
TX-N-05321,ACC-N-0940,EXT-A-065-4,4084.21,2026-03-18T03:27:15+00:00,WIRE
TX-N-05322,ACC-N-0437,ACC-N-0742,25892.75,2026-08-16T07:42:54+00:00,INTERNAL_TRANSFER
TX-N-05323,EXT-A-059-4,ACC-N-0638,12537.16,2026-01-23T03:23:54+00:00,INTERNAL_TRANSFER
TX-N-05324,EXT-A-040-3,ACC-N-0821,1551.72,2026-05-18T10:52:50+00:00,INTERNAL_TRANSFER
TX-N-05325,ACC-C-PAY-08,ACC-N-0399,53952.15,2026-01-02T02:21:44+00:00,WIRE
TX-N-05326,EXT-A-032-4,ACC-N-0491,6659.52,2026-12-26T15:05:34+00:00,INTERNAL_TRANSFER
TX-N-05327,ACC-N-0871,ACC-N-0678,518.29,2026-01-18T10:51:47+00:00,INTERNAL_TRANSFER
TX-N-05328,EXT-A-016-1,ACC-N-0437,4250.63,2026-04-20T18:34:43+00:00,WIRE
TX-N-05329,EXT-A-048-3,ACC-N-0635,15833.99,2026-05-03T14:41:27+00:00,WIRE
TX-N-05330,ACC-N-0457,ACC-N-0571,1598.3,2026-03-14T03:16:16+00:00,INTERNAL_TRANSFER
TX-N-05331,EXT-A-013-3,ACC-N-0416,2906.37,2026-08-16T15:00:01+00:00,WIRE
TX-N-05332,ACC-N-0542,ACC-N-0923,14041.62,2026-10-26T01:46:51+00:00,INTERNAL_TRANSFER
TX-N-05333,ACC-N-0461,EXT-A-050-3,11754.28,2026-11-07T05:25:47+00:00,ATM
TX-N-05334,ACC-N-0659,EXT-A-059-2,2627.09,2026-07-24T21:43:01+00:00,INTERNAL_TRANSFER
TX-N-05335,EXT-A-023-1,EXT-A-041-1,1903.4,2026-06-01T22:17:53+00:00,INTERNAL_TRANSFER
TX-N-05336,ACC-N-0767,ACC-N-0944,24131.36,2026-12-05T22:47:19+00:00,INTERNAL_TRANSFER
TX-N-05337,ACC-N-0849,ACC-N-0893,770.65,2026-11-11T18:54:02+00:00,INTERNAL_TRANSFER
TX-N-05338,ACC-N-0748,ACC-N-0884,19240.44,2026-08-07T20:02:40+00:00,WIRE
TX-N-05339,EXT-A-028-3,EXT-A-012-1,3268.24,2026-04-12T01:13:13+00:00,INTERNAL_TRANSFER
TX-N-05340,ACC-N-0892,ACC-N-0465,12150.62,2026-01-05T18:02:31+00:00,INTERNAL_TRANSFER
TX-N-05341,EXT-A-030-4,ACC-N-0844,1390.4,2026-05-29T11:08:07+00:00,ATM
TX-N-05342,EXT-A-038-1,ACC-N-0683,4862.47,2026-04-08T01:56:16+00:00,INTERNAL_TRANSFER
TX-N-05343,ACC-N-0479,ACC-N-0708,24133.16,2026-08-01T23:21:50+00:00,WIRE
TX-N-05344,ACC-N-0405,ACC-N-0978,4174.97,2026-12-18T22:50:09+00:00,INTERNAL_TRANSFER
TX-N-05345,ACC-N-0415,ACC-N-0607,22843.04,2026-04-03T18:28:09+00:00,WIRE
TX-N-05346,EXT-A-026-3,EXT-A-051-1,11958.92,2026-01-04T00:01:59+00:00,INTERNAL_TRANSFER
TX-N-05347,ACC-N-0630,ACC-N-0596,1784.95,2026-08-26T20:04:45+00:00,INTERNAL_TRANSFER
TX-N-05348,ACC-N-0643,ACC-N-0424,30711.44,2026-06-22T21:43:16+00:00,ATM
TX-N-05349,ACC-N-0724,ACC-N-0749,9085.03,2026-09-07T15:12:04+00:00,WIRE
TX-N-05350,ACC-N-0546,ACC-N-0674,2487.68,2026-08-30T05:19:10+00:00,INTERNAL_TRANSFER
TX-N-05351,ACC-N-0615,EXT-A-058-4,1219.23,2026-03-22T16:14:06+00:00,INTERNAL_TRANSFER
TX-N-05352,ACC-N-0971,EXT-A-007-3,7403.96,2026-07-11T15:11:48+00:00,INTERNAL_TRANSFER
TX-N-05353,EXT-A-029-3,ACC-N-0709,17104.22,2026-03-12T00:10:49+00:00,ATM
TX-N-05354,ACC-N-0565,ACC-C-PAY-06,4347.42,2026-07-17T12:38:18+00:00,INTERNAL_TRANSFER
TX-N-05355,ACC-N-0710,EXT-A-041-4,9775.8,2026-12-17T19:51:22+00:00,ATM
TX-N-05356,ACC-N-0967,ACC-N-0595,28122.01,2026-06-01T06:40:45+00:00,INTERNAL_TRANSFER
TX-N-05357,ACC-N-0846,EXT-A-024-3,25423.58,2026-09-15T03:19:31+00:00,INTERNAL_TRANSFER
TX-N-05358,ACC-N-0741,EXT-A-069-2,49901.47,2026-08-27T12:29:11+00:00,INTERNAL_TRANSFER
TX-N-05359,EXT-A-048-2,ACC-N-0667,2343.6,2026-07-29T22:16:26+00:00,WIRE
TX-N-05360,ACC-N-0502,ACC-N-0786,2562.58,2026-03-18T07:59:54+00:00,INTERNAL_TRANSFER
TX-N-05361,ACC-N-0706,ACC-N-0810,8027.9,2026-10-07T15:32:06+00:00,INTERNAL_TRANSFER
TX-N-05362,EXT-A-039-3,ACC-N-0933,9297.8,2026-04-14T04:25:40+00:00,WIRE
TX-N-05363,ACC-N-0930,ACC-N-0901,9549.49,2026-04-13T18:12:44+00:00,INTERNAL_TRANSFER
TX-N-05364,ACC-N-0961,EXT-A-030-2,2883.53,2026-04-21T00:57:22+00:00,ATM
TX-N-05365,EXT-A-037-4,ACC-N-0402,3124.17,2026-08-07T05:28:30+00:00,INTERNAL_TRANSFER
TX-N-05366,ACC-N-0909,EXT-A-010-1,2753.74,2026-05-01T12:08:17+00:00,INTERNAL_TRANSFER
TX-N-05367,EXT-A-010-1,ACC-N-0475,3259.88,2026-05-28T19:48:06+00:00,ATM
TX-N-05368,EXT-A-059-1,EXT-A-016-1,1141.52,2026-01-25T08:44:21+00:00,INTERNAL_TRANSFER
TX-N-05369,ACC-N-0849,ACC-N-0593,6025.33,2026-06-23T12:12:03+00:00,INTERNAL_TRANSFER
TX-N-05370,EXT-A-048-3,ACC-N-0676,13012.16,2026-05-02T06:23:29+00:00,INTERNAL_TRANSFER
TX-N-05371,EXT-A-002-3,ACC-N-0697,1040.71,2026-12-24T02:30:03+00:00,INTERNAL_TRANSFER
TX-N-05372,ACC-N-0579,ACC-N-0468,476.78,2026-08-31T01:47:26+00:00,INTERNAL_TRANSFER
TX-N-05373,ACC-B-03-C,EXT-A-008-2,5849.75,2026-04-08T00:13:16+00:00,INTERNAL_TRANSFER
TX-N-05374,ACC-N-0788,EXT-A-064-4,3714.12,2026-08-01T21:43:23+00:00,INTERNAL_TRANSFER
TX-N-05375,ACC-N-0832,ACC-N-0626,3851.75,2026-05-27T00:35:32+00:00,INTERNAL_TRANSFER
TX-N-05376,ACC-N-0506,ACC-N-0923,1941.05,2026-03-07T23:42:32+00:00,INTERNAL_TRANSFER
TX-N-05377,ACC-N-0894,EXT-A-008-1,3790.65,2026-01-28T08:18:35+00:00,WIRE
TX-N-05378,ACC-N-0713,ACC-N-0647,4566.72,2026-03-13T16:41:34+00:00,INTERNAL_TRANSFER
TX-N-05379,ACC-N-1000,EXT-A-002-1,16769.86,2026-03-18T07:21:21+00:00,INTERNAL_TRANSFER
TX-N-05380,ACC-N-0493,ACC-N-0668,33794.84,2026-07-08T08:34:49+00:00,WIRE
TX-N-05381,EXT-A-009-3,EXT-A-015-3,4039.86,2026-10-25T21:36:56+00:00,INTERNAL_TRANSFER
TX-N-05382,EXT-A-307484,ACC-N-0569,3288.69,2026-05-08T02:37:23+00:00,INTERNAL_TRANSFER
TX-N-05383,ACC-N-0566,ACC-N-0416,7065.13,2026-02-27T10:21:09+00:00,INTERNAL_TRANSFER
TX-N-05384,ACC-C-PAY-12,EXT-A-009-2,3381.36,2026-08-06T06:40:54+00:00,INTERNAL_TRANSFER
TX-N-05385,ACC-B-04-C,EXT-A-066-1,4691.39,2026-10-19T14:46:39+00:00,WIRE
TX-N-05386,ACC-N-0962,ACC-N-0801,9401.89,2026-02-17T14:02:05+00:00,WIRE
TX-N-05387,EXT-A-072-2,EXT-A-066-1,2502.82,2026-07-08T00:58:53+00:00,INTERNAL_TRANSFER
TX-N-05388,ACC-N-0667,EXT-A-050-2,9887.82,2026-07-17T12:38:08+00:00,INTERNAL_TRANSFER
TX-N-05389,ACC-N-0599,ACC-N-0468,3915.88,2026-05-03T16:20:39+00:00,INTERNAL_TRANSFER
TX-N-05390,ACC-N-0598,EXT-A-040-3,9062.2,2026-08-19T12:15:05+00:00,INTERNAL_TRANSFER
TX-N-05391,EXT-A-005-2,ACC-N-0934,7216.48,2026-03-03T16:21:59+00:00,INTERNAL_TRANSFER
TX-N-05392,EXT-A-070-3,EXT-A-004-4,834.43,2026-07-19T07:04:58+00:00,INTERNAL_TRANSFER
TX-N-05393,ACC-N-0789,EXT-A-055-2,4344.07,2026-08-07T19:51:50+00:00,INTERNAL_TRANSFER
TX-N-05394,EXT-A-054-2,ACC-N-0493,3706.48,2026-07-08T15:17:25+00:00,WIRE
TX-N-05395,ACC-N-0446,ACC-N-0605,6599.3,2026-04-13T23:43:09+00:00,INTERNAL_TRANSFER
TX-N-05396,ACC-N-0700,EXT-A-055-2,497.07,2026-01-01T13:04:42+00:00,INTERNAL_TRANSFER
TX-N-05397,ACC-N-0448,ACC-N-0404,6565.6,2026-01-05T06:45:53+00:00,INTERNAL_TRANSFER
TX-N-05398,ACC-N-0477,ACC-N-0556,1116.94,2026-09-19T16:16:24+00:00,WIRE
TX-N-05399,ACC-N-0409,ACC-N-0589,4370.21,2026-11-09T16:50:40+00:00,ATM
TX-N-05400,ACC-N-0694,ACC-N-0717,2261.16,2026-09-22T08:24:23+00:00,INTERNAL_TRANSFER
TX-N-05401,ACC-N-0893,ACC-N-0589,4713.01,2026-07-10T16:09:35+00:00,ATM
TX-N-05402,ACC-N-0764,EXT-A-039-1,9063.34,2026-06-06T08:46:34+00:00,INTERNAL_TRANSFER
TX-N-05403,ACC-N-0643,ACC-N-0818,6206.35,2026-08-15T10:38:53+00:00,WIRE
TX-N-05404,EXT-A-061-4,EXT-A-023-2,19015.36,2026-06-09T00:39:40+00:00,INTERNAL_TRANSFER
TX-N-05405,EXT-A-006-3,ACC-N-0618,11924.33,2026-05-11T16:16:09+00:00,WIRE
TX-N-05406,ACC-N-0529,EXT-A-908166,561.11,2026-03-09T13:44:04+00:00,INTERNAL_TRANSFER
TX-N-05407,ACC-N-0609,ACC-N-0838,8780.65,2026-07-05T23:36:58+00:00,INTERNAL_TRANSFER
TX-N-05408,EXT-A-057-2,ACC-N-0651,9391.18,2026-02-14T05:30:31+00:00,WIRE
TX-N-05409,EXT-A-042-2,EXT-A-022-3,2594.8,2026-11-21T08:50:55+00:00,INTERNAL_TRANSFER
TX-N-05410,ACC-N-0761,ACC-N-0760,4542.16,2026-11-02T01:17:32+00:00,INTERNAL_TRANSFER
TX-N-05411,ACC-N-0988,EXT-A-050-3,45419.0,2026-12-20T05:53:08+00:00,INTERNAL_TRANSFER
TX-N-05412,ACC-N-0453,EXT-A-043-2,5821.71,2026-12-29T09:32:30+00:00,INTERNAL_TRANSFER
TX-N-05413,ACC-N-0922,EXT-A-051-1,15609.85,2026-07-01T02:00:04+00:00,INTERNAL_TRANSFER
TX-N-05414,ACC-N-0513,EXT-A-071-3,723.14,2026-06-03T02:50:25+00:00,INTERNAL_TRANSFER
TX-N-05415,ACC-N-0783,ACC-N-0480,644.99,2026-11-26T10:26:02+00:00,INTERNAL_TRANSFER
TX-N-05416,ACC-N-0837,EXT-A-065-4,4735.31,2026-07-12T22:40:15+00:00,INTERNAL_TRANSFER
TX-N-05417,ACC-N-0412,EXT-A-004-4,1719.21,2026-06-27T09:49:31+00:00,INTERNAL_TRANSFER
TX-N-05418,ACC-N-0860,ACC-N-0748,8657.66,2026-05-10T05:56:36+00:00,INTERNAL_TRANSFER
TX-N-05419,ACC-N-0780,ACC-C-PAY-12,2256.23,2026-03-29T17:22:43+00:00,WIRE
TX-N-05420,EXT-A-038-4,EXT-A-040-3,5374.52,2026-10-01T10:01:25+00:00,INTERNAL_TRANSFER
TX-N-05421,EXT-A-002-3,ACC-N-0805,5726.68,2026-02-12T07:29:29+00:00,ATM
TX-N-05422,ACC-N-0765,ACC-N-0552,7868.61,2026-04-24T23:05:01+00:00,INTERNAL_TRANSFER
TX-N-05423,ACC-N-0583,ACC-N-0627,14194.35,2026-04-08T18:49:58+00:00,INTERNAL_TRANSFER
TX-N-05424,ACC-N-0651,ACC-N-0532,1219.58,2026-10-26T01:14:26+00:00,INTERNAL_TRANSFER
TX-N-05425,ACC-N-0495,ACC-N-0444,3810.12,2026-07-26T20:27:38+00:00,INTERNAL_TRANSFER
TX-N-05426,ACC-N-0485,ACC-N-0935,1020.42,2026-05-07T01:10:07+00:00,INTERNAL_TRANSFER
TX-N-05427,EXT-A-002-3,ACC-N-0857,4785.19,2026-02-11T11:10:27+00:00,WIRE
TX-N-05428,EXT-A-025-4,EXT-A-052-2,5139.78,2026-11-11T17:21:08+00:00,INTERNAL_TRANSFER
TX-N-05429,ACC-N-0475,ACC-N-0602,7050.29,2026-12-08T00:10:20+00:00,INTERNAL_TRANSFER
TX-N-05430,ACC-N-0815,ACC-N-0781,101764.38,2026-03-24T09:54:25+00:00,INTERNAL_TRANSFER
TX-N-05431,ACC-N-0707,ACC-N-0400,916.07,2026-08-28T16:32:03+00:00,INTERNAL_TRANSFER
TX-N-05432,ACC-N-0929,ACC-N-0629,31058.91,2026-02-22T20:32:00+00:00,INTERNAL_TRANSFER
TX-N-05433,ACC-N-0512,EXT-A-060-2,3592.09,2026-06-11T16:14:03+00:00,INTERNAL_TRANSFER
TX-N-05434,EXT-A-035-1,ACC-N-0910,8486.23,2026-03-05T19:35:08+00:00,INTERNAL_TRANSFER
TX-N-05435,EXT-A-024-2,ACC-N-0620,3393.11,2026-11-01T15:37:38+00:00,INTERNAL_TRANSFER
TX-N-05436,ACC-N-0973,ACC-N-0415,743.88,2026-05-02T03:58:54+00:00,WIRE
TX-N-05437,ACC-N-0655,EXT-A-041-2,2222.65,2026-12-28T18:44:17+00:00,INTERNAL_TRANSFER
TX-N-05438,EXT-A-049-3,ACC-N-0886,1821.77,2026-04-06T18:53:31+00:00,INTERNAL_TRANSFER
TX-N-05439,ACC-N-0605,ACC-N-0517,58720.97,2026-05-08T17:01:48+00:00,INTERNAL_TRANSFER
TX-N-05440,EXT-A-068-1,ACC-C-PAY-10,8477.63,2026-08-07T23:21:55+00:00,INTERNAL_TRANSFER
TX-N-05441,ACC-N-0514,EXT-A-867458,4290.4,2026-05-11T00:07:25+00:00,INTERNAL_TRANSFER
TX-N-05442,ACC-N-1000,ACC-N-0517,7552.22,2026-03-18T14:14:36+00:00,INTERNAL_TRANSFER
TX-N-05443,EXT-A-010-1,ACC-N-0860,36317.14,2026-03-30T01:19:18+00:00,INTERNAL_TRANSFER
TX-N-05444,ACC-N-0691,EXT-A-067-3,19600.94,2026-03-10T08:11:11+00:00,WIRE
TX-N-05445,ACC-N-0973,ACC-N-0580,11444.78,2026-01-26T02:31:51+00:00,INTERNAL_TRANSFER
TX-N-05446,EXT-A-050-1,EXT-A-065-2,11531.93,2026-12-30T01:18:16+00:00,WIRE
TX-N-05447,ACC-N-0982,EXT-A-004-4,29117.24,2026-03-30T13:45:01+00:00,WIRE
TX-N-05448,ACC-N-0475,ACC-N-0541,4039.62,2026-12-02T04:35:29+00:00,INTERNAL_TRANSFER
TX-N-05449,EXT-A-050-2,ACC-N-0539,1192.18,2026-03-21T22:58:10+00:00,INTERNAL_TRANSFER
TX-N-05450,EXT-A-004-1,ACC-N-0566,3829.23,2026-03-15T19:45:27+00:00,INTERNAL_TRANSFER
TX-N-05451,ACC-N-0630,ACC-N-0605,964.45,2026-06-04T05:30:18+00:00,INTERNAL_TRANSFER
TX-N-05452,EXT-A-010-2,ACC-N-0839,1663.85,2026-08-23T14:04:23+00:00,INTERNAL_TRANSFER
TX-N-05453,ACC-N-0830,ACC-N-0495,397.94,2026-07-09T20:56:47+00:00,INTERNAL_TRANSFER
TX-N-05454,ACC-N-0552,ACC-N-0589,1423.58,2026-01-25T13:42:34+00:00,INTERNAL_TRANSFER
TX-N-05455,EXT-A-065-3,EXT-A-042-1,1503.47,2026-10-08T07:09:23+00:00,WIRE
TX-N-05456,EXT-A-044-1,ACC-N-0783,24758.13,2026-11-16T18:30:16+00:00,INTERNAL_TRANSFER
TX-N-05457,EXT-A-035-4,EXT-A-058-4,5621.87,2026-12-02T06:51:20+00:00,INTERNAL_TRANSFER
TX-N-05458,ACC-N-0754,ACC-N-0718,2630.04,2026-11-30T10:49:11+00:00,INTERNAL_TRANSFER
TX-N-05459,EXT-A-065-2,ACC-N-0552,5334.21,2026-05-30T01:17:28+00:00,INTERNAL_TRANSFER
TX-N-05460,EXT-A-040-1,EXT-A-048-4,2449.55,2026-05-11T01:57:08+00:00,WIRE
TX-N-05461,ACC-C-PAY-02,EXT-A-067-3,1565.39,2026-01-06T21:00:06+00:00,WIRE
TX-N-05462,EXT-A-027-4,EXT-A-011-4,20395.07,2026-10-15T02:33:17+00:00,INTERNAL_TRANSFER
TX-N-05463,ACC-N-0394,ACC-N-0830,2649.17,2026-10-27T22:05:14+00:00,WIRE
TX-N-05464,ACC-N-0558,EXT-A-043-3,28421.22,2026-12-07T05:30:10+00:00,INTERNAL_TRANSFER
TX-N-05465,EXT-A-038-4,ACC-N-0667,33846.83,2026-02-27T05:56:05+00:00,WIRE
TX-N-05466,ACC-N-0886,ACC-N-0892,4375.86,2026-01-08T07:04:35+00:00,WIRE
TX-N-05467,EXT-A-047-4,ACC-N-0830,2539.71,2026-06-05T09:32:44+00:00,INTERNAL_TRANSFER
TX-N-05468,ACC-N-0828,EXT-A-049-3,4481.64,2026-11-17T11:31:32+00:00,ATM
TX-N-05469,ACC-N-0835,ACC-N-0694,2804.72,2026-03-29T22:49:18+00:00,INTERNAL_TRANSFER
TX-N-05470,EXT-A-062-1,ACC-N-0616,42311.74,2026-07-19T11:22:18+00:00,INTERNAL_TRANSFER
TX-N-05471,EXT-A-067-3,ACC-N-0429,539.83,2026-01-21T03:21:34+00:00,INTERNAL_TRANSFER
TX-N-05472,ACC-N-0606,EXT-A-059-3,516.94,2026-02-17T07:30:47+00:00,INTERNAL_TRANSFER
TX-N-05473,ACC-N-0610,ACC-N-0911,3164.14,2026-10-12T08:43:59+00:00,INTERNAL_TRANSFER
TX-N-05474,EXT-A-008-2,ACC-N-0758,3042.62,2026-04-27T17:52:11+00:00,WIRE
TX-N-05475,ACC-N-0890,ACC-N-0955,10575.79,2026-09-21T16:21:42+00:00,INTERNAL_TRANSFER
TX-N-05476,ACC-N-0404,ACC-N-0464,6839.2,2026-05-20T13:24:49+00:00,WIRE
TX-N-05477,EXT-A-040-4,ACC-N-0429,2798.65,2026-02-24T15:11:58+00:00,INTERNAL_TRANSFER
TX-N-05478,ACC-N-0997,EXT-A-067-4,11211.32,2026-08-26T15:41:22+00:00,INTERNAL_TRANSFER
TX-N-05479,ACC-N-0815,EXT-A-055-1,6299.21,2026-11-15T09:23:25+00:00,WIRE
TX-N-05480,ACC-C-PAY-07,ACC-N-0948,1912.15,2026-08-26T07:37:20+00:00,WIRE
TX-N-05481,ACC-N-0772,EXT-A-063-3,1413.89,2026-03-27T16:56:22+00:00,INTERNAL_TRANSFER
TX-N-05482,ACC-N-0461,ACC-N-0426,5188.22,2026-09-02T17:54:02+00:00,INTERNAL_TRANSFER
TX-N-05483,ACC-N-0873,ACC-C-CORP,11018.33,2026-02-27T17:57:56+00:00,INTERNAL_TRANSFER
TX-N-05484,ACC-N-0491,ACC-N-0780,6178.45,2026-01-24T19:39:31+00:00,ATM
TX-N-05485,ACC-N-0484,ACC-N-0539,42306.21,2026-10-15T01:00:56+00:00,INTERNAL_TRANSFER
TX-N-05486,ACC-N-0567,ACC-N-0511,3003.4,2026-11-16T17:59:10+00:00,INTERNAL_TRANSFER
TX-N-05487,ACC-N-0558,ACC-N-0476,4184.2,2026-01-15T14:26:55+00:00,INTERNAL_TRANSFER
TX-N-05488,ACC-N-0837,ACC-B-A,9422.24,2026-08-21T20:54:38+00:00,INTERNAL_TRANSFER
TX-N-05489,ACC-N-0566,ACC-N-0805,2621.37,2026-11-03T03:50:31+00:00,INTERNAL_TRANSFER
TX-N-05490,EXT-A-026-1,EXT-A-060-2,1193.01,2026-06-04T23:36:58+00:00,INTERNAL_TRANSFER
TX-N-05491,ACC-C-HNW-01,ACC-N-0445,4360.88,2026-05-31T21:42:31+00:00,INTERNAL_TRANSFER
TX-N-05492,EXT-A-067-4,ACC-N-0620,877.14,2026-06-11T14:49:17+00:00,ATM
TX-N-05493,ACC-N-0679,EXT-A-038-1,7069.35,2026-04-03T20:50:43+00:00,WIRE
TX-N-05494,EXT-A-052-4,ACC-N-0956,1517.8,2026-02-09T11:24:34+00:00,INTERNAL_TRANSFER
TX-N-05495,EXT-A-036-4,ACC-N-0538,986.49,2026-10-24T02:39:24+00:00,INTERNAL_TRANSFER
TX-N-05496,ACC-N-0583,ACC-N-0543,4261.6,2026-09-26T10:53:17+00:00,INTERNAL_TRANSFER
TX-N-05497,EXT-A-048-3,ACC-N-0537,2100.35,2026-07-20T00:59:22+00:00,INTERNAL_TRANSFER
TX-N-05498,ACC-N-0415,EXT-A-039-2,22408.57,2026-01-12T23:36:33+00:00,INTERNAL_TRANSFER
TX-N-05499,ACC-N-0649,EXT-A-071-1,33408.27,2026-06-21T03:57:34+00:00,INTERNAL_TRANSFER
TX-N-05500,ACC-N-0430,ACC-N-0420,11089.0,2026-08-04T18:08:51+00:00,INTERNAL_TRANSFER
TX-N-05501,ACC-N-0966,ACC-N-0833,3714.08,2026-03-28T16:29:18+00:00,INTERNAL_TRANSFER
TX-N-05502,EXT-A-035-3,ACC-N-0512,17400.02,2026-09-18T07:36:07+00:00,INTERNAL_TRANSFER
TX-N-05503,ACC-N-0790,ACC-N-0987,15717.46,2026-03-31T21:55:37+00:00,INTERNAL_TRANSFER
TX-N-05504,ACC-N-0791,ACC-N-0507,11138.13,2026-03-10T01:52:08+00:00,INTERNAL_TRANSFER
TX-N-05505,EXT-A-062-2,ACC-N-0411,5742.95,2026-08-24T23:08:53+00:00,WIRE
TX-N-05506,EXT-A-032-2,ACC-N-0552,46435.26,2026-02-02T06:23:25+00:00,INTERNAL_TRANSFER
TX-N-05507,ACC-N-0999,ACC-N-0585,4200.98,2026-07-22T12:44:23+00:00,INTERNAL_TRANSFER
TX-N-05508,EXT-A-034-4,ACC-N-0404,7813.89,2026-09-29T08:01:49+00:00,WIRE
TX-N-05509,ACC-N-0714,EXT-A-068-1,2132.05,2026-01-11T02:38:46+00:00,INTERNAL_TRANSFER
TX-N-05510,EXT-A-046-3,ACC-B-03-C,3508.76,2026-11-25T13:31:19+00:00,INTERNAL_TRANSFER
TX-N-05511,ACC-N-0678,ACC-N-0738,9448.37,2026-12-31T20:30:27+00:00,INTERNAL_TRANSFER
TX-N-05512,ACC-N-0658,ACC-N-0990,7293.39,2026-12-03T00:05:23+00:00,WIRE
TX-N-05513,ACC-N-0717,ACC-N-0969,4264.3,2026-04-02T22:57:18+00:00,INTERNAL_TRANSFER
TX-N-05514,ACC-N-0701,EXT-A-040-1,2715.91,2026-02-28T02:50:08+00:00,INTERNAL_TRANSFER
TX-N-05515,EXT-A-027-3,ACC-N-0765,18004.08,2026-11-07T03:26:46+00:00,INTERNAL_TRANSFER
TX-N-05516,EXT-A-012-2,ACC-N-0680,5645.64,2026-12-15T09:25:51+00:00,WIRE
TX-N-05517,ACC-N-0671,ACC-N-0600,9466.1,2026-10-17T11:42:24+00:00,INTERNAL_TRANSFER
TX-N-05518,ACC-N-0703,ACC-N-0853,11114.71,2026-07-04T22:48:55+00:00,WIRE
TX-N-05519,ACC-N-0921,ACC-N-0513,5819.8,2026-12-23T16:25:48+00:00,INTERNAL_TRANSFER
TX-N-05520,EXT-A-065-4,ACC-N-0629,2179.35,2026-11-23T00:46:02+00:00,INTERNAL_TRANSFER
TX-N-05521,ACC-N-0802,ACC-N-0761,38304.55,2026-05-30T15:38:23+00:00,INTERNAL_TRANSFER
TX-N-05522,ACC-N-0973,EXT-A-063-3,3069.22,2026-02-21T15:48:48+00:00,INTERNAL_TRANSFER
TX-N-05523,ACC-N-0951,ACC-N-0907,5919.99,2026-02-13T01:10:23+00:00,INTERNAL_TRANSFER
TX-N-05524,ACC-N-0791,ACC-N-0411,1195.44,2026-01-04T15:03:34+00:00,WIRE
TX-N-05525,ACC-N-0914,EXT-A-027-3,7878.51,2026-09-15T19:04:49+00:00,INTERNAL_TRANSFER
TX-N-05526,EXT-A-017-1,ACC-C-PAY-06,4261.85,2026-03-31T01:24:36+00:00,WIRE
TX-N-05527,ACC-N-0752,ACC-N-0851,4289.27,2026-03-12T23:51:55+00:00,INTERNAL_TRANSFER
TX-N-05528,EXT-A-022-1,ACC-N-0763,5211.82,2026-05-30T18:23:54+00:00,WIRE
TX-N-05529,ACC-N-0975,ACC-N-0563,11524.04,2026-06-25T06:14:11+00:00,WIRE
TX-N-05530,ACC-N-0559,EXT-A-070-3,2775.78,2026-08-29T18:34:50+00:00,WIRE
TX-N-05531,EXT-A-041-3,EXT-A-055-2,3240.54,2026-02-08T19:40:54+00:00,ATM
TX-N-05532,ACC-N-0468,EXT-A-058-2,4623.64,2026-07-14T19:04:18+00:00,WIRE
TX-N-05533,ACC-N-0751,ACC-N-0650,1778.87,2026-09-22T04:04:34+00:00,WIRE
TX-N-05534,EXT-A-012-3,EXT-A-024-2,10958.39,2026-09-17T22:21:20+00:00,WIRE
TX-N-05535,EXT-A-058-4,ACC-B-03-B,843.16,2026-02-02T00:24:00+00:00,INTERNAL_TRANSFER
TX-N-05536,ACC-N-0643,EXT-A-013-3,4849.7,2026-05-21T17:49:55+00:00,INTERNAL_TRANSFER
TX-N-05537,ACC-N-0668,ACC-N-0796,18608.66,2026-07-06T11:32:54+00:00,INTERNAL_TRANSFER
TX-N-05538,EXT-A-023-4,ACC-N-0609,5721.93,2026-10-22T22:32:26+00:00,ATM
TX-N-05539,ACC-N-0408,EXT-A-011-1,7883.07,2026-09-13T06:14:32+00:00,INTERNAL_TRANSFER
TX-N-05540,ACC-N-0641,EXT-A-034-2,2455.88,2026-06-03T19:54:44+00:00,INTERNAL_TRANSFER
TX-N-05541,ACC-N-0640,ACC-N-0506,3891.1,2026-02-23T14:21:54+00:00,WIRE
TX-N-05542,EXT-A-009-4,ACC-N-0738,1779.61,2026-11-27T21:02:22+00:00,WIRE
TX-N-05543,ACC-N-0721,EXT-A-018-4,5921.63,2026-01-28T01:49:47+00:00,INTERNAL_TRANSFER
TX-N-05544,EXT-A-030-1,EXT-A-051-4,1530.76,2026-07-14T17:53:27+00:00,INTERNAL_TRANSFER
TX-N-05545,EXT-A-045-4,ACC-N-0822,6575.65,2026-12-01T20:18:34+00:00,ATM
TX-N-05546,ACC-N-0930,EXT-A-066-4,3565.58,2026-10-31T20:50:51+00:00,WIRE
TX-N-05547,ACC-N-0730,ACC-N-0993,1521.12,2026-11-05T14:50:03+00:00,INTERNAL_TRANSFER
TX-N-05548,ACC-N-0605,ACC-N-0833,5246.3,2026-09-16T02:46:33+00:00,WIRE
TX-N-05549,EXT-A-027-2,ACC-N-0473,862.62,2026-01-13T08:29:31+00:00,INTERNAL_TRANSFER
TX-N-05550,ACC-N-0822,EXT-A-005-3,7819.87,2026-11-30T07:48:37+00:00,INTERNAL_TRANSFER
TX-N-05551,EXT-A-026-3,EXT-A-034-2,19061.31,2026-11-06T08:56:03+00:00,INTERNAL_TRANSFER
TX-N-05552,ACC-N-0656,ACC-N-0500,1576.55,2026-07-17T01:30:31+00:00,INTERNAL_TRANSFER
TX-N-05553,ACC-N-0737,ACC-N-0809,2391.69,2026-04-22T18:00:52+00:00,INTERNAL_TRANSFER
TX-N-05554,EXT-A-052-4,ACC-N-0493,2434.85,2026-04-24T16:07:49+00:00,INTERNAL_TRANSFER
TX-N-05555,ACC-N-0717,ACC-N-0847,93286.88,2026-07-24T19:41:50+00:00,WIRE
TX-N-05556,ACC-N-0936,ACC-N-0620,767.91,2026-02-05T01:10:22+00:00,INTERNAL_TRANSFER
TX-N-05557,ACC-N-0686,EXT-A-067-3,608.69,2026-09-30T02:05:47+00:00,WIRE
TX-N-05558,EXT-A-002-4,ACC-N-0435,11273.36,2026-03-30T07:48:31+00:00,INTERNAL_TRANSFER
TX-N-05559,ACC-N-0830,ACC-N-0565,4632.22,2026-12-25T03:56:35+00:00,INTERNAL_TRANSFER
TX-N-05560,ACC-N-0781,ACC-N-0936,2026.83,2026-02-24T10:19:15+00:00,INTERNAL_TRANSFER
TX-N-05561,ACC-N-0713,ACC-N-0422,3327.73,2026-09-14T10:52:39+00:00,INTERNAL_TRANSFER
TX-N-05562,ACC-N-0828,ACC-N-0724,12418.86,2026-04-28T03:11:18+00:00,INTERNAL_TRANSFER
TX-N-05563,ACC-N-0778,EXT-A-042-3,1607.3,2026-11-10T11:48:00+00:00,INTERNAL_TRANSFER
TX-N-05564,ACC-N-0838,EXT-A-013-2,3930.78,2026-12-03T12:33:44+00:00,INTERNAL_TRANSFER
TX-N-05565,ACC-N-0497,EXT-A-048-2,3123.3,2026-07-11T15:14:26+00:00,INTERNAL_TRANSFER
TX-N-05566,ACC-N-0573,ACC-N-0441,485.92,2026-05-24T02:30:04+00:00,ATM
TX-N-05567,EXT-A-055-4,ACC-N-0619,4440.89,2026-03-25T13:51:34+00:00,INTERNAL_TRANSFER
TX-N-05568,EXT-A-060-4,EXT-A-021-1,3111.82,2026-09-26T17:59:01+00:00,INTERNAL_TRANSFER
TX-N-05569,EXT-A-019-3,ACC-N-0455,14075.34,2026-06-20T09:43:01+00:00,INTERNAL_TRANSFER
TX-N-05570,EXT-A-025-3,ACC-N-0675,6208.16,2026-04-16T05:43:40+00:00,INTERNAL_TRANSFER
TX-N-05571,ACC-N-0574,EXT-A-004-4,1649.26,2026-01-27T18:40:56+00:00,WIRE
TX-N-05572,ACC-N-0984,ACC-N-0978,8044.57,2026-10-30T07:13:33+00:00,WIRE
TX-N-05573,EXT-A-048-2,ACC-N-0976,2934.38,2026-04-04T00:14:51+00:00,INTERNAL_TRANSFER
TX-N-05574,ACC-N-0452,ACC-N-0606,9659.84,2026-11-03T14:39:00+00:00,WIRE
TX-N-05575,ACC-N-0836,ACC-N-0601,6455.7,2026-08-30T06:30:20+00:00,INTERNAL_TRANSFER
TX-N-05576,ACC-N-0634,ACC-N-0643,2785.01,2026-01-04T11:37:59+00:00,INTERNAL_TRANSFER
TX-N-05577,ACC-N-0958,EXT-A-044-2,25391.66,2026-02-01T11:05:31+00:00,INTERNAL_TRANSFER
TX-N-05578,EXT-A-058-2,ACC-N-0472,3697.35,2026-10-17T12:26:31+00:00,WIRE
TX-N-05579,ACC-N-0711,ACC-N-0522,4686.49,2026-09-22T01:42:08+00:00,ATM
TX-N-05580,EXT-A-033-1,EXT-A-055-1,3975.13,2026-01-22T08:04:17+00:00,INTERNAL_TRANSFER
TX-N-05581,ACC-N-0507,EXT-A-035-2,13695.3,2026-01-29T13:18:14+00:00,INTERNAL_TRANSFER
TX-N-05582,ACC-N-0706,ACC-N-0801,6014.88,2026-09-03T10:49:28+00:00,INTERNAL_TRANSFER
TX-N-05583,ACC-N-0504,ACC-N-0964,7518.95,2026-05-27T15:45:59+00:00,WIRE
TX-N-05584,ACC-N-0568,ACC-N-0891,12994.08,2026-06-22T11:15:30+00:00,INTERNAL_TRANSFER
TX-N-05585,ACC-N-0547,ACC-N-0791,7272.82,2026-04-04T07:05:29+00:00,WIRE
TX-N-05586,EXT-A-031-2,ACC-N-0860,6808.41,2026-10-04T01:35:18+00:00,INTERNAL_TRANSFER
TX-N-05587,ACC-N-0974,ACC-N-0979,686.98,2026-06-23T16:49:18+00:00,INTERNAL_TRANSFER
TX-N-05588,EXT-A-016-2,EXT-A-036-4,3192.2,2026-05-15T19:26:12+00:00,INTERNAL_TRANSFER
TX-N-05589,EXT-A-011-1,EXT-A-044-4,40010.93,2026-08-10T20:56:06+00:00,WIRE
TX-N-05590,ACC-N-0579,ACC-N-0568,1471.87,2026-06-14T00:12:05+00:00,WIRE
TX-N-05591,EXT-A-014-1,ACC-N-0709,2872.24,2026-11-07T05:01:59+00:00,INTERNAL_TRANSFER
TX-N-05592,ACC-N-0412,ACC-N-0908,4328.33,2026-01-29T19:22:35+00:00,INTERNAL_TRANSFER
TX-N-05593,ACC-N-0871,ACC-N-0592,6822.43,2026-05-03T04:06:59+00:00,INTERNAL_TRANSFER
TX-N-05594,ACC-N-0452,EXT-A-048-2,16582.83,2026-08-23T11:49:53+00:00,ATM
TX-N-05595,EXT-A-029-4,EXT-A-035-2,2106.81,2026-09-22T05:41:57+00:00,ATM
TX-N-05596,ACC-N-0994,ACC-N-0729,1506.24,2026-10-17T16:47:43+00:00,INTERNAL_TRANSFER
TX-N-05597,ACC-N-0859,ACC-N-0509,4242.2,2026-08-22T01:06:49+00:00,INTERNAL_TRANSFER
TX-N-05598,EXT-A-052-1,EXT-A-061-2,880.86,2026-03-13T04:46:21+00:00,INTERNAL_TRANSFER
TX-N-05599,ACC-N-0785,ACC-N-0492,805.17,2026-01-17T00:06:36+00:00,WIRE
TX-N-05600,ACC-N-0425,ACC-N-0894,4361.91,2026-06-18T17:36:40+00:00,WIRE
TX-N-05601,ACC-N-0749,ACC-N-0988,20048.95,2026-11-07T00:30:02+00:00,ATM
TX-N-05602,ACC-N-0836,EXT-A-049-4,2839.9,2026-02-28T15:59:44+00:00,INTERNAL_TRANSFER
TX-N-05603,ACC-B-02-C,EXT-A-029-3,34893.6,2026-12-09T10:28:09+00:00,INTERNAL_TRANSFER
TX-N-05604,ACC-N-0694,ACC-N-0450,6509.88,2026-09-26T05:14:59+00:00,INTERNAL_TRANSFER
TX-N-05605,ACC-N-0778,EXT-A-016-3,4941.83,2026-03-28T22:13:30+00:00,INTERNAL_TRANSFER
TX-N-05606,EXT-A-046-1,ACC-N-0748,279.65,2026-03-28T22:18:28+00:00,WIRE
TX-N-05607,ACC-N-0460,ACC-N-0655,1343.5,2026-02-24T18:01:15+00:00,ATM
TX-N-05608,ACC-C-HNW-05,ACC-N-0908,5097.37,2026-09-22T15:30:16+00:00,INTERNAL_TRANSFER
TX-N-05609,EXT-A-046-1,ACC-N-0974,5639.7,2026-10-31T03:34:46+00:00,WIRE
TX-N-05610,EXT-A-052-2,ACC-N-0772,5813.04,2026-06-13T18:35:54+00:00,WIRE
TX-N-05611,ACC-N-0593,ACC-N-0833,7114.06,2026-12-07T21:39:50+00:00,INTERNAL_TRANSFER
TX-N-05612,ACC-N-0683,EXT-A-061-2,7045.69,2026-08-04T23:40:26+00:00,INTERNAL_TRANSFER
TX-N-05613,ACC-N-0555,ACC-N-0886,21913.51,2026-04-11T06:04:22+00:00,WIRE
TX-N-05614,EXT-A-046-3,EXT-A-029-2,4671.08,2026-06-25T04:06:27+00:00,INTERNAL_TRANSFER
TX-N-05615,ACC-N-0811,EXT-A-035-4,1904.77,2026-11-11T05:27:33+00:00,INTERNAL_TRANSFER
TX-N-05616,ACC-N-0848,ACC-N-0439,1168.9,2026-10-29T04:24:21+00:00,INTERNAL_TRANSFER
TX-N-05617,EXT-A-059-4,ACC-N-0605,1025.34,2026-07-17T09:42:48+00:00,WIRE
TX-N-05618,EXT-A-039-4,ACC-N-0521,7751.98,2026-04-17T11:34:31+00:00,WIRE
TX-N-05619,ACC-N-0819,ACC-N-0634,11780.23,2026-07-18T10:32:08+00:00,INTERNAL_TRANSFER
TX-N-05620,ACC-N-0995,EXT-A-003-2,4315.14,2026-08-05T09:07:58+00:00,WIRE
TX-N-05621,EXT-A-026-4,EXT-A-048-1,1445.54,2026-01-29T03:45:00+00:00,INTERNAL_TRANSFER
TX-N-05622,EXT-A-072-3,EXT-A-014-2,4094.42,2026-02-09T20:39:17+00:00,WIRE
TX-N-05623,EXT-A-059-2,ACC-N-0948,6398.33,2026-09-07T18:17:39+00:00,ATM
TX-N-05624,ACC-N-0986,ACC-C-PAY-12,14840.56,2026-11-06T22:29:18+00:00,WIRE
TX-N-05625,ACC-B-04-C,EXT-A-024-4,3251.19,2026-12-22T02:05:31+00:00,WIRE
TX-N-05626,ACC-N-0942,ACC-N-0455,2533.19,2026-02-22T09:35:57+00:00,WIRE
TX-N-05627,EXT-A-054-3,ACC-N-0829,2643.1,2026-02-25T20:26:53+00:00,ATM
TX-N-05628,ACC-N-0618,EXT-A-066-3,8211.19,2026-04-15T04:16:18+00:00,INTERNAL_TRANSFER
TX-N-05629,ACC-N-0651,ACC-N-0504,250.93,2026-05-03T03:17:33+00:00,INTERNAL_TRANSFER
TX-N-05630,EXT-A-068-4,ACC-C-PAY-04,2884.31,2026-02-22T12:40:41+00:00,INTERNAL_TRANSFER
TX-N-05631,ACC-N-0510,ACC-N-0791,1006.42,2026-10-14T17:25:34+00:00,INTERNAL_TRANSFER
TX-N-05632,ACC-N-0968,EXT-A-031-4,22121.32,2026-08-17T18:42:04+00:00,INTERNAL_TRANSFER
TX-N-05633,EXT-A-019-1,EXT-A-037-1,3365.03,2026-02-01T03:27:28+00:00,INTERNAL_TRANSFER
TX-N-05634,ACC-N-0396,ACC-N-0713,4278.48,2026-05-13T12:33:07+00:00,INTERNAL_TRANSFER
TX-N-05635,ACC-N-0595,EXT-A-002-3,4265.71,2026-03-18T22:14:26+00:00,WIRE
TX-N-05636,ACC-N-0906,ACC-N-0909,2046.12,2026-03-26T00:37:38+00:00,INTERNAL_TRANSFER
TX-N-05637,EXT-A-005-2,ACC-N-0803,31593.68,2026-01-04T19:33:39+00:00,INTERNAL_TRANSFER
TX-N-05638,EXT-A-064-3,EXT-A-066-1,28291.35,2026-12-29T03:17:20+00:00,INTERNAL_TRANSFER
TX-N-05639,ACC-N-0754,EXT-A-034-3,2259.17,2026-02-17T07:01:20+00:00,INTERNAL_TRANSFER
TX-N-05640,EXT-A-035-3,ACC-N-0436,2485.18,2026-04-10T13:54:26+00:00,ATM
TX-N-05641,ACC-N-0882,EXT-A-059-4,11600.79,2026-02-22T03:22:25+00:00,WIRE
TX-N-05642,EXT-A-015-2,EXT-A-065-3,5166.67,2026-09-01T23:08:21+00:00,INTERNAL_TRANSFER
TX-N-05643,ACC-N-0875,ACC-N-0569,1424.8,2026-04-01T02:07:45+00:00,INTERNAL_TRANSFER
TX-N-05644,EXT-A-031-4,ACC-N-0540,4761.51,2026-07-28T15:36:09+00:00,INTERNAL_TRANSFER
TX-N-05645,ACC-N-0791,EXT-A-013-2,3226.11,2026-01-26T06:34:28+00:00,WIRE
TX-N-05646,EXT-A-034-2,ACC-N-0839,2620.85,2026-06-30T12:58:27+00:00,INTERNAL_TRANSFER
TX-N-05647,EXT-A-044-3,ACC-N-0921,44692.83,2026-11-01T16:05:39+00:00,INTERNAL_TRANSFER
TX-N-05648,EXT-A-036-2,ACC-N-0595,6783.14,2026-03-26T17:23:18+00:00,INTERNAL_TRANSFER
TX-N-05649,ACC-C-HNW-05,ACC-N-0832,4269.47,2026-09-15T03:24:16+00:00,INTERNAL_TRANSFER
TX-N-05650,EXT-A-064-1,ACC-N-0834,15574.89,2026-02-26T19:31:11+00:00,INTERNAL_TRANSFER
TX-N-05651,EXT-A-043-2,ACC-N-0503,1819.78,2026-09-05T14:23:54+00:00,INTERNAL_TRANSFER
TX-N-05652,EXT-A-064-1,ACC-N-0987,22602.81,2026-11-22T05:20:25+00:00,INTERNAL_TRANSFER
TX-N-05653,ACC-N-0910,EXT-A-061-4,4327.72,2026-03-22T09:30:52+00:00,ATM
TX-N-05654,ACC-N-0780,ACC-N-0946,4782.01,2026-10-31T19:10:01+00:00,WIRE
TX-N-05655,ACC-N-0704,EXT-A-061-4,23343.44,2026-10-21T00:32:21+00:00,WIRE
TX-N-05656,EXT-A-033-1,ACC-N-0397,2401.93,2026-09-28T14:41:20+00:00,INTERNAL_TRANSFER
TX-N-05657,EXT-A-062-2,ACC-N-0976,6461.06,2026-08-15T22:28:40+00:00,ATM
TX-N-05658,ACC-N-0562,ACC-N-0497,5321.67,2026-10-01T03:51:20+00:00,WIRE
TX-N-05659,ACC-N-0793,EXT-A-008-3,2659.03,2026-10-25T08:25:30+00:00,INTERNAL_TRANSFER
TX-N-05660,EXT-A-012-3,EXT-A-051-2,3609.96,2026-07-17T13:32:35+00:00,WIRE
TX-N-05661,ACC-N-0549,ACC-N-0876,2724.39,2026-05-14T23:58:29+00:00,INTERNAL_TRANSFER
TX-N-05662,EXT-A-034-1,EXT-A-061-3,3888.62,2026-07-25T18:56:08+00:00,WIRE
TX-N-05663,EXT-A-069-2,ACC-N-0512,4198.64,2026-02-02T19:56:17+00:00,WIRE
TX-N-05664,ACC-N-0826,ACC-N-0599,49018.84,2026-01-31T18:30:51+00:00,INTERNAL_TRANSFER
TX-N-05665,ACC-C-CORP,EXT-A-035-2,5349.33,2026-07-29T05:37:40+00:00,WIRE
TX-N-05666,ACC-N-0988,ACC-N-0995,6745.09,2026-06-16T19:31:23+00:00,INTERNAL_TRANSFER
TX-N-05667,ACC-N-0616,ACC-N-0920,13549.58,2026-07-20T03:50:20+00:00,INTERNAL_TRANSFER
TX-N-05668,EXT-A-002-1,ACC-N-0738,1845.4,2026-06-30T12:00:49+00:00,INTERNAL_TRANSFER
TX-N-05669,EXT-A-050-1,ACC-N-0773,1392.22,2026-01-02T11:37:40+00:00,WIRE
TX-N-05670,ACC-N-0652,EXT-A-008-4,973.65,2026-06-21T06:24:15+00:00,WIRE
TX-N-05671,EXT-A-051-3,EXT-A-053-1,2514.42,2026-10-30T23:29:04+00:00,INTERNAL_TRANSFER
TX-N-05672,EXT-A-012-2,ACC-N-0549,5156.38,2026-08-09T10:26:17+00:00,INTERNAL_TRANSFER
TX-N-05673,ACC-N-0922,ACC-N-0630,2095.58,2026-01-10T18:29:21+00:00,INTERNAL_TRANSFER
TX-N-05674,ACC-N-0681,ACC-N-0867,11603.78,2026-07-05T23:59:51+00:00,INTERNAL_TRANSFER
TX-N-05675,EXT-A-002-1,ACC-N-0793,14126.46,2026-11-26T03:00:02+00:00,INTERNAL_TRANSFER
TX-N-05676,ACC-N-0496,EXT-A-069-1,3562.37,2026-04-23T11:23:36+00:00,INTERNAL_TRANSFER
TX-N-05677,ACC-N-0797,ACC-N-0409,36649.1,2026-11-29T20:20:58+00:00,WIRE
TX-N-05678,ACC-N-0633,EXT-A-047-2,1550.69,2026-10-17T23:21:44+00:00,INTERNAL_TRANSFER
TX-N-05679,ACC-N-0794,ACC-N-0634,25283.66,2026-07-06T07:15:01+00:00,INTERNAL_TRANSFER
TX-N-05680,ACC-N-0650,ACC-N-0786,3715.92,2026-10-17T15:50:36+00:00,WIRE
TX-N-05681,ACC-N-0973,ACC-N-0706,5055.14,2026-09-25T06:35:24+00:00,WIRE
TX-N-05682,ACC-N-0683,EXT-A-030-3,5538.92,2026-01-04T13:23:26+00:00,INTERNAL_TRANSFER
TX-N-05683,EXT-A-029-2,ACC-N-0988,1522.13,2026-08-22T13:09:00+00:00,ATM
TX-N-05684,ACC-N-0836,ACC-N-0429,7790.28,2026-06-12T00:25:22+00:00,INTERNAL_TRANSFER
TX-N-05685,ACC-N-0842,EXT-A-028-2,1534.76,2026-11-08T20:40:05+00:00,INTERNAL_TRANSFER
TX-N-05686,EXT-A-041-4,EXT-A-057-3,1097.17,2026-02-25T21:40:31+00:00,WIRE
TX-N-05687,EXT-A-011-1,ACC-N-0564,2396.34,2026-08-17T08:18:05+00:00,WIRE
TX-N-05688,EXT-A-039-1,ACC-N-0718,2165.51,2026-10-15T21:34:15+00:00,INTERNAL_TRANSFER
TX-N-05689,ACC-N-0677,ACC-N-0796,9452.4,2026-04-27T13:56:42+00:00,INTERNAL_TRANSFER
TX-N-05690,ACC-N-0462,ACC-N-0846,2494.4,2026-10-11T04:53:36+00:00,WIRE
TX-N-05691,ACC-N-0605,ACC-N-0810,7486.3,2026-01-12T23:15:46+00:00,INTERNAL_TRANSFER
TX-N-05692,EXT-A-012-1,EXT-A-011-2,40678.57,2026-09-09T07:47:46+00:00,INTERNAL_TRANSFER
TX-N-05693,ACC-N-0446,EXT-A-039-2,4715.83,2026-01-01T20:08:39+00:00,INTERNAL_TRANSFER
TX-N-05694,ACC-N-0659,EXT-A-067-4,22176.24,2026-05-13T08:45:16+00:00,ATM
TX-N-05695,EXT-A-018-2,ACC-N-0716,4411.19,2026-05-10T14:51:15+00:00,INTERNAL_TRANSFER
TX-N-05696,EXT-A-062-4,ACC-N-0696,4394.85,2026-12-21T04:14:16+00:00,WIRE
TX-N-05697,EXT-A-038-2,ACC-B-B,7110.03,2026-12-10T11:14:30+00:00,INTERNAL_TRANSFER
TX-N-05698,ACC-N-0420,EXT-A-004-3,74868.81,2026-02-23T14:59:37+00:00,ATM
TX-N-05699,EXT-A-006-2,ACC-N-0671,36788.06,2026-03-03T04:29:59+00:00,INTERNAL_TRANSFER
TX-N-05700,EXT-A-068-4,ACC-N-0420,1463.76,2026-03-12T23:32:08+00:00,WIRE
TX-N-05701,ACC-N-0426,EXT-A-051-2,5680.26,2026-04-29T08:51:05+00:00,INTERNAL_TRANSFER
TX-N-05702,ACC-N-0558,EXT-A-067-2,1140.69,2026-08-10T20:44:38+00:00,WIRE
TX-N-05703,ACC-N-0878,EXT-A-069-3,12266.24,2026-07-06T00:33:07+00:00,WIRE
TX-N-05704,ACC-N-0603,ACC-N-0482,6839.07,2026-10-13T14:44:16+00:00,INTERNAL_TRANSFER
TX-N-05705,EXT-A-039-1,EXT-A-028-1,807.83,2026-12-21T16:07:05+00:00,INTERNAL_TRANSFER
TX-N-05706,ACC-N-0520,ACC-N-0782,2928.43,2026-01-02T21:30:46+00:00,WIRE
TX-N-05707,ACC-N-0750,ACC-N-0729,57517.46,2026-10-04T13:55:10+00:00,INTERNAL_TRANSFER
TX-N-05708,ACC-N-0817,EXT-A-060-4,4985.95,2026-10-30T00:34:00+00:00,INTERNAL_TRANSFER
TX-N-05709,EXT-A-004-2,EXT-A-019-2,6496.57,2026-03-21T17:02:07+00:00,INTERNAL_TRANSFER
TX-N-05710,ACC-N-0848,ACC-N-0459,7721.07,2026-12-29T09:27:21+00:00,INTERNAL_TRANSFER
TX-N-05711,ACC-N-0768,ACC-N-0879,5326.0,2026-04-28T05:56:53+00:00,INTERNAL_TRANSFER
TX-N-05712,EXT-A-030-2,EXT-A-045-2,29302.02,2026-04-13T01:12:28+00:00,INTERNAL_TRANSFER
TX-N-05713,EXT-A-016-2,EXT-A-052-2,7578.82,2026-03-17T23:32:59+00:00,INTERNAL_TRANSFER
TX-N-05714,ACC-N-0936,ACC-N-0890,14718.94,2026-11-27T05:21:51+00:00,WIRE
TX-N-05715,EXT-A-016-1,ACC-C-HNW-01,6635.5,2026-07-02T04:40:46+00:00,INTERNAL_TRANSFER
TX-N-05716,EXT-A-042-2,ACC-N-0865,2152.71,2026-12-06T19:07:08+00:00,INTERNAL_TRANSFER
TX-N-05717,ACC-N-0869,ACC-N-0641,4910.92,2026-07-11T01:24:19+00:00,INTERNAL_TRANSFER
TX-N-05718,ACC-N-0907,ACC-N-0794,5101.88,2026-10-24T00:46:58+00:00,INTERNAL_TRANSFER
TX-N-05719,ACC-N-0807,ACC-N-0612,1743.25,2026-07-31T14:15:46+00:00,INTERNAL_TRANSFER
TX-N-05720,EXT-A-037-4,ACC-N-0410,801.16,2026-06-16T18:42:42+00:00,INTERNAL_TRANSFER
TX-N-05721,EXT-A-052-4,ACC-N-0945,784.56,2026-02-17T17:40:09+00:00,INTERNAL_TRANSFER
TX-N-05722,ACC-N-0694,ACC-N-0935,624.17,2026-02-19T07:41:28+00:00,WIRE
TX-N-05723,EXT-A-047-4,EXT-A-004-1,7735.96,2026-10-25T03:53:48+00:00,INTERNAL_TRANSFER
TX-N-05724,EXT-A-061-3,ACC-N-0871,5946.08,2026-02-01T14:34:56+00:00,INTERNAL_TRANSFER
TX-N-05725,ACC-N-0772,ACC-N-0763,2172.02,2026-08-13T18:02:01+00:00,INTERNAL_TRANSFER
TX-N-05726,ACC-N-0724,EXT-A-020-2,20802.78,2026-05-31T14:49:25+00:00,ATM
TX-N-05727,EXT-A-003-2,EXT-A-055-2,2155.55,2026-08-04T09:42:23+00:00,WIRE
TX-N-05728,EXT-A-064-4,ACC-N-0765,10158.34,2026-06-04T08:50:39+00:00,INTERNAL_TRANSFER
TX-N-05729,EXT-A-047-2,EXT-A-002-3,1104.86,2026-04-18T06:03:56+00:00,INTERNAL_TRANSFER
TX-N-05730,EXT-A-039-4,EXT-A-033-3,14293.14,2026-08-24T21:35:22+00:00,WIRE
TX-N-05731,EXT-A-022-3,ACC-N-0961,6046.99,2026-01-09T02:00:04+00:00,INTERNAL_TRANSFER
TX-N-05732,EXT-A-053-3,ACC-N-0816,16340.61,2026-07-17T06:21:36+00:00,INTERNAL_TRANSFER
TX-N-05733,ACC-N-0866,EXT-A-036-3,7517.97,2026-02-21T01:07:15+00:00,INTERNAL_TRANSFER
TX-N-05734,ACC-N-0817,ACC-N-0718,24263.8,2026-08-16T23:22:33+00:00,WIRE
TX-N-05735,ACC-N-0639,ACC-N-0398,7460.4,2026-10-25T03:38:57+00:00,INTERNAL_TRANSFER
TX-N-05736,EXT-A-021-1,ACC-C-HNW-05,2765.79,2026-12-24T03:48:42+00:00,INTERNAL_TRANSFER
TX-N-05737,EXT-A-020-4,ACC-N-0814,2501.18,2026-01-05T14:38:07+00:00,INTERNAL_TRANSFER
TX-N-05738,EXT-A-044-4,ACC-N-0604,7708.43,2026-03-01T03:00:14+00:00,INTERNAL_TRANSFER
TX-N-05739,EXT-A-059-2,ACC-N-0640,75447.98,2026-03-21T15:43:11+00:00,ATM
TX-N-05740,ACC-N-0644,EXT-A-070-2,45492.38,2026-09-12T19:37:32+00:00,WIRE
TX-N-05741,ACC-N-0910,ACC-B-04-B,1615.65,2026-07-02T04:32:42+00:00,INTERNAL_TRANSFER
TX-N-05742,EXT-A-120482,EXT-A-046-3,553.58,2026-10-13T12:26:06+00:00,WIRE
TX-N-05743,ACC-N-0948,ACC-N-0569,13568.86,2026-12-16T07:32:58+00:00,INTERNAL_TRANSFER
TX-N-05744,ACC-N-0399,EXT-A-037-2,3579.18,2026-05-07T17:40:28+00:00,INTERNAL_TRANSFER
TX-N-05745,ACC-N-0672,ACC-N-0782,758.92,2026-11-29T06:44:19+00:00,ATM
TX-N-05746,ACC-N-0966,ACC-N-0586,4831.12,2026-09-04T03:49:47+00:00,INTERNAL_TRANSFER
TX-N-05747,EXT-A-061-3,EXT-A-047-1,5457.22,2026-02-26T08:16:03+00:00,WIRE
TX-N-05748,ACC-N-0697,EXT-A-029-3,2160.21,2026-05-03T20:23:38+00:00,WIRE
TX-N-05749,ACC-N-0673,EXT-A-012-2,8404.38,2026-12-09T14:50:19+00:00,INTERNAL_TRANSFER
TX-N-05750,ACC-N-0436,ACC-N-0973,570.86,2026-09-16T12:42:06+00:00,INTERNAL_TRANSFER
TX-N-05751,ACC-N-0660,ACC-N-0977,6037.8,2026-04-20T10:18:03+00:00,INTERNAL_TRANSFER
TX-N-05752,EXT-A-028-2,ACC-N-0935,1834.77,2026-09-27T20:54:07+00:00,INTERNAL_TRANSFER
TX-N-05753,ACC-N-0924,ACC-N-0692,2426.68,2026-09-29T21:25:32+00:00,ATM
TX-N-05754,ACC-N-0451,EXT-A-039-3,12951.64,2026-01-29T05:14:00+00:00,INTERNAL_TRANSFER
TX-N-05755,ACC-N-0686,EXT-A-007-1,5190.47,2026-10-25T15:05:47+00:00,INTERNAL_TRANSFER
TX-N-05756,ACC-N-0605,ACC-N-0767,7385.68,2026-12-14T19:49:18+00:00,INTERNAL_TRANSFER
TX-N-05757,ACC-N-0794,ACC-N-0769,9040.5,2026-07-08T11:37:25+00:00,WIRE
TX-N-05758,EXT-A-038-3,EXT-A-018-4,4147.99,2026-06-30T15:21:50+00:00,INTERNAL_TRANSFER
TX-N-05759,EXT-A-867458,ACC-N-0716,5248.38,2026-01-15T05:35:35+00:00,INTERNAL_TRANSFER
TX-N-05760,ACC-N-0823,ACC-N-0785,947.36,2026-09-14T08:05:38+00:00,ATM
TX-N-05761,ACC-N-0945,EXT-A-004-2,16463.4,2026-08-24T05:39:39+00:00,WIRE
TX-N-05762,EXT-A-035-4,ACC-N-0639,3127.28,2026-06-07T10:13:18+00:00,WIRE
TX-N-05763,ACC-N-0937,ACC-N-0584,2731.12,2026-01-25T04:06:34+00:00,INTERNAL_TRANSFER
TX-N-05764,ACC-N-0695,ACC-N-0779,40145.33,2026-01-23T09:21:09+00:00,INTERNAL_TRANSFER
TX-N-05765,EXT-A-053-4,ACC-N-0721,3946.35,2026-08-18T19:46:52+00:00,INTERNAL_TRANSFER
TX-N-05766,ACC-N-0906,ACC-N-0437,1296.67,2026-07-10T09:55:40+00:00,INTERNAL_TRANSFER
TX-N-05767,ACC-N-0635,ACC-N-0861,14865.24,2026-10-10T09:09:36+00:00,INTERNAL_TRANSFER
TX-N-05768,ACC-N-0913,ACC-N-0631,2801.54,2026-05-09T06:24:10+00:00,INTERNAL_TRANSFER
TX-N-05769,ACC-N-0999,ACC-C-HNW-06,1857.49,2026-03-17T21:31:45+00:00,WIRE
TX-N-05770,EXT-A-029-1,ACC-N-0629,1318.16,2026-12-13T21:50:12+00:00,INTERNAL_TRANSFER
TX-N-05771,ACC-N-0610,EXT-A-039-1,2699.65,2026-02-02T07:27:00+00:00,INTERNAL_TRANSFER
TX-N-05772,ACC-N-0430,ACC-N-0472,1626.94,2026-12-29T03:03:00+00:00,INTERNAL_TRANSFER
TX-N-05773,ACC-N-0642,ACC-N-0861,10201.89,2026-02-02T12:14:33+00:00,INTERNAL_TRANSFER
TX-N-05774,EXT-A-065-4,EXT-A-032-2,9944.13,2026-06-07T03:32:48+00:00,INTERNAL_TRANSFER
TX-N-05775,ACC-N-0938,EXT-A-070-2,4191.68,2026-10-07T05:58:28+00:00,ATM
TX-N-05776,ACC-N-0789,ACC-N-0795,2135.44,2026-01-11T04:51:28+00:00,WIRE
TX-N-05777,EXT-A-013-1,EXT-A-019-2,1505.75,2026-06-27T04:20:32+00:00,ATM
TX-N-05778,ACC-N-0483,EXT-A-065-2,13943.9,2026-03-19T10:28:35+00:00,INTERNAL_TRANSFER
TX-N-05779,EXT-A-010-4,ACC-N-0550,2278.35,2026-01-30T12:27:42+00:00,INTERNAL_TRANSFER
TX-N-05780,EXT-A-040-2,ACC-N-0632,8312.21,2026-11-07T03:01:18+00:00,INTERNAL_TRANSFER
TX-N-05781,ACC-N-0483,ACC-N-0745,4882.81,2026-09-04T03:44:30+00:00,INTERNAL_TRANSFER
TX-N-05782,ACC-N-0448,EXT-A-025-2,3420.04,2026-07-17T08:29:28+00:00,INTERNAL_TRANSFER
TX-N-05783,ACC-N-0405,ACC-N-0829,4858.43,2026-07-23T12:43:57+00:00,INTERNAL_TRANSFER
TX-N-05784,ACC-B-03-B,ACC-N-0435,543.45,2026-09-24T18:58:07+00:00,INTERNAL_TRANSFER
TX-N-05785,ACC-N-0810,EXT-A-040-4,5408.98,2026-12-05T13:29:18+00:00,ATM
TX-N-05786,ACC-N-0451,ACC-N-0589,4540.15,2026-11-30T12:21:46+00:00,INTERNAL_TRANSFER
TX-N-05787,EXT-A-054-4,ACC-N-0838,3912.41,2026-09-24T11:58:14+00:00,INTERNAL_TRANSFER
TX-N-05788,ACC-N-0434,EXT-A-003-3,9726.87,2026-08-31T11:12:14+00:00,INTERNAL_TRANSFER
TX-N-05789,EXT-A-066-1,ACC-N-0513,3575.12,2026-05-09T21:55:34+00:00,INTERNAL_TRANSFER
TX-N-05790,ACC-N-0684,ACC-N-0647,11626.48,2026-05-15T23:52:47+00:00,INTERNAL_TRANSFER
TX-N-05791,EXT-A-072-3,ACC-N-0756,6694.3,2026-03-27T12:28:32+00:00,INTERNAL_TRANSFER
TX-N-05792,ACC-N-0748,ACC-N-0527,58029.55,2026-12-16T23:57:17+00:00,INTERNAL_TRANSFER
TX-N-05793,ACC-N-0438,EXT-A-011-3,3467.71,2026-08-12T20:32:26+00:00,WIRE
TX-N-05794,ACC-N-0592,ACC-N-0452,6325.1,2026-05-11T22:33:01+00:00,INTERNAL_TRANSFER
TX-N-05795,ACC-N-0757,ACC-N-0842,4060.03,2026-05-24T09:35:12+00:00,INTERNAL_TRANSFER
TX-N-05796,ACC-N-0608,EXT-A-010-1,11988.75,2026-01-16T07:10:06+00:00,WIRE
TX-N-05797,ACC-N-0537,ACC-B-C,10800.99,2026-09-05T23:17:06+00:00,WIRE
TX-N-05798,ACC-N-0570,ACC-N-0837,3650.6,2026-12-26T03:42:29+00:00,INTERNAL_TRANSFER
TX-N-05799,ACC-N-0460,EXT-A-029-3,4414.38,2026-12-07T05:08:04+00:00,INTERNAL_TRANSFER
TX-N-05800,ACC-N-0392,ACC-N-0976,10814.27,2026-09-02T19:14:47+00:00,INTERNAL_TRANSFER
TX-N-05801,EXT-A-041-4,ACC-N-0902,5372.51,2026-06-27T20:29:43+00:00,INTERNAL_TRANSFER
TX-N-05802,EXT-A-033-3,ACC-N-0945,11071.15,2026-02-28T19:15:37+00:00,WIRE
TX-N-05803,EXT-A-017-4,ACC-N-0743,5467.6,2026-07-10T12:56:22+00:00,WIRE
TX-N-05804,EXT-A-120482,EXT-A-026-1,3165.56,2026-01-14T17:53:14+00:00,WIRE
TX-N-05805,ACC-N-0745,EXT-A-067-1,2033.55,2026-01-06T09:23:05+00:00,INTERNAL_TRANSFER
TX-N-05806,ACC-N-0745,EXT-A-069-2,41256.4,2026-09-05T10:19:58+00:00,INTERNAL_TRANSFER
TX-N-05807,EXT-A-044-4,EXT-A-120482,7553.34,2026-01-14T22:48:03+00:00,ATM
TX-N-05808,EXT-A-030-3,ACC-N-0575,599.76,2026-10-19T18:28:06+00:00,INTERNAL_TRANSFER
TX-N-05809,EXT-A-062-4,ACC-N-0422,2560.89,2026-11-16T16:43:16+00:00,WIRE
TX-N-05810,ACC-N-0556,EXT-A-069-4,3079.74,2026-12-01T05:56:48+00:00,INTERNAL_TRANSFER
TX-N-05811,ACC-N-0965,ACC-N-0859,13863.66,2026-06-19T10:14:19+00:00,INTERNAL_TRANSFER
TX-N-05812,EXT-A-019-1,EXT-A-036-3,4462.8,2026-04-25T10:00:02+00:00,ATM
TX-N-05813,EXT-A-051-1,ACC-N-0638,19923.01,2026-03-02T08:35:00+00:00,INTERNAL_TRANSFER
TX-N-05814,ACC-N-0536,ACC-N-0499,7137.14,2026-07-22T23:26:15+00:00,WIRE
TX-N-05815,ACC-N-0695,ACC-N-0918,7583.7,2026-07-30T12:09:43+00:00,WIRE
TX-N-05816,EXT-A-120482,EXT-A-046-2,2441.47,2026-01-24T06:31:08+00:00,INTERNAL_TRANSFER
TX-N-05817,EXT-A-051-1,EXT-A-027-3,6560.53,2026-05-21T07:54:48+00:00,INTERNAL_TRANSFER
TX-N-05818,ACC-N-0489,ACC-N-0677,1361.6,2026-11-12T17:29:35+00:00,INTERNAL_TRANSFER
TX-N-05819,ACC-N-0902,EXT-A-051-1,879.0,2026-03-10T05:39:39+00:00,INTERNAL_TRANSFER
TX-N-05820,ACC-N-0427,ACC-N-0460,4617.79,2026-10-09T04:56:23+00:00,INTERNAL_TRANSFER
TX-N-05821,ACC-C-PAY-03,EXT-A-072-2,26259.15,2026-03-27T08:21:02+00:00,WIRE
TX-N-05822,ACC-B-04-C,ACC-N-0757,8222.21,2026-07-25T00:09:58+00:00,INTERNAL_TRANSFER
TX-N-05823,ACC-N-0526,EXT-A-026-3,4358.58,2026-01-28T10:29:32+00:00,INTERNAL_TRANSFER
TX-N-05824,EXT-A-059-4,ACC-N-0420,5277.38,2026-05-06T00:09:55+00:00,INTERNAL_TRANSFER
TX-N-05825,ACC-C-CORP,EXT-A-014-3,3565.69,2026-04-19T18:30:02+00:00,INTERNAL_TRANSFER
TX-N-05826,ACC-N-0793,ACC-N-0892,2478.41,2026-04-02T17:22:13+00:00,INTERNAL_TRANSFER
TX-N-05827,ACC-N-0396,ACC-N-0471,4480.46,2026-03-09T04:08:16+00:00,INTERNAL_TRANSFER
TX-N-05828,EXT-A-050-3,ACC-N-0946,1041.18,2026-11-17T09:29:21+00:00,WIRE
TX-N-05829,EXT-A-023-2,ACC-N-0495,1396.77,2026-02-13T08:35:20+00:00,INTERNAL_TRANSFER
TX-N-05830,ACC-N-0589,EXT-A-908166,6634.31,2026-11-16T17:53:22+00:00,WIRE
TX-N-05831,ACC-N-0860,EXT-A-053-3,1366.84,2026-07-15T23:12:43+00:00,INTERNAL_TRANSFER
TX-N-05832,ACC-N-0985,EXT-A-026-3,8457.62,2026-02-11T03:35:11+00:00,INTERNAL_TRANSFER
TX-N-05833,ACC-N-0647,ACC-N-0700,1193.13,2026-11-03T21:16:41+00:00,WIRE
TX-N-05834,ACC-N-0920,ACC-N-0774,760.13,2026-10-09T19:31:51+00:00,INTERNAL_TRANSFER
TX-N-05835,EXT-A-002-4,ACC-N-0747,15250.92,2026-12-27T02:13:10+00:00,INTERNAL_TRANSFER
TX-N-05836,ACC-N-0785,ACC-N-0794,1882.35,2026-06-20T02:41:55+00:00,INTERNAL_TRANSFER
TX-N-05837,ACC-N-0937,EXT-A-023-3,13601.86,2026-12-30T23:49:25+00:00,ATM
TX-N-05838,ACC-N-0599,ACC-N-0698,4208.02,2026-03-28T21:38:06+00:00,INTERNAL_TRANSFER
TX-N-05839,EXT-A-042-2,EXT-A-058-4,1889.06,2026-03-26T10:52:36+00:00,WIRE
TX-N-05840,ACC-N-0430,EXT-A-016-4,5371.17,2026-10-19T18:30:41+00:00,INTERNAL_TRANSFER
TX-N-05841,ACC-N-0678,EXT-A-028-4,3798.08,2026-11-11T22:28:22+00:00,INTERNAL_TRANSFER
TX-N-05842,ACC-N-0727,EXT-A-025-3,3504.91,2026-11-17T09:50:08+00:00,INTERNAL_TRANSFER
TX-N-05843,ACC-N-0395,EXT-A-003-2,2409.27,2026-07-14T20:12:41+00:00,INTERNAL_TRANSFER
TX-N-05844,EXT-A-023-1,ACC-N-0435,595.8,2026-07-17T02:07:07+00:00,INTERNAL_TRANSFER
TX-N-05845,EXT-A-030-4,ACC-N-0668,4653.71,2026-05-12T22:04:08+00:00,INTERNAL_TRANSFER
TX-N-05846,ACC-N-0604,ACC-N-0768,2406.29,2026-10-18T16:40:17+00:00,INTERNAL_TRANSFER
TX-N-05847,ACC-N-0684,ACC-N-0994,4816.02,2026-10-10T12:22:55+00:00,INTERNAL_TRANSFER
TX-N-05848,EXT-A-060-2,ACC-N-0756,5973.35,2026-10-07T18:43:09+00:00,INTERNAL_TRANSFER
TX-N-05849,EXT-A-030-1,ACC-N-0670,7701.79,2026-11-04T16:03:47+00:00,INTERNAL_TRANSFER
TX-N-05850,ACC-N-0704,EXT-A-056-4,948.39,2026-09-17T03:15:28+00:00,INTERNAL_TRANSFER
TX-N-05851,EXT-A-018-1,EXT-A-043-2,1416.85,2026-12-24T11:13:10+00:00,ATM
TX-N-05852,EXT-A-012-4,EXT-A-049-2,3136.88,2026-06-29T18:09:32+00:00,INTERNAL_TRANSFER
TX-N-05853,ACC-N-0470,ACC-N-0590,8032.23,2026-04-29T22:49:17+00:00,WIRE
TX-N-05854,EXT-A-068-2,ACC-N-0592,22208.11,2026-06-06T23:41:13+00:00,INTERNAL_TRANSFER
TX-N-05855,EXT-A-059-4,ACC-N-0942,2777.55,2026-11-06T15:59:06+00:00,ATM
TX-N-05856,ACC-N-0793,ACC-N-0474,5215.16,2026-05-08T10:28:58+00:00,INTERNAL_TRANSFER
TX-N-05857,EXT-A-051-4,EXT-A-024-2,681.17,2026-03-23T01:37:12+00:00,INTERNAL_TRANSFER
TX-N-05858,ACC-N-0735,ACC-N-0766,10475.57,2026-09-28T04:56:38+00:00,WIRE
TX-N-05859,ACC-N-0756,ACC-N-0515,3872.64,2026-04-01T20:33:21+00:00,ATM
TX-N-05860,ACC-C-HNW-04,ACC-N-0495,1860.22,2026-01-12T13:07:55+00:00,INTERNAL_TRANSFER
TX-N-05861,ACC-N-0977,ACC-N-0450,2931.75,2026-02-13T06:18:10+00:00,INTERNAL_TRANSFER
TX-N-05862,ACC-N-0939,ACC-N-0652,1111.93,2026-03-27T04:22:46+00:00,INTERNAL_TRANSFER
TX-N-05863,ACC-N-0874,EXT-A-002-4,6997.23,2026-10-04T18:05:09+00:00,INTERNAL_TRANSFER
TX-N-05864,ACC-N-0691,ACC-N-0915,2946.37,2026-08-24T13:49:52+00:00,WIRE
TX-N-05865,EXT-A-068-2,EXT-A-050-2,6703.88,2026-07-10T10:25:12+00:00,INTERNAL_TRANSFER
TX-N-05866,ACC-N-0396,ACC-N-0773,34205.73,2026-10-17T16:21:12+00:00,WIRE
TX-N-05867,EXT-A-047-2,ACC-N-0412,2368.9,2026-11-26T15:34:40+00:00,INTERNAL_TRANSFER
TX-N-05868,EXT-A-057-1,ACC-N-0745,671.2,2026-01-04T16:24:50+00:00,WIRE
TX-N-05869,EXT-A-009-2,EXT-A-021-1,3120.6,2026-06-15T12:13:30+00:00,INTERNAL_TRANSFER
TX-N-05870,ACC-N-0842,ACC-N-0835,7531.57,2026-12-04T14:28:07+00:00,INTERNAL_TRANSFER
TX-N-05871,EXT-A-005-4,ACC-N-0608,1256.98,2026-03-29T13:35:42+00:00,INTERNAL_TRANSFER
TX-N-05872,ACC-N-0697,ACC-N-0838,1418.54,2026-11-03T07:37:54+00:00,ATM
TX-N-05873,ACC-N-0866,EXT-A-004-2,5382.54,2026-12-25T07:25:04+00:00,WIRE
TX-N-05874,ACC-N-0406,ACC-N-0829,10813.25,2026-04-05T05:54:21+00:00,INTERNAL_TRANSFER
TX-N-05875,ACC-N-1000,ACC-N-0829,763.24,2026-04-25T00:06:38+00:00,INTERNAL_TRANSFER
TX-N-05876,ACC-N-0896,ACC-N-0692,33621.32,2026-10-20T01:41:50+00:00,WIRE
TX-N-05877,EXT-A-067-3,ACC-N-0558,2714.86,2026-09-05T03:12:45+00:00,INTERNAL_TRANSFER
TX-N-05878,ACC-N-0453,ACC-N-0878,2718.63,2026-12-01T06:06:57+00:00,WIRE
TX-N-05879,ACC-N-0745,EXT-A-013-4,22917.46,2026-12-31T04:10:45+00:00,INTERNAL_TRANSFER
TX-N-05880,ACC-N-0695,ACC-N-0904,4036.62,2026-01-15T11:15:33+00:00,INTERNAL_TRANSFER
TX-N-05881,ACC-N-0844,ACC-N-0852,500.18,2026-10-11T22:26:27+00:00,WIRE
TX-N-05882,EXT-A-050-4,ACC-N-0911,15742.86,2026-10-06T16:16:46+00:00,ATM
TX-N-05883,EXT-A-055-4,EXT-A-061-1,336.38,2026-05-16T06:06:39+00:00,INTERNAL_TRANSFER
TX-N-05884,ACC-N-0885,EXT-A-015-2,7864.28,2026-11-21T00:43:34+00:00,INTERNAL_TRANSFER
TX-N-05885,ACC-N-0446,ACC-N-0851,7977.62,2026-07-03T04:32:06+00:00,INTERNAL_TRANSFER
TX-N-05886,ACC-N-0893,ACC-C-PAY-01,85827.95,2026-01-17T17:48:48+00:00,INTERNAL_TRANSFER
TX-N-05887,ACC-N-0470,ACC-N-0950,5426.51,2026-03-11T11:58:36+00:00,INTERNAL_TRANSFER
TX-N-05888,EXT-A-018-2,ACC-N-0865,2055.14,2026-07-24T11:20:32+00:00,INTERNAL_TRANSFER
TX-N-05889,ACC-N-0606,ACC-N-0457,19287.77,2026-11-19T11:15:28+00:00,WIRE
TX-N-05890,EXT-A-008-2,ACC-N-0595,2993.19,2026-09-23T01:37:35+00:00,INTERNAL_TRANSFER
TX-N-05891,ACC-C-HNW-06,ACC-N-0976,2429.16,2026-09-16T11:03:00+00:00,INTERNAL_TRANSFER
TX-N-05892,ACC-C-PAY-10,ACC-N-0675,5426.53,2026-09-04T16:06:37+00:00,INTERNAL_TRANSFER
TX-N-05893,ACC-N-0432,ACC-N-0709,4759.12,2026-05-08T17:18:29+00:00,INTERNAL_TRANSFER
TX-N-05894,EXT-A-041-2,ACC-N-0815,2190.22,2026-04-23T08:39:01+00:00,INTERNAL_TRANSFER
TX-N-05895,EXT-A-059-4,EXT-A-035-4,24994.14,2026-10-22T04:34:48+00:00,ATM
TX-N-05896,EXT-A-018-4,EXT-A-012-3,3862.45,2026-04-16T07:03:18+00:00,INTERNAL_TRANSFER
TX-N-05897,ACC-N-0513,ACC-N-0727,4570.31,2026-01-06T21:03:37+00:00,WIRE
TX-N-05898,EXT-A-054-4,ACC-N-0642,3762.16,2026-08-28T18:05:38+00:00,INTERNAL_TRANSFER
TX-N-05899,ACC-N-0629,EXT-A-071-2,1041.71,2026-06-06T20:07:16+00:00,INTERNAL_TRANSFER
TX-N-05900,ACC-B-B,ACC-N-0561,2209.88,2026-11-21T10:45:35+00:00,INTERNAL_TRANSFER
TX-N-05901,ACC-N-0956,ACC-N-0839,3749.22,2026-04-20T15:10:11+00:00,INTERNAL_TRANSFER
TX-N-05902,EXT-A-070-4,ACC-N-0918,1905.86,2026-08-17T15:28:49+00:00,INTERNAL_TRANSFER
TX-N-05903,EXT-A-017-1,EXT-A-071-1,5429.35,2026-08-22T07:02:43+00:00,WIRE
TX-N-05904,ACC-N-0456,ACC-N-0921,9868.22,2026-01-18T10:49:32+00:00,INTERNAL_TRANSFER
TX-N-05905,EXT-A-045-2,EXT-A-062-4,1338.01,2026-02-24T17:56:32+00:00,ATM
TX-N-05906,EXT-A-023-1,ACC-N-0821,1615.15,2026-02-27T23:54:33+00:00,INTERNAL_TRANSFER
TX-N-05907,ACC-N-0804,ACC-N-0467,13742.71,2026-09-21T22:25:34+00:00,WIRE
TX-N-05908,ACC-N-0636,ACC-N-0917,2668.64,2026-11-24T17:37:28+00:00,INTERNAL_TRANSFER
TX-N-05909,ACC-N-0420,EXT-A-021-2,947.89,2026-05-24T07:10:01+00:00,WIRE
TX-N-05910,ACC-N-0879,ACC-N-0586,2982.31,2026-01-28T23:08:25+00:00,INTERNAL_TRANSFER
TX-N-05911,ACC-N-0951,EXT-A-033-4,5662.04,2026-12-27T18:38:19+00:00,INTERNAL_TRANSFER
TX-N-05912,EXT-A-021-1,ACC-N-0657,10660.62,2026-01-23T01:24:06+00:00,INTERNAL_TRANSFER
TX-N-05913,ACC-N-0990,EXT-A-050-4,19094.4,2026-12-09T10:11:39+00:00,INTERNAL_TRANSFER
TX-N-05914,ACC-N-0435,ACC-N-0902,2120.36,2026-01-19T05:25:35+00:00,INTERNAL_TRANSFER
TX-N-05915,ACC-N-0890,EXT-A-004-4,10500.35,2026-12-05T06:30:40+00:00,WIRE
TX-N-05916,ACC-B-02-C,ACC-N-0670,1813.08,2026-07-03T11:10:22+00:00,INTERNAL_TRANSFER
TX-N-05917,EXT-A-021-1,ACC-N-0464,5523.68,2026-06-09T02:09:31+00:00,INTERNAL_TRANSFER
TX-N-05918,EXT-A-051-2,ACC-N-0710,4585.65,2026-09-11T21:26:01+00:00,INTERNAL_TRANSFER
TX-N-05919,ACC-N-0694,ACC-N-0631,7304.72,2026-09-10T15:44:03+00:00,INTERNAL_TRANSFER
TX-N-05920,EXT-A-051-4,ACC-N-0891,6819.04,2026-01-26T05:54:00+00:00,INTERNAL_TRANSFER
TX-N-05921,EXT-A-046-2,ACC-N-0748,5488.64,2026-08-28T01:46:14+00:00,INTERNAL_TRANSFER
TX-N-05922,EXT-A-062-2,EXT-A-060-3,6351.27,2026-08-05T11:06:49+00:00,WIRE
TX-N-05923,EXT-A-071-1,ACC-N-0692,10646.99,2026-05-01T11:50:26+00:00,INTERNAL_TRANSFER
TX-N-05924,ACC-N-0436,ACC-N-0844,1295.96,2026-11-26T11:00:24+00:00,INTERNAL_TRANSFER
TX-N-05925,EXT-A-043-1,ACC-N-0879,4938.39,2026-04-27T18:28:23+00:00,INTERNAL_TRANSFER
TX-N-05926,EXT-A-053-1,ACC-N-0957,1570.96,2026-04-17T01:01:42+00:00,WIRE
TX-N-05927,ACC-N-0539,EXT-A-068-4,1297.8,2026-11-15T08:22:05+00:00,ATM
TX-N-05928,ACC-N-0513,ACC-N-0630,6838.78,2026-06-03T09:12:38+00:00,INTERNAL_TRANSFER
TX-N-05929,ACC-N-0612,EXT-A-043-1,11864.28,2026-05-27T16:43:18+00:00,INTERNAL_TRANSFER
TX-N-05930,ACC-N-0926,ACC-N-0615,4078.66,2026-01-30T08:23:16+00:00,INTERNAL_TRANSFER
TX-N-05931,EXT-A-066-1,ACC-N-0444,8037.53,2026-04-18T13:07:32+00:00,INTERNAL_TRANSFER
TX-N-05932,ACC-C-PAY-02,ACC-N-0883,2876.46,2026-03-06T01:44:16+00:00,INTERNAL_TRANSFER
TX-N-05933,ACC-N-0538,EXT-A-008-4,2695.69,2026-08-24T01:51:21+00:00,WIRE
TX-N-05934,ACC-N-0978,ACC-N-0685,4947.08,2026-06-12T05:43:25+00:00,ATM
TX-N-05935,ACC-N-0604,EXT-A-036-3,6610.26,2026-11-26T08:04:01+00:00,INTERNAL_TRANSFER
TX-N-05936,ACC-N-0700,ACC-N-0794,584.56,2026-07-22T03:50:54+00:00,INTERNAL_TRANSFER
TX-N-05937,ACC-N-0962,ACC-N-0655,45901.78,2026-05-19T19:06:08+00:00,INTERNAL_TRANSFER
TX-N-05938,ACC-N-0459,EXT-A-070-1,10998.98,2026-03-30T03:46:17+00:00,WIRE
TX-N-05939,EXT-A-027-2,EXT-A-030-2,2335.49,2026-07-12T23:17:31+00:00,INTERNAL_TRANSFER
TX-N-05940,ACC-N-0641,ACC-N-0568,276.6,2026-05-15T14:06:42+00:00,INTERNAL_TRANSFER
TX-N-05941,EXT-A-019-4,ACC-C-HNW-01,11280.97,2026-04-23T03:56:07+00:00,INTERNAL_TRANSFER
TX-N-05942,EXT-A-032-3,ACC-N-0636,2223.63,2026-10-22T05:52:33+00:00,INTERNAL_TRANSFER
TX-N-05943,EXT-A-063-4,ACC-N-0613,2912.94,2026-07-11T03:29:54+00:00,INTERNAL_TRANSFER
TX-N-05944,EXT-A-052-2,ACC-N-0982,942.32,2026-07-12T01:18:12+00:00,WIRE
TX-N-05945,ACC-N-0546,ACC-N-0830,484.52,2026-06-16T21:48:10+00:00,INTERNAL_TRANSFER
TX-N-05946,ACC-N-0780,ACC-N-0489,578.94,2026-05-03T22:19:38+00:00,INTERNAL_TRANSFER
TX-N-05947,EXT-A-056-4,EXT-A-012-3,3252.24,2026-10-20T13:01:44+00:00,INTERNAL_TRANSFER
TX-N-05948,EXT-A-068-1,EXT-A-039-4,1145.83,2026-11-04T02:07:49+00:00,INTERNAL_TRANSFER
TX-N-05949,ACC-N-0746,EXT-A-071-2,20725.0,2026-03-26T20:24:40+00:00,INTERNAL_TRANSFER
TX-N-05950,EXT-A-036-3,EXT-A-052-2,95762.93,2026-04-22T06:32:48+00:00,INTERNAL_TRANSFER
TX-N-05951,ACC-N-0822,ACC-N-0625,6640.77,2026-10-28T22:51:48+00:00,INTERNAL_TRANSFER
TX-N-05952,EXT-A-057-2,ACC-N-0567,8505.38,2026-01-03T08:35:41+00:00,INTERNAL_TRANSFER
TX-N-05953,ACC-N-0716,EXT-A-063-1,936.66,2026-01-24T09:18:38+00:00,INTERNAL_TRANSFER
TX-N-05954,ACC-N-0990,ACC-N-0652,18908.38,2026-05-11T10:51:40+00:00,WIRE
TX-N-05955,ACC-B-04-C,EXT-A-057-3,1386.36,2026-07-26T21:34:26+00:00,WIRE
TX-N-05956,ACC-N-0530,EXT-A-050-4,4289.04,2026-07-24T04:50:46+00:00,INTERNAL_TRANSFER
TX-N-05957,EXT-A-062-3,EXT-A-045-3,22069.73,2026-05-22T09:15:06+00:00,INTERNAL_TRANSFER
TX-N-05958,ACC-N-0726,EXT-A-053-4,3769.07,2026-12-28T17:03:27+00:00,INTERNAL_TRANSFER
TX-N-05959,ACC-N-0748,ACC-N-0879,1163.53,2026-06-23T05:59:58+00:00,INTERNAL_TRANSFER
TX-N-05960,EXT-A-056-4,ACC-N-0882,16945.28,2026-01-20T23:48:00+00:00,INTERNAL_TRANSFER
TX-N-05961,EXT-A-038-4,EXT-A-066-2,8783.29,2026-02-27T23:17:32+00:00,WIRE
TX-N-05962,ACC-N-0882,ACC-N-0756,8395.52,2026-07-11T06:10:22+00:00,INTERNAL_TRANSFER
TX-N-05963,EXT-A-034-1,EXT-A-053-2,5219.18,2026-10-29T12:16:42+00:00,ATM
TX-N-05964,ACC-N-0603,EXT-A-071-1,9345.14,2026-06-23T22:07:04+00:00,INTERNAL_TRANSFER
TX-N-05965,EXT-A-019-3,EXT-A-036-3,5150.87,2026-12-28T03:09:15+00:00,WIRE
TX-N-05966,ACC-N-0452,ACC-N-0473,8071.25,2026-09-08T01:04:27+00:00,INTERNAL_TRANSFER
TX-N-05967,EXT-A-005-4,ACC-N-0741,11802.3,2026-09-22T22:25:00+00:00,INTERNAL_TRANSFER
TX-N-05968,EXT-A-038-3,EXT-A-030-1,1911.38,2026-01-14T04:58:00+00:00,WIRE
TX-N-05969,ACC-C-PAY-07,EXT-A-908166,2687.32,2026-08-07T12:12:29+00:00,WIRE
TX-N-05970,ACC-N-0761,ACC-N-0416,1760.02,2026-08-18T19:44:21+00:00,WIRE
TX-N-05971,ACC-N-0670,ACC-N-0999,2819.28,2026-10-23T01:16:21+00:00,INTERNAL_TRANSFER
TX-N-05972,ACC-N-0789,ACC-N-0499,4973.09,2026-04-11T22:59:50+00:00,WIRE
TX-N-05973,ACC-N-0964,ACC-N-0937,4831.51,2026-04-09T07:08:03+00:00,WIRE
TX-N-05974,ACC-N-0498,ACC-N-0670,2101.48,2026-12-02T22:05:38+00:00,ATM
TX-N-05975,ACC-N-0932,ACC-N-0781,28195.17,2026-04-15T14:40:52+00:00,INTERNAL_TRANSFER
TX-N-05976,ACC-N-0739,ACC-N-0779,12121.05,2026-04-11T07:31:15+00:00,INTERNAL_TRANSFER
TX-N-05977,EXT-A-028-2,ACC-N-0766,1053.18,2026-05-17T10:58:26+00:00,INTERNAL_TRANSFER
TX-N-05978,ACC-N-0403,ACC-N-0919,3940.28,2026-02-09T06:19:33+00:00,INTERNAL_TRANSFER
TX-N-05979,ACC-N-0882,EXT-A-030-2,5273.47,2026-04-23T02:39:30+00:00,INTERNAL_TRANSFER
TX-N-05980,ACC-N-0422,EXT-A-022-1,3069.21,2026-05-24T09:16:34+00:00,INTERNAL_TRANSFER
TX-N-05981,ACC-N-0892,ACC-N-0694,12759.53,2026-04-22T13:24:04+00:00,INTERNAL_TRANSFER
TX-N-05982,ACC-N-0740,EXT-A-033-1,1367.98,2026-08-15T13:49:43+00:00,INTERNAL_TRANSFER
TX-N-05983,ACC-N-0515,EXT-A-050-3,2098.46,2026-05-30T21:35:48+00:00,INTERNAL_TRANSFER
TX-N-05984,ACC-N-0935,EXT-A-034-1,7899.21,2026-09-17T07:41:52+00:00,INTERNAL_TRANSFER
TX-N-05985,EXT-A-045-1,EXT-A-033-4,7592.01,2026-09-10T11:40:17+00:00,INTERNAL_TRANSFER
TX-N-05986,EXT-A-044-4,ACC-N-0781,2797.43,2026-11-07T00:30:45+00:00,INTERNAL_TRANSFER
TX-N-05987,ACC-N-0647,ACC-N-0438,9592.01,2026-04-05T18:14:38+00:00,ATM
TX-N-05988,ACC-N-0818,EXT-A-307484,2044.54,2026-04-16T01:07:56+00:00,INTERNAL_TRANSFER
TX-N-05989,EXT-A-066-3,EXT-A-012-1,11251.34,2026-09-01T10:24:36+00:00,ATM
TX-N-05990,ACC-N-1000,EXT-A-029-2,7861.94,2026-01-05T11:55:16+00:00,WIRE
TX-N-05991,ACC-N-0475,ACC-N-0846,3005.15,2026-04-17T15:09:33+00:00,INTERNAL_TRANSFER
TX-N-05992,ACC-N-0749,ACC-N-0968,14476.17,2026-08-29T07:17:37+00:00,INTERNAL_TRANSFER
TX-N-05993,ACC-N-0564,EXT-A-058-1,1879.6,2026-03-03T21:00:46+00:00,INTERNAL_TRANSFER
TX-N-05994,ACC-N-0929,EXT-A-053-3,632.24,2026-04-08T21:51:41+00:00,INTERNAL_TRANSFER
TX-N-05995,EXT-A-059-2,ACC-N-0733,17094.92,2026-12-11T20:55:24+00:00,INTERNAL_TRANSFER
TX-N-05996,ACC-N-0754,EXT-A-023-2,12801.33,2026-12-03T01:44:41+00:00,INTERNAL_TRANSFER
TX-N-05997,EXT-A-055-3,ACC-N-0541,1891.43,2026-11-03T10:25:50+00:00,ATM
TX-N-05998,ACC-C-PAY-06,EXT-A-063-1,3236.03,2026-08-27T02:25:10+00:00,INTERNAL_TRANSFER
TX-N-05999,ACC-N-0499,ACC-N-0657,26436.33,2026-09-19T04:02:47+00:00,INTERNAL_TRANSFER
TX-N-06000,ACC-N-0976,ACC-N-0788,3071.91,2026-03-23T08:38:06+00:00,INTERNAL_TRANSFER
TX-N-06001,ACC-N-0790,EXT-A-026-4,10511.91,2026-06-18T14:47:18+00:00,INTERNAL_TRANSFER
TX-N-06002,ACC-N-0920,EXT-A-027-2,3560.86,2026-09-17T18:31:08+00:00,INTERNAL_TRANSFER
TX-N-06003,ACC-N-0882,ACC-B-04-A,1149.44,2026-07-22T21:36:10+00:00,INTERNAL_TRANSFER
TX-N-06004,ACC-C-HNW-05,ACC-N-0438,2466.3,2026-06-16T02:46:43+00:00,INTERNAL_TRANSFER
TX-N-06005,ACC-N-0883,EXT-A-026-2,20873.9,2026-08-12T19:36:53+00:00,INTERNAL_TRANSFER
TX-N-06006,EXT-A-005-2,EXT-A-036-1,4214.19,2026-05-04T05:49:48+00:00,INTERNAL_TRANSFER
TX-N-06007,EXT-A-050-1,ACC-N-0791,11404.45,2026-03-01T01:35:15+00:00,INTERNAL_TRANSFER
TX-N-06008,EXT-A-041-1,ACC-N-0419,815.04,2026-06-20T14:23:23+00:00,WIRE
TX-N-06009,EXT-A-003-4,EXT-A-042-4,2600.54,2026-07-18T13:28:55+00:00,INTERNAL_TRANSFER
TX-N-06010,ACC-N-0566,ACC-N-0927,4777.8,2026-02-10T15:01:03+00:00,INTERNAL_TRANSFER
TX-N-06011,EXT-A-070-2,ACC-N-0708,1492.44,2026-01-04T17:01:04+00:00,INTERNAL_TRANSFER
TX-N-06012,ACC-B-C,ACC-N-0470,11720.69,2026-04-19T09:51:03+00:00,WIRE
TX-N-06013,ACC-N-0767,EXT-A-044-2,17848.84,2026-07-16T04:27:21+00:00,INTERNAL_TRANSFER
TX-N-06014,ACC-N-0491,EXT-A-061-1,3036.79,2026-01-20T05:40:42+00:00,WIRE
TX-N-06015,ACC-N-0927,ACC-N-0461,1512.35,2026-10-11T16:17:55+00:00,ATM
TX-N-06016,ACC-N-0483,ACC-C-CORP,3165.64,2026-10-07T05:40:09+00:00,INTERNAL_TRANSFER
TX-N-06017,ACC-N-0670,ACC-N-0939,6146.2,2026-02-21T02:38:04+00:00,INTERNAL_TRANSFER
TX-N-06018,ACC-N-0513,ACC-N-0461,10567.39,2026-10-27T15:28:37+00:00,INTERNAL_TRANSFER
TX-N-06019,ACC-N-0920,ACC-N-0883,4197.57,2026-06-19T01:10:44+00:00,INTERNAL_TRANSFER
TX-N-06020,ACC-N-0631,ACC-N-0891,1290.4,2026-01-09T15:46:16+00:00,WIRE
TX-N-06021,EXT-A-006-1,EXT-A-006-2,13396.59,2026-09-04T18:39:12+00:00,INTERNAL_TRANSFER
TX-N-06022,EXT-A-006-3,ACC-N-0875,5027.34,2026-02-21T18:13:15+00:00,INTERNAL_TRANSFER
TX-N-06023,EXT-A-058-4,EXT-A-061-1,11002.01,2026-07-15T16:02:44+00:00,INTERNAL_TRANSFER
TX-N-06024,EXT-A-064-4,ACC-N-0487,19778.96,2026-12-16T16:39:31+00:00,INTERNAL_TRANSFER
TX-N-06025,EXT-A-030-2,EXT-A-069-1,6697.04,2026-06-24T23:06:07+00:00,INTERNAL_TRANSFER
TX-N-06026,EXT-A-059-3,EXT-A-029-4,1814.53,2026-06-04T18:58:10+00:00,INTERNAL_TRANSFER
TX-N-06027,ACC-N-0505,ACC-N-0907,23621.44,2026-01-30T09:48:50+00:00,INTERNAL_TRANSFER
TX-N-06028,ACC-N-0657,ACC-N-0525,26454.05,2026-07-15T17:49:06+00:00,INTERNAL_TRANSFER
TX-N-06029,EXT-A-048-1,ACC-N-0766,4735.52,2026-09-20T01:14:46+00:00,INTERNAL_TRANSFER
TX-N-06030,ACC-N-0867,ACC-N-0915,4588.39,2026-05-11T10:52:46+00:00,INTERNAL_TRANSFER
TX-N-06031,ACC-N-0949,EXT-A-069-1,13800.71,2026-03-25T21:59:34+00:00,INTERNAL_TRANSFER
TX-N-06032,ACC-N-0533,EXT-A-040-1,4951.9,2026-04-28T02:51:28+00:00,INTERNAL_TRANSFER
TX-N-06033,ACC-N-0881,ACC-N-0766,2539.28,2026-10-13T09:09:43+00:00,INTERNAL_TRANSFER
TX-N-06034,EXT-A-007-4,ACC-N-0882,30904.42,2026-02-14T16:30:52+00:00,INTERNAL_TRANSFER
TX-N-06035,ACC-N-0781,ACC-N-0676,1828.79,2026-04-03T08:48:09+00:00,INTERNAL_TRANSFER
TX-N-06036,EXT-A-060-1,ACC-N-0694,4227.83,2026-05-07T22:34:15+00:00,INTERNAL_TRANSFER
TX-N-06037,ACC-N-0936,ACC-N-0828,5824.75,2026-03-21T02:02:41+00:00,INTERNAL_TRANSFER
TX-N-06038,ACC-N-0713,EXT-A-030-3,90418.79,2026-07-31T21:13:07+00:00,INTERNAL_TRANSFER
TX-N-06039,ACC-N-0844,ACC-N-0940,30584.26,2026-10-18T04:27:22+00:00,INTERNAL_TRANSFER
TX-N-06040,EXT-A-006-2,ACC-N-0583,3683.95,2026-12-19T06:48:58+00:00,INTERNAL_TRANSFER
TX-N-06041,ACC-N-0556,ACC-N-0435,3203.77,2026-09-21T16:43:41+00:00,ATM
TX-N-06042,ACC-N-0446,ACC-N-0879,6789.26,2026-07-23T10:46:48+00:00,INTERNAL_TRANSFER
TX-N-06043,ACC-N-0550,ACC-N-0608,17491.54,2026-09-03T14:33:33+00:00,INTERNAL_TRANSFER
TX-N-06044,ACC-N-0985,ACC-N-0682,417.5,2026-05-18T07:47:19+00:00,ATM
TX-N-06045,EXT-A-045-4,ACC-N-0902,1228.47,2026-09-06T23:10:42+00:00,INTERNAL_TRANSFER
TX-N-06046,ACC-N-0866,ACC-N-0914,2585.39,2026-03-16T13:31:15+00:00,INTERNAL_TRANSFER
TX-N-06047,EXT-A-002-1,ACC-C-HNW-04,11069.58,2026-08-30T23:14:48+00:00,INTERNAL_TRANSFER
TX-N-06048,ACC-N-0539,ACC-N-0786,3119.95,2026-07-03T12:28:53+00:00,WIRE
TX-N-06049,ACC-N-0849,ACC-N-0995,61249.56,2026-08-29T12:59:53+00:00,INTERNAL_TRANSFER
TX-N-06050,ACC-N-0511,ACC-N-0415,7347.55,2026-01-04T13:14:55+00:00,WIRE
TX-N-06051,ACC-N-0781,ACC-N-0962,55939.91,2026-04-01T23:33:39+00:00,INTERNAL_TRANSFER
TX-N-06052,ACC-N-0470,ACC-N-0511,6088.74,2026-08-28T03:05:45+00:00,INTERNAL_TRANSFER
TX-N-06053,ACC-N-0933,ACC-N-0910,2682.16,2026-06-21T12:28:05+00:00,INTERNAL_TRANSFER
TX-N-06054,EXT-A-055-1,ACC-N-0610,3796.51,2026-03-31T18:15:38+00:00,INTERNAL_TRANSFER
TX-N-06055,ACC-N-0694,EXT-A-033-1,4216.95,2026-04-12T00:04:11+00:00,WIRE
TX-N-06056,ACC-N-0419,ACC-N-0499,6756.53,2026-03-12T14:54:17+00:00,ATM
TX-N-06057,ACC-N-0780,ACC-N-0444,2014.17,2026-11-07T19:58:32+00:00,INTERNAL_TRANSFER
TX-N-06058,EXT-A-026-4,ACC-N-0573,9633.42,2026-10-23T15:41:54+00:00,INTERNAL_TRANSFER
TX-N-06059,ACC-N-0485,EXT-A-002-2,3527.26,2026-08-23T16:30:29+00:00,INTERNAL_TRANSFER
TX-N-06060,ACC-N-0418,ACC-N-0933,1242.62,2026-08-14T04:02:19+00:00,INTERNAL_TRANSFER
TX-N-06061,ACC-N-0502,EXT-A-002-4,3130.67,2026-05-13T00:17:24+00:00,INTERNAL_TRANSFER
TX-N-06062,ACC-N-0467,EXT-A-031-2,22697.61,2026-11-11T23:42:04+00:00,ATM
TX-N-06063,ACC-N-0461,ACC-N-0526,17395.77,2026-09-25T16:51:02+00:00,INTERNAL_TRANSFER
TX-N-06064,ACC-N-0928,ACC-N-0794,5369.94,2026-01-15T06:17:40+00:00,INTERNAL_TRANSFER
TX-N-06065,ACC-N-0703,ACC-N-0966,7674.21,2026-09-07T09:51:39+00:00,INTERNAL_TRANSFER
TX-N-06066,ACC-N-0765,EXT-A-061-1,3431.78,2026-05-06T04:06:45+00:00,INTERNAL_TRANSFER
TX-N-06067,ACC-C-PAY-02,EXT-A-061-4,2398.52,2026-11-27T20:38:08+00:00,INTERNAL_TRANSFER
TX-N-06068,EXT-A-045-3,ACC-N-0447,52628.78,2026-10-14T17:05:47+00:00,INTERNAL_TRANSFER
TX-N-06069,EXT-A-057-1,ACC-N-0535,6365.51,2026-05-19T21:38:50+00:00,INTERNAL_TRANSFER
TX-N-06070,ACC-N-0716,ACC-N-0619,10919.14,2026-05-05T21:26:48+00:00,INTERNAL_TRANSFER
TX-N-06071,ACC-N-0945,ACC-N-0636,28012.47,2026-12-13T00:03:44+00:00,WIRE
TX-N-06072,ACC-N-0557,EXT-A-057-4,9819.45,2026-07-01T06:52:39+00:00,INTERNAL_TRANSFER
TX-N-06073,ACC-N-0716,EXT-A-065-2,3402.93,2026-12-21T13:56:35+00:00,INTERNAL_TRANSFER
TX-N-06074,EXT-A-056-4,ACC-N-0626,3075.07,2026-09-02T21:08:52+00:00,WIRE
TX-N-06075,ACC-N-0977,EXT-A-016-3,15024.63,2026-04-25T19:59:25+00:00,INTERNAL_TRANSFER
TX-N-06076,EXT-A-057-3,EXT-A-028-4,11126.52,2026-01-14T01:19:33+00:00,INTERNAL_TRANSFER
TX-N-06077,ACC-N-0813,ACC-N-0482,1059.03,2026-06-09T00:10:41+00:00,INTERNAL_TRANSFER
TX-N-06078,ACC-N-0800,ACC-N-0794,25866.69,2026-12-02T06:08:16+00:00,WIRE
TX-N-06079,ACC-N-0818,EXT-A-003-3,11969.96,2026-03-10T05:19:39+00:00,INTERNAL_TRANSFER
TX-N-06080,EXT-A-025-1,ACC-N-0909,3961.23,2026-02-18T09:53:36+00:00,INTERNAL_TRANSFER
TX-N-06081,EXT-A-023-2,EXT-A-031-3,2904.15,2026-11-24T07:30:32+00:00,INTERNAL_TRANSFER
TX-N-06082,ACC-N-0477,EXT-A-036-4,31901.98,2026-09-03T12:25:46+00:00,ATM
TX-N-06083,ACC-N-0441,ACC-N-0789,2870.36,2026-08-22T22:48:29+00:00,ATM
TX-N-06084,ACC-N-0443,ACC-C-PAY-02,3439.41,2026-01-09T07:56:38+00:00,WIRE
TX-N-06085,EXT-A-046-1,ACC-N-0692,9674.97,2026-07-03T17:15:44+00:00,INTERNAL_TRANSFER
TX-N-06086,ACC-N-0780,ACC-N-0839,2767.9,2026-03-04T09:48:05+00:00,INTERNAL_TRANSFER
TX-N-06087,EXT-A-020-3,ACC-N-0838,14518.22,2026-08-23T03:38:37+00:00,INTERNAL_TRANSFER
TX-N-06088,EXT-A-007-3,ACC-N-0608,444.44,2026-05-25T01:01:59+00:00,INTERNAL_TRANSFER
TX-N-06089,ACC-N-0822,ACC-N-0573,681.45,2026-03-25T22:51:30+00:00,WIRE
TX-N-06090,EXT-A-069-1,EXT-A-050-1,5328.49,2026-01-30T19:40:54+00:00,WIRE
TX-N-06091,EXT-A-056-3,EXT-A-043-2,1245.36,2026-11-21T04:16:01+00:00,INTERNAL_TRANSFER
TX-N-06092,EXT-A-057-2,ACC-N-0411,1211.91,2026-10-20T00:54:04+00:00,INTERNAL_TRANSFER
TX-N-06093,ACC-N-0457,EXT-A-004-3,2802.8,2026-09-04T05:19:00+00:00,WIRE
TX-N-06094,ACC-N-0952,ACC-N-0450,17152.05,2026-11-09T21:57:57+00:00,WIRE
TX-N-06095,ACC-N-0757,EXT-A-046-4,5719.18,2026-09-01T14:47:02+00:00,INTERNAL_TRANSFER
TX-N-06096,EXT-A-068-4,EXT-A-061-4,1583.54,2026-12-29T12:51:25+00:00,INTERNAL_TRANSFER
TX-N-06097,ACC-N-0604,ACC-N-0538,22057.51,2026-11-18T09:22:11+00:00,ATM
TX-N-06098,ACC-N-0859,ACC-N-0507,3627.4,2026-05-31T22:53:33+00:00,INTERNAL_TRANSFER
TX-N-06099,ACC-N-0595,ACC-N-0660,2351.81,2026-05-05T18:41:54+00:00,WIRE
TX-N-06100,ACC-N-0774,EXT-A-011-3,8185.17,2026-02-10T16:28:17+00:00,INTERNAL_TRANSFER
TX-N-06101,ACC-N-0823,ACC-N-0538,9713.7,2026-11-22T23:49:25+00:00,INTERNAL_TRANSFER
TX-N-06102,EXT-A-059-2,ACC-N-0758,8082.7,2026-02-18T06:34:27+00:00,WIRE
TX-N-06103,ACC-N-0837,ACC-N-0429,4008.79,2026-12-11T04:49:58+00:00,INTERNAL_TRANSFER
TX-N-06104,ACC-N-0441,ACC-N-0452,8106.64,2026-04-20T03:13:00+00:00,INTERNAL_TRANSFER
TX-N-06105,ACC-N-0681,ACC-N-0987,9845.29,2026-04-20T12:22:59+00:00,INTERNAL_TRANSFER
TX-N-06106,EXT-A-048-2,ACC-N-0930,3673.14,2026-08-19T14:56:13+00:00,INTERNAL_TRANSFER
TX-N-06107,ACC-N-0944,EXT-A-045-1,3005.14,2026-02-09T04:33:14+00:00,INTERNAL_TRANSFER
TX-N-06108,ACC-N-0818,ACC-N-0917,2466.72,2026-01-23T15:21:09+00:00,INTERNAL_TRANSFER
TX-N-06109,EXT-A-035-2,EXT-A-070-1,24342.24,2026-09-06T20:34:08+00:00,INTERNAL_TRANSFER
TX-N-06110,ACC-N-0540,ACC-N-0672,1058.37,2026-12-22T23:52:25+00:00,WIRE
TX-N-06111,EXT-A-021-2,ACC-N-0808,12236.81,2026-07-08T06:55:10+00:00,INTERNAL_TRANSFER
TX-N-06112,EXT-A-043-2,EXT-A-069-1,4304.1,2026-10-25T06:29:26+00:00,INTERNAL_TRANSFER
TX-N-06113,ACC-N-0821,ACC-N-0706,2968.27,2026-12-21T02:25:34+00:00,INTERNAL_TRANSFER
TX-N-06114,EXT-A-031-1,EXT-A-056-4,6061.02,2026-05-17T12:08:53+00:00,INTERNAL_TRANSFER
TX-N-06115,EXT-A-018-3,ACC-N-0965,10500.97,2026-04-12T09:17:53+00:00,INTERNAL_TRANSFER
TX-N-06116,EXT-A-015-1,EXT-A-053-4,15029.5,2026-09-22T04:35:06+00:00,INTERNAL_TRANSFER
TX-N-06117,ACC-N-0751,ACC-N-0682,60403.77,2026-10-26T08:57:09+00:00,WIRE
TX-N-06118,ACC-N-0507,EXT-A-031-4,4443.68,2026-10-24T18:35:20+00:00,INTERNAL_TRANSFER
TX-N-06119,ACC-N-0668,ACC-N-0978,6204.34,2026-03-11T23:39:56+00:00,INTERNAL_TRANSFER
TX-N-06120,EXT-A-009-3,EXT-A-009-4,2003.6,2026-02-19T05:25:57+00:00,INTERNAL_TRANSFER
TX-N-06121,ACC-N-0596,ACC-N-0692,9571.99,2026-06-01T21:47:42+00:00,INTERNAL_TRANSFER
TX-N-06122,EXT-A-046-2,EXT-A-007-3,3552.32,2026-11-30T07:33:06+00:00,WIRE
TX-N-06123,ACC-N-0674,ACC-N-0642,4692.67,2026-12-03T00:41:01+00:00,INTERNAL_TRANSFER
TX-N-06124,ACC-N-0583,EXT-A-031-3,9136.28,2026-09-06T06:55:06+00:00,INTERNAL_TRANSFER
TX-N-06125,ACC-N-0411,EXT-A-051-3,4602.78,2026-11-25T14:36:00+00:00,INTERNAL_TRANSFER
TX-N-06126,EXT-A-049-2,ACC-N-0810,1719.54,2026-04-13T13:42:58+00:00,INTERNAL_TRANSFER
TX-N-06127,ACC-N-0527,ACC-N-0758,6761.61,2026-03-12T02:07:32+00:00,WIRE
TX-N-06128,ACC-N-0807,EXT-A-070-4,7561.01,2026-05-29T04:17:39+00:00,INTERNAL_TRANSFER
TX-N-06129,ACC-N-0491,ACC-N-0495,2221.29,2026-09-10T22:43:35+00:00,INTERNAL_TRANSFER
TX-N-06130,EXT-A-014-2,ACC-N-0543,211.42,2026-06-18T16:00:48+00:00,INTERNAL_TRANSFER
TX-N-06131,EXT-A-058-4,ACC-N-0557,3389.52,2026-05-19T12:26:23+00:00,ATM
TX-N-06132,ACC-N-0566,EXT-A-037-2,4387.09,2026-01-16T11:34:02+00:00,ATM
TX-N-06133,EXT-A-013-2,ACC-N-0908,4315.65,2026-04-27T21:27:32+00:00,INTERNAL_TRANSFER
TX-N-06134,EXT-A-058-4,EXT-A-072-1,8796.94,2026-01-09T02:01:41+00:00,INTERNAL_TRANSFER
TX-N-06135,ACC-N-0706,EXT-A-071-3,9104.54,2026-08-27T11:29:54+00:00,INTERNAL_TRANSFER
TX-N-06136,ACC-C-PAY-04,ACC-N-0665,5549.9,2026-01-09T04:21:50+00:00,WIRE
TX-N-06137,ACC-N-0459,ACC-N-0411,1691.14,2026-02-07T18:53:56+00:00,INTERNAL_TRANSFER
TX-N-06138,EXT-A-045-1,ACC-N-0974,1268.28,2026-08-29T13:33:50+00:00,INTERNAL_TRANSFER
TX-N-06139,ACC-N-0903,ACC-N-0607,12353.99,2026-04-03T16:44:02+00:00,ATM
TX-N-06140,EXT-A-068-1,EXT-A-020-4,4592.46,2026-09-02T10:15:07+00:00,INTERNAL_TRANSFER
TX-N-06141,ACC-N-0495,EXT-A-002-1,1890.77,2026-01-11T06:22:57+00:00,WIRE
TX-N-06142,EXT-A-072-3,ACC-N-0397,19433.48,2026-11-15T10:24:19+00:00,INTERNAL_TRANSFER
TX-N-06143,EXT-A-051-4,ACC-N-0955,2727.32,2026-06-03T21:14:38+00:00,INTERNAL_TRANSFER
TX-N-06144,ACC-N-0807,ACC-N-0436,1618.68,2026-05-25T20:29:54+00:00,ATM
TX-N-06145,EXT-A-071-2,EXT-A-061-1,2123.85,2026-05-06T01:32:58+00:00,WIRE
TX-N-06146,EXT-A-064-3,ACC-N-0730,857.23,2026-12-06T15:55:19+00:00,INTERNAL_TRANSFER
TX-N-06147,ACC-N-0484,EXT-A-041-2,1996.95,2026-03-27T19:12:32+00:00,INTERNAL_TRANSFER
TX-N-06148,ACC-N-0775,ACC-N-0922,4137.14,2026-11-10T00:40:07+00:00,INTERNAL_TRANSFER
TX-N-06149,ACC-N-0863,ACC-N-0706,1321.47,2026-08-07T19:14:51+00:00,INTERNAL_TRANSFER
TX-N-06150,EXT-A-069-1,EXT-A-028-3,3413.48,2026-07-21T07:26:06+00:00,INTERNAL_TRANSFER
TX-N-06151,ACC-N-0519,ACC-N-0549,4977.91,2026-10-01T20:18:25+00:00,INTERNAL_TRANSFER
TX-N-06152,EXT-A-069-2,ACC-N-0835,1241.35,2026-01-07T00:25:03+00:00,INTERNAL_TRANSFER
TX-N-06153,EXT-A-065-2,ACC-N-0768,4424.6,2026-10-19T05:30:38+00:00,INTERNAL_TRANSFER
TX-N-06154,ACC-N-0478,EXT-A-026-2,855.27,2026-09-18T02:22:51+00:00,WIRE
TX-N-06155,EXT-A-049-1,ACC-N-0675,7444.39,2026-09-12T10:30:01+00:00,INTERNAL_TRANSFER
TX-N-06156,ACC-N-0773,EXT-A-064-3,3991.02,2026-01-06T03:43:15+00:00,INTERNAL_TRANSFER
TX-N-06157,ACC-N-0427,ACC-N-0425,2196.11,2026-06-30T06:29:17+00:00,WIRE
TX-N-06158,EXT-A-007-2,EXT-A-021-3,2836.52,2026-09-24T22:47:11+00:00,WIRE
TX-N-06159,ACC-N-0979,ACC-N-0923,22234.09,2026-11-03T10:15:12+00:00,ATM
TX-N-06160,ACC-N-0887,ACC-N-0682,11680.74,2026-03-23T06:20:31+00:00,INTERNAL_TRANSFER
TX-N-06161,EXT-A-028-1,ACC-C-HNW-01,11799.57,2026-03-15T00:47:10+00:00,ATM
TX-N-06162,ACC-N-0406,ACC-N-0459,2040.48,2026-07-29T04:39:36+00:00,INTERNAL_TRANSFER
TX-N-06163,ACC-N-0438,EXT-A-019-4,23266.54,2026-08-01T12:29:12+00:00,WIRE
TX-N-06164,ACC-N-0940,EXT-A-071-2,14351.56,2026-12-22T15:14:21+00:00,INTERNAL_TRANSFER
TX-N-06165,ACC-N-0852,EXT-A-045-4,12211.67,2026-02-12T14:20:08+00:00,INTERNAL_TRANSFER
TX-N-06166,ACC-N-0566,ACC-N-0513,7231.43,2026-09-05T23:29:18+00:00,INTERNAL_TRANSFER
TX-N-06167,EXT-A-069-4,EXT-A-028-1,765.3,2026-03-20T16:48:53+00:00,INTERNAL_TRANSFER
TX-N-06168,ACC-N-0557,ACC-N-0763,5381.94,2026-10-31T11:02:09+00:00,INTERNAL_TRANSFER
TX-N-06169,EXT-A-057-3,ACC-N-0489,1753.33,2026-06-23T15:48:20+00:00,INTERNAL_TRANSFER
TX-N-06170,ACC-N-0793,EXT-A-018-3,5817.37,2026-01-16T09:37:16+00:00,INTERNAL_TRANSFER
TX-N-06171,ACC-N-0780,ACC-N-0789,750.64,2026-08-05T03:32:32+00:00,INTERNAL_TRANSFER
TX-N-06172,EXT-A-068-2,ACC-N-0625,35226.67,2026-05-08T01:33:26+00:00,INTERNAL_TRANSFER
TX-N-06173,ACC-N-0665,ACC-N-0630,6787.25,2026-05-25T00:34:48+00:00,WIRE
TX-N-06174,ACC-N-0964,EXT-A-120482,1255.85,2026-06-18T10:39:56+00:00,INTERNAL_TRANSFER
TX-N-06175,ACC-N-0994,EXT-A-053-1,346.08,2026-09-02T07:59:40+00:00,INTERNAL_TRANSFER
TX-N-06176,ACC-N-0832,ACC-N-0640,30425.37,2026-08-22T23:08:01+00:00,INTERNAL_TRANSFER
TX-N-06177,ACC-C-HNW-02,EXT-A-009-1,3081.38,2026-04-07T18:23:08+00:00,INTERNAL_TRANSFER
TX-N-06178,ACC-N-0896,EXT-A-059-2,8549.06,2026-03-10T14:26:14+00:00,INTERNAL_TRANSFER
TX-N-06179,ACC-N-0873,EXT-A-069-4,4547.83,2026-07-13T23:01:07+00:00,INTERNAL_TRANSFER
TX-N-06180,ACC-N-0667,ACC-N-0919,1727.78,2026-10-31T09:45:46+00:00,INTERNAL_TRANSFER
TX-N-06181,ACC-N-0400,ACC-N-0666,7997.78,2026-09-27T11:25:30+00:00,INTERNAL_TRANSFER
TX-N-06182,ACC-N-0536,ACC-N-0550,5689.22,2026-05-13T04:03:29+00:00,INTERNAL_TRANSFER
TX-N-06183,ACC-N-0993,EXT-A-029-4,3643.98,2026-01-13T15:36:42+00:00,INTERNAL_TRANSFER
TX-N-06184,ACC-N-0779,ACC-N-0675,21061.01,2026-09-25T16:06:55+00:00,WIRE
TX-N-06185,ACC-N-0555,ACC-N-0446,13990.38,2026-09-01T14:28:23+00:00,INTERNAL_TRANSFER
TX-N-06186,ACC-N-0929,ACC-N-0928,17002.34,2026-10-18T07:32:32+00:00,INTERNAL_TRANSFER
TX-N-06187,ACC-N-0598,ACC-N-0428,5747.26,2026-12-07T23:18:58+00:00,INTERNAL_TRANSFER
TX-N-06188,ACC-N-0895,EXT-A-018-1,26582.39,2026-12-01T13:30:38+00:00,WIRE
TX-N-06189,ACC-N-0544,EXT-A-047-4,6379.83,2026-08-13T20:06:25+00:00,INTERNAL_TRANSFER
TX-N-06190,EXT-A-026-3,ACC-N-0521,1880.27,2026-12-30T09:08:58+00:00,WIRE
TX-N-06191,ACC-N-0714,EXT-A-008-1,1852.05,2026-05-13T07:51:53+00:00,INTERNAL_TRANSFER
TX-N-06192,ACC-N-0464,ACC-B-03-A,27589.69,2026-06-19T21:41:33+00:00,INTERNAL_TRANSFER
TX-N-06193,ACC-N-0440,ACC-N-0923,13990.69,2026-09-13T19:55:52+00:00,INTERNAL_TRANSFER
TX-N-06194,EXT-A-012-3,ACC-N-0590,2284.73,2026-10-17T22:58:50+00:00,INTERNAL_TRANSFER
TX-N-06195,EXT-A-070-2,ACC-N-0909,3057.09,2026-02-10T12:33:39+00:00,WIRE
TX-N-06196,ACC-N-0802,ACC-N-0438,2652.54,2026-09-04T08:27:44+00:00,INTERNAL_TRANSFER
TX-N-06197,ACC-N-0395,ACC-N-0951,4331.31,2026-12-07T13:14:32+00:00,INTERNAL_TRANSFER
TX-N-06198,EXT-A-021-3,ACC-N-0777,3229.26,2026-10-27T04:12:20+00:00,INTERNAL_TRANSFER
TX-N-06199,ACC-N-0517,ACC-N-0988,6031.25,2026-09-19T07:35:37+00:00,INTERNAL_TRANSFER
TX-N-06200,EXT-A-038-1,ACC-N-0921,3566.54,2026-12-20T11:13:09+00:00,INTERNAL_TRANSFER
TX-N-06201,EXT-A-062-3,ACC-N-0958,11365.93,2026-05-01T05:36:16+00:00,INTERNAL_TRANSFER
TX-N-06202,EXT-A-008-3,ACC-N-0742,6901.81,2026-04-23T23:52:15+00:00,INTERNAL_TRANSFER
TX-N-06203,ACC-N-0800,EXT-A-004-2,806.15,2026-01-07T01:39:51+00:00,INTERNAL_TRANSFER
TX-N-06204,ACC-N-0800,ACC-N-0613,1117.39,2026-12-22T03:51:34+00:00,INTERNAL_TRANSFER
TX-N-06205,ACC-C-HNW-01,ACC-N-0919,863.47,2026-08-14T09:16:34+00:00,ATM
TX-N-06206,ACC-N-0559,EXT-A-066-4,4795.76,2026-02-27T08:51:37+00:00,INTERNAL_TRANSFER
TX-N-06207,ACC-N-0452,ACC-N-0861,1601.55,2026-03-27T08:46:27+00:00,INTERNAL_TRANSFER
TX-N-06208,ACC-N-0471,EXT-A-024-4,4001.89,2026-11-06T19:34:51+00:00,INTERNAL_TRANSFER
TX-N-06209,ACC-N-0763,ACC-N-0557,8385.29,2026-04-18T15:47:58+00:00,INTERNAL_TRANSFER
TX-N-06210,EXT-A-061-1,ACC-N-0410,14454.97,2026-04-03T14:43:25+00:00,INTERNAL_TRANSFER
TX-N-06211,ACC-N-0742,ACC-N-0889,527.62,2026-04-25T06:21:50+00:00,INTERNAL_TRANSFER
TX-N-06212,EXT-A-065-3,ACC-N-0481,1506.66,2026-04-09T17:13:48+00:00,INTERNAL_TRANSFER
TX-N-06213,EXT-A-036-2,ACC-N-0908,4879.39,2026-11-16T02:32:19+00:00,INTERNAL_TRANSFER
TX-N-06214,ACC-N-0585,EXT-A-028-2,14448.0,2026-09-27T21:30:01+00:00,INTERNAL_TRANSFER
TX-N-06215,ACC-N-0974,ACC-N-0525,3088.2,2026-01-20T04:24:25+00:00,WIRE
TX-N-06216,EXT-A-035-3,ACC-N-0529,7417.66,2026-10-21T00:35:29+00:00,INTERNAL_TRANSFER
TX-N-06217,ACC-N-0448,ACC-N-0929,4824.32,2026-12-10T14:54:53+00:00,ATM
TX-N-06218,EXT-A-071-3,ACC-N-0564,4170.29,2026-12-28T08:20:24+00:00,INTERNAL_TRANSFER
TX-N-06219,ACC-N-0673,ACC-N-0807,1634.88,2026-06-27T17:46:14+00:00,INTERNAL_TRANSFER
TX-N-06220,ACC-N-0689,ACC-N-0878,11793.73,2026-09-25T07:00:45+00:00,INTERNAL_TRANSFER
TX-N-06221,ACC-N-0547,ACC-N-0446,2926.13,2026-01-31T05:55:40+00:00,WIRE
TX-N-06222,EXT-A-004-4,ACC-N-0683,14432.52,2026-04-05T00:16:01+00:00,INTERNAL_TRANSFER
TX-N-06223,ACC-N-0872,EXT-A-068-2,804.27,2026-08-18T11:39:27+00:00,INTERNAL_TRANSFER
TX-N-06224,EXT-A-011-2,EXT-A-008-2,8199.07,2026-11-19T05:04:48+00:00,WIRE
TX-N-06225,ACC-N-0540,EXT-A-071-4,3595.84,2026-01-22T07:59:55+00:00,INTERNAL_TRANSFER
TX-N-06226,EXT-A-019-4,ACC-N-0419,5744.38,2026-01-03T12:26:01+00:00,INTERNAL_TRANSFER
TX-N-06227,ACC-N-0905,ACC-N-0477,607.28,2026-02-26T10:19:07+00:00,INTERNAL_TRANSFER
TX-N-06228,ACC-N-0971,ACC-N-0570,2001.31,2026-04-06T13:06:18+00:00,WIRE
TX-N-06229,ACC-N-0856,ACC-N-0722,15509.49,2026-09-14T19:26:47+00:00,INTERNAL_TRANSFER
TX-N-06230,ACC-N-0655,ACC-N-0904,10251.74,2026-06-22T03:57:33+00:00,ATM
TX-N-06231,EXT-A-039-1,EXT-A-066-1,3131.19,2026-08-17T21:39:38+00:00,INTERNAL_TRANSFER
TX-N-06232,EXT-A-020-4,EXT-A-060-3,2233.94,2026-11-24T08:08:13+00:00,WIRE
TX-N-06233,EXT-A-016-4,ACC-N-0426,1856.13,2026-10-19T09:54:17+00:00,INTERNAL_TRANSFER
TX-N-06234,ACC-N-0677,ACC-N-0436,14524.08,2026-06-12T14:14:00+00:00,INTERNAL_TRANSFER
TX-N-06235,EXT-A-063-1,ACC-N-0875,2053.56,2026-09-16T14:48:25+00:00,INTERNAL_TRANSFER
TX-N-06236,EXT-A-022-4,ACC-N-0580,2380.0,2026-01-06T08:45:31+00:00,INTERNAL_TRANSFER
TX-N-06237,ACC-N-0618,EXT-A-064-1,11220.83,2026-04-13T16:10:31+00:00,WIRE
TX-N-06238,EXT-A-041-1,ACC-N-0722,2951.1,2026-03-05T08:49:09+00:00,INTERNAL_TRANSFER
TX-N-06239,ACC-N-0999,ACC-N-0658,672.93,2026-07-06T15:41:58+00:00,INTERNAL_TRANSFER
TX-N-06240,ACC-N-0480,ACC-N-0657,1733.79,2026-01-11T18:24:07+00:00,INTERNAL_TRANSFER
TX-N-06241,EXT-A-027-2,ACC-N-0576,809.04,2026-03-05T05:23:23+00:00,WIRE
TX-N-06242,EXT-A-058-2,ACC-N-0642,17210.22,2026-09-08T19:33:47+00:00,INTERNAL_TRANSFER
TX-N-06243,EXT-A-010-4,ACC-N-0566,6759.58,2026-09-08T19:32:28+00:00,INTERNAL_TRANSFER
TX-N-06244,ACC-N-0730,ACC-N-0542,994.52,2026-12-29T21:18:45+00:00,INTERNAL_TRANSFER
TX-N-06245,ACC-N-0530,ACC-N-0447,15211.79,2026-05-18T05:26:57+00:00,ATM
TX-N-06246,ACC-N-0715,ACC-N-0757,5545.32,2026-05-01T11:52:30+00:00,WIRE
TX-N-06247,EXT-A-060-4,ACC-N-0627,1088.51,2026-05-27T22:39:46+00:00,WIRE
TX-N-06248,EXT-A-020-3,ACC-N-0927,11772.27,2026-01-29T18:28:13+00:00,WIRE
TX-N-06249,ACC-N-0981,ACC-N-0504,792.71,2026-03-13T03:43:00+00:00,INTERNAL_TRANSFER
TX-N-06250,EXT-A-034-3,ACC-N-0455,2232.82,2026-03-21T03:54:52+00:00,INTERNAL_TRANSFER
TX-N-06251,EXT-A-004-1,EXT-A-039-3,2315.97,2026-09-12T08:24:30+00:00,WIRE
TX-N-06252,EXT-A-058-2,EXT-A-046-1,4616.27,2026-07-12T11:26:39+00:00,INTERNAL_TRANSFER
TX-N-06253,ACC-N-0802,ACC-N-0815,3344.57,2026-01-17T17:28:58+00:00,INTERNAL_TRANSFER
TX-N-06254,EXT-A-048-2,EXT-A-047-2,2887.34,2026-06-11T06:51:42+00:00,INTERNAL_TRANSFER
TX-N-06255,ACC-N-0622,ACC-N-0677,20572.81,2026-01-29T00:29:43+00:00,INTERNAL_TRANSFER
TX-N-06256,EXT-A-043-1,ACC-N-0467,1557.33,2026-08-28T14:49:03+00:00,INTERNAL_TRANSFER
TX-N-06257,ACC-N-0547,EXT-A-012-1,6030.45,2026-08-20T03:03:03+00:00,WIRE
TX-N-06258,ACC-N-0958,EXT-A-039-1,9274.04,2026-01-23T09:51:37+00:00,WIRE
TX-N-06259,ACC-N-0846,EXT-A-071-1,22672.49,2026-12-12T19:41:49+00:00,INTERNAL_TRANSFER
TX-N-06260,ACC-N-0505,ACC-N-0940,1606.01,2026-11-22T06:38:18+00:00,INTERNAL_TRANSFER
TX-N-06261,ACC-N-0981,ACC-N-0837,21590.19,2026-07-29T11:40:51+00:00,ATM
TX-N-06262,ACC-N-0566,ACC-N-0998,9496.7,2026-07-04T06:14:19+00:00,INTERNAL_TRANSFER
TX-N-06263,ACC-N-0503,ACC-N-0650,2143.98,2026-07-28T19:59:21+00:00,INTERNAL_TRANSFER
TX-N-06264,ACC-N-0541,EXT-A-061-3,1196.59,2026-12-11T19:30:26+00:00,INTERNAL_TRANSFER
TX-N-06265,EXT-A-056-1,ACC-N-0576,3749.69,2026-07-26T14:37:24+00:00,WIRE
TX-N-06266,ACC-N-0716,EXT-A-071-2,2191.35,2026-09-24T21:55:49+00:00,INTERNAL_TRANSFER
TX-N-06267,ACC-N-0984,ACC-N-0684,7283.1,2026-10-24T17:06:58+00:00,INTERNAL_TRANSFER
TX-N-06268,ACC-N-0588,ACC-N-0917,32328.98,2026-12-08T06:50:05+00:00,WIRE
TX-N-06269,EXT-A-027-3,ACC-N-0900,1320.6,2026-06-22T09:23:57+00:00,INTERNAL_TRANSFER
TX-N-06270,ACC-N-0897,ACC-N-0804,941.03,2026-10-08T23:20:47+00:00,WIRE
TX-N-06271,ACC-N-0861,ACC-N-0710,11410.7,2026-04-27T22:31:57+00:00,INTERNAL_TRANSFER
TX-N-06272,ACC-N-0464,EXT-A-018-4,598.3,2026-07-31T21:13:51+00:00,INTERNAL_TRANSFER
TX-N-06273,ACC-N-0447,ACC-N-0564,6025.41,2026-12-21T17:57:33+00:00,WIRE
TX-N-06274,ACC-N-0569,ACC-N-0878,437.34,2026-10-11T14:34:49+00:00,WIRE
TX-N-06275,ACC-N-0455,ACC-N-0496,4200.5,2026-08-03T03:03:10+00:00,INTERNAL_TRANSFER
TX-N-06276,EXT-A-044-1,ACC-N-0606,1225.18,2026-11-10T16:14:57+00:00,INTERNAL_TRANSFER
TX-N-06277,ACC-N-0668,ACC-N-0837,10240.22,2026-02-17T04:20:21+00:00,INTERNAL_TRANSFER
TX-N-06278,ACC-N-0982,EXT-A-049-1,3306.67,2026-03-10T06:10:57+00:00,INTERNAL_TRANSFER
TX-N-06279,EXT-A-004-4,ACC-N-0561,2047.79,2026-12-29T19:47:38+00:00,WIRE
TX-N-06280,EXT-A-051-1,ACC-N-0865,14627.34,2026-06-07T16:29:52+00:00,ATM
TX-N-06281,ACC-N-0512,ACC-N-0492,13113.71,2026-01-25T11:46:58+00:00,INTERNAL_TRANSFER
TX-N-06282,EXT-A-036-2,ACC-N-0416,254.35,2026-07-19T01:48:30+00:00,WIRE
TX-N-06283,EXT-A-061-1,ACC-N-0435,9825.52,2026-11-28T23:30:20+00:00,INTERNAL_TRANSFER
TX-N-06284,ACC-N-0942,EXT-A-068-3,2982.45,2026-05-20T13:10:58+00:00,INTERNAL_TRANSFER
TX-N-06285,ACC-N-0481,ACC-N-0964,3277.28,2026-05-21T12:15:50+00:00,WIRE
TX-N-06286,ACC-N-0622,EXT-A-044-2,162.78,2026-06-21T16:18:00+00:00,INTERNAL_TRANSFER
TX-N-06287,ACC-N-0439,ACC-N-0732,5701.88,2026-02-14T18:55:01+00:00,INTERNAL_TRANSFER
TX-N-06288,ACC-N-0711,ACC-N-0471,13404.48,2026-05-27T19:27:01+00:00,INTERNAL_TRANSFER
TX-N-06289,ACC-N-0899,ACC-N-0500,1875.6,2026-05-25T01:29:27+00:00,WIRE
TX-N-06290,ACC-N-0448,ACC-N-0434,53178.13,2026-07-13T04:56:35+00:00,INTERNAL_TRANSFER
TX-N-06291,ACC-N-0580,EXT-A-063-3,59276.89,2026-02-27T22:40:31+00:00,WIRE
TX-N-06292,EXT-A-029-4,ACC-N-0899,8821.42,2026-06-29T09:40:37+00:00,WIRE
TX-N-06293,ACC-N-0550,ACC-N-0704,1935.4,2026-10-03T08:59:08+00:00,INTERNAL_TRANSFER
TX-N-06294,EXT-A-031-4,ACC-N-0509,21090.87,2026-10-16T04:21:07+00:00,INTERNAL_TRANSFER
TX-N-06295,ACC-N-0845,EXT-A-049-3,3762.71,2026-08-20T23:51:29+00:00,INTERNAL_TRANSFER
TX-N-06296,EXT-A-018-1,ACC-N-0589,409.8,2026-02-15T18:29:43+00:00,ATM
TX-N-06297,EXT-A-013-4,ACC-N-0516,11822.3,2026-01-20T17:02:46+00:00,INTERNAL_TRANSFER
TX-N-06298,ACC-N-0666,ACC-N-0869,10881.26,2026-02-26T12:43:10+00:00,INTERNAL_TRANSFER
TX-N-06299,EXT-A-026-2,EXT-A-070-1,79682.69,2026-06-09T22:27:23+00:00,WIRE
TX-N-06300,ACC-N-0457,EXT-A-052-4,34791.4,2026-02-10T16:20:48+00:00,INTERNAL_TRANSFER
TX-N-06301,EXT-A-019-2,ACC-N-0693,4863.95,2026-01-09T10:17:45+00:00,INTERNAL_TRANSFER
TX-N-06302,ACC-N-0899,EXT-A-033-4,48775.37,2026-09-30T16:28:34+00:00,WIRE
TX-N-06303,ACC-N-0445,ACC-N-0930,74640.79,2026-10-22T23:12:40+00:00,INTERNAL_TRANSFER
TX-N-06304,ACC-N-0981,ACC-N-0444,45198.62,2026-08-03T10:33:20+00:00,INTERNAL_TRANSFER
TX-N-06305,EXT-A-007-2,ACC-N-0684,11481.26,2026-06-11T11:17:50+00:00,WIRE
TX-N-06306,ACC-N-0468,ACC-N-0623,23118.67,2026-10-20T03:29:19+00:00,ATM
TX-N-06307,ACC-N-0634,ACC-N-0721,3160.39,2026-10-11T20:06:01+00:00,WIRE
TX-N-06308,ACC-N-0977,ACC-N-0914,2755.65,2026-08-29T14:33:40+00:00,INTERNAL_TRANSFER
TX-N-06309,ACC-N-0467,EXT-A-048-4,5617.51,2026-02-19T04:18:53+00:00,INTERNAL_TRANSFER
TX-N-06310,EXT-A-002-1,ACC-N-0932,3921.14,2026-10-30T16:44:04+00:00,INTERNAL_TRANSFER
TX-N-06311,ACC-N-0693,EXT-A-002-3,516.35,2026-05-09T04:24:37+00:00,INTERNAL_TRANSFER
TX-N-06312,EXT-A-058-2,ACC-N-0533,2557.18,2026-11-11T17:44:39+00:00,ATM
TX-N-06313,ACC-N-0704,ACC-N-0547,1412.47,2026-01-05T20:37:54+00:00,WIRE
TX-N-06314,ACC-N-0647,ACC-N-0500,7137.42,2026-04-20T19:45:29+00:00,INTERNAL_TRANSFER
TX-N-06315,ACC-C-PAY-12,ACC-N-0448,8969.78,2026-01-24T13:13:17+00:00,INTERNAL_TRANSFER
TX-N-06316,EXT-A-064-2,ACC-N-0626,2870.81,2026-08-11T09:59:57+00:00,ATM
TX-N-06317,ACC-N-0420,ACC-N-0461,1762.8,2026-03-16T22:55:26+00:00,INTERNAL_TRANSFER
TX-N-06318,EXT-A-036-2,EXT-A-867458,5701.62,2026-04-20T13:10:11+00:00,INTERNAL_TRANSFER
TX-N-06319,EXT-A-004-1,EXT-A-061-3,23397.26,2026-05-28T10:14:54+00:00,INTERNAL_TRANSFER
TX-N-06320,ACC-N-0946,ACC-N-0694,5926.95,2026-05-04T02:24:49+00:00,INTERNAL_TRANSFER
TX-N-06321,ACC-N-0619,ACC-N-0595,9475.37,2026-07-24T16:45:18+00:00,INTERNAL_TRANSFER
TX-N-06322,ACC-N-0649,ACC-N-0978,1816.03,2026-01-05T18:50:23+00:00,INTERNAL_TRANSFER
TX-N-06323,ACC-N-0832,ACC-N-0452,13903.06,2026-04-11T12:49:12+00:00,INTERNAL_TRANSFER
TX-N-06324,ACC-N-0555,ACC-N-0826,3681.71,2026-10-24T00:07:40+00:00,INTERNAL_TRANSFER
TX-N-06325,ACC-N-0443,ACC-N-0613,18835.12,2026-09-23T19:44:30+00:00,INTERNAL_TRANSFER
TX-N-06326,ACC-N-0501,ACC-N-0887,1030.06,2026-02-18T13:40:32+00:00,INTERNAL_TRANSFER
TX-N-06327,ACC-N-0668,EXT-A-030-2,9165.96,2026-06-17T18:46:23+00:00,WIRE
TX-N-06328,ACC-N-0626,ACC-N-0735,84590.53,2026-08-26T08:57:25+00:00,ATM
TX-N-06329,ACC-N-0949,EXT-A-062-4,7914.7,2026-04-07T21:57:53+00:00,INTERNAL_TRANSFER
TX-N-06330,EXT-A-059-3,ACC-N-0420,2513.17,2026-12-15T12:13:39+00:00,INTERNAL_TRANSFER
TX-N-06331,ACC-C-PAY-12,ACC-N-0605,14037.02,2026-05-07T08:34:48+00:00,WIRE
TX-N-06332,ACC-N-0590,EXT-A-044-1,907.44,2026-04-06T08:56:55+00:00,WIRE
TX-N-06333,EXT-A-069-4,ACC-N-0689,4035.93,2026-03-21T16:05:09+00:00,WIRE
TX-N-06334,ACC-N-0829,ACC-N-0967,9029.99,2026-02-04T15:20:56+00:00,WIRE
TX-N-06335,ACC-N-0626,EXT-A-004-1,4829.89,2026-06-11T10:02:56+00:00,INTERNAL_TRANSFER
TX-N-06336,ACC-N-0981,ACC-N-0707,1860.27,2026-04-24T01:56:30+00:00,INTERNAL_TRANSFER
TX-N-06337,EXT-A-016-2,EXT-A-030-2,42499.4,2026-10-19T10:26:45+00:00,INTERNAL_TRANSFER
TX-N-06338,EXT-A-061-3,ACC-N-0425,13463.49,2026-05-16T06:42:50+00:00,ATM
TX-N-06339,ACC-N-0885,EXT-A-062-3,10721.47,2026-12-10T18:45:46+00:00,WIRE
TX-N-06340,EXT-A-071-3,ACC-N-0539,226.83,2026-12-23T09:58:20+00:00,INTERNAL_TRANSFER
TX-N-06341,ACC-N-0860,ACC-N-0483,1324.84,2026-11-07T06:00:57+00:00,INTERNAL_TRANSFER
TX-N-06342,ACC-N-0622,EXT-A-035-3,5600.3,2026-07-09T02:55:52+00:00,INTERNAL_TRANSFER
TX-N-06343,ACC-N-0415,EXT-A-066-3,5843.11,2026-11-19T00:13:18+00:00,INTERNAL_TRANSFER
TX-N-06344,ACC-N-0689,ACC-N-0576,2898.95,2026-05-08T08:07:11+00:00,WIRE
TX-N-06345,ACC-N-0859,ACC-N-0509,25871.75,2026-08-31T22:35:11+00:00,INTERNAL_TRANSFER
TX-N-06346,EXT-A-016-3,ACC-N-0997,1966.86,2026-05-11T09:09:40+00:00,ATM
TX-N-06347,ACC-N-0663,ACC-N-0769,25496.72,2026-12-07T16:57:17+00:00,INTERNAL_TRANSFER
TX-N-06348,ACC-N-0404,ACC-N-0607,31466.96,2026-11-10T12:04:20+00:00,INTERNAL_TRANSFER
TX-N-06349,ACC-N-0740,EXT-A-030-3,1919.21,2026-05-26T21:58:22+00:00,ATM
TX-N-06350,EXT-A-063-4,EXT-A-011-3,7006.77,2026-03-04T23:44:16+00:00,WIRE
TX-N-06351,EXT-A-019-2,ACC-N-0838,8297.71,2026-06-16T07:47:29+00:00,INTERNAL_TRANSFER
TX-N-06352,ACC-N-0797,ACC-N-0530,2649.59,2026-05-13T04:31:32+00:00,INTERNAL_TRANSFER
TX-N-06353,ACC-N-0775,EXT-A-050-3,5158.52,2026-11-25T09:51:41+00:00,ATM
TX-N-06354,ACC-N-0619,ACC-N-0861,6871.0,2026-12-01T02:26:37+00:00,INTERNAL_TRANSFER
TX-N-06355,ACC-N-0872,ACC-N-0879,22480.04,2026-11-02T13:00:13+00:00,INTERNAL_TRANSFER
TX-N-06356,ACC-N-0440,ACC-N-0625,6357.3,2026-05-23T04:52:59+00:00,INTERNAL_TRANSFER
TX-N-06357,EXT-A-049-1,ACC-N-0718,40528.86,2026-07-09T06:12:58+00:00,INTERNAL_TRANSFER
TX-N-06358,ACC-N-0685,ACC-N-0977,22190.72,2026-05-13T10:49:00+00:00,INTERNAL_TRANSFER
TX-N-06359,EXT-A-050-2,EXT-A-030-4,1368.93,2026-09-15T10:29:25+00:00,INTERNAL_TRANSFER
TX-N-06360,ACC-N-0775,ACC-C-HNW-06,3131.18,2026-08-09T15:35:18+00:00,INTERNAL_TRANSFER
TX-N-06361,ACC-C-HNW-05,ACC-N-0574,2436.32,2026-02-13T20:40:52+00:00,INTERNAL_TRANSFER
TX-N-06362,ACC-N-0959,EXT-A-064-3,14899.16,2026-06-01T11:14:19+00:00,WIRE
TX-N-06363,ACC-N-0835,ACC-N-0844,969.79,2026-11-10T13:20:43+00:00,INTERNAL_TRANSFER
TX-N-06364,ACC-N-0781,ACC-N-0913,13777.17,2026-10-11T20:41:36+00:00,INTERNAL_TRANSFER
TX-N-06365,ACC-N-0914,ACC-N-0952,6024.3,2026-09-30T17:39:56+00:00,INTERNAL_TRANSFER
TX-N-06366,EXT-A-016-1,ACC-N-0608,742.18,2026-10-23T22:07:34+00:00,INTERNAL_TRANSFER
TX-N-06367,EXT-A-051-1,EXT-A-060-4,10221.41,2026-04-03T01:34:16+00:00,ATM
TX-N-06368,ACC-N-0761,ACC-N-0438,2512.68,2026-06-08T04:37:55+00:00,WIRE
TX-N-06369,ACC-N-0714,EXT-A-037-2,20286.69,2026-03-16T02:59:23+00:00,ATM
TX-N-06370,ACC-N-0924,ACC-N-0586,1117.2,2026-10-23T01:07:19+00:00,INTERNAL_TRANSFER
TX-N-06371,EXT-A-059-3,ACC-N-0899,20740.66,2026-10-23T19:39:23+00:00,INTERNAL_TRANSFER
TX-N-06372,EXT-A-052-1,ACC-N-0779,9394.38,2026-08-02T16:48:34+00:00,WIRE
TX-N-06373,ACC-N-0527,ACC-N-0888,32602.4,2026-01-01T17:19:17+00:00,WIRE
TX-N-06374,EXT-A-027-4,EXT-A-068-2,9528.27,2026-11-10T07:10:26+00:00,WIRE
TX-N-06375,ACC-N-0738,EXT-A-044-1,1743.55,2026-11-06T02:38:41+00:00,INTERNAL_TRANSFER
TX-N-06376,ACC-N-0558,EXT-A-013-3,3713.14,2026-08-25T15:09:09+00:00,INTERNAL_TRANSFER
TX-N-06377,ACC-N-0706,ACC-N-0528,6783.43,2026-03-07T07:07:13+00:00,INTERNAL_TRANSFER
TX-N-06378,ACC-N-0997,ACC-N-0645,5816.71,2026-06-25T07:58:28+00:00,INTERNAL_TRANSFER
TX-N-06379,EXT-A-041-4,EXT-A-059-2,2094.89,2026-11-18T00:59:41+00:00,WIRE
TX-N-06380,ACC-N-0915,ACC-N-0595,4532.5,2026-09-12T05:24:12+00:00,INTERNAL_TRANSFER
TX-N-06381,ACC-N-0402,ACC-N-0475,14434.15,2026-06-25T23:00:33+00:00,INTERNAL_TRANSFER
TX-N-06382,ACC-N-0697,ACC-N-0714,11194.36,2026-06-15T03:16:05+00:00,INTERNAL_TRANSFER
TX-N-06383,ACC-N-0671,ACC-N-0683,8711.55,2026-04-07T00:50:34+00:00,INTERNAL_TRANSFER
TX-N-06384,ACC-N-0761,EXT-A-059-1,4061.88,2026-01-23T17:51:11+00:00,WIRE
TX-N-06385,ACC-N-0403,ACC-N-0684,5215.09,2026-05-16T06:56:13+00:00,ATM
TX-N-06386,ACC-N-0863,EXT-A-006-4,11391.91,2026-12-22T21:44:03+00:00,WIRE
TX-N-06387,EXT-A-054-4,ACC-N-0984,9427.57,2026-04-19T09:36:40+00:00,INTERNAL_TRANSFER
TX-N-06388,ACC-N-0899,ACC-C-HNW-03,3751.45,2026-08-09T19:34:20+00:00,INTERNAL_TRANSFER
TX-N-06389,ACC-N-0455,ACC-N-0934,2442.79,2026-02-24T16:48:43+00:00,INTERNAL_TRANSFER
TX-N-06390,EXT-A-070-1,ACC-N-0760,2331.9,2026-02-16T22:32:17+00:00,INTERNAL_TRANSFER
TX-N-06391,ACC-N-0549,ACC-N-0887,3580.41,2026-12-31T23:37:26+00:00,ATM
TX-N-06392,ACC-N-0922,ACC-N-0638,2828.74,2026-09-26T19:03:36+00:00,INTERNAL_TRANSFER
TX-N-06393,ACC-N-0821,EXT-A-056-2,7128.09,2026-11-13T12:58:34+00:00,WIRE
TX-N-06394,ACC-N-0547,ACC-N-0681,10967.9,2026-07-02T09:21:05+00:00,INTERNAL_TRANSFER
TX-N-06395,EXT-A-042-3,EXT-A-009-1,4719.36,2026-03-07T18:40:08+00:00,INTERNAL_TRANSFER
TX-N-06396,ACC-N-0635,ACC-N-0641,20622.0,2026-07-17T18:41:45+00:00,INTERNAL_TRANSFER
TX-N-06397,ACC-N-0939,ACC-N-0397,12893.33,2026-11-18T06:25:58+00:00,INTERNAL_TRANSFER
TX-N-06398,EXT-A-028-4,EXT-A-005-1,2655.99,2026-08-08T07:52:10+00:00,INTERNAL_TRANSFER
TX-N-06399,ACC-N-0456,ACC-N-0541,2790.27,2026-08-27T22:03:51+00:00,INTERNAL_TRANSFER
TX-N-06400,ACC-N-0437,EXT-A-038-4,7776.71,2026-05-05T16:57:14+00:00,INTERNAL_TRANSFER
TX-N-06401,ACC-N-0871,EXT-A-013-1,1060.48,2026-02-26T16:44:38+00:00,INTERNAL_TRANSFER
TX-N-06402,ACC-N-0744,ACC-N-0541,3439.61,2026-01-30T22:14:31+00:00,INTERNAL_TRANSFER
TX-N-06403,EXT-A-072-3,ACC-N-0461,4660.66,2026-05-18T10:51:35+00:00,INTERNAL_TRANSFER
TX-N-06404,ACC-N-0977,ACC-N-0642,7179.81,2026-08-12T02:51:37+00:00,WIRE
TX-N-06405,EXT-A-072-3,ACC-N-0609,1526.53,2026-02-27T20:04:30+00:00,INTERNAL_TRANSFER
TX-N-06406,ACC-N-0587,ACC-N-0564,1785.32,2026-11-11T22:04:50+00:00,WIRE
TX-N-06407,EXT-A-014-2,ACC-N-0895,3761.71,2026-05-14T05:15:28+00:00,INTERNAL_TRANSFER
TX-N-06408,EXT-A-009-2,ACC-N-0436,20289.97,2026-07-10T03:42:13+00:00,INTERNAL_TRANSFER
TX-N-06409,ACC-N-0958,ACC-N-0521,2527.62,2026-10-06T19:17:53+00:00,WIRE
TX-N-06410,ACC-N-0599,EXT-A-069-1,9105.4,2026-01-16T19:01:44+00:00,INTERNAL_TRANSFER
TX-N-06411,ACC-B-04-C,ACC-N-0796,18194.1,2026-11-19T14:19:34+00:00,WIRE
TX-N-06412,EXT-A-022-1,ACC-N-0631,75633.37,2026-03-31T04:09:03+00:00,INTERNAL_TRANSFER
TX-N-06413,ACC-N-0958,ACC-N-0652,1705.09,2026-03-01T07:31:50+00:00,WIRE
TX-N-06414,ACC-N-0982,ACC-N-0757,2430.35,2026-04-21T06:17:22+00:00,INTERNAL_TRANSFER
TX-N-06415,EXT-A-047-3,ACC-N-0424,11950.38,2026-05-15T19:03:35+00:00,INTERNAL_TRANSFER
TX-N-06416,EXT-A-032-2,ACC-N-0464,2020.99,2026-03-26T20:17:07+00:00,INTERNAL_TRANSFER
TX-N-06417,ACC-N-0702,EXT-A-034-2,1593.63,2026-06-19T03:02:32+00:00,INTERNAL_TRANSFER
TX-N-06418,ACC-N-0418,ACC-N-0744,11532.21,2026-04-27T17:45:36+00:00,INTERNAL_TRANSFER
TX-N-06419,EXT-A-055-2,ACC-N-0918,29446.87,2026-10-06T05:17:27+00:00,WIRE
TX-N-06420,EXT-A-017-4,ACC-N-0592,10433.71,2026-03-28T23:02:16+00:00,INTERNAL_TRANSFER
TX-N-06421,ACC-N-0979,EXT-A-064-2,1207.66,2026-05-10T15:42:34+00:00,WIRE
TX-N-06422,ACC-N-0502,EXT-A-041-3,28511.45,2026-02-19T02:37:27+00:00,WIRE
TX-N-06423,EXT-A-020-1,EXT-A-033-1,11199.96,2026-08-25T08:25:16+00:00,WIRE
TX-N-06424,ACC-N-0707,ACC-N-0709,1413.98,2026-08-29T14:34:17+00:00,INTERNAL_TRANSFER
TX-N-06425,ACC-N-0516,EXT-A-004-3,9215.82,2026-12-05T07:47:57+00:00,INTERNAL_TRANSFER
TX-N-06426,ACC-N-0660,ACC-N-0679,1036.42,2026-11-28T16:12:03+00:00,ATM
TX-N-06427,ACC-N-0655,ACC-N-0665,2435.9,2026-09-13T05:06:06+00:00,INTERNAL_TRANSFER
TX-N-06428,ACC-N-0531,EXT-A-027-3,3282.81,2026-10-10T00:07:31+00:00,ATM
TX-N-06429,ACC-N-0824,ACC-N-0803,2503.04,2026-08-21T17:54:42+00:00,INTERNAL_TRANSFER
TX-N-06430,EXT-A-048-4,ACC-N-0548,13416.69,2026-04-04T19:32:19+00:00,INTERNAL_TRANSFER
TX-N-06431,ACC-N-0687,ACC-N-0582,19417.83,2026-05-22T21:32:07+00:00,INTERNAL_TRANSFER
TX-N-06432,ACC-N-0692,EXT-A-062-4,9723.4,2026-05-26T01:47:56+00:00,INTERNAL_TRANSFER
TX-N-06433,ACC-N-0803,EXT-A-028-1,1590.97,2026-08-14T20:59:31+00:00,INTERNAL_TRANSFER
TX-N-06434,ACC-N-0930,ACC-N-0406,9139.38,2026-11-08T19:18:49+00:00,WIRE
TX-N-06435,EXT-A-054-3,ACC-C-PAY-07,2083.68,2026-08-22T13:24:13+00:00,INTERNAL_TRANSFER
TX-N-06436,ACC-C-PAY-12,EXT-A-066-3,1011.12,2026-02-22T20:42:03+00:00,INTERNAL_TRANSFER
TX-N-06437,ACC-N-0796,ACC-N-0497,4555.78,2026-02-07T07:19:53+00:00,INTERNAL_TRANSFER
TX-N-06438,EXT-A-061-3,ACC-N-0454,969.67,2026-02-24T15:55:07+00:00,ATM
TX-N-06439,EXT-A-019-4,EXT-A-067-4,894.06,2026-02-27T02:07:54+00:00,INTERNAL_TRANSFER
TX-N-06440,ACC-N-0955,ACC-N-0899,3255.48,2026-09-18T03:48:42+00:00,INTERNAL_TRANSFER
TX-N-06441,ACC-N-0885,ACC-N-0649,4121.85,2026-06-30T04:14:12+00:00,INTERNAL_TRANSFER
TX-N-06442,ACC-N-0997,ACC-N-0902,4433.02,2026-01-15T01:03:07+00:00,ATM
TX-N-06443,EXT-A-043-3,ACC-N-0396,8501.71,2026-01-14T02:13:25+00:00,INTERNAL_TRANSFER
TX-N-06444,ACC-N-0705,EXT-A-066-1,1614.84,2026-02-11T23:47:40+00:00,INTERNAL_TRANSFER
TX-N-06445,ACC-N-0693,EXT-A-052-4,11748.85,2026-02-27T05:28:57+00:00,INTERNAL_TRANSFER
TX-N-06446,EXT-A-005-4,EXT-A-016-4,6281.0,2026-03-23T16:06:24+00:00,INTERNAL_TRANSFER
TX-N-06447,EXT-A-063-2,ACC-N-0484,4700.37,2026-11-13T19:28:45+00:00,ATM
TX-N-06448,ACC-N-0966,ACC-N-0648,1579.48,2026-08-14T04:22:30+00:00,WIRE
TX-N-06449,ACC-N-0538,ACC-N-0456,3248.27,2026-05-26T09:05:47+00:00,WIRE
TX-N-06450,ACC-N-0521,ACC-N-0837,1830.43,2026-12-19T23:55:22+00:00,INTERNAL_TRANSFER
TX-N-06451,ACC-N-0806,ACC-N-0549,11990.5,2026-07-22T08:37:31+00:00,INTERNAL_TRANSFER
TX-N-06452,EXT-A-052-3,ACC-N-0804,239.03,2026-06-22T03:13:03+00:00,INTERNAL_TRANSFER
TX-N-06453,ACC-C-PAY-05,ACC-N-0791,777.75,2026-08-14T11:27:37+00:00,INTERNAL_TRANSFER
TX-N-06454,ACC-B-03-A,EXT-A-042-3,3587.63,2026-06-13T11:35:28+00:00,INTERNAL_TRANSFER
TX-N-06455,ACC-N-0819,EXT-A-007-3,8953.97,2026-12-05T20:29:45+00:00,INTERNAL_TRANSFER
TX-N-06456,ACC-N-0932,ACC-N-0659,3626.63,2026-03-12T01:23:24+00:00,WIRE
TX-N-06457,ACC-N-0456,EXT-A-021-1,13165.52,2026-05-01T20:51:06+00:00,INTERNAL_TRANSFER
TX-N-06458,EXT-A-035-3,ACC-N-0937,6107.57,2026-05-23T18:44:22+00:00,INTERNAL_TRANSFER
TX-N-06459,EXT-A-052-3,EXT-A-053-4,1140.9,2026-02-11T00:15:48+00:00,INTERNAL_TRANSFER
TX-N-06460,EXT-A-047-3,EXT-A-038-2,7961.32,2026-08-29T11:03:41+00:00,INTERNAL_TRANSFER
TX-N-06461,ACC-N-0911,EXT-A-023-3,13064.81,2026-08-13T07:26:21+00:00,INTERNAL_TRANSFER
TX-N-06462,ACC-N-0415,ACC-N-0764,5100.08,2026-05-27T18:15:01+00:00,INTERNAL_TRANSFER
TX-N-06463,EXT-A-069-1,ACC-N-0573,4944.64,2026-02-22T23:00:26+00:00,INTERNAL_TRANSFER
TX-N-06464,EXT-A-045-3,ACC-N-0897,5895.58,2026-10-30T18:08:34+00:00,INTERNAL_TRANSFER
TX-N-06465,ACC-N-0411,ACC-N-0772,3775.09,2026-10-21T15:16:21+00:00,INTERNAL_TRANSFER
TX-N-06466,ACC-N-0667,ACC-N-0661,2190.23,2026-01-13T05:22:38+00:00,INTERNAL_TRANSFER
TX-N-06467,ACC-N-0531,EXT-A-032-4,68847.23,2026-07-23T12:35:46+00:00,INTERNAL_TRANSFER
TX-N-06468,ACC-N-0795,ACC-N-0551,1657.5,2026-06-01T00:38:14+00:00,WIRE
TX-N-06469,ACC-N-0429,EXT-A-053-3,3140.8,2026-11-09T23:34:59+00:00,ATM
TX-N-06470,EXT-A-043-1,ACC-N-0440,759.67,2026-02-27T03:48:25+00:00,INTERNAL_TRANSFER
TX-N-06471,ACC-N-0940,ACC-N-0922,1500.39,2026-12-09T18:28:39+00:00,WIRE
TX-N-06472,ACC-N-0559,ACC-N-0468,11183.46,2026-06-02T11:34:29+00:00,WIRE
TX-N-06473,ACC-N-0395,ACC-N-0571,59546.46,2026-05-16T17:27:02+00:00,INTERNAL_TRANSFER
TX-N-06474,ACC-N-0406,ACC-C-PAY-04,1302.77,2026-01-08T07:21:49+00:00,INTERNAL_TRANSFER
TX-N-06475,ACC-N-0993,EXT-A-029-2,7178.19,2026-11-13T04:07:53+00:00,WIRE
TX-N-06476,EXT-A-056-1,ACC-N-0978,6939.39,2026-12-22T09:17:11+00:00,INTERNAL_TRANSFER
TX-N-06477,ACC-N-0532,ACC-N-0677,1856.03,2026-03-17T00:37:59+00:00,INTERNAL_TRANSFER
TX-N-06478,ACC-N-0721,ACC-N-0805,5527.89,2026-08-14T07:16:46+00:00,INTERNAL_TRANSFER
TX-N-06479,ACC-N-0498,ACC-N-0884,4725.42,2026-02-22T14:51:23+00:00,ATM
TX-N-06480,ACC-N-0840,ACC-N-0961,17496.07,2026-07-05T06:45:24+00:00,WIRE
TX-N-06481,ACC-N-0668,ACC-N-0562,2802.6,2026-01-12T07:50:39+00:00,INTERNAL_TRANSFER
TX-N-06482,ACC-N-0972,ACC-N-0897,47855.9,2026-12-20T11:38:43+00:00,INTERNAL_TRANSFER
TX-N-06483,EXT-A-036-1,EXT-A-056-3,3145.62,2026-01-17T13:16:20+00:00,INTERNAL_TRANSFER
TX-N-06484,ACC-N-0408,ACC-N-0663,5898.77,2026-05-16T10:28:16+00:00,INTERNAL_TRANSFER
TX-N-06485,ACC-B-04-C,EXT-A-016-4,1343.21,2026-10-05T01:52:47+00:00,INTERNAL_TRANSFER
TX-N-06486,EXT-A-009-4,ACC-N-0683,145.71,2026-07-25T11:49:29+00:00,INTERNAL_TRANSFER
TX-N-06487,ACC-N-0568,ACC-N-0921,2003.67,2026-03-19T07:18:40+00:00,INTERNAL_TRANSFER
TX-N-06488,ACC-N-0795,ACC-N-0543,12089.28,2026-12-22T21:59:21+00:00,INTERNAL_TRANSFER
TX-N-06489,ACC-N-0840,ACC-N-0853,3817.45,2026-04-05T16:28:51+00:00,ATM
TX-N-06490,ACC-N-0956,ACC-N-0788,2733.51,2026-08-10T02:17:10+00:00,WIRE
TX-N-06491,EXT-A-051-3,ACC-N-0857,4173.03,2026-08-08T11:30:05+00:00,INTERNAL_TRANSFER
TX-N-06492,ACC-N-0613,ACC-N-0793,3634.08,2026-03-07T20:29:36+00:00,WIRE
TX-N-06493,EXT-A-047-2,EXT-A-051-2,2589.54,2026-10-25T09:38:54+00:00,INTERNAL_TRANSFER
TX-N-06494,ACC-N-0683,ACC-N-0975,1021.15,2026-11-30T00:18:41+00:00,WIRE
TX-N-06495,EXT-A-049-2,ACC-N-0673,20722.64,2026-03-27T20:04:08+00:00,ATM
TX-N-06496,EXT-A-030-2,ACC-N-0454,5424.49,2026-09-30T13:12:26+00:00,INTERNAL_TRANSFER
TX-N-06497,ACC-N-0968,EXT-A-010-2,6842.29,2026-01-23T12:57:39+00:00,ATM
TX-N-06498,ACC-N-0645,EXT-A-040-4,3693.77,2026-08-26T18:16:37+00:00,INTERNAL_TRANSFER
TX-N-06499,ACC-N-0687,ACC-N-0936,8845.56,2026-06-18T12:21:52+00:00,INTERNAL_TRANSFER
TX-N-06500,ACC-N-0961,EXT-A-019-2,12266.09,2026-12-30T18:09:45+00:00,WIRE
TX-N-06501,EXT-A-062-1,EXT-A-043-4,8916.24,2026-03-13T20:23:48+00:00,INTERNAL_TRANSFER
TX-N-06502,ACC-N-0752,ACC-N-0676,2889.99,2026-07-11T21:02:07+00:00,ATM
TX-N-06503,EXT-A-005-4,ACC-N-0683,6341.2,2026-01-06T06:07:56+00:00,INTERNAL_TRANSFER
TX-N-06504,ACC-N-0500,ACC-N-0493,2984.86,2026-11-08T11:08:56+00:00,INTERNAL_TRANSFER
TX-N-06505,ACC-N-0933,EXT-A-033-3,15355.73,2026-06-12T17:40:36+00:00,WIRE
TX-N-06506,EXT-A-069-1,ACC-N-0821,1468.51,2026-01-16T02:38:57+00:00,INTERNAL_TRANSFER
TX-N-06507,ACC-N-0434,ACC-N-0951,4152.76,2026-08-22T00:26:12+00:00,INTERNAL_TRANSFER
TX-N-06508,EXT-A-064-4,EXT-A-015-4,3553.79,2026-09-18T17:01:12+00:00,INTERNAL_TRANSFER
TX-N-06509,ACC-N-0928,ACC-N-0907,5285.75,2026-01-29T22:50:05+00:00,INTERNAL_TRANSFER
TX-N-06510,EXT-A-055-4,ACC-N-0650,8285.24,2026-05-05T17:04:02+00:00,INTERNAL_TRANSFER
TX-N-06511,ACC-N-0731,ACC-C-HNW-06,4465.48,2026-10-08T18:04:16+00:00,INTERNAL_TRANSFER
TX-N-06512,EXT-A-026-4,ACC-N-0962,3202.0,2026-11-24T22:13:46+00:00,INTERNAL_TRANSFER
TX-N-06513,EXT-A-045-1,EXT-A-067-2,2442.2,2026-03-05T10:44:36+00:00,INTERNAL_TRANSFER
TX-N-06514,EXT-A-023-2,ACC-N-0743,4637.24,2026-07-06T08:06:35+00:00,INTERNAL_TRANSFER
TX-N-06515,ACC-N-0635,ACC-C-PAY-01,2037.36,2026-07-11T08:40:18+00:00,INTERNAL_TRANSFER
TX-N-06516,ACC-N-0464,EXT-A-047-2,954.68,2026-09-29T23:25:09+00:00,INTERNAL_TRANSFER
TX-N-06517,EXT-A-042-3,EXT-A-025-4,2049.99,2026-05-05T00:58:49+00:00,INTERNAL_TRANSFER
TX-N-06518,ACC-N-0477,ACC-N-0796,7710.19,2026-06-09T06:17:00+00:00,INTERNAL_TRANSFER
TX-N-06519,ACC-N-0631,EXT-A-025-2,4456.35,2026-05-09T00:11:22+00:00,WIRE
TX-N-06520,ACC-N-0612,ACC-N-0493,2141.72,2026-11-16T17:46:24+00:00,INTERNAL_TRANSFER
TX-N-06521,EXT-A-053-1,EXT-A-039-3,5243.57,2026-02-22T02:55:30+00:00,INTERNAL_TRANSFER
TX-N-06522,ACC-N-0709,ACC-N-0974,2262.74,2026-11-18T21:22:09+00:00,WIRE
TX-N-06523,ACC-N-0526,ACC-N-0717,6941.4,2026-09-30T22:46:51+00:00,INTERNAL_TRANSFER
TX-N-06524,ACC-N-0496,ACC-N-0806,2579.3,2026-05-02T13:04:29+00:00,INTERNAL_TRANSFER
TX-N-06525,EXT-A-064-3,ACC-N-0425,1271.56,2026-05-29T01:50:00+00:00,INTERNAL_TRANSFER
TX-N-06526,EXT-A-040-2,ACC-N-0622,3150.36,2026-09-23T00:28:21+00:00,INTERNAL_TRANSFER
TX-N-06527,EXT-A-069-1,EXT-A-017-2,1459.37,2026-06-19T02:15:45+00:00,WIRE
TX-N-06528,EXT-A-057-4,ACC-N-0905,7149.69,2026-06-02T06:36:28+00:00,INTERNAL_TRANSFER
TX-N-06529,EXT-A-029-4,ACC-N-0735,1036.56,2026-08-02T06:29:47+00:00,ATM
TX-N-06530,EXT-A-030-4,ACC-N-0668,7676.94,2026-06-22T07:21:13+00:00,INTERNAL_TRANSFER
TX-N-06531,ACC-N-0742,ACC-N-0773,3549.85,2026-05-31T02:20:04+00:00,INTERNAL_TRANSFER
TX-N-06532,EXT-A-059-3,ACC-N-0795,590.13,2026-11-27T22:37:11+00:00,INTERNAL_TRANSFER
TX-N-06533,ACC-N-0708,EXT-A-035-3,862.98,2026-07-09T18:41:29+00:00,INTERNAL_TRANSFER
TX-N-06534,ACC-N-0569,ACC-N-0428,1279.66,2026-01-24T15:04:07+00:00,WIRE
TX-N-06535,ACC-N-0602,EXT-A-037-1,4451.33,2026-06-22T12:16:01+00:00,INTERNAL_TRANSFER
TX-N-06536,EXT-A-031-3,EXT-A-011-1,12127.62,2026-07-21T04:15:32+00:00,WIRE
TX-N-06537,ACC-N-0620,ACC-N-0438,1167.91,2026-11-27T14:57:36+00:00,WIRE
TX-N-06538,EXT-A-045-3,EXT-A-034-1,1676.22,2026-07-23T12:14:11+00:00,ATM
TX-N-06539,ACC-N-0670,EXT-A-017-3,27226.76,2026-07-19T09:58:53+00:00,WIRE
TX-N-06540,ACC-N-0972,ACC-N-0767,92506.5,2026-06-18T16:40:43+00:00,INTERNAL_TRANSFER
TX-N-06541,ACC-N-0845,ACC-N-0657,2672.89,2026-11-28T14:37:00+00:00,INTERNAL_TRANSFER
TX-N-06542,EXT-A-071-3,ACC-C-PAY-10,12507.78,2026-04-12T01:17:41+00:00,INTERNAL_TRANSFER
TX-N-06543,ACC-N-0865,EXT-A-072-2,12592.98,2026-04-09T17:02:18+00:00,INTERNAL_TRANSFER
TX-N-06544,ACC-N-0657,EXT-A-022-4,851.41,2026-04-06T07:48:52+00:00,INTERNAL_TRANSFER
TX-N-06545,ACC-N-0910,ACC-N-0644,19572.9,2026-03-31T12:12:25+00:00,WIRE
TX-N-06546,ACC-C-PAY-07,ACC-N-0933,1412.42,2026-08-17T07:43:56+00:00,INTERNAL_TRANSFER
TX-N-06547,ACC-N-0422,ACC-N-0684,5421.82,2026-10-11T21:10:27+00:00,WIRE
TX-N-06548,EXT-A-054-1,ACC-N-0446,805.07,2026-07-30T06:53:30+00:00,WIRE
TX-N-06549,ACC-N-0649,EXT-A-063-3,2383.71,2026-06-27T05:47:50+00:00,WIRE
TX-N-06550,ACC-N-0798,ACC-C-PAY-12,8423.98,2026-09-21T21:04:58+00:00,INTERNAL_TRANSFER
TX-N-06551,ACC-N-0571,ACC-N-0580,7288.41,2026-03-04T13:06:56+00:00,INTERNAL_TRANSFER
TX-N-06552,EXT-A-063-3,EXT-A-035-4,5386.93,2026-09-30T10:09:38+00:00,INTERNAL_TRANSFER
TX-N-06553,ACC-N-0519,EXT-A-011-4,8121.64,2026-05-08T22:39:26+00:00,INTERNAL_TRANSFER
TX-N-06554,EXT-A-011-2,ACC-N-0408,1624.04,2026-04-21T00:49:46+00:00,INTERNAL_TRANSFER
TX-N-06555,EXT-A-009-4,EXT-A-061-1,4995.33,2026-08-10T18:43:51+00:00,INTERNAL_TRANSFER
TX-N-06556,ACC-N-0872,ACC-N-0733,1308.12,2026-10-01T00:59:03+00:00,INTERNAL_TRANSFER
TX-N-06557,ACC-N-0806,EXT-A-046-2,1003.65,2026-06-30T23:16:39+00:00,WIRE
TX-N-06558,ACC-N-0600,EXT-A-048-4,5048.13,2026-03-02T05:23:45+00:00,INTERNAL_TRANSFER
TX-N-06559,ACC-N-0730,ACC-N-0468,879.44,2026-08-22T11:01:54+00:00,INTERNAL_TRANSFER
TX-N-06560,ACC-N-0960,ACC-N-0647,1198.04,2026-03-11T03:36:28+00:00,INTERNAL_TRANSFER
TX-N-06561,ACC-N-0460,EXT-A-002-3,375.97,2026-06-09T05:25:41+00:00,INTERNAL_TRANSFER
TX-N-06562,EXT-A-042-2,EXT-A-013-4,7907.3,2026-07-20T00:30:29+00:00,WIRE
TX-N-06563,ACC-N-0988,ACC-N-0882,18335.51,2026-07-08T03:49:33+00:00,INTERNAL_TRANSFER
TX-N-06564,ACC-N-0857,ACC-N-0513,1930.4,2026-06-11T08:41:22+00:00,ATM
TX-N-06565,EXT-A-071-1,ACC-N-0619,53072.51,2026-03-17T00:13:05+00:00,WIRE
TX-N-06566,ACC-N-0944,ACC-N-0754,3719.62,2026-12-12T12:44:42+00:00,INTERNAL_TRANSFER
TX-N-06567,ACC-N-0835,ACC-N-0532,9405.23,2026-07-23T11:18:07+00:00,ATM
TX-N-06568,ACC-N-0500,EXT-A-031-4,4291.92,2026-02-20T15:44:37+00:00,INTERNAL_TRANSFER
TX-N-06569,EXT-A-034-3,ACC-N-0440,2218.06,2026-04-21T09:09:13+00:00,INTERNAL_TRANSFER
TX-N-06570,ACC-N-0897,EXT-A-065-4,24387.34,2026-11-02T13:28:30+00:00,INTERNAL_TRANSFER
TX-N-06571,ACC-C-HNW-01,ACC-N-0650,8564.33,2026-02-03T14:36:32+00:00,INTERNAL_TRANSFER
TX-N-06572,ACC-N-0895,ACC-N-0901,2625.3,2026-11-20T03:03:32+00:00,INTERNAL_TRANSFER
TX-N-06573,ACC-N-0618,ACC-N-0456,4885.07,2026-01-06T22:08:22+00:00,INTERNAL_TRANSFER
TX-N-06574,EXT-A-070-4,EXT-A-017-3,8073.26,2026-09-04T21:40:17+00:00,INTERNAL_TRANSFER
TX-N-06575,EXT-A-016-1,ACC-N-0492,3137.88,2026-06-26T01:18:53+00:00,INTERNAL_TRANSFER
TX-N-06576,EXT-A-035-4,EXT-A-034-2,7057.0,2026-06-03T04:50:25+00:00,INTERNAL_TRANSFER
TX-N-06577,ACC-N-0735,ACC-N-0892,11085.63,2026-03-29T12:30:23+00:00,INTERNAL_TRANSFER
TX-N-06578,ACC-N-0537,ACC-N-0455,2425.95,2026-08-21T10:32:11+00:00,INTERNAL_TRANSFER
TX-N-06579,EXT-A-016-4,EXT-A-069-2,2367.9,2026-08-17T19:10:37+00:00,INTERNAL_TRANSFER
TX-N-06580,ACC-N-0485,EXT-A-026-2,3533.47,2026-05-29T20:27:16+00:00,INTERNAL_TRANSFER
TX-N-06581,EXT-A-023-2,ACC-N-0589,3655.43,2026-02-20T05:11:55+00:00,INTERNAL_TRANSFER
TX-N-06582,ACC-N-0527,EXT-A-018-4,653.73,2026-09-22T01:10:15+00:00,INTERNAL_TRANSFER
TX-N-06583,EXT-A-011-4,ACC-N-0520,19636.86,2026-08-12T19:31:46+00:00,INTERNAL_TRANSFER
TX-N-06584,ACC-N-0955,ACC-N-0945,2472.57,2026-11-12T06:57:13+00:00,WIRE
TX-N-06585,ACC-N-0873,ACC-N-0801,1600.4,2026-03-03T19:02:29+00:00,INTERNAL_TRANSFER
TX-N-06586,EXT-A-005-1,ACC-N-0427,2466.2,2026-01-17T10:03:32+00:00,WIRE
TX-N-06587,ACC-N-0446,EXT-A-034-1,4381.46,2026-12-02T13:59:38+00:00,INTERNAL_TRANSFER
TX-N-06588,EXT-A-038-1,ACC-N-0875,3761.05,2026-08-11T14:15:26+00:00,INTERNAL_TRANSFER
TX-N-06589,ACC-N-0440,ACC-N-0774,2655.73,2026-11-18T10:43:23+00:00,INTERNAL_TRANSFER
TX-N-06590,EXT-A-022-3,ACC-N-0900,23978.08,2026-01-18T17:00:38+00:00,WIRE
TX-N-06591,ACC-N-0422,ACC-N-0804,7194.11,2026-12-19T03:48:25+00:00,INTERNAL_TRANSFER
TX-N-06592,ACC-N-0532,EXT-A-015-4,2359.25,2026-06-07T03:36:40+00:00,WIRE
TX-N-06593,ACC-N-0798,ACC-N-0893,7026.37,2026-09-06T18:43:20+00:00,WIRE
TX-N-06594,ACC-N-0565,ACC-N-0765,4780.7,2026-01-06T18:54:45+00:00,INTERNAL_TRANSFER
TX-N-06595,EXT-A-048-1,ACC-N-0932,6596.54,2026-10-09T17:27:47+00:00,INTERNAL_TRANSFER
TX-N-06596,ACC-N-0444,ACC-N-0583,1706.36,2026-03-05T04:00:28+00:00,INTERNAL_TRANSFER
TX-N-06597,ACC-N-0671,ACC-N-0467,21451.7,2026-07-23T21:15:34+00:00,INTERNAL_TRANSFER
TX-N-06598,ACC-N-0826,EXT-A-021-3,1380.26,2026-05-30T13:34:55+00:00,INTERNAL_TRANSFER
TX-N-06599,ACC-N-0619,ACC-N-0535,15633.58,2026-11-28T17:41:18+00:00,WIRE
TX-N-06600,ACC-C-PAY-09,ACC-N-0603,683.55,2026-04-20T05:17:13+00:00,INTERNAL_TRANSFER
TX-N-06601,EXT-A-042-1,EXT-A-011-4,2543.03,2026-03-20T11:27:29+00:00,WIRE
TX-N-06602,ACC-N-0392,EXT-A-010-1,7360.3,2026-11-15T03:24:27+00:00,INTERNAL_TRANSFER
TX-N-06603,ACC-N-0682,ACC-N-0593,980.49,2026-04-28T01:39:20+00:00,WIRE
TX-N-06604,ACC-N-0439,ACC-N-0969,4392.31,2026-09-05T01:47:12+00:00,INTERNAL_TRANSFER
TX-N-06605,ACC-N-0565,EXT-A-017-2,2290.32,2026-02-16T07:53:17+00:00,INTERNAL_TRANSFER
TX-N-06606,ACC-N-0424,ACC-N-0651,2456.41,2026-08-23T12:58:06+00:00,INTERNAL_TRANSFER
TX-N-06607,ACC-N-0744,EXT-A-039-3,4881.1,2026-08-18T23:14:25+00:00,WIRE
TX-N-06608,ACC-N-0623,EXT-A-015-3,3773.28,2026-07-07T05:04:51+00:00,INTERNAL_TRANSFER
TX-N-06609,ACC-N-0738,EXT-A-042-4,430.67,2026-08-22T18:58:49+00:00,INTERNAL_TRANSFER
TX-N-06610,EXT-A-055-1,ACC-N-0456,26434.87,2026-02-15T02:15:14+00:00,ATM
TX-N-06611,EXT-A-019-2,EXT-A-008-4,5261.52,2026-07-27T07:23:57+00:00,INTERNAL_TRANSFER
TX-N-06612,ACC-N-0846,ACC-N-0764,2920.7,2026-07-27T00:19:57+00:00,INTERNAL_TRANSFER
TX-N-06613,EXT-A-012-1,EXT-A-908166,4002.95,2026-05-17T08:07:05+00:00,INTERNAL_TRANSFER
TX-N-06614,ACC-N-0680,ACC-N-0466,27338.25,2026-07-02T14:58:16+00:00,WIRE
TX-N-06615,ACC-N-0558,ACC-N-0733,1370.22,2026-01-12T05:43:13+00:00,INTERNAL_TRANSFER
TX-N-06616,ACC-N-0409,ACC-N-0723,7093.69,2026-01-16T00:06:47+00:00,INTERNAL_TRANSFER
TX-N-06617,ACC-N-0840,ACC-N-0789,1159.48,2026-03-22T23:37:53+00:00,INTERNAL_TRANSFER
TX-N-06618,EXT-A-050-2,ACC-N-0392,1898.76,2026-07-05T05:35:38+00:00,INTERNAL_TRANSFER
TX-N-06619,ACC-N-0838,ACC-N-0492,1261.73,2026-02-01T13:37:10+00:00,INTERNAL_TRANSFER
TX-N-06620,ACC-N-0612,EXT-A-018-1,518.03,2026-08-03T21:58:38+00:00,INTERNAL_TRANSFER
TX-N-06621,ACC-N-0504,EXT-A-043-4,3522.42,2026-02-08T03:58:44+00:00,WIRE
TX-N-06622,EXT-A-048-3,ACC-N-0663,55848.8,2026-06-02T00:31:32+00:00,INTERNAL_TRANSFER
TX-N-06623,EXT-A-021-2,ACC-N-0903,2319.95,2026-07-16T16:41:24+00:00,INTERNAL_TRANSFER
TX-N-06624,ACC-N-0472,EXT-A-067-4,4944.2,2026-05-30T23:39:06+00:00,INTERNAL_TRANSFER
TX-N-06625,ACC-N-0981,ACC-N-0453,8231.46,2026-03-23T08:09:35+00:00,INTERNAL_TRANSFER
TX-N-06626,ACC-N-0677,EXT-A-061-3,9898.96,2026-03-26T05:54:07+00:00,INTERNAL_TRANSFER
TX-N-06627,ACC-B-04-A,ACC-N-0829,3192.81,2026-01-15T17:17:01+00:00,INTERNAL_TRANSFER
TX-N-06628,EXT-A-067-1,ACC-N-0501,871.51,2026-11-03T04:46:03+00:00,WIRE
TX-N-06629,ACC-N-0536,ACC-N-0527,779.02,2026-04-25T02:05:11+00:00,ATM
TX-N-06630,EXT-A-006-3,EXT-A-070-2,4674.79,2026-03-20T19:11:42+00:00,INTERNAL_TRANSFER
TX-N-06631,ACC-N-0928,ACC-C-PAY-05,10184.21,2026-11-28T05:17:40+00:00,INTERNAL_TRANSFER
TX-N-06632,EXT-A-057-2,ACC-N-0977,2998.38,2026-05-14T14:22:47+00:00,WIRE
TX-N-06633,ACC-N-0515,EXT-A-023-4,2175.44,2026-09-12T21:44:33+00:00,INTERNAL_TRANSFER
TX-N-06634,ACC-N-0574,ACC-N-0806,3076.15,2026-03-22T10:23:37+00:00,INTERNAL_TRANSFER
TX-N-06635,EXT-A-038-2,ACC-N-0978,14199.34,2026-04-16T09:29:24+00:00,ATM
TX-N-06636,ACC-N-0942,ACC-N-0932,43710.6,2026-11-29T15:46:58+00:00,INTERNAL_TRANSFER
TX-N-06637,ACC-N-0397,ACC-N-0928,11935.27,2026-04-08T12:47:59+00:00,WIRE
TX-N-06638,ACC-N-0904,ACC-N-0845,4963.65,2026-05-08T07:57:58+00:00,INTERNAL_TRANSFER
TX-N-06639,EXT-A-062-4,EXT-A-058-4,5755.92,2026-11-06T19:14:58+00:00,ATM
TX-N-06640,ACC-N-0748,ACC-N-0839,2782.83,2026-02-03T10:07:03+00:00,WIRE
TX-N-06641,EXT-A-044-4,EXT-A-015-1,7130.76,2026-04-21T02:03:30+00:00,INTERNAL_TRANSFER
TX-N-06642,ACC-N-0993,ACC-N-0947,5826.27,2026-10-13T07:03:50+00:00,WIRE
TX-N-06643,ACC-N-0972,EXT-A-004-4,9849.83,2026-05-03T16:01:08+00:00,INTERNAL_TRANSFER
TX-N-06644,ACC-N-0926,EXT-A-058-4,14636.24,2026-10-19T00:24:52+00:00,INTERNAL_TRANSFER
TX-N-06645,ACC-N-0578,EXT-A-054-3,6422.93,2026-05-15T15:44:45+00:00,INTERNAL_TRANSFER
TX-N-06646,ACC-N-0922,ACC-N-0929,1141.37,2026-06-24T13:42:29+00:00,WIRE
TX-N-06647,ACC-N-0672,ACC-B-03-C,2073.38,2026-06-04T01:45:38+00:00,INTERNAL_TRANSFER
TX-N-06648,EXT-A-015-3,ACC-N-0396,4800.28,2026-01-04T02:17:03+00:00,INTERNAL_TRANSFER
TX-N-06649,EXT-A-047-4,ACC-N-0536,2331.41,2026-02-13T17:43:51+00:00,INTERNAL_TRANSFER
TX-N-06650,ACC-N-0650,EXT-A-072-2,1877.46,2026-12-05T10:08:53+00:00,INTERNAL_TRANSFER
TX-N-06651,ACC-N-0840,ACC-N-0455,9772.96,2026-02-03T19:33:34+00:00,INTERNAL_TRANSFER
TX-N-06652,ACC-N-0465,EXT-A-016-4,4332.39,2026-09-18T14:48:51+00:00,WIRE
TX-N-06653,EXT-A-067-4,ACC-N-0546,11662.32,2026-04-02T23:54:14+00:00,INTERNAL_TRANSFER
TX-N-06654,ACC-B-04-C,ACC-N-0478,2339.88,2026-09-30T23:16:25+00:00,INTERNAL_TRANSFER
TX-N-06655,ACC-N-0676,ACC-C-PAY-11,2335.46,2026-07-23T11:59:31+00:00,INTERNAL_TRANSFER
TX-N-06656,ACC-N-0481,ACC-N-0955,694.12,2026-10-31T22:26:13+00:00,INTERNAL_TRANSFER
TX-N-06657,ACC-N-0474,ACC-N-0717,7165.64,2026-10-29T03:11:25+00:00,INTERNAL_TRANSFER
TX-N-06658,ACC-N-0758,EXT-A-005-2,1926.42,2026-11-05T23:22:59+00:00,WIRE
TX-N-06659,ACC-N-0785,EXT-A-026-3,1107.94,2026-04-06T12:05:11+00:00,WIRE
TX-N-06660,ACC-N-0994,ACC-N-0561,11663.67,2026-11-13T12:36:36+00:00,INTERNAL_TRANSFER
TX-N-06661,ACC-N-0993,EXT-A-031-4,39517.68,2026-05-27T06:45:57+00:00,INTERNAL_TRANSFER
TX-N-06662,EXT-A-007-1,ACC-N-0702,5877.37,2026-08-10T02:38:21+00:00,INTERNAL_TRANSFER
TX-N-06663,ACC-N-0891,EXT-A-053-1,8623.48,2026-02-02T20:38:20+00:00,WIRE
TX-N-06664,ACC-N-0547,EXT-A-034-4,2294.41,2026-02-21T07:28:16+00:00,INTERNAL_TRANSFER
TX-N-06665,ACC-C-PAY-10,ACC-N-0673,3086.99,2026-07-23T04:21:51+00:00,INTERNAL_TRANSFER
TX-N-06666,ACC-N-0708,ACC-N-0405,1178.07,2026-08-07T23:46:33+00:00,INTERNAL_TRANSFER
TX-N-06667,ACC-B-04-A,EXT-A-033-4,2599.12,2026-09-16T02:28:59+00:00,INTERNAL_TRANSFER
TX-N-06668,ACC-N-0612,ACC-N-0440,4776.51,2026-06-01T17:35:47+00:00,INTERNAL_TRANSFER
TX-N-06669,EXT-A-071-3,ACC-C-PAY-06,4245.5,2026-09-02T18:46:52+00:00,INTERNAL_TRANSFER
TX-N-06670,ACC-N-0599,ACC-N-0536,8353.83,2026-05-26T19:39:59+00:00,INTERNAL_TRANSFER
TX-N-06671,ACC-N-0811,ACC-N-0569,2253.47,2026-05-26T11:02:38+00:00,INTERNAL_TRANSFER
TX-N-06672,EXT-A-028-2,ACC-N-0668,1516.72,2026-01-29T01:38:29+00:00,INTERNAL_TRANSFER
TX-N-06673,ACC-C-PAY-07,ACC-N-0939,4761.57,2026-02-12T22:41:56+00:00,INTERNAL_TRANSFER
TX-N-06674,EXT-A-033-1,ACC-N-0685,11349.71,2026-08-22T01:15:18+00:00,INTERNAL_TRANSFER
TX-N-06675,EXT-A-044-3,ACC-N-0713,4366.93,2026-03-25T00:12:30+00:00,INTERNAL_TRANSFER
TX-N-06676,ACC-N-0527,EXT-A-045-2,1723.26,2026-12-16T11:23:10+00:00,WIRE
TX-N-06677,EXT-A-018-1,EXT-A-038-2,42627.3,2026-01-26T11:59:40+00:00,INTERNAL_TRANSFER
TX-N-06678,EXT-A-058-2,ACC-N-0650,14438.42,2026-04-24T06:27:42+00:00,INTERNAL_TRANSFER
TX-N-06679,ACC-N-0863,ACC-N-0558,21495.72,2026-04-23T22:50:37+00:00,INTERNAL_TRANSFER
TX-N-06680,EXT-A-048-1,ACC-N-0816,7403.31,2026-03-01T06:55:49+00:00,INTERNAL_TRANSFER
TX-N-06681,ACC-N-0888,ACC-B-B,2999.62,2026-04-22T06:50:38+00:00,INTERNAL_TRANSFER
TX-N-06682,EXT-A-067-2,ACC-N-0520,8217.11,2026-01-06T17:06:25+00:00,INTERNAL_TRANSFER
TX-N-06683,ACC-N-0949,ACC-N-0813,2639.23,2026-08-11T14:28:56+00:00,WIRE
TX-N-06684,ACC-N-0685,ACC-N-0917,13746.09,2026-03-09T15:32:44+00:00,INTERNAL_TRANSFER
TX-N-06685,ACC-N-0835,ACC-N-0583,22639.46,2026-08-22T09:39:42+00:00,INTERNAL_TRANSFER
TX-N-06686,EXT-A-011-1,ACC-N-0448,4576.18,2026-09-22T00:26:13+00:00,INTERNAL_TRANSFER
TX-N-06687,ACC-N-0791,EXT-A-070-4,6320.96,2026-01-25T01:52:22+00:00,INTERNAL_TRANSFER
TX-N-06688,ACC-N-0903,ACC-N-0467,72278.98,2026-09-23T15:05:31+00:00,WIRE
TX-N-06689,EXT-A-068-4,EXT-A-033-1,1900.58,2026-09-29T04:09:48+00:00,INTERNAL_TRANSFER
TX-N-06690,ACC-N-0887,ACC-N-0704,8929.96,2026-03-25T12:38:45+00:00,INTERNAL_TRANSFER
TX-N-06691,ACC-N-0957,ACC-C-HNW-02,2354.42,2026-02-17T20:15:21+00:00,INTERNAL_TRANSFER
TX-N-06692,EXT-A-042-3,ACC-N-0665,6674.76,2026-12-12T19:01:31+00:00,INTERNAL_TRANSFER
TX-N-06693,EXT-A-063-3,ACC-N-0968,3417.63,2026-10-09T05:01:44+00:00,WIRE
TX-N-06694,ACC-N-0769,EXT-A-027-4,4935.91,2026-12-13T21:00:42+00:00,WIRE
TX-N-06695,ACC-N-0824,EXT-A-029-2,3217.12,2026-05-09T00:43:51+00:00,INTERNAL_TRANSFER
TX-N-06696,ACC-N-0505,ACC-N-0400,1638.36,2026-05-30T14:39:10+00:00,ATM
TX-N-06697,EXT-A-056-3,ACC-N-0812,3877.19,2026-09-15T17:48:46+00:00,INTERNAL_TRANSFER
TX-N-06698,EXT-A-008-1,ACC-N-0539,6324.95,2026-11-20T04:59:00+00:00,INTERNAL_TRANSFER
TX-N-06699,ACC-N-0754,ACC-N-0527,4501.64,2026-11-06T03:16:38+00:00,WIRE
TX-N-06700,ACC-N-0502,EXT-A-029-3,6575.91,2026-11-27T06:50:12+00:00,INTERNAL_TRANSFER
TX-N-06701,EXT-A-065-1,ACC-N-0832,3039.08,2026-11-04T21:04:26+00:00,ATM
TX-N-06702,EXT-A-045-1,ACC-N-0961,6867.2,2026-10-03T03:36:45+00:00,INTERNAL_TRANSFER
TX-N-06703,ACC-N-0928,EXT-A-027-4,1171.36,2026-02-10T22:58:56+00:00,ATM
TX-N-06704,ACC-N-0458,ACC-N-0403,422.8,2026-05-04T05:21:20+00:00,INTERNAL_TRANSFER
TX-N-06705,EXT-A-025-4,EXT-A-062-1,2950.68,2026-11-21T00:05:09+00:00,WIRE
TX-N-06706,ACC-N-0660,ACC-N-0719,4484.3,2026-03-10T12:43:14+00:00,ATM
TX-N-06707,ACC-N-0900,EXT-A-046-1,37391.48,2026-07-28T22:49:09+00:00,INTERNAL_TRANSFER
TX-N-06708,ACC-C-PAY-12,ACC-N-0876,6274.24,2026-08-12T12:42:32+00:00,INTERNAL_TRANSFER
TX-N-06709,EXT-A-019-4,ACC-N-0815,3775.76,2026-09-06T23:12:28+00:00,INTERNAL_TRANSFER
TX-N-06710,ACC-N-0794,EXT-A-038-3,28636.74,2026-06-30T13:15:10+00:00,INTERNAL_TRANSFER
TX-N-06711,EXT-A-040-1,ACC-N-0892,11386.32,2026-12-06T08:06:19+00:00,INTERNAL_TRANSFER
TX-N-06712,ACC-N-0540,ACC-N-0923,3290.55,2026-09-25T19:04:46+00:00,INTERNAL_TRANSFER
TX-N-06713,EXT-A-053-2,EXT-A-033-3,1096.17,2026-02-07T01:01:02+00:00,ATM
TX-N-06714,ACC-N-0457,ACC-N-0779,2095.45,2026-11-09T21:15:46+00:00,INTERNAL_TRANSFER
TX-N-06715,EXT-A-059-2,ACC-N-0464,7231.53,2026-11-04T12:35:21+00:00,INTERNAL_TRANSFER
TX-N-06716,EXT-A-003-1,ACC-N-0834,1132.74,2026-06-17T08:50:32+00:00,WIRE
TX-N-06717,ACC-N-0501,ACC-N-0730,5523.54,2026-02-19T11:36:18+00:00,WIRE
TX-N-06718,ACC-N-0463,ACC-N-0551,3007.25,2026-11-23T06:41:47+00:00,INTERNAL_TRANSFER
TX-N-06719,ACC-N-0924,ACC-N-0551,753.41,2026-10-13T02:57:11+00:00,WIRE
TX-N-06720,ACC-N-0458,ACC-N-0519,1045.79,2026-11-17T00:45:18+00:00,INTERNAL_TRANSFER
TX-N-06721,ACC-N-0899,EXT-A-019-4,2244.82,2026-10-21T13:04:03+00:00,INTERNAL_TRANSFER
TX-N-06722,EXT-A-037-1,EXT-A-013-2,3704.9,2026-02-04T05:29:20+00:00,WIRE
TX-N-06723,EXT-A-054-1,EXT-A-009-3,10500.15,2026-04-19T05:38:20+00:00,WIRE
TX-N-06724,ACC-N-0517,ACC-N-0731,2210.32,2026-09-12T05:27:19+00:00,INTERNAL_TRANSFER
TX-N-06725,EXT-A-018-4,ACC-N-0608,2409.52,2026-11-23T18:29:23+00:00,INTERNAL_TRANSFER
TX-N-06726,ACC-B-B,ACC-N-0938,7060.78,2026-07-31T23:45:21+00:00,INTERNAL_TRANSFER
TX-N-06727,EXT-A-005-3,ACC-N-0806,17462.68,2026-03-24T01:20:31+00:00,INTERNAL_TRANSFER
TX-N-06728,ACC-N-0958,ACC-N-0881,14210.75,2026-01-28T07:40:41+00:00,INTERNAL_TRANSFER
TX-N-06729,ACC-N-0796,EXT-A-059-3,5098.54,2026-07-10T20:06:34+00:00,INTERNAL_TRANSFER
TX-N-06730,EXT-A-015-3,EXT-A-060-2,8698.32,2026-07-30T11:11:34+00:00,INTERNAL_TRANSFER
TX-N-06731,EXT-A-067-1,ACC-N-0533,13892.63,2026-09-05T23:55:41+00:00,INTERNAL_TRANSFER
TX-N-06732,ACC-N-0599,ACC-N-0724,9367.93,2026-03-03T16:08:20+00:00,INTERNAL_TRANSFER
TX-N-06733,ACC-C-HNW-01,ACC-N-0812,9390.38,2026-10-29T10:08:01+00:00,WIRE
TX-N-06734,ACC-N-0901,EXT-A-057-4,4610.64,2026-09-29T09:17:36+00:00,INTERNAL_TRANSFER
TX-N-06735,ACC-N-0845,ACC-N-0746,1364.1,2026-11-29T04:31:23+00:00,INTERNAL_TRANSFER
TX-N-06736,EXT-A-071-2,ACC-N-0538,1483.31,2026-06-03T08:38:38+00:00,INTERNAL_TRANSFER
TX-N-06737,EXT-A-012-3,ACC-N-0650,20867.78,2026-09-24T17:18:09+00:00,WIRE
TX-N-06738,EXT-A-033-3,ACC-N-0924,5650.38,2026-12-10T21:08:35+00:00,WIRE
TX-N-06739,ACC-N-0500,ACC-N-0444,3818.05,2026-09-26T01:21:09+00:00,INTERNAL_TRANSFER
TX-N-06740,ACC-N-0895,EXT-A-013-1,2147.95,2026-05-23T20:15:57+00:00,INTERNAL_TRANSFER
TX-N-06741,EXT-A-004-1,EXT-A-069-2,8810.48,2026-04-12T11:17:01+00:00,INTERNAL_TRANSFER
TX-N-06742,ACC-N-0492,EXT-A-063-2,47791.64,2026-11-10T23:49:14+00:00,WIRE
TX-N-06743,ACC-N-0666,EXT-A-005-3,656.82,2026-04-30T18:57:11+00:00,WIRE
TX-N-06744,EXT-A-005-2,EXT-A-025-4,4163.17,2026-07-07T12:25:01+00:00,INTERNAL_TRANSFER
TX-N-06745,ACC-N-0655,EXT-A-062-4,1194.61,2026-10-28T09:48:32+00:00,INTERNAL_TRANSFER
TX-N-06746,ACC-N-0991,EXT-A-013-4,1837.42,2026-05-08T07:22:39+00:00,WIRE
TX-N-06747,ACC-N-0933,ACC-N-0853,12496.89,2026-07-27T17:37:41+00:00,INTERNAL_TRANSFER
TX-N-06748,EXT-A-041-2,EXT-A-071-1,7589.43,2026-01-06T13:56:24+00:00,WIRE
TX-N-06749,EXT-A-046-4,ACC-N-0513,711.18,2026-11-02T18:48:58+00:00,INTERNAL_TRANSFER
TX-N-06750,ACC-N-0681,EXT-A-062-2,2334.89,2026-03-27T10:03:15+00:00,INTERNAL_TRANSFER
TX-N-06751,ACC-N-0674,ACC-N-0492,874.88,2026-01-22T05:34:41+00:00,INTERNAL_TRANSFER
TX-N-06752,ACC-N-0450,EXT-A-011-1,7809.52,2026-09-14T16:57:34+00:00,INTERNAL_TRANSFER
TX-N-06753,ACC-N-0639,EXT-A-002-1,8444.63,2026-11-25T13:15:54+00:00,WIRE
TX-N-06754,ACC-N-0404,ACC-N-0824,2507.89,2026-05-05T18:05:35+00:00,WIRE
TX-N-06755,EXT-A-026-4,EXT-A-053-3,3836.7,2026-05-17T12:20:09+00:00,INTERNAL_TRANSFER
TX-N-06756,ACC-N-0717,ACC-C-PAY-02,2648.2,2026-06-06T06:58:06+00:00,INTERNAL_TRANSFER
TX-N-06757,ACC-N-0764,ACC-C-HNW-05,24517.11,2026-03-30T01:35:04+00:00,INTERNAL_TRANSFER
TX-N-06758,EXT-A-052-1,EXT-A-011-4,7717.53,2026-05-17T02:20:02+00:00,INTERNAL_TRANSFER
TX-N-06759,EXT-A-040-3,ACC-N-0816,9622.05,2026-03-29T16:54:10+00:00,ATM
TX-N-06760,ACC-N-0697,EXT-A-046-3,9748.4,2026-05-28T06:59:17+00:00,INTERNAL_TRANSFER
TX-N-06761,EXT-A-031-2,ACC-N-0845,14852.73,2026-09-22T13:18:10+00:00,INTERNAL_TRANSFER
TX-N-06762,ACC-N-0598,EXT-A-034-1,9212.74,2026-10-25T05:22:04+00:00,WIRE
TX-N-06763,EXT-A-013-3,ACC-N-0808,3488.5,2026-02-17T18:01:51+00:00,INTERNAL_TRANSFER
TX-N-06764,EXT-A-020-4,ACC-N-0821,4350.04,2026-07-05T12:08:23+00:00,INTERNAL_TRANSFER
TX-N-06765,EXT-A-053-1,ACC-N-0440,2405.98,2026-04-24T08:46:35+00:00,INTERNAL_TRANSFER
TX-N-06766,ACC-N-0761,EXT-A-056-1,29683.57,2026-07-12T07:53:10+00:00,INTERNAL_TRANSFER
TX-N-06767,EXT-A-030-4,ACC-N-0773,4086.58,2026-05-01T01:30:15+00:00,INTERNAL_TRANSFER
TX-N-06768,EXT-A-046-2,ACC-N-0741,8330.73,2026-06-20T13:48:37+00:00,INTERNAL_TRANSFER
TX-N-06769,ACC-N-0892,ACC-N-0685,3751.29,2026-06-01T10:51:53+00:00,INTERNAL_TRANSFER
TX-N-06770,ACC-N-0961,ACC-N-0937,11069.24,2026-05-03T00:42:04+00:00,INTERNAL_TRANSFER
TX-N-06771,ACC-N-0752,EXT-A-015-2,4471.09,2026-06-11T13:21:54+00:00,INTERNAL_TRANSFER
TX-N-06772,ACC-N-0468,ACC-N-0586,4464.62,2026-10-02T04:03:22+00:00,INTERNAL_TRANSFER
TX-N-06773,EXT-A-062-4,ACC-C-PAY-01,10214.8,2026-08-10T12:01:19+00:00,INTERNAL_TRANSFER
TX-N-06774,EXT-A-069-3,ACC-N-0743,889.62,2026-10-21T18:38:43+00:00,INTERNAL_TRANSFER
TX-N-06775,EXT-A-064-3,ACC-B-03-B,1228.74,2026-08-02T10:54:57+00:00,INTERNAL_TRANSFER
TX-N-06776,EXT-A-031-2,EXT-A-048-3,22067.61,2026-10-20T07:02:57+00:00,ATM
TX-N-06777,ACC-N-0990,ACC-N-0988,3830.13,2026-08-19T21:20:18+00:00,ATM
TX-N-06778,ACC-N-0816,ACC-N-0444,3089.25,2026-09-03T14:39:12+00:00,WIRE
TX-N-06779,ACC-B-03-C,EXT-A-043-4,5209.55,2026-09-29T17:44:53+00:00,ATM
TX-N-06780,ACC-N-0934,ACC-N-0608,10284.11,2026-05-30T21:29:35+00:00,INTERNAL_TRANSFER
TX-N-06781,ACC-N-0527,ACC-N-0612,4834.12,2026-09-11T18:22:40+00:00,INTERNAL_TRANSFER
TX-N-06782,EXT-A-009-3,ACC-N-0797,3502.82,2026-03-14T05:03:00+00:00,INTERNAL_TRANSFER
TX-N-06783,ACC-N-0604,ACC-C-HNW-03,4524.52,2026-12-04T22:20:56+00:00,WIRE
TX-N-06784,EXT-A-018-3,ACC-N-0815,2495.55,2026-11-24T07:01:13+00:00,INTERNAL_TRANSFER
TX-N-06785,ACC-N-0474,ACC-N-0807,1824.29,2026-05-10T16:40:02+00:00,ATM
TX-N-06786,ACC-N-0915,ACC-N-0882,2488.38,2026-09-06T19:41:27+00:00,INTERNAL_TRANSFER
TX-N-06787,EXT-A-062-2,ACC-N-0508,4360.28,2026-05-21T09:57:44+00:00,INTERNAL_TRANSFER
TX-N-06788,ACC-N-0995,ACC-N-0573,735.41,2026-06-02T15:47:15+00:00,INTERNAL_TRANSFER
TX-N-06789,EXT-A-025-1,EXT-A-072-4,846.07,2026-09-26T12:07:19+00:00,WIRE
TX-N-06790,ACC-N-0914,EXT-A-029-3,6348.07,2026-04-12T11:31:30+00:00,INTERNAL_TRANSFER
TX-N-06791,ACC-N-0846,ACC-N-0428,9411.91,2026-10-17T05:43:47+00:00,INTERNAL_TRANSFER
TX-N-06792,EXT-A-039-2,ACC-N-0742,18341.17,2026-05-09T15:56:10+00:00,INTERNAL_TRANSFER
TX-N-06793,EXT-A-051-4,ACC-N-0682,16576.5,2026-03-30T06:18:59+00:00,INTERNAL_TRANSFER
TX-N-06794,EXT-A-029-2,EXT-A-048-4,8932.08,2026-04-19T20:18:35+00:00,INTERNAL_TRANSFER
TX-N-06795,ACC-N-0489,EXT-A-024-3,5376.94,2026-02-25T06:08:56+00:00,INTERNAL_TRANSFER
TX-N-06796,ACC-N-0507,ACC-N-0675,697.48,2026-09-20T07:23:06+00:00,WIRE
TX-N-06797,EXT-A-040-3,ACC-N-0837,23114.68,2026-03-02T13:16:28+00:00,INTERNAL_TRANSFER
TX-N-06798,ACC-B-04-C,ACC-N-0500,12541.99,2026-11-03T21:44:08+00:00,INTERNAL_TRANSFER
TX-N-06799,ACC-N-0764,ACC-N-0676,3237.83,2026-11-25T15:47:14+00:00,INTERNAL_TRANSFER
TX-N-06800,ACC-N-0851,ACC-N-0768,3438.69,2026-11-26T22:39:17+00:00,INTERNAL_TRANSFER
TX-N-06801,ACC-N-0610,ACC-N-0919,20099.66,2026-08-28T11:45:55+00:00,INTERNAL_TRANSFER
TX-N-06802,EXT-A-017-3,ACC-N-0991,1491.97,2026-07-21T17:23:52+00:00,WIRE
TX-N-06803,EXT-A-020-4,EXT-A-039-4,5612.23,2026-01-19T22:31:35+00:00,INTERNAL_TRANSFER
TX-N-06804,ACC-N-0574,EXT-A-010-4,14652.14,2026-02-22T01:23:06+00:00,WIRE
TX-N-06805,ACC-N-0450,EXT-A-023-2,3867.1,2026-02-14T16:54:36+00:00,INTERNAL_TRANSFER
TX-N-06806,EXT-A-058-4,EXT-A-059-4,3270.32,2026-10-24T06:37:47+00:00,INTERNAL_TRANSFER
TX-N-06807,ACC-N-0495,EXT-A-013-4,2417.04,2026-11-20T11:59:20+00:00,INTERNAL_TRANSFER
TX-N-06808,ACC-N-0699,ACC-N-0856,4820.33,2026-11-28T21:25:43+00:00,INTERNAL_TRANSFER
TX-N-06809,ACC-N-0946,ACC-N-0599,4241.23,2026-05-07T02:15:57+00:00,INTERNAL_TRANSFER
TX-N-06810,EXT-A-062-4,EXT-A-012-3,774.36,2026-11-02T07:29:58+00:00,ATM
TX-N-06811,ACC-N-0435,ACC-N-0732,13162.25,2026-06-24T11:19:24+00:00,INTERNAL_TRANSFER
TX-N-06812,EXT-A-072-3,EXT-A-013-1,9919.9,2026-08-07T02:56:24+00:00,INTERNAL_TRANSFER
TX-N-06813,EXT-A-028-3,EXT-A-044-4,16876.57,2026-05-04T21:08:54+00:00,INTERNAL_TRANSFER
TX-N-06814,ACC-N-0829,EXT-A-062-4,1204.88,2026-12-14T18:48:30+00:00,ATM
TX-N-06815,ACC-N-0793,ACC-N-0730,5479.43,2026-04-16T02:43:49+00:00,WIRE
TX-N-06816,ACC-N-0606,ACC-N-0473,14598.49,2026-12-09T04:53:31+00:00,WIRE
TX-N-06817,ACC-C-PAY-10,ACC-N-0455,11797.04,2026-04-24T08:26:23+00:00,INTERNAL_TRANSFER
TX-N-06818,EXT-A-047-4,EXT-A-060-1,2929.91,2026-06-06T13:28:53+00:00,INTERNAL_TRANSFER
TX-N-06819,ACC-N-0952,EXT-A-048-4,17817.98,2026-06-09T18:00:38+00:00,WIRE
TX-N-06820,EXT-A-051-1,EXT-A-023-1,1344.09,2026-04-30T22:36:36+00:00,INTERNAL_TRANSFER
TX-N-06821,ACC-N-0965,ACC-N-0775,12187.52,2026-07-18T00:42:57+00:00,WIRE
TX-N-06822,EXT-A-012-4,ACC-N-0491,1545.57,2026-11-06T15:57:05+00:00,ATM
TX-N-06823,ACC-N-0987,EXT-A-016-4,5297.76,2026-10-29T07:05:27+00:00,WIRE
TX-N-06824,ACC-N-0525,ACC-N-0430,2199.62,2026-09-22T03:15:04+00:00,INTERNAL_TRANSFER
TX-N-06825,ACC-N-0871,ACC-N-0882,4545.42,2026-10-29T12:43:00+00:00,INTERNAL_TRANSFER
TX-N-06826,EXT-A-120482,EXT-A-054-4,8110.79,2026-05-30T08:00:35+00:00,INTERNAL_TRANSFER
TX-N-06827,ACC-N-0476,ACC-N-0994,5549.4,2026-08-31T11:42:01+00:00,INTERNAL_TRANSFER
TX-N-06828,ACC-N-0629,ACC-N-0922,3688.82,2026-02-23T18:05:14+00:00,INTERNAL_TRANSFER
TX-N-06829,EXT-A-029-4,ACC-N-0686,2959.35,2026-03-10T14:12:33+00:00,INTERNAL_TRANSFER
TX-N-06830,ACC-N-0589,ACC-N-0549,2312.45,2026-03-15T10:10:13+00:00,INTERNAL_TRANSFER
TX-N-06831,ACC-N-0882,EXT-A-120482,4349.9,2026-02-21T01:54:52+00:00,INTERNAL_TRANSFER
TX-N-06832,ACC-N-0743,EXT-A-045-1,18649.28,2026-12-28T21:21:01+00:00,WIRE
TX-N-06833,ACC-N-0904,ACC-N-0657,1490.39,2026-06-26T05:56:11+00:00,WIRE
TX-N-06834,ACC-N-0826,EXT-A-048-1,2352.85,2026-03-16T16:55:29+00:00,INTERNAL_TRANSFER
TX-N-06835,ACC-N-0514,ACC-N-0740,5440.15,2026-03-07T12:16:56+00:00,INTERNAL_TRANSFER
TX-N-06836,EXT-A-016-2,ACC-N-0777,19228.65,2026-08-03T00:04:53+00:00,INTERNAL_TRANSFER
TX-N-06837,ACC-N-0392,EXT-A-063-2,13114.96,2026-09-18T21:22:22+00:00,INTERNAL_TRANSFER
TX-N-06838,ACC-N-0600,ACC-N-0448,1564.55,2026-02-13T18:52:39+00:00,INTERNAL_TRANSFER
TX-N-06839,ACC-N-0437,EXT-A-049-2,4688.85,2026-04-14T01:06:21+00:00,INTERNAL_TRANSFER
TX-N-06840,ACC-N-0590,ACC-N-0447,16916.52,2026-06-11T08:50:27+00:00,WIRE
TX-N-06841,ACC-N-0737,ACC-N-0732,4955.66,2026-01-04T23:55:04+00:00,ATM
TX-N-06842,ACC-N-0605,ACC-N-0871,3156.2,2026-01-16T17:39:43+00:00,INTERNAL_TRANSFER
TX-N-06843,ACC-N-0586,ACC-N-0678,1130.64,2026-07-29T06:33:59+00:00,WIRE
TX-N-06844,ACC-N-0803,ACC-N-0994,2116.58,2026-02-03T00:24:40+00:00,INTERNAL_TRANSFER
TX-N-06845,EXT-A-049-1,ACC-N-0428,6229.43,2026-04-30T09:42:02+00:00,INTERNAL_TRANSFER
TX-N-06846,ACC-N-0718,EXT-A-034-4,2715.78,2026-09-08T21:17:22+00:00,INTERNAL_TRANSFER
TX-N-06847,ACC-N-0660,ACC-N-0969,5584.71,2026-07-03T17:34:31+00:00,INTERNAL_TRANSFER
TX-N-06848,ACC-N-0542,ACC-N-0854,1116.6,2026-06-30T15:32:50+00:00,WIRE
TX-N-06849,ACC-N-0746,ACC-N-0551,20666.55,2026-09-17T18:29:37+00:00,INTERNAL_TRANSFER
TX-N-06850,ACC-N-0925,EXT-A-038-2,7796.53,2026-07-31T00:39:36+00:00,INTERNAL_TRANSFER
TX-N-06851,ACC-N-0845,ACC-N-0503,4984.01,2026-04-06T15:36:51+00:00,WIRE
TX-N-06852,EXT-A-021-4,EXT-A-055-3,2617.16,2026-04-07T21:51:39+00:00,WIRE
TX-N-06853,ACC-N-0530,ACC-N-0428,6078.03,2026-06-21T10:40:49+00:00,INTERNAL_TRANSFER
TX-N-06854,EXT-A-047-1,ACC-N-0994,1662.93,2026-12-11T06:05:47+00:00,INTERNAL_TRANSFER
TX-N-06855,ACC-N-0573,ACC-N-0925,1925.52,2026-10-05T10:05:09+00:00,INTERNAL_TRANSFER
TX-N-06856,EXT-A-070-1,ACC-N-0698,5636.54,2026-07-15T18:33:35+00:00,INTERNAL_TRANSFER
TX-N-06857,ACC-N-0965,ACC-N-0558,4081.57,2026-12-31T23:39:21+00:00,WIRE
TX-N-06858,EXT-A-032-4,ACC-N-0419,6193.8,2026-09-11T17:04:07+00:00,INTERNAL_TRANSFER
TX-N-06859,ACC-N-0683,EXT-A-011-2,13855.24,2026-10-24T06:19:42+00:00,INTERNAL_TRANSFER
TX-N-06860,ACC-N-0478,ACC-N-0588,13571.78,2026-12-12T19:01:15+00:00,INTERNAL_TRANSFER
TX-N-06861,ACC-N-0740,ACC-N-0501,6702.5,2026-10-02T09:44:01+00:00,INTERNAL_TRANSFER
TX-N-06862,EXT-A-051-2,ACC-N-0911,5627.33,2026-04-02T01:10:19+00:00,ATM
TX-N-06863,ACC-N-0477,EXT-A-052-4,5268.95,2026-03-05T18:11:34+00:00,INTERNAL_TRANSFER
TX-N-06864,ACC-N-0466,EXT-A-042-4,4275.59,2026-12-14T07:43:59+00:00,INTERNAL_TRANSFER
TX-N-06865,ACC-N-0470,ACC-N-0939,1404.5,2026-07-27T10:02:36+00:00,ATM
TX-N-06866,EXT-A-022-2,ACC-N-0568,1781.53,2026-12-18T20:22:23+00:00,INTERNAL_TRANSFER
TX-N-06867,EXT-A-009-3,ACC-N-0749,9581.58,2026-12-07T12:17:25+00:00,INTERNAL_TRANSFER
TX-N-06868,ACC-N-0761,ACC-N-0596,36766.62,2026-09-07T04:54:58+00:00,WIRE
TX-N-06869,EXT-A-042-1,ACC-N-0979,10953.99,2026-02-22T11:27:48+00:00,INTERNAL_TRANSFER
TX-N-06870,EXT-A-013-3,EXT-A-072-3,9474.47,2026-01-25T21:49:49+00:00,WIRE
TX-N-06871,EXT-A-035-1,ACC-N-0757,9831.62,2026-12-07T17:50:52+00:00,INTERNAL_TRANSFER
TX-N-06872,EXT-A-014-1,ACC-N-0993,17407.52,2026-01-25T16:22:36+00:00,INTERNAL_TRANSFER
TX-N-06873,ACC-N-0483,ACC-N-0491,16891.39,2026-07-15T15:16:04+00:00,INTERNAL_TRANSFER
TX-N-06874,EXT-A-064-2,ACC-C-PAY-08,1841.7,2026-09-22T04:05:47+00:00,INTERNAL_TRANSFER
TX-N-06875,EXT-A-014-1,EXT-A-070-3,3325.36,2026-07-12T15:16:34+00:00,INTERNAL_TRANSFER
TX-N-06876,ACC-N-0887,ACC-N-0737,4961.64,2026-05-30T23:34:59+00:00,INTERNAL_TRANSFER
TX-N-06877,EXT-A-046-1,ACC-B-02-C,12620.65,2026-12-22T20:27:02+00:00,INTERNAL_TRANSFER
TX-N-06878,EXT-A-006-2,ACC-N-0973,7108.0,2026-11-03T23:01:30+00:00,INTERNAL_TRANSFER
TX-N-06879,ACC-N-0626,ACC-N-0588,2780.56,2026-04-27T11:55:20+00:00,INTERNAL_TRANSFER
TX-N-06880,ACC-N-0583,ACC-N-0679,440.68,2026-07-10T13:32:11+00:00,INTERNAL_TRANSFER
TX-N-06881,EXT-A-071-4,EXT-A-037-4,5653.37,2026-10-17T20:09:43+00:00,ATM
TX-N-06882,EXT-A-055-4,EXT-A-018-4,3638.28,2026-12-14T22:54:06+00:00,INTERNAL_TRANSFER
TX-N-06883,ACC-N-0832,ACC-N-0772,696.35,2026-01-27T13:01:55+00:00,WIRE
TX-N-06884,ACC-N-0968,ACC-N-0812,12982.94,2026-04-21T18:19:02+00:00,INTERNAL_TRANSFER
TX-N-06885,EXT-A-055-4,ACC-N-0804,15536.9,2026-07-19T16:25:24+00:00,INTERNAL_TRANSFER
TX-N-06886,ACC-N-0856,ACC-N-0750,2180.04,2026-03-21T11:32:51+00:00,INTERNAL_TRANSFER
TX-N-06887,ACC-N-0997,ACC-N-0940,7274.05,2026-12-17T14:37:17+00:00,INTERNAL_TRANSFER
TX-N-06888,ACC-N-0420,EXT-A-043-1,956.33,2026-10-30T06:56:42+00:00,WIRE
TX-N-06889,EXT-A-028-2,EXT-A-013-4,960.3,2026-05-02T01:19:49+00:00,INTERNAL_TRANSFER
TX-N-06890,ACC-N-0924,EXT-A-068-1,5854.49,2026-05-22T13:13:15+00:00,WIRE
TX-N-06891,ACC-N-0881,EXT-A-062-3,7510.29,2026-07-15T19:32:50+00:00,INTERNAL_TRANSFER
TX-N-06892,EXT-A-052-1,ACC-N-0907,2373.66,2026-08-26T04:42:11+00:00,INTERNAL_TRANSFER
TX-N-06893,EXT-A-037-4,ACC-N-0819,720.23,2026-02-16T15:43:20+00:00,WIRE
TX-N-06894,EXT-A-062-3,EXT-A-049-2,169.64,2026-05-27T04:00:37+00:00,INTERNAL_TRANSFER
TX-N-06895,ACC-N-0473,ACC-N-0724,9195.8,2026-02-07T16:48:30+00:00,INTERNAL_TRANSFER
TX-N-06896,EXT-A-006-3,ACC-N-0495,5030.8,2026-01-29T08:01:49+00:00,INTERNAL_TRANSFER
TX-N-06897,ACC-N-0907,ACC-N-0769,7882.02,2026-08-09T07:58:55+00:00,INTERNAL_TRANSFER
TX-N-06898,ACC-N-0694,ACC-B-03-A,3305.11,2026-12-06T09:21:11+00:00,INTERNAL_TRANSFER
TX-N-06899,EXT-A-013-2,EXT-A-007-4,16428.27,2026-11-17T17:01:10+00:00,INTERNAL_TRANSFER
TX-N-06900,EXT-A-028-2,ACC-N-0542,796.36,2026-02-02T12:17:04+00:00,INTERNAL_TRANSFER
TX-N-06901,EXT-A-070-3,ACC-N-0626,829.14,2026-12-20T19:23:02+00:00,INTERNAL_TRANSFER
TX-N-06902,ACC-N-0964,EXT-A-042-3,4842.08,2026-01-28T16:35:43+00:00,INTERNAL_TRANSFER
TX-N-06903,ACC-N-0473,ACC-N-0663,6200.56,2026-09-04T14:51:24+00:00,INTERNAL_TRANSFER
TX-N-06904,ACC-N-0498,ACC-N-0634,659.92,2026-03-14T15:04:35+00:00,WIRE
TX-N-06905,ACC-N-0567,EXT-A-023-4,284.93,2026-05-15T18:04:02+00:00,INTERNAL_TRANSFER
TX-N-06906,EXT-A-044-2,EXT-A-014-1,1652.51,2026-10-01T09:20:43+00:00,WIRE
TX-N-06907,EXT-A-047-4,EXT-A-033-1,3654.84,2026-09-26T18:16:37+00:00,WIRE
TX-N-06908,ACC-N-0579,ACC-N-0721,7622.83,2026-04-07T21:14:12+00:00,INTERNAL_TRANSFER
TX-N-06909,EXT-A-006-2,EXT-A-055-4,1449.86,2026-11-26T04:12:29+00:00,INTERNAL_TRANSFER
TX-N-06910,ACC-B-C,ACC-N-0810,4238.63,2026-02-17T11:38:35+00:00,INTERNAL_TRANSFER
TX-N-06911,ACC-N-0556,ACC-N-0559,4343.2,2026-04-26T06:45:47+00:00,INTERNAL_TRANSFER
TX-N-06912,EXT-A-049-4,ACC-N-0816,1371.41,2026-01-17T08:32:24+00:00,INTERNAL_TRANSFER
TX-N-06913,ACC-N-0533,EXT-A-065-4,2900.6,2026-12-15T09:59:20+00:00,INTERNAL_TRANSFER
TX-N-06914,ACC-N-0963,EXT-A-039-2,2381.57,2026-06-05T23:25:08+00:00,INTERNAL_TRANSFER
TX-N-06915,ACC-N-0565,ACC-N-0793,4983.19,2026-11-05T19:51:31+00:00,INTERNAL_TRANSFER
TX-N-06916,EXT-A-066-2,ACC-N-0987,1952.97,2026-01-09T18:38:29+00:00,INTERNAL_TRANSFER
TX-N-06917,ACC-N-0812,ACC-N-0600,18502.15,2026-03-24T02:38:37+00:00,WIRE
TX-N-06918,ACC-N-0706,EXT-A-063-3,4839.42,2026-03-25T18:58:30+00:00,INTERNAL_TRANSFER
TX-N-06919,EXT-A-058-1,EXT-A-035-3,4776.69,2026-09-15T07:04:17+00:00,INTERNAL_TRANSFER
TX-N-06920,ACC-N-0717,EXT-A-016-4,1229.17,2026-03-13T08:00:51+00:00,INTERNAL_TRANSFER
TX-N-06921,ACC-N-0411,EXT-A-008-3,2526.79,2026-06-12T06:53:08+00:00,WIRE
TX-N-06922,ACC-N-0927,ACC-N-0810,2873.37,2026-12-15T07:29:45+00:00,INTERNAL_TRANSFER
TX-N-06923,EXT-A-036-2,ACC-B-C,6324.41,2026-06-07T15:32:02+00:00,INTERNAL_TRANSFER
TX-N-06924,ACC-N-0969,ACC-N-0663,1342.0,2026-01-07T22:39:54+00:00,ATM
TX-N-06925,EXT-A-072-2,EXT-A-068-1,20152.18,2026-03-07T08:22:39+00:00,INTERNAL_TRANSFER
TX-N-06926,ACC-N-0732,ACC-N-0964,12080.99,2026-01-18T17:44:55+00:00,INTERNAL_TRANSFER
TX-N-06927,ACC-N-0738,ACC-N-0913,1422.02,2026-08-09T22:22:34+00:00,INTERNAL_TRANSFER
TX-N-06928,ACC-N-0722,EXT-A-027-3,1565.64,2026-03-14T06:30:11+00:00,WIRE
TX-N-06929,ACC-N-0599,EXT-A-013-1,7848.57,2026-04-09T02:43:43+00:00,INTERNAL_TRANSFER
TX-N-06930,ACC-N-0691,ACC-N-0924,26650.35,2026-07-15T13:28:12+00:00,INTERNAL_TRANSFER
TX-N-06931,ACC-C-PAY-06,ACC-N-0481,31143.89,2026-03-07T13:18:11+00:00,INTERNAL_TRANSFER
TX-N-06932,ACC-N-0472,ACC-N-0609,3154.25,2026-07-26T08:17:46+00:00,INTERNAL_TRANSFER
TX-N-06933,ACC-N-0668,ACC-N-0521,14204.52,2026-01-08T19:40:17+00:00,WIRE
TX-N-06934,ACC-N-0976,EXT-A-059-2,18459.06,2026-03-10T15:45:52+00:00,INTERNAL_TRANSFER
TX-N-06935,ACC-N-0635,EXT-A-050-1,2341.68,2026-06-24T20:27:18+00:00,INTERNAL_TRANSFER
TX-N-06936,ACC-N-0926,ACC-N-0724,2544.07,2026-12-04T21:03:03+00:00,WIRE
TX-N-06937,ACC-N-0889,ACC-N-0999,667.12,2026-12-10T18:36:06+00:00,INTERNAL_TRANSFER
TX-N-06938,ACC-N-0779,ACC-N-0851,33671.27,2026-02-14T22:52:18+00:00,WIRE
TX-N-06939,EXT-A-045-2,EXT-A-022-2,4297.72,2026-11-15T10:54:41+00:00,WIRE
TX-N-06940,ACC-N-0966,ACC-N-0635,8298.73,2026-12-11T15:29:27+00:00,INTERNAL_TRANSFER
TX-N-06941,ACC-N-0834,ACC-N-0674,18498.99,2026-08-02T06:43:02+00:00,ATM
TX-N-06942,EXT-A-050-2,ACC-N-0846,38172.87,2026-04-15T05:31:25+00:00,INTERNAL_TRANSFER
TX-N-06943,EXT-A-059-4,ACC-N-0404,7234.0,2026-08-23T03:02:10+00:00,INTERNAL_TRANSFER
TX-N-06944,ACC-N-0990,EXT-A-059-1,21917.59,2026-09-04T02:49:37+00:00,WIRE
TX-N-06945,ACC-N-0681,ACC-N-0840,4487.28,2026-07-11T00:42:10+00:00,WIRE
TX-N-06946,EXT-A-032-4,ACC-C-PAY-12,181.31,2026-08-14T09:42:21+00:00,WIRE
TX-N-06947,ACC-N-0902,ACC-N-0443,1875.99,2026-06-05T18:40:36+00:00,INTERNAL_TRANSFER
TX-N-06948,EXT-A-120482,EXT-A-031-1,7156.31,2026-07-04T11:09:54+00:00,INTERNAL_TRANSFER
TX-N-06949,ACC-N-0667,ACC-N-0727,3930.97,2026-06-03T02:18:15+00:00,WIRE
TX-N-06950,ACC-N-0636,ACC-N-0557,13936.65,2026-01-28T13:40:47+00:00,WIRE
TX-N-06951,EXT-A-010-3,ACC-N-0694,1142.47,2026-11-23T22:17:44+00:00,INTERNAL_TRANSFER
TX-N-06952,EXT-A-019-1,ACC-N-0837,15390.93,2026-04-21T02:58:53+00:00,INTERNAL_TRANSFER
TX-N-06953,ACC-N-0699,EXT-A-049-4,6494.54,2026-10-05T23:46:11+00:00,INTERNAL_TRANSFER
TX-N-06954,EXT-A-057-4,ACC-N-0879,13642.21,2026-07-21T18:33:27+00:00,INTERNAL_TRANSFER
TX-N-06955,ACC-N-0927,EXT-A-011-4,20283.87,2026-05-12T07:57:46+00:00,WIRE
TX-N-06956,ACC-N-0962,ACC-N-0570,555.0,2026-04-13T04:43:57+00:00,WIRE
TX-N-06957,EXT-A-069-2,EXT-A-867458,7961.67,2026-05-05T05:14:53+00:00,ATM
TX-N-06958,ACC-N-0948,ACC-N-0641,921.31,2026-07-21T08:03:45+00:00,ATM
TX-N-06959,ACC-C-PAY-08,ACC-N-0833,4961.94,2026-01-16T07:51:28+00:00,INTERNAL_TRANSFER
TX-N-06960,ACC-N-0865,EXT-A-062-1,1289.34,2026-02-17T14:06:38+00:00,INTERNAL_TRANSFER
TX-N-06961,EXT-A-059-4,ACC-N-0395,2128.71,2026-12-04T20:27:04+00:00,INTERNAL_TRANSFER
TX-N-06962,EXT-A-032-4,EXT-A-071-1,15275.79,2026-12-06T20:32:09+00:00,INTERNAL_TRANSFER
TX-N-06963,ACC-N-0683,EXT-A-072-3,1693.79,2026-09-09T23:44:14+00:00,INTERNAL_TRANSFER
TX-N-06964,ACC-N-0961,EXT-A-020-1,5368.27,2026-07-14T22:18:37+00:00,INTERNAL_TRANSFER
TX-N-06965,ACC-N-0609,EXT-A-013-3,906.66,2026-06-29T06:05:24+00:00,WIRE
TX-N-06966,EXT-A-040-3,EXT-A-067-2,4021.03,2026-04-01T19:49:47+00:00,INTERNAL_TRANSFER
TX-N-06967,EXT-A-009-3,ACC-N-0805,21345.51,2026-12-07T21:01:05+00:00,WIRE
TX-N-06968,ACC-N-0448,ACC-N-0920,3135.67,2026-07-18T19:35:36+00:00,WIRE
TX-N-06969,ACC-N-0536,EXT-A-061-4,14893.69,2026-12-03T00:54:48+00:00,WIRE
TX-N-06970,ACC-N-0661,ACC-B-B,1869.02,2026-04-16T21:53:27+00:00,INTERNAL_TRANSFER
TX-N-06971,EXT-A-011-3,EXT-A-066-2,12988.24,2026-05-06T12:47:57+00:00,WIRE
TX-N-06972,ACC-N-0587,ACC-N-0503,2432.37,2026-04-22T03:05:10+00:00,INTERNAL_TRANSFER
TX-N-06973,ACC-N-0416,ACC-N-0726,5921.16,2026-08-09T09:33:22+00:00,WIRE
TX-N-06974,ACC-N-0995,EXT-A-064-3,8655.35,2026-05-14T23:18:27+00:00,INTERNAL_TRANSFER
TX-N-06975,ACC-N-0929,ACC-N-0962,6093.63,2026-05-19T14:55:38+00:00,WIRE
TX-N-06976,ACC-N-0840,ACC-N-0754,12690.69,2026-02-07T13:43:58+00:00,INTERNAL_TRANSFER
TX-N-06977,EXT-A-016-3,ACC-N-0786,7223.36,2026-07-09T15:30:18+00:00,ATM
TX-N-06978,ACC-N-0794,ACC-N-0487,54140.95,2026-04-09T21:57:50+00:00,INTERNAL_TRANSFER
TX-N-06979,ACC-N-0894,ACC-N-0738,1670.16,2026-04-18T05:07:29+00:00,INTERNAL_TRANSFER
TX-N-06980,EXT-A-048-3,ACC-N-0735,16829.17,2026-02-17T13:57:30+00:00,INTERNAL_TRANSFER
TX-N-06981,ACC-N-0551,ACC-N-0857,814.26,2026-03-17T10:12:52+00:00,WIRE
TX-N-06982,EXT-A-047-2,ACC-C-PAY-08,1623.8,2026-04-24T06:43:48+00:00,ATM
TX-N-06983,ACC-N-0796,ACC-N-0860,2387.19,2026-09-15T02:13:26+00:00,INTERNAL_TRANSFER
TX-N-06984,ACC-N-0629,ACC-N-0429,3188.91,2026-11-28T09:56:11+00:00,INTERNAL_TRANSFER
TX-N-06985,ACC-N-0465,ACC-N-0946,12351.71,2026-11-10T20:55:58+00:00,ATM
TX-N-06986,ACC-B-02-C,ACC-N-0532,702.01,2026-03-04T01:10:59+00:00,INTERNAL_TRANSFER
TX-N-06987,ACC-N-0961,ACC-N-0986,3594.52,2026-09-03T01:22:41+00:00,INTERNAL_TRANSFER
TX-N-06988,ACC-C-PAY-06,ACC-B-03-B,6305.17,2026-08-16T12:43:52+00:00,INTERNAL_TRANSFER
TX-N-06989,EXT-A-028-1,ACC-N-0537,4248.16,2026-12-18T23:39:52+00:00,ATM
TX-N-06990,ACC-N-0816,ACC-N-0546,4037.09,2026-05-13T18:31:19+00:00,WIRE
TX-N-06991,ACC-N-0673,ACC-N-0474,1031.71,2026-12-16T07:08:20+00:00,INTERNAL_TRANSFER
TX-N-06992,EXT-A-014-4,ACC-N-0487,1407.84,2026-08-25T18:24:42+00:00,ATM
TX-N-06993,ACC-N-0814,ACC-N-0489,6902.26,2026-08-02T07:06:43+00:00,INTERNAL_TRANSFER
TX-N-06994,EXT-A-019-3,EXT-A-014-1,13454.72,2026-09-29T22:35:23+00:00,WIRE
TX-N-06995,ACC-N-0618,ACC-C-PAY-06,10974.51,2026-09-09T18:56:58+00:00,INTERNAL_TRANSFER
TX-N-06996,ACC-N-0541,ACC-N-0838,2416.02,2026-08-31T03:28:28+00:00,INTERNAL_TRANSFER
TX-N-06997,ACC-N-0733,EXT-A-067-1,2402.25,2026-07-04T19:23:40+00:00,INTERNAL_TRANSFER
TX-N-06998,EXT-A-008-1,ACC-N-0549,5867.72,2026-07-05T22:02:38+00:00,WIRE
TX-N-06999,EXT-A-035-1,EXT-A-051-2,8118.03,2026-01-23T17:30:13+00:00,INTERNAL_TRANSFER
TX-N-07000,ACC-C-PAY-06,EXT-A-020-4,10511.73,2026-04-23T01:21:49+00:00,ATM
TX-N-07001,ACC-N-0558,ACC-N-0453,5305.88,2026-01-11T20:02:23+00:00,INTERNAL_TRANSFER
TX-N-07002,ACC-N-0856,EXT-A-048-4,1900.17,2026-10-19T13:42:25+00:00,INTERNAL_TRANSFER
TX-N-07003,ACC-N-0719,ACC-N-0612,673.35,2026-10-11T12:02:59+00:00,INTERNAL_TRANSFER
TX-N-07004,ACC-C-PAY-10,EXT-A-046-4,4812.47,2026-02-08T20:27:15+00:00,INTERNAL_TRANSFER
TX-N-07005,EXT-A-021-1,ACC-N-0899,4583.05,2026-10-07T12:00:38+00:00,WIRE
TX-N-07006,ACC-N-0660,ACC-N-0589,2754.97,2026-03-10T20:34:52+00:00,ATM
TX-N-07007,EXT-A-062-3,EXT-A-060-1,5249.27,2026-08-18T03:27:14+00:00,WIRE
TX-N-07008,ACC-N-0428,ACC-N-0866,5780.41,2026-12-07T13:21:10+00:00,INTERNAL_TRANSFER
TX-N-07009,EXT-A-051-1,ACC-N-0873,8132.47,2026-10-15T10:52:19+00:00,INTERNAL_TRANSFER
TX-N-07010,EXT-A-028-4,ACC-N-0785,3765.44,2026-03-18T08:28:24+00:00,INTERNAL_TRANSFER
TX-N-07011,ACC-N-0768,ACC-N-0444,2879.75,2026-09-07T20:25:52+00:00,INTERNAL_TRANSFER
TX-N-07012,ACC-N-0794,ACC-N-0450,3467.36,2026-03-24T08:36:31+00:00,INTERNAL_TRANSFER
TX-N-07013,ACC-N-0963,ACC-N-0595,7887.13,2026-05-14T16:03:04+00:00,INTERNAL_TRANSFER
TX-N-07014,ACC-B-02-C,ACC-N-0674,2148.08,2026-09-08T14:41:16+00:00,WIRE
TX-N-07015,ACC-N-0987,EXT-A-067-1,7785.99,2026-08-07T18:47:25+00:00,INTERNAL_TRANSFER
TX-N-07016,EXT-A-061-2,EXT-A-024-1,2888.74,2026-08-20T01:30:40+00:00,WIRE
TX-N-07017,ACC-C-PAY-12,ACC-N-0758,8229.28,2026-01-21T16:50:43+00:00,INTERNAL_TRANSFER
TX-N-07018,ACC-C-PAY-04,ACC-N-0800,4342.47,2026-04-01T18:31:30+00:00,INTERNAL_TRANSFER
TX-N-07019,ACC-N-0428,EXT-A-039-4,4942.3,2026-11-23T07:48:36+00:00,INTERNAL_TRANSFER
TX-N-07020,ACC-N-0955,ACC-N-0645,5522.58,2026-08-15T15:26:04+00:00,WIRE
TX-N-07021,ACC-N-0865,ACC-N-0892,6745.37,2026-11-17T08:51:06+00:00,WIRE
TX-N-07022,ACC-N-0904,EXT-A-023-4,14879.11,2026-05-22T11:28:22+00:00,INTERNAL_TRANSFER
TX-N-07023,ACC-N-0864,ACC-N-0473,10128.28,2026-03-23T00:07:39+00:00,ATM
TX-N-07024,ACC-N-0961,ACC-N-0535,37355.64,2026-12-14T01:24:10+00:00,WIRE
TX-N-07025,EXT-A-017-3,EXT-A-003-2,4289.14,2026-09-23T06:45:50+00:00,INTERNAL_TRANSFER
TX-N-07026,EXT-A-013-2,ACC-N-0942,15108.07,2026-05-16T11:54:09+00:00,WIRE
TX-N-07027,EXT-A-005-4,ACC-N-0443,2587.98,2026-04-28T04:15:23+00:00,INTERNAL_TRANSFER
TX-N-07028,ACC-N-0804,EXT-A-068-2,38462.79,2026-08-22T13:02:12+00:00,WIRE
TX-N-07029,EXT-A-024-1,ACC-N-0403,16771.48,2026-06-03T14:30:46+00:00,INTERNAL_TRANSFER
TX-N-07030,ACC-N-0795,EXT-A-032-2,1574.68,2026-07-29T19:13:40+00:00,INTERNAL_TRANSFER
TX-N-07031,EXT-A-007-4,EXT-A-043-3,5947.89,2026-06-28T18:33:05+00:00,WIRE
TX-N-07032,EXT-A-062-3,EXT-A-024-1,9646.03,2026-06-05T05:36:50+00:00,INTERNAL_TRANSFER
TX-N-07033,ACC-N-0892,ACC-N-0849,1704.96,2026-08-23T00:43:42+00:00,INTERNAL_TRANSFER
TX-N-07034,EXT-A-042-4,EXT-A-034-4,8660.28,2026-03-16T16:40:14+00:00,INTERNAL_TRANSFER
TX-N-07035,ACC-B-02-B,EXT-A-029-4,4514.39,2026-09-26T13:26:03+00:00,INTERNAL_TRANSFER
TX-N-07036,ACC-N-0696,ACC-N-0480,1659.97,2026-06-08T11:51:09+00:00,INTERNAL_TRANSFER
TX-N-07037,EXT-A-052-4,EXT-A-030-1,2311.16,2026-03-10T04:43:40+00:00,WIRE
TX-N-07038,ACC-N-0500,EXT-A-050-1,3355.43,2026-10-02T10:32:41+00:00,WIRE
TX-N-07039,ACC-N-0978,ACC-N-0419,773.14,2026-01-06T22:01:31+00:00,INTERNAL_TRANSFER
TX-N-07040,EXT-A-040-3,ACC-N-0626,1509.75,2026-03-01T18:45:22+00:00,ATM
TX-N-07041,ACC-N-0833,ACC-N-0496,4528.71,2026-05-28T10:36:39+00:00,WIRE
TX-N-07042,ACC-N-0725,ACC-N-0472,4053.29,2026-09-18T04:31:19+00:00,WIRE
TX-N-07043,ACC-N-0432,ACC-N-0829,557.96,2026-07-01T11:03:49+00:00,INTERNAL_TRANSFER
TX-N-07044,ACC-N-0620,ACC-N-0934,3462.87,2026-07-30T22:25:51+00:00,WIRE
TX-N-07045,EXT-A-019-1,EXT-A-045-4,5151.77,2026-07-29T17:18:13+00:00,INTERNAL_TRANSFER
TX-N-07046,EXT-A-041-3,ACC-N-0715,8529.41,2026-08-16T14:25:41+00:00,INTERNAL_TRANSFER
TX-N-07047,ACC-C-PAY-08,EXT-A-032-1,3853.88,2026-12-09T10:11:08+00:00,INTERNAL_TRANSFER
TX-N-07048,EXT-A-051-2,ACC-N-0643,1687.7,2026-10-04T23:13:13+00:00,INTERNAL_TRANSFER
TX-N-07049,EXT-A-060-4,ACC-N-0839,11991.84,2026-06-04T08:34:58+00:00,INTERNAL_TRANSFER
TX-N-07050,ACC-B-04-B,ACC-N-0497,4646.56,2026-08-09T13:03:47+00:00,INTERNAL_TRANSFER
TX-N-07051,ACC-N-0427,ACC-N-0990,1712.62,2026-05-20T18:03:23+00:00,INTERNAL_TRANSFER
TX-N-07052,EXT-A-063-2,ACC-N-0781,6253.66,2026-02-05T11:33:33+00:00,INTERNAL_TRANSFER
TX-N-07053,ACC-N-0418,EXT-A-038-4,11959.33,2026-04-28T03:11:24+00:00,WIRE
TX-N-07054,EXT-A-070-1,EXT-A-009-4,2221.51,2026-06-23T04:10:53+00:00,INTERNAL_TRANSFER
TX-N-07055,ACC-N-0478,ACC-N-0699,3487.65,2026-05-30T07:53:43+00:00,INTERNAL_TRANSFER
TX-N-07056,ACC-N-0888,ACC-N-0846,1415.24,2026-08-24T18:41:00+00:00,INTERNAL_TRANSFER
TX-N-07057,ACC-N-0725,ACC-N-0882,3012.56,2026-10-01T20:15:04+00:00,INTERNAL_TRANSFER
TX-N-07058,ACC-N-0811,ACC-N-0871,4611.31,2026-10-20T20:57:13+00:00,INTERNAL_TRANSFER
TX-N-07059,ACC-N-0517,ACC-N-0684,270.24,2026-05-07T19:24:32+00:00,ATM
TX-N-07060,EXT-A-038-1,EXT-A-014-1,1138.56,2026-01-18T23:34:14+00:00,INTERNAL_TRANSFER
TX-N-07061,ACC-N-0482,ACC-N-0619,4226.14,2026-11-15T01:10:56+00:00,INTERNAL_TRANSFER
TX-N-07062,EXT-A-014-4,ACC-N-0571,3238.12,2026-10-28T20:32:27+00:00,INTERNAL_TRANSFER
TX-N-07063,ACC-N-0473,ACC-N-0976,8519.45,2026-12-04T15:16:53+00:00,INTERNAL_TRANSFER
TX-N-07064,ACC-N-0635,EXT-A-023-3,9787.02,2026-02-25T23:50:38+00:00,INTERNAL_TRANSFER
TX-N-07065,ACC-N-0474,ACC-N-0940,5771.22,2026-07-14T03:32:21+00:00,INTERNAL_TRANSFER
TX-N-07066,ACC-N-0438,ACC-N-0465,3653.95,2026-01-25T13:43:43+00:00,WIRE
TX-N-07067,ACC-N-0944,ACC-N-0485,321.66,2026-01-22T13:52:24+00:00,INTERNAL_TRANSFER
TX-N-07068,ACC-N-0715,ACC-N-0942,1385.17,2026-05-08T09:41:47+00:00,INTERNAL_TRANSFER
TX-N-07069,ACC-N-0402,ACC-N-0520,3222.31,2026-02-12T03:24:25+00:00,INTERNAL_TRANSFER
TX-N-07070,EXT-A-056-1,EXT-A-058-2,1880.13,2026-09-04T19:29:25+00:00,INTERNAL_TRANSFER
TX-N-07071,ACC-N-0584,ACC-N-0732,1318.97,2026-11-15T02:21:46+00:00,INTERNAL_TRANSFER
TX-N-07072,ACC-N-0470,ACC-N-0627,4915.75,2026-10-23T05:16:36+00:00,ATM
TX-N-07073,ACC-N-0871,ACC-N-0627,3644.27,2026-10-08T21:25:04+00:00,WIRE
TX-N-07074,ACC-B-04-A,EXT-A-009-2,2997.53,2026-05-08T19:42:54+00:00,INTERNAL_TRANSFER
TX-N-07075,ACC-N-0760,EXT-A-014-4,3081.14,2026-08-14T11:31:05+00:00,INTERNAL_TRANSFER
TX-N-07076,EXT-A-027-3,EXT-A-040-1,2280.61,2026-09-03T09:30:29+00:00,WIRE
TX-N-07077,ACC-N-0854,ACC-N-0781,2940.06,2026-10-31T03:46:35+00:00,ATM
TX-N-07078,ACC-N-0629,ACC-N-0683,7820.33,2026-07-15T06:02:51+00:00,INTERNAL_TRANSFER
TX-N-07079,ACC-N-0578,ACC-C-HNW-02,1220.84,2026-06-11T08:22:07+00:00,INTERNAL_TRANSFER
TX-N-07080,ACC-N-0445,EXT-A-033-2,4965.03,2026-04-07T05:33:13+00:00,ATM
TX-N-07081,EXT-A-044-1,EXT-A-010-2,10416.14,2026-11-29T12:59:02+00:00,WIRE
TX-N-07082,ACC-N-0802,EXT-A-042-4,717.47,2026-06-29T20:50:10+00:00,INTERNAL_TRANSFER
TX-N-07083,ACC-N-0805,ACC-N-0551,4431.05,2026-02-12T23:39:38+00:00,INTERNAL_TRANSFER
TX-N-07084,ACC-N-0419,ACC-N-0685,666.05,2026-10-14T22:54:28+00:00,INTERNAL_TRANSFER
TX-N-07085,EXT-A-072-4,ACC-C-PAY-08,6590.46,2026-06-08T06:20:20+00:00,INTERNAL_TRANSFER
TX-N-07086,ACC-N-0582,ACC-C-HNW-06,38258.48,2026-04-01T06:35:43+00:00,ATM
TX-N-07087,EXT-A-005-3,ACC-N-0830,12926.77,2026-12-24T13:07:42+00:00,WIRE
TX-N-07088,ACC-N-0733,ACC-N-0917,4572.71,2026-12-17T12:50:04+00:00,INTERNAL_TRANSFER
TX-N-07089,EXT-A-065-3,ACC-N-0859,719.5,2026-07-28T21:32:03+00:00,INTERNAL_TRANSFER
TX-N-07090,ACC-N-0432,EXT-A-059-3,29973.57,2026-08-25T22:59:39+00:00,INTERNAL_TRANSFER
TX-N-07091,ACC-N-0459,EXT-A-023-2,9099.55,2026-06-12T13:53:10+00:00,INTERNAL_TRANSFER
TX-N-07092,EXT-A-046-3,EXT-A-010-2,705.08,2026-12-06T13:54:30+00:00,INTERNAL_TRANSFER
TX-N-07093,ACC-N-0734,EXT-A-031-3,17815.17,2026-03-17T16:45:04+00:00,WIRE
TX-N-07094,ACC-N-0588,ACC-N-0497,2032.32,2026-11-21T10:29:18+00:00,INTERNAL_TRANSFER
TX-N-07095,ACC-B-02-C,EXT-A-003-2,6636.64,2026-05-09T23:15:32+00:00,INTERNAL_TRANSFER
TX-N-07096,ACC-N-0801,ACC-N-0945,1081.73,2026-08-19T21:18:59+00:00,WIRE
TX-N-07097,ACC-N-0415,EXT-A-053-3,9540.04,2026-12-03T22:27:33+00:00,INTERNAL_TRANSFER
TX-N-07098,ACC-N-0686,EXT-A-047-4,4364.64,2026-02-11T11:38:08+00:00,INTERNAL_TRANSFER
TX-N-07099,ACC-N-0937,ACC-B-04-C,10616.74,2026-06-15T20:28:17+00:00,WIRE
TX-N-07100,ACC-N-0874,EXT-A-027-2,1192.13,2026-04-10T17:20:10+00:00,ATM
TX-N-07101,ACC-N-0605,ACC-N-0811,5640.65,2026-05-08T04:05:28+00:00,INTERNAL_TRANSFER
TX-N-07102,ACC-N-0612,EXT-A-005-1,35888.85,2026-02-07T19:40:57+00:00,WIRE
TX-N-07103,EXT-A-012-2,ACC-N-0921,2340.46,2026-05-28T06:15:21+00:00,ATM
TX-N-07104,EXT-A-060-3,ACC-N-0663,22642.55,2026-02-02T01:33:32+00:00,INTERNAL_TRANSFER
TX-N-07105,EXT-A-048-3,ACC-N-0509,627.8,2026-01-28T08:35:35+00:00,INTERNAL_TRANSFER
TX-N-07106,EXT-A-022-3,ACC-N-0739,3226.46,2026-02-09T23:17:17+00:00,INTERNAL_TRANSFER
TX-N-07107,EXT-A-009-4,ACC-N-0593,633.08,2026-05-02T20:37:21+00:00,INTERNAL_TRANSFER
TX-N-07108,ACC-N-0416,ACC-N-0492,12035.99,2026-04-13T01:45:26+00:00,INTERNAL_TRANSFER
TX-N-07109,ACC-N-0403,ACC-N-0935,2201.12,2026-06-28T17:42:36+00:00,WIRE
TX-N-07110,EXT-A-056-3,EXT-A-004-2,820.08,2026-02-17T02:59:50+00:00,INTERNAL_TRANSFER
TX-N-07111,ACC-N-0930,ACC-N-0679,480.57,2026-02-01T23:24:14+00:00,WIRE
TX-N-07112,EXT-A-014-4,EXT-A-036-4,4589.47,2026-10-10T07:23:37+00:00,WIRE
TX-N-07113,EXT-A-072-4,ACC-N-0873,8329.2,2026-04-17T20:36:07+00:00,ATM
TX-N-07114,ACC-N-0438,EXT-A-044-2,16814.12,2026-03-15T09:56:28+00:00,WIRE
TX-N-07115,EXT-A-022-3,ACC-N-0998,12299.47,2026-02-21T11:14:06+00:00,INTERNAL_TRANSFER
TX-N-07116,ACC-N-0884,ACC-N-0644,5286.0,2026-03-23T12:36:00+00:00,INTERNAL_TRANSFER
TX-N-07117,ACC-B-03-B,EXT-A-002-2,33463.28,2026-08-26T04:45:32+00:00,INTERNAL_TRANSFER
TX-N-07118,ACC-N-0722,ACC-N-0934,16825.16,2026-02-08T08:04:42+00:00,WIRE
TX-N-07119,ACC-N-0914,EXT-A-062-2,4415.53,2026-01-29T11:29:18+00:00,INTERNAL_TRANSFER
TX-N-07120,EXT-A-056-3,ACC-N-0587,7562.99,2026-03-06T16:59:26+00:00,INTERNAL_TRANSFER
TX-N-07121,ACC-C-PAY-10,ACC-N-0635,25929.59,2026-03-28T13:16:52+00:00,INTERNAL_TRANSFER
TX-N-07122,ACC-N-0830,EXT-A-014-1,6786.04,2026-05-22T05:48:34+00:00,WIRE
TX-N-07123,ACC-N-0863,ACC-N-0443,4567.01,2026-11-27T01:39:49+00:00,ATM
TX-N-07124,ACC-N-0694,ACC-N-0426,4874.15,2026-09-13T05:43:13+00:00,INTERNAL_TRANSFER
TX-N-07125,ACC-N-0572,ACC-N-0658,9915.93,2026-11-16T17:10:47+00:00,INTERNAL_TRANSFER
TX-N-07126,ACC-N-0955,ACC-N-0860,7276.54,2026-10-19T17:16:33+00:00,WIRE
TX-N-07127,ACC-N-0441,ACC-N-0489,6019.22,2026-06-27T11:37:58+00:00,INTERNAL_TRANSFER
TX-N-07128,ACC-N-0915,ACC-N-0822,3242.8,2026-12-16T02:30:25+00:00,INTERNAL_TRANSFER
TX-N-07129,EXT-A-022-2,ACC-N-0567,58045.27,2026-08-17T09:09:19+00:00,ATM
TX-N-07130,ACC-N-0819,ACC-N-0901,2808.0,2026-10-02T11:00:23+00:00,INTERNAL_TRANSFER
TX-N-07131,ACC-N-0879,ACC-N-0867,10607.2,2026-12-08T18:43:01+00:00,INTERNAL_TRANSFER
TX-N-07132,EXT-A-012-2,ACC-N-0734,4567.45,2026-02-04T06:20:53+00:00,INTERNAL_TRANSFER
TX-N-07133,ACC-N-0869,ACC-N-0613,6776.68,2026-01-05T02:33:24+00:00,INTERNAL_TRANSFER
TX-N-07134,ACC-N-0723,EXT-A-022-2,12689.17,2026-08-08T08:44:51+00:00,INTERNAL_TRANSFER
TX-N-07135,EXT-A-003-1,ACC-N-0706,10884.32,2026-07-21T23:34:03+00:00,INTERNAL_TRANSFER
TX-N-07136,ACC-N-0984,EXT-A-307484,5009.95,2026-10-11T23:20:28+00:00,INTERNAL_TRANSFER
TX-N-07137,EXT-A-052-2,EXT-A-013-2,14295.5,2026-12-18T03:59:51+00:00,WIRE
TX-N-07138,EXT-A-033-3,ACC-N-0498,7282.02,2026-10-02T21:39:54+00:00,INTERNAL_TRANSFER
TX-N-07139,EXT-A-070-1,EXT-A-029-1,2092.5,2026-11-18T01:05:01+00:00,WIRE
TX-N-07140,ACC-N-0769,ACC-N-0881,1450.48,2026-07-13T06:45:22+00:00,INTERNAL_TRANSFER
TX-N-07141,ACC-N-0715,ACC-N-0455,1472.06,2026-01-13T23:34:31+00:00,INTERNAL_TRANSFER
TX-N-07142,EXT-A-017-1,ACC-N-0748,25086.01,2026-04-08T01:00:51+00:00,INTERNAL_TRANSFER
TX-N-07143,ACC-N-0969,ACC-N-0492,11700.45,2026-03-18T14:31:33+00:00,INTERNAL_TRANSFER
TX-N-07144,ACC-N-0513,ACC-N-0437,4344.49,2026-07-23T12:31:06+00:00,INTERNAL_TRANSFER
TX-N-07145,ACC-N-0709,ACC-N-0665,5724.94,2026-10-04T05:52:24+00:00,INTERNAL_TRANSFER
TX-N-07146,EXT-A-056-4,EXT-A-037-4,548.28,2026-06-09T11:07:20+00:00,WIRE
TX-N-07147,ACC-N-0795,EXT-A-040-4,2020.97,2026-08-31T19:33:11+00:00,INTERNAL_TRANSFER
TX-N-07148,ACC-C-HNW-05,ACC-N-0410,7485.57,2026-11-17T15:48:09+00:00,INTERNAL_TRANSFER
TX-N-07149,ACC-N-0392,ACC-N-0516,5584.89,2026-04-23T04:10:08+00:00,INTERNAL_TRANSFER
TX-N-07150,EXT-A-029-3,ACC-N-0656,2793.81,2026-03-24T12:53:29+00:00,INTERNAL_TRANSFER
TX-N-07151,EXT-A-055-4,EXT-A-056-1,28939.02,2026-06-05T08:59:06+00:00,INTERNAL_TRANSFER
TX-N-07152,ACC-N-0882,ACC-N-0795,4357.54,2026-07-15T10:13:31+00:00,WIRE
TX-N-07153,ACC-N-0922,EXT-A-048-4,34622.84,2026-06-01T00:35:10+00:00,INTERNAL_TRANSFER
TX-N-07154,ACC-N-0427,EXT-A-046-4,10815.74,2026-09-23T00:20:39+00:00,ATM
TX-N-07155,ACC-N-0846,EXT-A-048-2,3285.69,2026-05-03T06:18:28+00:00,ATM
TX-N-07156,ACC-N-0842,ACC-N-0936,1286.93,2026-05-24T12:12:01+00:00,ATM
TX-N-07157,ACC-C-PAY-11,ACC-N-0661,3433.03,2026-09-10T22:41:45+00:00,INTERNAL_TRANSFER
TX-N-07158,EXT-A-010-1,ACC-N-0564,43569.4,2026-06-21T15:19:22+00:00,INTERNAL_TRANSFER
TX-N-07159,ACC-N-0501,ACC-N-0444,4745.38,2026-08-27T02:22:58+00:00,ATM
TX-N-07160,ACC-N-0569,ACC-N-0817,3720.37,2026-04-28T03:49:57+00:00,INTERNAL_TRANSFER
TX-N-07161,ACC-N-0988,EXT-A-020-3,3318.35,2026-08-03T15:44:47+00:00,INTERNAL_TRANSFER
TX-N-07162,ACC-N-0701,EXT-A-036-1,2436.9,2026-06-30T19:49:15+00:00,INTERNAL_TRANSFER
TX-N-07163,ACC-B-03-B,EXT-A-055-3,5418.06,2026-11-27T08:24:48+00:00,INTERNAL_TRANSFER
TX-N-07164,EXT-A-038-1,ACC-N-0854,2713.71,2026-11-17T19:53:33+00:00,INTERNAL_TRANSFER
TX-N-07165,EXT-A-037-1,ACC-N-0711,3151.05,2026-07-16T05:32:13+00:00,INTERNAL_TRANSFER
TX-N-07166,EXT-A-019-3,ACC-N-0809,3851.25,2026-03-03T10:21:51+00:00,INTERNAL_TRANSFER
TX-N-07167,ACC-N-0819,ACC-N-0539,3077.85,2026-09-11T05:31:44+00:00,WIRE
TX-N-07168,EXT-A-029-4,ACC-N-0404,3935.96,2026-05-16T12:20:44+00:00,INTERNAL_TRANSFER
TX-N-07169,ACC-N-0878,ACC-C-HNW-06,3894.2,2026-07-04T01:19:59+00:00,INTERNAL_TRANSFER
TX-N-07170,EXT-A-028-2,EXT-A-040-4,16513.91,2026-01-23T02:14:53+00:00,WIRE
TX-N-07171,ACC-N-0979,ACC-N-0725,11234.05,2026-08-24T04:30:57+00:00,INTERNAL_TRANSFER
TX-N-07172,ACC-N-0932,EXT-A-012-4,12149.68,2026-07-08T22:40:19+00:00,INTERNAL_TRANSFER
TX-N-07173,ACC-N-0687,ACC-N-0749,22409.05,2026-05-21T17:33:48+00:00,INTERNAL_TRANSFER
TX-N-07174,EXT-A-061-2,EXT-A-067-3,15609.49,2026-02-25T05:10:50+00:00,WIRE
TX-N-07175,ACC-N-0481,EXT-A-052-4,9630.99,2026-08-05T06:32:43+00:00,INTERNAL_TRANSFER
TX-N-07176,ACC-N-0676,ACC-N-0999,1980.04,2026-11-23T03:25:46+00:00,INTERNAL_TRANSFER
TX-N-07177,ACC-N-0622,ACC-N-0774,4423.91,2026-10-29T01:39:01+00:00,INTERNAL_TRANSFER
TX-N-07178,ACC-N-0483,ACC-N-0829,5286.78,2026-12-15T00:30:11+00:00,WIRE
TX-N-07179,EXT-A-033-4,ACC-N-0828,3675.2,2026-07-23T18:24:33+00:00,WIRE
TX-N-07180,ACC-B-03-C,ACC-N-0955,7467.82,2026-08-16T20:50:33+00:00,INTERNAL_TRANSFER
TX-N-07181,EXT-A-043-1,ACC-N-0672,2917.43,2026-10-06T17:39:23+00:00,INTERNAL_TRANSFER
TX-N-07182,ACC-N-0998,ACC-N-0794,116555.37,2026-11-21T05:03:30+00:00,INTERNAL_TRANSFER
TX-N-07183,ACC-N-0871,ACC-N-0392,4983.55,2026-10-28T00:13:22+00:00,ATM
TX-N-07184,EXT-A-307484,ACC-N-0717,2096.03,2026-03-01T06:36:08+00:00,WIRE
TX-N-07185,ACC-N-0966,EXT-A-037-4,784.3,2026-01-23T09:46:44+00:00,INTERNAL_TRANSFER
TX-N-07186,EXT-A-908166,EXT-A-039-3,9868.8,2026-10-21T07:45:59+00:00,WIRE
TX-N-07187,ACC-C-PAY-10,EXT-A-007-3,12950.48,2026-06-24T23:14:12+00:00,INTERNAL_TRANSFER
TX-N-07188,EXT-A-002-4,ACC-N-0876,1211.75,2026-09-03T17:47:46+00:00,INTERNAL_TRANSFER
TX-N-07189,ACC-N-0660,ACC-N-0803,2149.3,2026-06-30T06:59:34+00:00,INTERNAL_TRANSFER
TX-N-07190,EXT-A-042-2,ACC-N-0679,1728.07,2026-11-03T18:33:52+00:00,INTERNAL_TRANSFER
TX-N-07191,ACC-B-02-A,ACC-N-0715,640.28,2026-01-10T11:48:11+00:00,INTERNAL_TRANSFER
TX-N-07192,EXT-A-051-4,ACC-N-0893,2630.09,2026-12-01T02:47:39+00:00,INTERNAL_TRANSFER
TX-N-07193,ACC-N-0981,ACC-N-0473,1802.54,2026-09-01T01:57:47+00:00,INTERNAL_TRANSFER
TX-N-07194,ACC-N-0437,ACC-C-HNW-03,6016.46,2026-04-22T20:02:05+00:00,INTERNAL_TRANSFER
TX-N-07195,EXT-A-069-4,ACC-N-0697,21370.79,2026-05-09T07:33:43+00:00,INTERNAL_TRANSFER
TX-N-07196,ACC-N-0766,ACC-N-0773,4214.11,2026-02-11T13:40:03+00:00,INTERNAL_TRANSFER
TX-N-07197,ACC-N-0703,ACC-N-0550,5304.97,2026-07-23T08:26:44+00:00,INTERNAL_TRANSFER
TX-N-07198,ACC-N-0790,ACC-N-0708,5112.74,2026-09-04T10:06:59+00:00,INTERNAL_TRANSFER
TX-N-07199,ACC-N-0742,ACC-N-0510,12149.84,2026-03-07T18:01:07+00:00,INTERNAL_TRANSFER
TX-N-07200,ACC-N-0859,ACC-N-0674,8490.15,2026-12-28T16:53:41+00:00,INTERNAL_TRANSFER
TX-N-07201,EXT-A-032-3,EXT-A-033-4,1641.29,2026-12-26T04:31:22+00:00,INTERNAL_TRANSFER
TX-N-07202,EXT-A-005-4,ACC-N-0555,6118.28,2026-03-07T20:30:51+00:00,INTERNAL_TRANSFER
TX-N-07203,EXT-A-017-4,EXT-A-031-1,2313.5,2026-12-03T22:53:43+00:00,INTERNAL_TRANSFER
TX-N-07204,ACC-N-0424,EXT-A-057-4,3270.09,2026-07-11T20:45:45+00:00,INTERNAL_TRANSFER
TX-N-07205,ACC-N-0596,ACC-N-0964,16188.6,2026-02-06T17:10:08+00:00,WIRE
TX-N-07206,ACC-N-0893,EXT-A-051-4,273.81,2026-08-13T16:50:42+00:00,INTERNAL_TRANSFER
TX-N-07207,ACC-N-0986,EXT-A-033-2,1029.01,2026-03-10T22:33:57+00:00,WIRE
TX-N-07208,EXT-A-072-3,EXT-A-007-2,13020.28,2026-06-28T01:45:23+00:00,INTERNAL_TRANSFER
TX-N-07209,ACC-N-0695,EXT-A-057-2,7229.01,2026-01-07T02:33:07+00:00,WIRE
TX-N-07210,ACC-N-0791,ACC-N-0580,882.86,2026-01-06T16:00:36+00:00,WIRE
TX-N-07211,EXT-A-003-3,EXT-A-019-1,7184.75,2026-07-13T17:24:07+00:00,INTERNAL_TRANSFER
TX-N-07212,EXT-A-041-3,EXT-A-019-4,8705.07,2026-06-07T08:09:20+00:00,INTERNAL_TRANSFER
TX-N-07213,EXT-A-037-3,EXT-A-015-3,5855.02,2026-01-04T21:24:22+00:00,INTERNAL_TRANSFER
TX-N-07214,EXT-A-006-4,ACC-N-0979,11656.65,2026-05-25T00:19:27+00:00,INTERNAL_TRANSFER
TX-N-07215,EXT-A-035-4,ACC-N-0540,5303.81,2026-07-02T00:44:45+00:00,ATM
TX-N-07216,EXT-A-005-1,ACC-N-0651,982.97,2026-01-20T15:58:32+00:00,INTERNAL_TRANSFER
TX-N-07217,ACC-N-0722,EXT-A-034-1,2487.16,2026-11-16T04:29:27+00:00,INTERNAL_TRANSFER
TX-N-07218,ACC-N-0681,ACC-B-C,4625.69,2026-04-06T04:10:43+00:00,INTERNAL_TRANSFER
TX-N-07219,ACC-N-0988,ACC-N-0399,16419.03,2026-07-30T18:19:59+00:00,ATM
TX-N-07220,EXT-A-022-2,ACC-N-0468,1609.78,2026-07-22T21:23:45+00:00,INTERNAL_TRANSFER
TX-N-07221,ACC-N-0922,ACC-N-0845,9038.88,2026-09-23T20:14:02+00:00,WIRE
TX-N-07222,EXT-A-037-3,ACC-N-0551,1856.42,2026-08-07T13:11:06+00:00,INTERNAL_TRANSFER
TX-N-07223,ACC-N-0740,ACC-N-0425,1282.15,2026-06-27T22:07:38+00:00,INTERNAL_TRANSFER
TX-N-07224,ACC-B-03-B,ACC-N-0789,22745.69,2026-08-10T17:10:31+00:00,INTERNAL_TRANSFER
TX-N-07225,ACC-N-0629,ACC-N-0543,24416.05,2026-10-19T22:10:56+00:00,INTERNAL_TRANSFER
TX-N-07226,EXT-A-022-4,ACC-N-0778,4955.76,2026-05-08T09:29:15+00:00,WIRE
TX-N-07227,EXT-A-025-4,ACC-N-0746,7674.78,2026-02-07T19:21:39+00:00,ATM
TX-N-07228,ACC-N-0743,ACC-N-0667,1921.9,2026-10-27T12:47:42+00:00,INTERNAL_TRANSFER
TX-N-07229,EXT-A-017-4,ACC-N-0886,15762.12,2026-04-06T14:51:00+00:00,INTERNAL_TRANSFER
TX-N-07230,ACC-N-0937,ACC-N-0745,201.97,2026-06-12T01:51:45+00:00,INTERNAL_TRANSFER
TX-N-07231,EXT-A-029-4,EXT-A-049-4,7518.31,2026-04-02T14:24:05+00:00,INTERNAL_TRANSFER
TX-N-07232,ACC-N-0496,ACC-C-HNW-06,961.02,2026-02-08T12:35:29+00:00,INTERNAL_TRANSFER
TX-N-07233,ACC-N-0405,ACC-N-0878,15056.35,2026-07-22T02:31:12+00:00,INTERNAL_TRANSFER
TX-N-07234,ACC-N-0798,ACC-N-0474,4736.0,2026-06-23T03:35:15+00:00,INTERNAL_TRANSFER
TX-N-07235,ACC-N-0462,ACC-N-0535,1695.94,2026-12-22T18:00:04+00:00,WIRE
TX-N-07236,ACC-N-0765,EXT-A-069-3,731.38,2026-03-20T16:13:02+00:00,INTERNAL_TRANSFER
TX-N-07237,ACC-N-0619,EXT-A-071-2,6452.68,2026-08-23T14:24:44+00:00,WIRE
TX-N-07238,ACC-N-0481,ACC-N-0408,5265.41,2026-04-15T12:27:51+00:00,INTERNAL_TRANSFER
TX-N-07239,EXT-A-050-4,ACC-C-PAY-10,1472.46,2026-08-15T18:49:17+00:00,INTERNAL_TRANSFER
TX-N-07240,ACC-N-0498,EXT-A-065-1,17629.44,2026-05-11T23:14:02+00:00,INTERNAL_TRANSFER
TX-N-07241,ACC-N-0468,EXT-A-057-4,4361.74,2026-06-28T05:46:13+00:00,INTERNAL_TRANSFER
TX-N-07242,ACC-N-0947,ACC-N-0530,14707.06,2026-03-21T13:38:26+00:00,INTERNAL_TRANSFER
TX-N-07243,ACC-N-0549,EXT-A-053-3,1690.74,2026-12-12T15:12:00+00:00,INTERNAL_TRANSFER
TX-N-07244,ACC-N-0973,ACC-N-0602,3277.35,2026-08-06T16:10:26+00:00,INTERNAL_TRANSFER
TX-N-07245,ACC-C-PAY-02,ACC-N-0985,14731.1,2026-10-06T22:23:11+00:00,INTERNAL_TRANSFER
TX-N-07246,ACC-N-0659,EXT-A-062-2,1453.29,2026-11-28T01:48:40+00:00,INTERNAL_TRANSFER
TX-N-07247,EXT-A-059-4,ACC-N-0817,7727.49,2026-09-17T07:35:31+00:00,INTERNAL_TRANSFER
TX-N-07248,ACC-N-0685,ACC-N-0885,3902.22,2026-05-20T11:19:22+00:00,INTERNAL_TRANSFER
TX-N-07249,EXT-A-006-1,ACC-N-0557,451.43,2026-02-20T16:57:18+00:00,INTERNAL_TRANSFER
TX-N-07250,EXT-A-061-3,EXT-A-032-2,246.37,2026-02-02T12:06:06+00:00,INTERNAL_TRANSFER
TX-N-07251,EXT-A-067-2,EXT-A-034-3,5516.0,2026-12-09T11:46:00+00:00,INTERNAL_TRANSFER
TX-N-07252,ACC-N-0940,EXT-A-023-2,5270.31,2026-03-12T07:45:36+00:00,INTERNAL_TRANSFER
TX-N-07253,EXT-A-015-3,ACC-N-0812,1405.14,2026-05-11T11:22:21+00:00,INTERNAL_TRANSFER
TX-N-07254,ACC-N-0860,EXT-A-038-4,11750.26,2026-10-29T00:58:51+00:00,INTERNAL_TRANSFER
TX-N-07255,EXT-A-023-3,EXT-A-060-2,2388.16,2026-08-22T00:00:16+00:00,INTERNAL_TRANSFER
TX-N-07256,ACC-N-0977,EXT-A-072-2,88624.6,2026-04-05T00:26:07+00:00,INTERNAL_TRANSFER
TX-N-07257,EXT-A-041-2,ACC-N-0928,682.25,2026-09-28T08:04:42+00:00,INTERNAL_TRANSFER
TX-N-07258,ACC-N-0833,ACC-N-0960,2537.08,2026-11-03T17:35:02+00:00,WIRE
TX-N-07259,EXT-A-006-1,ACC-N-0441,1611.8,2026-08-27T14:27:32+00:00,INTERNAL_TRANSFER
TX-N-07260,ACC-N-0436,ACC-N-0569,9902.59,2026-05-05T23:25:53+00:00,WIRE
TX-N-07261,EXT-A-010-2,EXT-A-026-3,5016.22,2026-08-18T07:53:31+00:00,INTERNAL_TRANSFER
TX-N-07262,ACC-N-0967,EXT-A-013-1,1294.29,2026-10-25T02:52:11+00:00,INTERNAL_TRANSFER
TX-N-07263,ACC-N-0729,ACC-N-0977,4318.05,2026-12-28T02:44:28+00:00,INTERNAL_TRANSFER
TX-N-07264,EXT-A-050-3,EXT-A-050-2,5502.5,2026-03-16T20:02:45+00:00,WIRE
TX-N-07265,EXT-A-002-4,ACC-N-0727,2369.98,2026-02-23T06:36:01+00:00,INTERNAL_TRANSFER
TX-N-07266,ACC-N-0849,EXT-A-041-2,10227.74,2026-04-20T02:56:01+00:00,INTERNAL_TRANSFER
TX-N-07267,ACC-N-0982,ACC-N-0574,9453.88,2026-08-24T04:28:45+00:00,INTERNAL_TRANSFER
TX-N-07268,ACC-N-0645,ACC-N-0872,5795.32,2026-12-11T21:13:00+00:00,INTERNAL_TRANSFER
TX-N-07269,ACC-N-0666,EXT-A-034-1,2620.35,2026-02-16T22:42:55+00:00,WIRE
TX-N-07270,EXT-A-003-2,ACC-N-0677,18286.11,2026-03-23T00:27:46+00:00,INTERNAL_TRANSFER
TX-N-07271,ACC-N-0754,ACC-N-0743,8253.18,2026-06-06T11:23:56+00:00,INTERNAL_TRANSFER
TX-N-07272,EXT-A-002-2,ACC-N-0724,4799.78,2026-07-02T03:14:51+00:00,INTERNAL_TRANSFER
TX-N-07273,EXT-A-031-2,ACC-N-0924,7056.81,2026-08-27T03:43:23+00:00,INTERNAL_TRANSFER
TX-N-07274,ACC-N-0402,EXT-A-008-3,2392.78,2026-11-03T10:44:40+00:00,INTERNAL_TRANSFER
TX-N-07275,EXT-A-030-3,ACC-N-0468,4456.81,2026-11-14T03:14:29+00:00,INTERNAL_TRANSFER
TX-N-07276,EXT-A-017-3,EXT-A-055-2,7876.54,2026-10-19T03:57:39+00:00,INTERNAL_TRANSFER
TX-N-07277,EXT-A-031-2,ACC-C-HNW-01,1292.78,2026-05-09T08:04:03+00:00,INTERNAL_TRANSFER
TX-N-07278,ACC-N-0959,EXT-A-867458,2519.53,2026-12-29T11:18:22+00:00,INTERNAL_TRANSFER
TX-N-07279,ACC-N-0552,EXT-A-055-4,13346.54,2026-04-03T10:27:14+00:00,INTERNAL_TRANSFER
TX-N-07280,ACC-N-0650,ACC-N-0994,1918.58,2026-10-02T14:11:27+00:00,ATM
TX-N-07281,EXT-A-017-4,ACC-N-0467,677.84,2026-11-14T01:54:51+00:00,INTERNAL_TRANSFER
TX-N-07282,ACC-N-0574,ACC-N-0900,2709.87,2026-12-19T19:49:01+00:00,INTERNAL_TRANSFER
TX-N-07283,ACC-N-0630,ACC-N-0629,1690.47,2026-05-05T01:29:22+00:00,INTERNAL_TRANSFER
TX-N-07284,ACC-N-0405,ACC-N-0919,16418.98,2026-07-16T05:37:27+00:00,WIRE
TX-N-07285,ACC-N-0445,EXT-A-043-2,8555.43,2026-02-02T00:21:23+00:00,INTERNAL_TRANSFER
TX-N-07286,ACC-N-0551,EXT-A-037-3,3198.08,2026-06-13T17:11:55+00:00,INTERNAL_TRANSFER
TX-N-07287,ACC-N-0756,ACC-N-0636,33561.56,2026-08-10T04:50:33+00:00,INTERNAL_TRANSFER
TX-N-07288,EXT-A-065-1,ACC-N-0910,38330.48,2026-12-14T09:09:23+00:00,WIRE
TX-N-07289,ACC-N-0919,ACC-N-0537,732.59,2026-05-20T06:02:57+00:00,INTERNAL_TRANSFER
TX-N-07290,EXT-A-036-4,EXT-A-040-2,9284.41,2026-08-01T08:01:04+00:00,INTERNAL_TRANSFER
TX-N-07291,ACC-N-0950,ACC-N-0849,2291.03,2026-10-07T18:15:51+00:00,WIRE
TX-N-07292,EXT-A-038-2,ACC-N-0942,17841.45,2026-01-13T14:28:31+00:00,WIRE
TX-N-07293,EXT-A-029-3,ACC-N-0450,28533.99,2026-04-26T02:25:22+00:00,INTERNAL_TRANSFER
TX-N-07294,ACC-N-0677,ACC-N-0674,8979.98,2026-09-23T15:15:09+00:00,ATM
TX-N-07295,ACC-N-0756,ACC-N-0422,2921.4,2026-11-30T05:07:29+00:00,INTERNAL_TRANSFER
TX-N-07296,EXT-A-067-4,EXT-A-066-1,1503.98,2026-09-06T00:15:12+00:00,INTERNAL_TRANSFER
TX-N-07297,ACC-N-0861,ACC-N-0949,1499.52,2026-12-19T16:38:14+00:00,INTERNAL_TRANSFER
TX-N-07298,ACC-N-0999,ACC-N-0615,7032.36,2026-03-21T06:28:03+00:00,INTERNAL_TRANSFER
TX-N-07299,ACC-N-0710,ACC-N-0886,12036.49,2026-07-11T04:42:00+00:00,INTERNAL_TRANSFER
TX-N-07300,ACC-N-0592,ACC-N-0618,3774.04,2026-03-08T02:11:37+00:00,INTERNAL_TRANSFER
TX-N-07301,ACC-N-0585,ACC-N-0822,9642.58,2026-11-05T19:28:29+00:00,INTERNAL_TRANSFER
TX-N-07302,ACC-N-0406,EXT-A-051-2,5808.52,2026-07-26T17:00:56+00:00,INTERNAL_TRANSFER
TX-N-07303,ACC-N-0808,EXT-A-044-4,35981.18,2026-06-12T21:28:21+00:00,INTERNAL_TRANSFER
TX-N-07304,ACC-N-0599,ACC-N-0719,1436.43,2026-08-03T14:02:51+00:00,INTERNAL_TRANSFER
TX-N-07305,ACC-N-0520,ACC-N-0975,1826.64,2026-10-31T17:20:14+00:00,INTERNAL_TRANSFER
TX-N-07306,ACC-N-0489,ACC-N-0741,29540.08,2026-03-06T14:10:13+00:00,INTERNAL_TRANSFER
TX-N-07307,ACC-N-0769,EXT-A-017-2,2205.69,2026-06-03T19:05:54+00:00,WIRE
TX-N-07308,EXT-A-050-3,EXT-A-062-1,33757.57,2026-12-04T09:31:03+00:00,WIRE
TX-N-07309,EXT-A-016-1,EXT-A-034-1,7113.81,2026-08-14T22:59:19+00:00,INTERNAL_TRANSFER
TX-N-07310,ACC-N-0959,ACC-N-0559,22188.97,2026-01-22T22:38:09+00:00,INTERNAL_TRANSFER
TX-N-07311,ACC-N-0685,ACC-N-0443,7338.13,2026-02-14T04:11:26+00:00,INTERNAL_TRANSFER
TX-N-07312,EXT-A-029-4,ACC-N-0501,2676.87,2026-12-01T13:14:41+00:00,INTERNAL_TRANSFER
TX-N-07313,ACC-N-0865,EXT-A-062-1,1171.17,2026-09-17T16:44:49+00:00,INTERNAL_TRANSFER
TX-N-07314,EXT-A-020-1,EXT-A-026-3,11095.76,2026-06-30T22:52:42+00:00,INTERNAL_TRANSFER
TX-N-07315,ACC-N-0773,ACC-N-0396,2010.75,2026-08-31T04:46:56+00:00,WIRE
TX-N-07316,EXT-A-065-1,ACC-N-0542,2267.12,2026-02-26T22:01:40+00:00,INTERNAL_TRANSFER
TX-N-07317,EXT-A-032-4,EXT-A-022-4,4419.97,2026-08-12T10:36:34+00:00,WIRE
TX-N-07318,ACC-N-0869,EXT-A-058-3,4292.49,2026-09-16T20:33:33+00:00,ATM
TX-N-07319,ACC-N-0675,EXT-A-029-1,6784.69,2026-01-01T02:17:42+00:00,WIRE
TX-N-07320,ACC-N-0575,ACC-N-0881,17030.14,2026-04-24T16:07:24+00:00,ATM
TX-N-07321,ACC-N-0884,EXT-A-065-3,7466.54,2026-06-01T09:03:48+00:00,INTERNAL_TRANSFER
TX-N-07322,EXT-A-047-2,EXT-A-036-4,4097.7,2026-02-16T14:16:47+00:00,WIRE
TX-N-07323,ACC-N-0863,EXT-A-024-4,825.33,2026-07-31T00:50:13+00:00,WIRE
TX-N-07324,ACC-N-0964,EXT-A-011-3,813.5,2026-04-20T09:55:16+00:00,INTERNAL_TRANSFER
TX-N-07325,EXT-A-033-1,EXT-A-065-1,693.0,2026-05-09T03:44:24+00:00,WIRE
TX-N-07326,EXT-A-038-1,EXT-A-019-4,6988.73,2026-06-28T12:16:21+00:00,INTERNAL_TRANSFER
TX-N-07327,ACC-N-0732,EXT-A-011-2,5179.06,2026-05-09T20:12:44+00:00,INTERNAL_TRANSFER
TX-N-07328,EXT-A-067-1,ACC-N-0854,1193.96,2026-01-19T15:00:55+00:00,WIRE
TX-N-07329,EXT-A-068-3,ACC-N-0719,1635.27,2026-01-16T09:36:53+00:00,INTERNAL_TRANSFER
TX-N-07330,EXT-A-020-1,ACC-N-0453,14023.37,2026-09-11T04:00:32+00:00,ATM
TX-N-07331,EXT-A-069-3,ACC-N-0849,1452.6,2026-01-22T15:54:52+00:00,INTERNAL_TRANSFER
TX-N-07332,ACC-N-0466,EXT-A-009-4,26791.09,2026-01-31T10:02:41+00:00,INTERNAL_TRANSFER
TX-N-07333,ACC-N-0602,ACC-N-0752,778.82,2026-03-21T23:50:58+00:00,INTERNAL_TRANSFER
TX-N-07334,ACC-N-0445,ACC-N-0751,529.5,2026-02-15T21:52:19+00:00,INTERNAL_TRANSFER
TX-N-07335,ACC-C-PAY-12,EXT-A-002-2,533.36,2026-07-17T02:16:44+00:00,INTERNAL_TRANSFER
TX-N-07336,ACC-N-0817,EXT-A-020-3,4378.96,2026-09-09T21:01:09+00:00,WIRE
TX-N-07337,EXT-A-011-1,ACC-N-0835,3230.26,2026-08-13T02:34:15+00:00,INTERNAL_TRANSFER
TX-N-07338,EXT-A-056-2,EXT-A-007-2,2135.35,2026-01-11T12:01:50+00:00,WIRE
TX-N-07339,ACC-N-0899,EXT-A-014-1,4076.44,2026-01-07T04:30:29+00:00,WIRE
TX-N-07340,ACC-B-03-B,EXT-A-014-1,742.78,2026-03-21T04:51:11+00:00,INTERNAL_TRANSFER
TX-N-07341,EXT-A-061-3,ACC-N-0892,3794.39,2026-10-08T13:51:38+00:00,INTERNAL_TRANSFER
TX-N-07342,ACC-N-0751,EXT-A-065-1,2451.47,2026-03-09T20:00:11+00:00,INTERNAL_TRANSFER
TX-N-07343,ACC-N-0715,ACC-N-0650,14041.38,2026-01-15T05:02:58+00:00,INTERNAL_TRANSFER
TX-N-07344,ACC-N-0474,ACC-N-0586,1104.84,2026-12-24T04:39:29+00:00,WIRE
TX-N-07345,EXT-A-039-3,ACC-N-0543,8880.17,2026-05-09T07:10:15+00:00,ATM
TX-N-07346,ACC-N-0875,ACC-N-0913,18388.42,2026-09-18T23:01:06+00:00,INTERNAL_TRANSFER
TX-N-07347,ACC-N-0929,ACC-N-0475,10522.48,2026-07-16T22:28:36+00:00,ATM
TX-N-07348,ACC-N-0571,ACC-N-0515,19508.89,2026-02-26T18:17:11+00:00,INTERNAL_TRANSFER
TX-N-07349,ACC-C-PAY-09,EXT-A-035-1,12536.65,2026-04-08T16:06:04+00:00,INTERNAL_TRANSFER
TX-N-07350,EXT-A-003-1,EXT-A-004-1,1281.32,2026-05-22T10:28:27+00:00,INTERNAL_TRANSFER
TX-N-07351,ACC-N-0472,EXT-A-054-3,935.86,2026-01-29T12:00:27+00:00,INTERNAL_TRANSFER
TX-N-07352,ACC-N-0435,ACC-N-0496,22360.88,2026-10-28T02:38:13+00:00,WIRE
TX-N-07353,EXT-A-120482,ACC-C-HNW-04,18264.6,2026-08-10T08:58:04+00:00,INTERNAL_TRANSFER
TX-N-07354,ACC-N-0696,ACC-N-0643,3615.97,2026-01-17T07:36:10+00:00,ATM
TX-N-07355,EXT-A-028-4,EXT-A-053-2,2766.09,2026-07-13T06:51:42+00:00,INTERNAL_TRANSFER
TX-N-07356,ACC-N-0782,ACC-N-0678,17115.63,2026-01-02T08:15:42+00:00,INTERNAL_TRANSFER
TX-N-07357,EXT-A-063-2,ACC-N-0920,6586.86,2026-01-04T11:29:34+00:00,WIRE
TX-N-07358,ACC-N-0474,ACC-N-0631,2093.79,2026-05-31T05:34:32+00:00,ATM
TX-N-07359,ACC-N-0814,ACC-N-0689,1090.68,2026-03-13T16:35:31+00:00,INTERNAL_TRANSFER
TX-N-07360,ACC-N-0693,ACC-N-0441,15732.59,2026-09-06T07:23:02+00:00,INTERNAL_TRANSFER
TX-N-07361,EXT-A-006-1,ACC-N-0701,1205.52,2026-08-17T11:14:37+00:00,INTERNAL_TRANSFER
TX-N-07362,EXT-A-069-2,EXT-A-048-3,4898.13,2026-03-23T20:38:11+00:00,WIRE
TX-N-07363,ACC-N-0833,EXT-A-013-1,1853.79,2026-05-04T23:33:18+00:00,INTERNAL_TRANSFER
TX-N-07364,ACC-N-0890,EXT-A-010-3,14209.22,2026-09-09T20:06:54+00:00,INTERNAL_TRANSFER
TX-N-07365,ACC-C-PAY-08,ACC-N-0751,5239.58,2026-11-28T07:53:44+00:00,INTERNAL_TRANSFER
TX-N-07366,ACC-N-0392,ACC-N-0801,2160.69,2026-06-24T11:43:57+00:00,WIRE
TX-N-07367,ACC-C-PAY-11,ACC-N-0578,4047.16,2026-08-14T08:27:27+00:00,INTERNAL_TRANSFER
TX-N-07368,ACC-N-0896,ACC-N-0847,6821.0,2026-03-17T09:46:16+00:00,INTERNAL_TRANSFER
TX-N-07369,ACC-N-0844,ACC-B-B,13680.29,2026-11-03T10:16:56+00:00,INTERNAL_TRANSFER
TX-N-07370,ACC-N-0631,ACC-N-0648,7406.32,2026-11-10T01:33:06+00:00,INTERNAL_TRANSFER
TX-N-07371,ACC-N-0979,EXT-A-029-1,6644.02,2026-07-26T02:42:26+00:00,INTERNAL_TRANSFER
TX-N-07372,EXT-A-055-1,ACC-B-04-B,14535.83,2026-03-25T03:54:14+00:00,INTERNAL_TRANSFER
TX-N-07373,EXT-A-027-2,ACC-N-0910,2447.01,2026-01-05T02:49:15+00:00,INTERNAL_TRANSFER
TX-N-07374,ACC-N-0574,EXT-A-047-4,2860.66,2026-04-27T12:02:36+00:00,INTERNAL_TRANSFER
TX-N-07375,EXT-A-049-4,ACC-N-0592,2920.2,2026-06-27T06:29:17+00:00,ATM
TX-N-07376,ACC-N-0805,EXT-A-016-3,348.98,2026-07-04T08:35:35+00:00,INTERNAL_TRANSFER
TX-N-07377,EXT-A-012-3,ACC-N-0746,2080.71,2026-10-08T20:52:39+00:00,INTERNAL_TRANSFER
TX-N-07378,EXT-A-035-3,ACC-N-0632,1953.63,2026-02-03T08:05:12+00:00,INTERNAL_TRANSFER
TX-N-07379,ACC-N-0415,ACC-N-0730,7256.99,2026-07-19T08:24:53+00:00,INTERNAL_TRANSFER
TX-N-07380,ACC-N-0749,ACC-N-0425,4427.92,2026-07-15T02:44:51+00:00,WIRE
TX-N-07381,EXT-A-004-4,EXT-A-041-3,10366.19,2026-12-13T16:13:17+00:00,INTERNAL_TRANSFER
TX-N-07382,ACC-N-0568,ACC-N-0918,560.13,2026-07-21T01:32:48+00:00,INTERNAL_TRANSFER
TX-N-07383,EXT-A-032-3,ACC-N-0853,4751.67,2026-04-24T16:50:07+00:00,INTERNAL_TRANSFER
TX-N-07384,ACC-N-0499,EXT-A-038-3,1576.07,2026-10-30T05:38:01+00:00,INTERNAL_TRANSFER
TX-N-07385,ACC-N-0599,ACC-N-0705,9763.98,2026-04-21T21:00:37+00:00,INTERNAL_TRANSFER
TX-N-07386,EXT-A-068-4,ACC-N-0757,2426.84,2026-11-20T15:25:04+00:00,WIRE
TX-N-07387,EXT-A-042-2,ACC-N-0400,1912.53,2026-08-14T04:47:42+00:00,WIRE
TX-N-07388,EXT-A-025-3,ACC-N-0826,12472.64,2026-02-04T07:35:17+00:00,INTERNAL_TRANSFER
TX-N-07389,ACC-N-0945,ACC-N-0456,4299.21,2026-02-02T16:13:27+00:00,INTERNAL_TRANSFER
TX-N-07390,EXT-A-060-3,ACC-N-0411,6373.95,2026-01-25T20:05:08+00:00,INTERNAL_TRANSFER
TX-N-07391,EXT-A-047-4,ACC-N-0722,3389.88,2026-08-23T06:40:44+00:00,INTERNAL_TRANSFER
TX-N-07392,EXT-A-067-3,ACC-N-0768,5091.54,2026-03-30T23:37:06+00:00,WIRE
TX-N-07393,ACC-B-03-B,EXT-A-041-4,1752.01,2026-12-23T01:56:11+00:00,INTERNAL_TRANSFER
TX-N-07394,EXT-A-024-3,ACC-N-0616,1088.09,2026-09-02T02:45:41+00:00,INTERNAL_TRANSFER
TX-N-07395,EXT-A-069-4,EXT-A-041-3,4951.83,2026-12-23T11:54:31+00:00,INTERNAL_TRANSFER
TX-N-07396,ACC-N-0522,EXT-A-060-3,12191.66,2026-10-16T01:32:37+00:00,INTERNAL_TRANSFER
TX-N-07397,ACC-N-0463,ACC-N-0495,4588.88,2026-04-24T02:34:20+00:00,INTERNAL_TRANSFER
TX-N-07398,ACC-C-HNW-06,ACC-N-0434,1324.84,2026-06-01T23:03:28+00:00,INTERNAL_TRANSFER
TX-N-07399,ACC-N-0531,ACC-N-0400,2152.76,2026-04-30T03:14:22+00:00,INTERNAL_TRANSFER
TX-N-07400,ACC-N-0492,ACC-N-0908,14778.76,2026-07-22T15:24:11+00:00,WIRE
TX-N-07401,ACC-N-0930,ACC-N-0620,1277.53,2026-04-08T19:22:20+00:00,WIRE
TX-N-07402,ACC-N-0678,ACC-N-0521,20034.74,2026-09-27T00:59:09+00:00,INTERNAL_TRANSFER
TX-N-07403,ACC-N-0563,EXT-A-055-4,42880.58,2026-04-25T20:27:01+00:00,INTERNAL_TRANSFER
TX-N-07404,ACC-N-0837,EXT-A-051-2,2074.81,2026-08-12T04:45:28+00:00,ATM
TX-N-07405,EXT-A-063-4,ACC-N-0986,4665.89,2026-08-23T06:05:37+00:00,INTERNAL_TRANSFER
TX-N-07406,EXT-A-053-2,ACC-N-0548,17856.24,2026-04-06T06:41:41+00:00,WIRE
TX-N-07407,ACC-N-0737,ACC-N-0457,9978.57,2026-01-12T10:52:00+00:00,INTERNAL_TRANSFER
TX-N-07408,ACC-N-0480,ACC-N-0567,3202.17,2026-09-12T22:55:23+00:00,ATM
TX-N-07409,ACC-N-0869,ACC-N-0487,20455.87,2026-04-29T04:31:44+00:00,WIRE
TX-N-07410,EXT-A-024-1,ACC-N-0760,9898.54,2026-06-17T18:12:23+00:00,INTERNAL_TRANSFER
TX-N-07411,ACC-N-0485,ACC-N-0872,1033.9,2026-08-23T02:28:38+00:00,WIRE
TX-N-07412,EXT-A-070-4,EXT-A-026-2,2240.19,2026-01-28T02:33:56+00:00,ATM
TX-N-07413,EXT-A-003-4,ACC-N-0411,2571.2,2026-03-19T23:49:03+00:00,INTERNAL_TRANSFER
TX-N-07414,ACC-N-0551,ACC-N-0479,27224.66,2026-12-28T12:18:43+00:00,INTERNAL_TRANSFER
TX-N-07415,ACC-C-HNW-04,ACC-N-0689,960.72,2026-11-15T08:58:04+00:00,INTERNAL_TRANSFER
TX-N-07416,ACC-N-0620,ACC-N-0734,7792.12,2026-09-25T20:15:56+00:00,INTERNAL_TRANSFER
TX-N-07417,ACC-N-0793,ACC-N-0935,860.91,2026-09-08T20:09:14+00:00,WIRE
TX-N-07418,ACC-N-0750,ACC-N-0741,13860.92,2026-08-25T09:55:32+00:00,INTERNAL_TRANSFER
TX-N-07419,ACC-N-0872,EXT-A-043-4,38629.11,2026-10-08T22:45:55+00:00,INTERNAL_TRANSFER
TX-N-07420,EXT-A-014-4,ACC-N-0747,29347.19,2026-04-24T08:47:22+00:00,WIRE
TX-N-07421,ACC-N-0558,EXT-A-056-3,3955.92,2026-08-27T22:00:10+00:00,INTERNAL_TRANSFER
TX-N-07422,EXT-A-068-3,EXT-A-048-1,7401.61,2026-09-07T19:45:44+00:00,WIRE
TX-N-07423,ACC-N-0563,ACC-N-0997,12595.65,2026-12-15T11:27:43+00:00,INTERNAL_TRANSFER
TX-N-07424,ACC-N-0537,ACC-N-0543,12157.34,2026-02-25T01:29:52+00:00,INTERNAL_TRANSFER
TX-N-07425,ACC-N-0930,ACC-N-0733,5462.05,2026-08-19T22:17:27+00:00,ATM
TX-N-07426,EXT-A-059-1,ACC-N-0700,2360.37,2026-02-19T03:45:24+00:00,INTERNAL_TRANSFER
TX-N-07427,EXT-A-067-4,ACC-N-0413,7747.32,2026-03-13T15:44:19+00:00,WIRE
TX-N-07428,ACC-N-0475,ACC-N-0807,1378.88,2026-04-10T15:15:39+00:00,ATM
TX-N-07429,ACC-N-0995,ACC-N-0949,6737.8,2026-10-16T19:30:31+00:00,ATM
TX-N-07430,ACC-N-0938,ACC-N-0801,11108.15,2026-06-14T14:20:00+00:00,WIRE
TX-N-07431,EXT-A-067-2,ACC-N-0458,15942.81,2026-04-07T20:59:34+00:00,WIRE
TX-N-07432,ACC-N-0559,ACC-N-0404,3756.63,2026-05-09T07:50:26+00:00,INTERNAL_TRANSFER
TX-N-07433,ACC-N-0659,EXT-A-053-4,38794.46,2026-06-23T20:03:56+00:00,INTERNAL_TRANSFER
TX-N-07434,ACC-N-0859,ACC-N-0936,29495.57,2026-01-30T19:47:05+00:00,INTERNAL_TRANSFER
TX-N-07435,ACC-N-0965,ACC-N-0764,1112.84,2026-10-30T03:51:36+00:00,WIRE
TX-N-07436,EXT-A-011-1,ACC-N-0701,2181.52,2026-03-13T19:05:55+00:00,ATM
TX-N-07437,EXT-A-032-2,ACC-N-0694,16006.77,2026-07-16T15:51:52+00:00,WIRE
TX-N-07438,EXT-A-005-2,ACC-N-0485,909.71,2026-04-09T12:25:57+00:00,INTERNAL_TRANSFER
TX-N-07439,ACC-N-0436,ACC-N-0955,4796.95,2026-08-02T00:42:57+00:00,INTERNAL_TRANSFER
TX-N-07440,EXT-A-040-3,EXT-A-068-4,7458.85,2026-06-14T23:26:56+00:00,INTERNAL_TRANSFER
TX-N-07441,ACC-N-0634,ACC-N-0948,1381.68,2026-03-18T04:50:56+00:00,INTERNAL_TRANSFER
TX-N-07442,ACC-N-0829,EXT-A-026-4,27003.94,2026-12-26T01:23:28+00:00,INTERNAL_TRANSFER
TX-N-07443,ACC-N-0750,ACC-N-0802,2534.54,2026-01-13T13:53:55+00:00,INTERNAL_TRANSFER
TX-N-07444,ACC-N-0493,ACC-N-0403,7011.54,2026-11-02T19:58:37+00:00,INTERNAL_TRANSFER
TX-N-07445,ACC-N-0796,ACC-N-0810,4103.15,2026-05-23T18:01:21+00:00,INTERNAL_TRANSFER
TX-N-07446,ACC-N-0678,ACC-N-0731,6376.25,2026-02-17T01:23:47+00:00,INTERNAL_TRANSFER
TX-N-07447,EXT-A-045-4,ACC-N-0952,5710.33,2026-04-20T05:22:18+00:00,INTERNAL_TRANSFER
TX-N-07448,ACC-N-0649,EXT-A-053-1,4436.9,2026-02-23T00:42:41+00:00,INTERNAL_TRANSFER
TX-N-07449,EXT-A-028-3,ACC-N-0946,7786.34,2026-02-18T16:53:29+00:00,INTERNAL_TRANSFER
TX-N-07450,ACC-N-0781,EXT-A-013-2,1557.27,2026-07-31T18:53:38+00:00,INTERNAL_TRANSFER
TX-N-07451,ACC-N-0461,ACC-N-0633,3039.86,2026-04-05T04:56:00+00:00,ATM
TX-N-07452,EXT-A-015-3,ACC-N-0443,7500.64,2026-04-12T04:06:32+00:00,INTERNAL_TRANSFER
TX-N-07453,ACC-N-0871,ACC-N-0511,7541.79,2026-12-16T03:38:10+00:00,INTERNAL_TRANSFER
TX-N-07454,EXT-A-032-4,ACC-N-0920,8754.04,2026-05-06T16:32:20+00:00,ATM
TX-N-07455,EXT-A-029-4,ACC-N-0884,5148.69,2026-12-13T04:05:26+00:00,INTERNAL_TRANSFER
TX-N-07456,ACC-N-0960,ACC-N-0522,3958.69,2026-06-17T08:23:17+00:00,INTERNAL_TRANSFER
TX-N-07457,EXT-A-061-1,EXT-A-014-3,2546.27,2026-02-02T07:47:13+00:00,INTERNAL_TRANSFER
TX-N-07458,ACC-N-0620,EXT-A-009-4,1056.06,2026-07-24T04:53:47+00:00,INTERNAL_TRANSFER
TX-N-07459,ACC-N-0456,ACC-N-0883,1454.36,2026-07-09T01:50:28+00:00,INTERNAL_TRANSFER
TX-N-07460,ACC-N-0751,EXT-A-046-2,1672.19,2026-04-07T05:30:26+00:00,INTERNAL_TRANSFER
TX-N-07461,ACC-N-0521,ACC-N-0927,1675.54,2026-11-16T04:23:42+00:00,INTERNAL_TRANSFER
TX-N-07462,ACC-N-0917,ACC-N-0630,11073.11,2026-02-09T17:50:46+00:00,INTERNAL_TRANSFER
TX-N-07463,EXT-A-013-2,EXT-A-039-3,1113.43,2026-02-15T08:56:43+00:00,WIRE
TX-N-07464,ACC-N-0900,EXT-A-060-1,3270.65,2026-04-11T16:18:17+00:00,INTERNAL_TRANSFER
TX-N-07465,ACC-N-0633,ACC-N-0539,15306.65,2026-07-01T16:32:41+00:00,INTERNAL_TRANSFER
TX-N-07466,ACC-N-0705,ACC-B-04-A,10757.84,2026-05-25T17:11:30+00:00,INTERNAL_TRANSFER
TX-N-07467,ACC-N-0769,EXT-A-065-1,23408.97,2026-04-20T01:39:03+00:00,INTERNAL_TRANSFER
TX-N-07468,ACC-N-0419,ACC-N-0984,8054.91,2026-01-11T13:59:08+00:00,ATM
TX-N-07469,ACC-N-0438,EXT-A-067-3,7335.82,2026-05-22T23:25:00+00:00,INTERNAL_TRANSFER
TX-N-07470,ACC-N-0503,ACC-N-0933,7003.4,2026-11-25T18:18:11+00:00,INTERNAL_TRANSFER
TX-N-07471,EXT-A-004-4,EXT-A-041-2,5975.46,2026-04-06T10:19:21+00:00,INTERNAL_TRANSFER
TX-N-07472,ACC-N-0810,ACC-N-0718,17084.4,2026-02-14T13:17:31+00:00,WIRE
TX-N-07473,ACC-N-0822,ACC-N-0602,7911.24,2026-09-04T11:17:53+00:00,INTERNAL_TRANSFER
TX-N-07474,ACC-N-0744,EXT-A-039-1,11567.99,2026-11-23T15:07:10+00:00,WIRE
TX-N-07475,ACC-N-0638,ACC-N-0986,2821.2,2026-03-26T05:27:14+00:00,WIRE
TX-N-07476,EXT-A-003-1,EXT-A-036-4,33922.01,2026-06-24T03:33:16+00:00,INTERNAL_TRANSFER
TX-N-07477,ACC-N-0550,EXT-A-021-3,1526.17,2026-01-30T15:00:27+00:00,INTERNAL_TRANSFER
TX-N-07478,ACC-N-0782,EXT-A-052-2,2092.83,2026-06-30T07:03:58+00:00,WIRE
TX-N-07479,ACC-C-HNW-02,ACC-N-0836,16164.74,2026-10-12T11:45:17+00:00,ATM
TX-N-07480,EXT-A-059-3,EXT-A-029-2,5621.74,2026-01-08T07:18:58+00:00,INTERNAL_TRANSFER
TX-N-07481,ACC-N-0465,EXT-A-018-4,4067.43,2026-02-28T05:16:41+00:00,WIRE
TX-N-07482,ACC-N-0473,ACC-N-0892,3436.46,2026-01-19T14:25:47+00:00,INTERNAL_TRANSFER
TX-N-07483,ACC-N-0801,ACC-N-0731,16911.38,2026-12-12T07:15:03+00:00,WIRE
TX-N-07484,EXT-A-057-1,EXT-A-024-4,6846.92,2026-05-04T02:52:36+00:00,WIRE
TX-N-07485,ACC-N-0960,ACC-N-0698,3001.36,2026-12-16T06:17:24+00:00,INTERNAL_TRANSFER
TX-N-07486,ACC-N-0704,ACC-N-0774,33669.18,2026-01-16T21:08:32+00:00,INTERNAL_TRANSFER
TX-N-07487,ACC-N-0498,ACC-N-0640,21068.07,2026-09-23T03:04:33+00:00,INTERNAL_TRANSFER
TX-N-07488,ACC-N-0894,ACC-N-0618,4697.74,2026-08-01T12:37:13+00:00,INTERNAL_TRANSFER
TX-N-07489,ACC-N-0804,ACC-N-0708,8751.47,2026-09-25T04:22:55+00:00,WIRE
TX-N-07490,EXT-A-053-3,EXT-A-002-1,3947.24,2026-07-26T20:54:02+00:00,WIRE
TX-N-07491,ACC-N-0610,ACC-N-0923,8965.59,2026-09-09T10:34:34+00:00,ATM
TX-N-07492,ACC-N-0705,ACC-N-0403,1299.78,2026-07-08T02:12:52+00:00,INTERNAL_TRANSFER
TX-N-07493,ACC-N-0873,ACC-N-0711,49227.2,2026-10-30T19:26:14+00:00,INTERNAL_TRANSFER
TX-N-07494,ACC-N-0486,EXT-A-056-3,3078.0,2026-05-21T07:13:04+00:00,WIRE
TX-N-07495,EXT-A-037-4,ACC-N-0465,1841.24,2026-09-24T10:51:42+00:00,INTERNAL_TRANSFER
TX-N-07496,ACC-N-0612,EXT-A-012-1,24786.09,2026-01-19T15:52:17+00:00,INTERNAL_TRANSFER
TX-N-07497,ACC-N-0890,EXT-A-017-1,2725.98,2026-01-22T20:26:35+00:00,INTERNAL_TRANSFER
TX-N-07498,ACC-N-0563,EXT-A-056-1,4802.83,2026-02-24T03:05:18+00:00,WIRE
TX-N-07499,EXT-A-019-1,ACC-N-0818,1118.4,2026-10-18T13:19:53+00:00,INTERNAL_TRANSFER
TX-N-07500,ACC-N-0881,ACC-N-0428,1157.3,2026-03-19T14:25:07+00:00,INTERNAL_TRANSFER
TX-N-07501,ACC-N-0732,EXT-A-867458,4499.96,2026-11-14T19:39:13+00:00,INTERNAL_TRANSFER
TX-N-07502,EXT-A-066-4,ACC-N-0495,24893.11,2026-08-31T08:38:09+00:00,WIRE
TX-N-07503,ACC-N-0973,EXT-A-046-3,1671.29,2026-06-19T23:22:12+00:00,WIRE
TX-N-07504,ACC-N-0733,ACC-N-0600,3317.37,2026-02-23T22:23:50+00:00,ATM
TX-N-07505,ACC-N-0460,ACC-C-HNW-05,1754.39,2026-03-10T04:37:57+00:00,WIRE
TX-N-07506,ACC-N-0742,EXT-A-033-4,8774.25,2026-07-23T02:56:32+00:00,INTERNAL_TRANSFER
TX-N-07507,ACC-N-0785,ACC-N-0739,46590.47,2026-10-25T13:14:24+00:00,INTERNAL_TRANSFER
TX-N-07508,ACC-N-0632,ACC-N-0818,3528.64,2026-01-06T11:39:44+00:00,WIRE
TX-N-07509,EXT-A-042-1,EXT-A-002-1,4708.11,2026-12-13T09:13:59+00:00,INTERNAL_TRANSFER
TX-N-07510,EXT-A-028-1,ACC-N-0462,2696.03,2026-07-28T04:51:08+00:00,INTERNAL_TRANSFER
TX-N-07511,ACC-N-0839,ACC-N-0816,2251.06,2026-06-10T16:28:16+00:00,INTERNAL_TRANSFER
TX-N-07512,EXT-A-033-1,ACC-N-0796,8703.12,2026-11-20T01:09:39+00:00,INTERNAL_TRANSFER
TX-N-07513,EXT-A-036-4,ACC-N-0562,1041.34,2026-05-22T01:24:40+00:00,INTERNAL_TRANSFER
TX-N-07514,ACC-N-0562,EXT-A-057-1,36514.54,2026-12-08T10:47:30+00:00,WIRE
TX-N-07515,ACC-N-0832,ACC-N-0719,10642.83,2026-01-05T10:39:22+00:00,WIRE
TX-N-07516,EXT-A-055-2,ACC-N-0987,5518.92,2026-05-10T18:10:37+00:00,INTERNAL_TRANSFER
TX-N-07517,EXT-A-018-2,EXT-A-020-2,6039.73,2026-01-02T03:51:26+00:00,INTERNAL_TRANSFER
TX-N-07518,EXT-A-029-3,EXT-A-031-2,2909.23,2026-01-30T23:52:14+00:00,INTERNAL_TRANSFER
TX-N-07519,ACC-N-0473,EXT-A-063-2,1004.31,2026-02-06T21:13:43+00:00,INTERNAL_TRANSFER
TX-N-07520,ACC-N-0419,ACC-N-0456,2145.94,2026-09-16T18:58:30+00:00,WIRE
TX-N-07521,ACC-B-04-B,EXT-A-060-4,1693.47,2026-02-28T10:51:34+00:00,INTERNAL_TRANSFER
TX-N-07522,EXT-A-072-4,ACC-N-0565,1966.1,2026-07-24T11:04:50+00:00,INTERNAL_TRANSFER
TX-N-07523,ACC-N-0863,ACC-C-HNW-06,14206.53,2026-10-05T20:53:14+00:00,ATM
TX-N-07524,EXT-A-046-2,ACC-N-0531,875.63,2026-03-14T02:32:21+00:00,INTERNAL_TRANSFER
TX-N-07525,ACC-N-0960,EXT-A-014-1,2537.8,2026-03-16T03:01:41+00:00,ATM
TX-N-07526,ACC-N-0671,ACC-N-0436,4905.02,2026-06-29T18:51:26+00:00,ATM
TX-N-07527,ACC-N-0606,ACC-N-0665,2675.84,2026-10-03T09:13:36+00:00,ATM
TX-N-07528,ACC-N-0782,EXT-A-057-3,7453.89,2026-04-22T11:51:59+00:00,INTERNAL_TRANSFER
TX-N-07529,EXT-A-068-2,ACC-N-0445,4187.35,2026-05-24T22:17:30+00:00,WIRE
TX-N-07530,EXT-A-052-4,EXT-A-025-2,2551.89,2026-04-03T22:26:28+00:00,INTERNAL_TRANSFER
TX-N-07531,ACC-N-0693,ACC-N-0966,461.7,2026-12-09T17:48:25+00:00,INTERNAL_TRANSFER
TX-N-07532,ACC-N-0451,EXT-A-034-2,7940.45,2026-05-09T14:45:52+00:00,WIRE
TX-N-07533,ACC-N-0978,ACC-B-03-B,6791.18,2026-10-02T19:49:46+00:00,WIRE
TX-N-07534,ACC-N-0805,ACC-N-0751,7137.2,2026-02-22T08:21:11+00:00,WIRE
TX-N-07535,ACC-N-0655,EXT-A-023-1,2155.91,2026-07-07T20:34:25+00:00,INTERNAL_TRANSFER
TX-N-07536,EXT-A-011-3,EXT-A-025-1,4239.96,2026-03-15T16:10:57+00:00,INTERNAL_TRANSFER
TX-N-07537,ACC-N-0644,ACC-N-0616,25226.77,2026-01-31T03:37:41+00:00,INTERNAL_TRANSFER
TX-N-07538,ACC-N-0733,ACC-N-0788,18866.85,2026-12-08T05:22:38+00:00,INTERNAL_TRANSFER
TX-N-07539,EXT-A-023-1,ACC-N-0839,6867.81,2026-02-16T19:51:27+00:00,INTERNAL_TRANSFER
TX-N-07540,ACC-N-0881,ACC-N-0550,1013.46,2026-09-22T14:37:08+00:00,INTERNAL_TRANSFER
TX-N-07541,ACC-N-0849,ACC-N-0538,583.75,2026-01-19T22:43:26+00:00,INTERNAL_TRANSFER
TX-N-07542,ACC-N-0763,ACC-N-0686,4808.66,2026-09-11T20:52:23+00:00,WIRE
TX-N-07543,ACC-N-0875,EXT-A-065-1,8228.75,2026-01-16T00:40:33+00:00,INTERNAL_TRANSFER
TX-N-07544,ACC-N-0566,ACC-N-0751,13835.69,2026-05-24T21:58:42+00:00,INTERNAL_TRANSFER
TX-N-07545,ACC-N-0678,ACC-N-0622,1270.63,2026-02-16T08:12:12+00:00,INTERNAL_TRANSFER
TX-N-07546,EXT-A-056-4,EXT-A-047-2,6756.6,2026-01-21T02:44:57+00:00,INTERNAL_TRANSFER
TX-N-07547,EXT-A-023-3,EXT-A-018-4,5009.75,2026-12-14T19:42:02+00:00,INTERNAL_TRANSFER
TX-N-07548,EXT-A-019-3,ACC-C-CORP,15683.29,2026-08-08T10:49:32+00:00,INTERNAL_TRANSFER
TX-N-07549,ACC-N-0937,ACC-N-0572,994.56,2026-06-15T05:34:14+00:00,ATM
TX-N-07550,ACC-N-0810,ACC-N-0675,19087.99,2026-10-01T07:02:41+00:00,INTERNAL_TRANSFER
TX-N-07551,EXT-A-047-3,ACC-N-0464,1305.92,2026-04-21T16:23:37+00:00,INTERNAL_TRANSFER
TX-N-07552,ACC-N-0966,ACC-N-0968,2845.14,2026-02-26T09:50:59+00:00,INTERNAL_TRANSFER
TX-N-07553,ACC-N-0961,ACC-N-0587,27022.02,2026-12-01T06:55:04+00:00,INTERNAL_TRANSFER
TX-N-07554,ACC-N-0775,ACC-N-0871,3809.14,2026-02-07T12:42:21+00:00,WIRE
TX-N-07555,EXT-A-042-4,EXT-A-030-1,17055.51,2026-03-23T21:04:14+00:00,INTERNAL_TRANSFER
TX-N-07556,EXT-A-061-4,EXT-A-053-4,11714.87,2026-09-12T10:48:15+00:00,WIRE
TX-N-07557,EXT-A-042-3,ACC-N-0837,4803.68,2026-06-14T19:30:49+00:00,INTERNAL_TRANSFER
TX-N-07558,ACC-N-0718,ACC-N-0561,3009.18,2026-03-02T16:13:15+00:00,WIRE
TX-N-07559,EXT-A-005-2,ACC-C-PAY-06,5250.5,2026-06-15T17:26:05+00:00,WIRE
TX-N-07560,ACC-N-0835,ACC-B-04-B,3926.38,2026-12-13T11:03:46+00:00,INTERNAL_TRANSFER
TX-N-07561,ACC-N-0951,ACC-N-0921,6288.9,2026-12-20T16:26:25+00:00,INTERNAL_TRANSFER
TX-N-07562,EXT-A-042-1,ACC-N-0740,4293.55,2026-07-31T07:07:17+00:00,INTERNAL_TRANSFER
TX-N-07563,EXT-A-033-4,EXT-A-002-4,2382.96,2026-03-01T18:14:59+00:00,INTERNAL_TRANSFER
TX-N-07564,EXT-A-059-4,EXT-A-006-1,8003.99,2026-04-20T23:03:05+00:00,INTERNAL_TRANSFER
TX-N-07565,EXT-A-005-2,ACC-N-0998,2853.29,2026-03-02T04:14:05+00:00,INTERNAL_TRANSFER
TX-N-07566,ACC-N-0446,ACC-N-0673,4632.6,2026-11-28T03:57:54+00:00,WIRE
TX-N-07567,ACC-N-0951,ACC-N-0418,6329.65,2026-12-29T05:35:53+00:00,WIRE
TX-N-07568,EXT-A-002-4,ACC-C-PAY-11,1451.67,2026-10-28T23:25:22+00:00,ATM
TX-N-07569,ACC-N-0514,ACC-B-03-A,2202.2,2026-09-04T03:08:36+00:00,INTERNAL_TRANSFER
TX-N-07570,EXT-A-021-2,EXT-A-039-2,4425.54,2026-12-13T10:13:39+00:00,INTERNAL_TRANSFER
TX-N-07571,ACC-C-HNW-01,EXT-A-053-4,2960.92,2026-01-30T09:50:13+00:00,ATM
TX-N-07572,ACC-N-0765,EXT-A-038-1,1932.7,2026-08-20T02:35:32+00:00,WIRE
TX-N-07573,ACC-N-0541,ACC-N-0658,3252.62,2026-04-22T23:38:38+00:00,INTERNAL_TRANSFER
TX-N-07574,ACC-N-0491,EXT-A-048-1,496.05,2026-12-12T07:22:49+00:00,INTERNAL_TRANSFER
TX-N-07575,EXT-A-011-1,ACC-N-0660,1659.99,2026-08-17T13:19:27+00:00,INTERNAL_TRANSFER
TX-N-07576,EXT-A-061-1,EXT-A-039-2,11494.51,2026-02-06T21:43:47+00:00,INTERNAL_TRANSFER
TX-N-07577,ACC-N-0434,EXT-A-050-1,4815.92,2026-01-30T05:09:20+00:00,INTERNAL_TRANSFER
TX-N-07578,EXT-A-065-4,ACC-N-0457,2393.36,2026-10-23T08:17:34+00:00,INTERNAL_TRANSFER
TX-N-07579,EXT-A-024-1,EXT-A-037-3,17613.5,2026-06-22T05:11:42+00:00,INTERNAL_TRANSFER
TX-N-07580,EXT-A-032-1,ACC-N-0984,7424.45,2026-06-04T20:42:00+00:00,INTERNAL_TRANSFER
TX-N-07581,ACC-N-0892,ACC-N-0587,5536.78,2026-03-14T03:54:26+00:00,WIRE
TX-N-07582,ACC-N-0509,ACC-N-0667,128.17,2026-02-20T16:22:25+00:00,INTERNAL_TRANSFER
TX-N-07583,ACC-N-0585,ACC-N-0935,3668.03,2026-07-30T23:33:49+00:00,INTERNAL_TRANSFER
TX-N-07584,ACC-N-0723,ACC-N-0887,7327.32,2026-12-26T01:33:25+00:00,WIRE
TX-N-07585,ACC-N-0950,ACC-N-0893,2999.79,2026-02-03T22:50:26+00:00,INTERNAL_TRANSFER
TX-N-07586,ACC-N-0888,EXT-A-069-4,5127.02,2026-10-19T21:41:33+00:00,INTERNAL_TRANSFER
TX-N-07587,EXT-A-069-3,ACC-N-0647,888.28,2026-02-17T11:18:31+00:00,INTERNAL_TRANSFER
TX-N-07588,ACC-N-0522,EXT-A-065-1,28036.7,2026-11-02T20:48:43+00:00,ATM
TX-N-07589,ACC-N-0738,EXT-A-041-3,6234.45,2026-11-13T09:32:17+00:00,INTERNAL_TRANSFER
TX-N-07590,ACC-N-0586,ACC-N-0809,6122.66,2026-10-29T15:40:22+00:00,INTERNAL_TRANSFER
TX-N-07591,EXT-A-064-3,EXT-A-061-4,435.32,2026-11-18T18:57:52+00:00,WIRE
TX-N-07592,ACC-N-0856,ACC-N-0526,4508.53,2026-09-29T11:30:35+00:00,WIRE
TX-N-07593,ACC-N-0644,EXT-A-019-4,11073.88,2026-12-11T23:32:38+00:00,INTERNAL_TRANSFER
TX-N-07594,ACC-N-0933,EXT-A-019-1,13102.38,2026-11-28T18:26:52+00:00,WIRE
TX-N-07595,ACC-N-0642,ACC-N-0848,919.44,2026-05-01T02:34:43+00:00,WIRE
TX-N-07596,ACC-N-0686,ACC-N-0756,3343.25,2026-06-14T07:04:24+00:00,INTERNAL_TRANSFER
TX-N-07597,ACC-N-0540,ACC-N-0892,13668.05,2026-03-15T01:14:01+00:00,INTERNAL_TRANSFER
TX-N-07598,EXT-A-042-1,ACC-N-0711,4230.45,2026-08-25T08:47:37+00:00,INTERNAL_TRANSFER
TX-N-07599,ACC-N-0510,EXT-A-038-4,1681.45,2026-08-10T15:08:49+00:00,WIRE
TX-N-07600,ACC-N-0565,ACC-N-0714,2436.39,2026-10-13T13:13:52+00:00,WIRE
TX-N-07601,EXT-A-041-1,EXT-A-016-1,15734.75,2026-09-15T06:13:43+00:00,INTERNAL_TRANSFER
TX-N-07602,EXT-A-052-3,ACC-N-0470,5778.41,2026-07-07T18:16:24+00:00,INTERNAL_TRANSFER
TX-N-07603,ACC-N-0883,EXT-A-034-2,13121.55,2026-11-03T11:29:00+00:00,INTERNAL_TRANSFER
TX-N-07604,EXT-A-044-3,ACC-N-0749,4364.47,2026-04-12T08:33:58+00:00,INTERNAL_TRANSFER
TX-N-07605,EXT-A-005-3,ACC-B-02-C,2122.26,2026-06-06T15:52:55+00:00,INTERNAL_TRANSFER
TX-N-07606,ACC-N-0925,EXT-A-002-2,13744.54,2026-11-23T12:58:30+00:00,INTERNAL_TRANSFER
TX-N-07607,EXT-A-002-1,ACC-N-0464,2336.14,2026-03-28T21:43:58+00:00,INTERNAL_TRANSFER
TX-N-07608,EXT-A-070-2,ACC-N-0540,1003.09,2026-07-03T01:50:59+00:00,INTERNAL_TRANSFER
TX-N-07609,ACC-N-0905,EXT-A-026-3,4158.19,2026-05-19T19:12:47+00:00,INTERNAL_TRANSFER
TX-N-07610,ACC-N-0426,ACC-C-PAY-12,9113.89,2026-12-12T04:03:13+00:00,INTERNAL_TRANSFER
TX-N-07611,ACC-N-0838,ACC-N-0590,2393.85,2026-10-24T04:02:32+00:00,INTERNAL_TRANSFER
TX-N-07612,ACC-N-0432,ACC-N-0466,50594.26,2026-04-13T07:49:34+00:00,INTERNAL_TRANSFER
TX-N-07613,ACC-N-0446,ACC-N-0757,1409.63,2026-12-06T19:00:15+00:00,INTERNAL_TRANSFER
TX-N-07614,ACC-N-0837,ACC-N-0405,12963.41,2026-06-01T11:10:49+00:00,INTERNAL_TRANSFER
TX-N-07615,ACC-N-0764,EXT-A-011-2,1113.5,2026-05-01T18:47:24+00:00,INTERNAL_TRANSFER
TX-N-07616,EXT-A-025-1,EXT-A-042-3,1121.34,2026-07-03T02:14:03+00:00,INTERNAL_TRANSFER
TX-N-07617,ACC-N-0493,EXT-A-055-3,6770.12,2026-10-17T11:41:41+00:00,INTERNAL_TRANSFER
TX-N-07618,ACC-N-0525,ACC-N-0821,4103.78,2026-01-03T15:15:37+00:00,INTERNAL_TRANSFER
TX-N-07619,EXT-A-003-3,ACC-N-0731,8416.21,2026-03-08T07:53:14+00:00,INTERNAL_TRANSFER
TX-N-07620,ACC-N-0704,ACC-N-0702,2565.86,2026-04-17T05:41:23+00:00,WIRE
TX-N-07621,ACC-N-0520,ACC-N-0881,43150.84,2026-08-31T06:54:29+00:00,INTERNAL_TRANSFER
TX-N-07622,ACC-N-0761,ACC-N-0404,5165.52,2026-02-07T13:05:58+00:00,INTERNAL_TRANSFER
TX-N-07623,ACC-N-0542,ACC-N-0683,2078.46,2026-05-20T10:32:33+00:00,INTERNAL_TRANSFER
TX-N-07624,ACC-N-0452,ACC-N-0636,903.18,2026-10-05T09:44:38+00:00,INTERNAL_TRANSFER
TX-N-07625,EXT-A-059-2,ACC-N-0598,11960.23,2026-12-10T10:59:52+00:00,INTERNAL_TRANSFER
TX-N-07626,ACC-N-0676,ACC-N-0742,18874.52,2026-07-10T02:20:32+00:00,INTERNAL_TRANSFER
TX-N-07627,EXT-A-019-2,EXT-A-036-1,14895.33,2026-12-09T21:56:45+00:00,INTERNAL_TRANSFER
TX-N-07628,ACC-N-0927,EXT-A-011-2,2606.78,2026-04-06T02:37:08+00:00,INTERNAL_TRANSFER
TX-N-07629,ACC-N-0750,EXT-A-054-4,4046.05,2026-11-05T09:54:46+00:00,INTERNAL_TRANSFER
TX-N-07630,ACC-N-0743,ACC-N-0993,7050.12,2026-11-14T08:08:21+00:00,INTERNAL_TRANSFER
TX-N-07631,EXT-A-062-1,ACC-N-0830,2359.16,2026-05-30T19:33:25+00:00,INTERNAL_TRANSFER
TX-N-07632,ACC-N-0673,EXT-A-070-2,5907.9,2026-08-28T04:05:14+00:00,INTERNAL_TRANSFER
TX-N-07633,ACC-N-0470,ACC-N-0648,35537.22,2026-04-19T07:48:42+00:00,INTERNAL_TRANSFER
TX-N-07634,ACC-N-0950,ACC-N-0741,6773.0,2026-06-05T04:35:18+00:00,INTERNAL_TRANSFER
TX-N-07635,ACC-N-0510,ACC-N-0874,4196.9,2026-07-25T21:56:42+00:00,INTERNAL_TRANSFER
TX-N-07636,ACC-N-0504,EXT-A-013-3,556.51,2026-01-16T22:32:20+00:00,INTERNAL_TRANSFER
TX-N-07637,EXT-A-018-1,EXT-A-021-2,5325.83,2026-12-18T14:43:57+00:00,WIRE
TX-N-07638,ACC-N-0874,ACC-N-0732,16437.14,2026-08-11T02:56:18+00:00,INTERNAL_TRANSFER
TX-N-07639,EXT-A-057-1,ACC-N-0464,2699.74,2026-06-12T09:37:45+00:00,INTERNAL_TRANSFER
TX-N-07640,ACC-N-0977,ACC-N-0802,6061.68,2026-02-14T15:37:44+00:00,INTERNAL_TRANSFER
TX-N-07641,ACC-N-0756,ACC-N-0727,25896.33,2026-09-15T09:02:36+00:00,WIRE
TX-N-07642,ACC-N-0631,EXT-A-020-1,3652.67,2026-10-14T02:14:35+00:00,INTERNAL_TRANSFER
TX-N-07643,ACC-N-0765,ACC-N-0905,12466.37,2026-04-18T00:43:23+00:00,INTERNAL_TRANSFER
TX-N-07644,ACC-N-0443,EXT-A-062-3,2032.1,2026-01-07T20:59:06+00:00,INTERNAL_TRANSFER
TX-N-07645,ACC-N-0735,EXT-A-025-1,2683.39,2026-01-23T07:35:05+00:00,WIRE
TX-N-07646,ACC-N-0994,ACC-N-0466,6077.41,2026-06-06T15:55:51+00:00,INTERNAL_TRANSFER
TX-N-07647,EXT-A-063-3,ACC-N-0863,38847.61,2026-08-01T19:29:14+00:00,INTERNAL_TRANSFER
TX-N-07648,ACC-N-0559,EXT-A-069-3,716.42,2026-09-09T09:11:27+00:00,INTERNAL_TRANSFER
TX-N-07649,ACC-N-0476,ACC-N-0698,1435.64,2026-09-23T02:36:52+00:00,INTERNAL_TRANSFER
TX-N-07650,ACC-N-0565,EXT-A-029-4,1987.52,2026-05-20T06:24:34+00:00,INTERNAL_TRANSFER
TX-N-07651,ACC-N-0978,EXT-A-020-3,12590.26,2026-03-12T03:38:52+00:00,INTERNAL_TRANSFER
TX-N-07652,ACC-N-0993,ACC-N-0509,13649.14,2026-10-23T07:13:45+00:00,INTERNAL_TRANSFER
TX-N-07653,EXT-A-033-3,EXT-A-021-3,17230.3,2026-12-02T01:44:01+00:00,INTERNAL_TRANSFER
TX-N-07654,ACC-N-0871,ACC-C-PAY-02,2653.87,2026-04-19T18:28:42+00:00,INTERNAL_TRANSFER
TX-N-07655,ACC-N-0840,ACC-N-0703,5240.74,2026-06-20T07:21:38+00:00,INTERNAL_TRANSFER
TX-N-07656,EXT-A-044-4,ACC-N-0735,8505.23,2026-07-27T00:25:51+00:00,INTERNAL_TRANSFER
TX-N-07657,ACC-N-0915,ACC-N-0717,2777.14,2026-12-01T05:46:12+00:00,INTERNAL_TRANSFER
TX-N-07658,ACC-N-0473,ACC-N-0854,2826.12,2026-01-15T16:26:52+00:00,INTERNAL_TRANSFER
TX-N-07659,EXT-A-061-3,ACC-N-0894,16986.0,2026-02-17T21:43:05+00:00,ATM
TX-N-07660,EXT-A-023-2,EXT-A-005-3,34273.66,2026-06-14T08:19:34+00:00,WIRE
TX-N-07661,ACC-N-0905,ACC-N-0909,5172.47,2026-04-28T01:26:49+00:00,INTERNAL_TRANSFER
TX-N-07662,ACC-N-0833,ACC-N-0823,3519.27,2026-12-03T12:39:38+00:00,INTERNAL_TRANSFER
TX-N-07663,EXT-A-057-2,ACC-B-03-C,2658.14,2026-11-12T10:30:51+00:00,INTERNAL_TRANSFER
TX-N-07664,EXT-A-017-2,ACC-N-0683,11456.92,2026-05-28T23:52:40+00:00,INTERNAL_TRANSFER
TX-N-07665,EXT-A-012-2,ACC-N-0999,4923.92,2026-04-15T21:29:22+00:00,INTERNAL_TRANSFER
TX-N-07666,ACC-N-0807,ACC-N-0607,3144.64,2026-03-24T12:26:43+00:00,WIRE
TX-N-07667,ACC-N-0806,ACC-N-0525,5117.65,2026-02-24T08:21:59+00:00,WIRE
TX-N-07668,ACC-B-02-C,EXT-A-006-4,1730.79,2026-03-17T08:50:34+00:00,INTERNAL_TRANSFER
TX-N-07669,EXT-A-050-2,ACC-N-0772,6247.02,2026-12-17T12:12:24+00:00,ATM
TX-N-07670,EXT-A-069-2,ACC-N-0659,7366.07,2026-03-13T00:24:15+00:00,WIRE
TX-N-07671,EXT-A-053-4,ACC-N-0495,4832.75,2026-09-17T12:56:57+00:00,INTERNAL_TRANSFER
TX-N-07672,ACC-N-0668,ACC-N-0867,21216.15,2026-02-15T09:00:07+00:00,WIRE
TX-N-07673,ACC-C-PAY-08,EXT-A-058-2,7627.03,2026-05-27T09:17:07+00:00,INTERNAL_TRANSFER
TX-N-07674,EXT-A-011-2,EXT-A-068-4,26873.6,2026-04-17T13:05:16+00:00,INTERNAL_TRANSFER
TX-N-07675,ACC-N-0823,EXT-A-002-2,20577.87,2026-02-22T18:26:12+00:00,INTERNAL_TRANSFER
TX-N-07676,ACC-N-0626,ACC-N-0535,7122.36,2026-02-19T09:37:33+00:00,WIRE
TX-N-07677,ACC-N-0415,ACC-N-0748,3160.16,2026-06-26T23:05:28+00:00,INTERNAL_TRANSFER
TX-N-07678,ACC-N-0682,EXT-A-016-3,5818.34,2026-11-08T19:14:58+00:00,INTERNAL_TRANSFER
TX-N-07679,EXT-A-006-2,ACC-N-0742,19747.87,2026-04-19T17:43:00+00:00,INTERNAL_TRANSFER
TX-N-07680,EXT-A-071-1,ACC-N-0476,10000.92,2026-06-26T14:25:52+00:00,WIRE
TX-N-07681,EXT-A-050-4,ACC-N-0988,5930.54,2026-05-08T05:33:49+00:00,WIRE
TX-N-07682,ACC-N-0824,EXT-A-054-2,6891.35,2026-03-12T22:54:37+00:00,INTERNAL_TRANSFER
TX-N-07683,ACC-N-0618,EXT-A-043-2,5236.05,2026-08-04T06:04:05+00:00,WIRE
TX-N-07684,ACC-N-0567,EXT-A-042-1,1264.83,2026-05-21T04:56:34+00:00,WIRE
TX-N-07685,ACC-N-0814,ACC-N-0790,905.96,2026-01-20T14:07:45+00:00,WIRE
TX-N-07686,ACC-N-0663,EXT-A-069-3,10178.76,2026-03-21T07:52:00+00:00,INTERNAL_TRANSFER
TX-N-07687,EXT-A-012-3,EXT-A-908166,12288.43,2026-07-27T20:57:28+00:00,WIRE
TX-N-07688,ACC-N-0549,ACC-N-0929,3982.31,2026-01-11T20:28:32+00:00,INTERNAL_TRANSFER
TX-N-07689,ACC-N-0836,ACC-C-PAY-03,970.64,2026-09-24T22:36:01+00:00,INTERNAL_TRANSFER
TX-N-07690,ACC-N-0842,EXT-A-006-1,1985.11,2026-10-07T04:57:25+00:00,WIRE
TX-N-07691,EXT-A-042-2,EXT-A-029-2,4469.57,2026-12-04T18:12:52+00:00,ATM
TX-N-07692,ACC-N-0984,EXT-A-018-2,2138.21,2026-05-08T10:57:08+00:00,INTERNAL_TRANSFER
TX-N-07693,ACC-N-0455,ACC-N-0878,5744.74,2026-02-21T03:25:29+00:00,INTERNAL_TRANSFER
TX-N-07694,EXT-A-069-4,EXT-A-025-2,3505.61,2026-05-14T18:32:40+00:00,WIRE
TX-N-07695,ACC-N-0846,EXT-A-040-4,1869.92,2026-06-25T06:24:14+00:00,INTERNAL_TRANSFER
TX-N-07696,ACC-N-0575,ACC-N-0613,12375.02,2026-12-29T12:58:34+00:00,WIRE
TX-N-07697,EXT-A-026-2,ACC-N-0888,1473.51,2026-12-15T14:29:42+00:00,INTERNAL_TRANSFER
TX-N-07698,EXT-A-007-2,ACC-N-0681,24368.79,2026-06-09T15:24:22+00:00,WIRE
TX-N-07699,ACC-N-1000,ACC-N-0828,8023.63,2026-03-01T03:28:12+00:00,WIRE
TX-N-07700,ACC-N-0974,ACC-N-0756,2311.23,2026-10-07T12:14:07+00:00,ATM
TX-N-07701,ACC-B-B,EXT-A-030-2,2747.42,2026-05-16T17:06:35+00:00,WIRE
TX-N-07702,ACC-N-0453,EXT-A-068-1,1108.73,2026-01-17T02:09:14+00:00,WIRE
TX-N-07703,ACC-N-0644,EXT-A-045-3,10402.97,2026-01-27T23:38:47+00:00,WIRE
TX-N-07704,EXT-A-062-4,ACC-N-0510,9264.69,2026-07-03T13:23:50+00:00,ATM
TX-N-07705,EXT-A-053-2,ACC-N-0470,1106.59,2026-12-27T21:05:22+00:00,INTERNAL_TRANSFER
TX-N-07706,ACC-N-0532,ACC-N-0698,12549.29,2026-09-07T15:58:40+00:00,INTERNAL_TRANSFER
TX-N-07707,ACC-N-0475,ACC-N-0859,3316.44,2026-03-26T04:31:51+00:00,INTERNAL_TRANSFER
TX-N-07708,ACC-N-0555,ACC-N-0502,9744.7,2026-05-14T13:21:57+00:00,INTERNAL_TRANSFER
TX-N-07709,ACC-N-0719,EXT-A-025-1,11365.5,2026-01-12T11:00:04+00:00,INTERNAL_TRANSFER
TX-N-07710,EXT-A-040-4,ACC-N-0507,4277.88,2026-09-17T10:58:52+00:00,INTERNAL_TRANSFER
TX-N-07711,EXT-A-057-1,EXT-A-015-2,1014.99,2026-10-10T05:28:57+00:00,WIRE
TX-N-07712,EXT-A-022-2,ACC-N-0706,21075.87,2026-07-13T08:13:04+00:00,WIRE
TX-N-07713,ACC-N-0781,ACC-N-0480,12287.97,2026-04-07T05:37:40+00:00,INTERNAL_TRANSFER
TX-N-07714,EXT-A-009-4,ACC-N-0426,14519.0,2026-06-29T02:45:14+00:00,INTERNAL_TRANSFER
TX-N-07715,EXT-A-034-1,ACC-N-0873,2899.13,2026-10-24T13:39:48+00:00,INTERNAL_TRANSFER
TX-N-07716,ACC-N-0805,ACC-N-0907,12129.12,2026-10-07T13:33:37+00:00,INTERNAL_TRANSFER
TX-N-07717,ACC-N-0859,ACC-N-0891,11484.59,2026-04-28T03:31:34+00:00,WIRE
TX-N-07718,ACC-N-0696,ACC-N-0549,2715.59,2026-08-27T23:29:11+00:00,WIRE
TX-N-07719,EXT-A-030-4,ACC-N-0920,3345.44,2026-11-10T07:42:15+00:00,WIRE
TX-N-07720,EXT-A-009-3,ACC-N-0702,2988.43,2026-10-15T14:58:15+00:00,INTERNAL_TRANSFER
TX-N-07721,ACC-N-0466,EXT-A-048-4,18031.6,2026-09-20T02:08:12+00:00,ATM
TX-N-07722,EXT-A-010-4,ACC-N-0748,8635.79,2026-07-06T22:34:23+00:00,INTERNAL_TRANSFER
TX-N-07723,ACC-N-0557,ACC-N-0892,11825.83,2026-01-13T16:45:47+00:00,INTERNAL_TRANSFER
TX-N-07724,ACC-N-0487,EXT-A-054-1,1384.73,2026-04-04T17:40:21+00:00,INTERNAL_TRANSFER
TX-N-07725,ACC-N-0467,EXT-A-029-1,1485.0,2026-11-29T17:45:07+00:00,WIRE
TX-N-07726,ACC-N-0505,ACC-N-0616,7443.19,2026-01-01T00:10:40+00:00,INTERNAL_TRANSFER
TX-N-07727,ACC-N-0422,ACC-N-0556,416.94,2026-08-31T09:10:38+00:00,INTERNAL_TRANSFER
TX-N-07728,ACC-N-0603,ACC-N-0530,5251.77,2026-07-15T19:48:21+00:00,WIRE
TX-N-07729,ACC-N-0940,EXT-A-041-2,6802.18,2026-01-08T02:27:06+00:00,ATM
TX-N-07730,ACC-B-02-C,EXT-A-017-3,2459.77,2026-04-17T04:44:18+00:00,WIRE
TX-N-07731,EXT-A-007-3,EXT-A-026-3,46717.38,2026-05-08T03:15:59+00:00,INTERNAL_TRANSFER
TX-N-07732,EXT-A-053-4,ACC-N-0928,14346.34,2026-03-29T06:44:12+00:00,ATM
TX-N-07733,ACC-N-0726,ACC-N-0601,18994.72,2026-05-30T13:15:47+00:00,INTERNAL_TRANSFER
TX-N-07734,EXT-A-016-3,ACC-N-0532,19536.6,2026-11-08T08:59:18+00:00,INTERNAL_TRANSFER
TX-N-07735,ACC-N-0764,ACC-N-0892,122.77,2026-04-19T15:18:57+00:00,INTERNAL_TRANSFER
TX-N-07736,ACC-N-0645,ACC-N-0958,22388.11,2026-03-21T23:34:33+00:00,INTERNAL_TRANSFER
TX-N-07737,EXT-A-057-4,ACC-N-0479,4651.96,2026-02-02T03:52:22+00:00,INTERNAL_TRANSFER
TX-N-07738,ACC-N-0925,EXT-A-007-4,22817.65,2026-11-12T21:16:16+00:00,WIRE
TX-N-07739,EXT-A-002-4,ACC-N-0779,5082.51,2026-06-01T09:47:06+00:00,WIRE
TX-N-07740,ACC-N-0532,ACC-N-0511,2015.29,2026-06-18T00:15:49+00:00,ATM
TX-N-07741,ACC-N-0415,ACC-N-0600,5202.92,2026-04-10T17:27:37+00:00,INTERNAL_TRANSFER
TX-N-07742,ACC-B-C,EXT-A-069-4,45881.27,2026-06-09T09:38:16+00:00,INTERNAL_TRANSFER
TX-N-07743,ACC-N-0908,EXT-A-050-2,5306.01,2026-08-26T20:00:23+00:00,INTERNAL_TRANSFER
TX-N-07744,ACC-N-0705,EXT-A-066-3,850.06,2026-08-21T17:10:17+00:00,WIRE
TX-N-07745,ACC-N-0439,ACC-N-0412,14602.43,2026-12-09T11:40:41+00:00,INTERNAL_TRANSFER
TX-N-07746,EXT-A-036-4,EXT-A-025-1,2781.96,2026-04-04T05:47:06+00:00,INTERNAL_TRANSFER
TX-N-07747,EXT-A-059-1,EXT-A-041-1,3014.56,2026-05-21T03:06:56+00:00,INTERNAL_TRANSFER
TX-N-07748,ACC-N-0540,EXT-A-044-4,11298.45,2026-12-30T02:02:49+00:00,INTERNAL_TRANSFER
TX-N-07749,EXT-A-029-4,EXT-A-058-1,11879.38,2026-12-10T16:38:19+00:00,WIRE
TX-N-07750,ACC-N-0607,ACC-N-0979,603.15,2026-09-29T18:39:44+00:00,INTERNAL_TRANSFER
TX-N-07751,ACC-N-0972,ACC-N-0645,1071.56,2026-10-22T15:48:20+00:00,INTERNAL_TRANSFER
TX-N-07752,EXT-A-022-1,EXT-A-064-2,35057.45,2026-06-02T15:26:34+00:00,INTERNAL_TRANSFER
TX-N-07753,ACC-N-0973,ACC-N-0867,11471.01,2026-09-27T10:44:49+00:00,INTERNAL_TRANSFER
TX-N-07754,EXT-A-056-3,EXT-A-010-2,4116.35,2026-09-05T07:30:28+00:00,INTERNAL_TRANSFER
TX-N-07755,EXT-A-019-1,ACC-N-0796,11560.22,2026-04-28T00:22:42+00:00,INTERNAL_TRANSFER
TX-N-07756,ACC-N-0839,EXT-A-016-4,4278.51,2026-02-28T05:49:04+00:00,INTERNAL_TRANSFER
TX-N-07757,ACC-N-0957,ACC-N-0683,2972.18,2026-02-13T04:40:03+00:00,INTERNAL_TRANSFER
TX-N-07758,ACC-N-0915,EXT-A-024-3,4065.04,2026-01-12T10:16:54+00:00,WIRE
TX-N-07759,EXT-A-003-4,ACC-N-0550,3020.47,2026-02-07T04:24:49+00:00,INTERNAL_TRANSFER
TX-N-07760,EXT-A-047-4,ACC-N-0410,11008.77,2026-10-07T07:25:26+00:00,WIRE
TX-N-07761,EXT-A-010-1,ACC-N-0874,13174.0,2026-05-21T13:15:51+00:00,INTERNAL_TRANSFER
TX-N-07762,ACC-N-0629,ACC-N-0824,26015.63,2026-04-01T18:14:05+00:00,INTERNAL_TRANSFER
TX-N-07763,ACC-N-0680,ACC-N-0945,5898.93,2026-10-25T16:45:14+00:00,WIRE
TX-N-07764,ACC-C-PAY-12,ACC-N-0485,8913.75,2026-03-18T03:00:05+00:00,INTERNAL_TRANSFER
TX-N-07765,ACC-N-0400,ACC-N-0507,3572.88,2026-05-31T09:48:43+00:00,INTERNAL_TRANSFER
TX-N-07766,ACC-N-0412,EXT-A-005-3,6208.57,2026-05-26T08:34:21+00:00,INTERNAL_TRANSFER
TX-N-07767,ACC-N-0446,ACC-N-0750,286.43,2026-11-25T13:16:43+00:00,WIRE
TX-N-07768,ACC-N-0506,ACC-N-0562,11927.88,2026-08-14T18:36:12+00:00,INTERNAL_TRANSFER
TX-N-07769,ACC-N-0541,ACC-N-0756,1276.71,2026-05-12T23:33:04+00:00,INTERNAL_TRANSFER
TX-N-07770,ACC-N-0584,ACC-N-0539,3772.29,2026-05-03T09:32:45+00:00,INTERNAL_TRANSFER
TX-N-07771,ACC-N-0927,ACC-N-0445,2459.63,2026-12-11T02:43:13+00:00,WIRE
TX-N-07772,EXT-A-028-3,ACC-N-0427,1293.54,2026-08-17T01:19:23+00:00,WIRE
TX-N-07773,EXT-A-064-3,ACC-N-0852,22092.59,2026-03-20T02:50:20+00:00,INTERNAL_TRANSFER
TX-N-07774,ACC-N-0644,ACC-N-0982,4683.59,2026-02-11T04:51:43+00:00,INTERNAL_TRANSFER
TX-N-07775,ACC-N-0533,ACC-N-0718,2201.05,2026-09-19T12:15:41+00:00,INTERNAL_TRANSFER
TX-N-07776,ACC-N-0539,ACC-N-0919,12886.67,2026-12-02T10:43:52+00:00,ATM
TX-N-07777,EXT-A-060-4,EXT-A-033-2,2797.57,2026-10-02T06:31:53+00:00,INTERNAL_TRANSFER
TX-N-07778,ACC-N-0615,ACC-N-0800,4083.89,2026-05-06T04:35:46+00:00,INTERNAL_TRANSFER
TX-N-07779,ACC-N-0396,ACC-N-0514,7227.45,2026-05-15T22:37:55+00:00,WIRE
TX-N-07780,ACC-N-0863,ACC-N-0557,93792.24,2026-10-10T19:00:56+00:00,WIRE
TX-N-07781,EXT-A-019-3,EXT-A-020-4,6503.91,2026-07-11T16:54:42+00:00,INTERNAL_TRANSFER
TX-N-07782,EXT-A-071-2,ACC-N-0885,1003.8,2026-04-03T17:21:32+00:00,INTERNAL_TRANSFER
TX-N-07783,EXT-A-021-1,EXT-A-037-1,7331.06,2026-02-18T06:14:04+00:00,INTERNAL_TRANSFER
TX-N-07784,ACC-N-0963,ACC-C-HNW-04,3089.31,2026-05-18T13:50:48+00:00,INTERNAL_TRANSFER
TX-N-07785,EXT-A-037-3,EXT-A-052-1,23914.31,2026-03-31T22:37:04+00:00,INTERNAL_TRANSFER
TX-N-07786,EXT-A-008-2,ACC-N-0467,2540.34,2026-09-15T11:59:17+00:00,WIRE
TX-N-07787,EXT-A-026-1,ACC-N-0949,2943.09,2026-09-19T15:49:43+00:00,WIRE
TX-N-07788,ACC-N-0439,ACC-N-0629,5007.5,2026-09-19T22:17:51+00:00,WIRE
TX-N-07789,EXT-A-042-4,EXT-A-040-1,2432.31,2026-12-06T05:22:04+00:00,INTERNAL_TRANSFER
TX-N-07790,ACC-N-0737,EXT-A-048-4,30808.0,2026-09-07T06:13:32+00:00,INTERNAL_TRANSFER
TX-N-07791,ACC-N-0811,ACC-N-0785,2095.5,2026-07-23T02:49:38+00:00,WIRE
TX-N-07792,ACC-N-0902,ACC-N-0631,4593.97,2026-11-14T02:35:13+00:00,INTERNAL_TRANSFER
TX-N-07793,EXT-A-030-4,ACC-N-0613,6352.85,2026-10-16T15:18:12+00:00,INTERNAL_TRANSFER
TX-N-07794,ACC-N-0981,EXT-A-045-2,8359.84,2026-08-25T04:29:34+00:00,WIRE
TX-N-07795,ACC-B-04-C,EXT-A-063-1,11916.28,2026-03-10T08:07:52+00:00,WIRE
TX-N-07796,EXT-A-010-1,ACC-N-0632,3416.55,2026-07-31T22:40:24+00:00,INTERNAL_TRANSFER
TX-N-07797,ACC-N-0478,ACC-N-0684,4987.65,2026-03-31T07:18:35+00:00,INTERNAL_TRANSFER
TX-N-07798,ACC-N-0707,ACC-N-0905,1120.23,2026-03-09T17:33:06+00:00,INTERNAL_TRANSFER
TX-N-07799,ACC-N-0496,EXT-A-069-3,29209.89,2026-03-30T15:29:08+00:00,INTERNAL_TRANSFER
TX-N-07800,ACC-N-0684,EXT-A-071-2,1110.12,2026-02-02T14:07:39+00:00,WIRE
TX-N-07801,EXT-A-018-2,ACC-N-0750,3974.87,2026-06-23T06:03:12+00:00,INTERNAL_TRANSFER
TX-N-07802,ACC-N-0460,EXT-A-032-2,2683.67,2026-04-27T02:03:17+00:00,INTERNAL_TRANSFER
TX-N-07803,ACC-N-0610,ACC-N-0585,22712.59,2026-05-22T15:16:46+00:00,INTERNAL_TRANSFER
TX-N-07804,ACC-N-0610,EXT-A-040-4,8711.57,2026-08-03T20:04:41+00:00,INTERNAL_TRANSFER
TX-N-07805,EXT-A-054-2,ACC-N-0897,4746.18,2026-01-19T13:11:44+00:00,INTERNAL_TRANSFER
TX-N-07806,ACC-N-0656,EXT-A-017-3,8395.86,2026-08-04T20:32:25+00:00,WIRE
TX-N-07807,EXT-A-060-1,ACC-B-03-C,16804.06,2026-06-09T16:23:14+00:00,WIRE
TX-N-07808,ACC-N-0944,ACC-N-0993,1976.57,2026-02-14T21:23:05+00:00,INTERNAL_TRANSFER
TX-N-07809,EXT-A-026-1,ACC-N-0847,5644.09,2026-05-11T12:27:17+00:00,INTERNAL_TRANSFER
TX-N-07810,EXT-A-040-2,ACC-N-0548,1178.97,2026-04-10T02:03:15+00:00,INTERNAL_TRANSFER
TX-N-07811,ACC-N-0672,EXT-A-022-4,1225.6,2026-05-24T19:38:22+00:00,INTERNAL_TRANSFER
TX-N-07812,ACC-N-0871,ACC-N-0830,14480.29,2026-12-06T18:20:57+00:00,INTERNAL_TRANSFER
TX-N-07813,ACC-N-0463,ACC-N-0656,4718.43,2026-10-29T23:55:02+00:00,INTERNAL_TRANSFER
TX-N-07814,ACC-N-0713,ACC-N-0399,10708.2,2026-10-29T21:40:00+00:00,WIRE
TX-N-07815,ACC-N-0757,EXT-A-031-2,962.12,2026-05-04T21:25:15+00:00,INTERNAL_TRANSFER
TX-N-07816,ACC-N-0875,ACC-N-0650,1429.26,2026-05-07T06:45:18+00:00,ATM
TX-N-07817,EXT-A-031-4,ACC-N-0514,5841.96,2026-11-25T19:18:49+00:00,WIRE
TX-N-07818,EXT-A-054-1,ACC-N-0897,4223.4,2026-01-30T16:18:21+00:00,WIRE
TX-N-07819,ACC-N-0888,ACC-N-0474,6925.16,2026-05-14T22:32:45+00:00,INTERNAL_TRANSFER
TX-N-07820,ACC-N-0900,ACC-N-0588,1114.22,2026-05-22T00:27:19+00:00,INTERNAL_TRANSFER
TX-N-07821,ACC-N-0674,EXT-A-004-2,4081.6,2026-02-26T19:18:06+00:00,INTERNAL_TRANSFER
TX-N-07822,ACC-N-0552,ACC-N-0766,1186.04,2026-07-17T14:21:39+00:00,INTERNAL_TRANSFER
TX-N-07823,ACC-N-0671,ACC-N-0921,12051.4,2026-01-06T04:44:47+00:00,INTERNAL_TRANSFER
TX-N-07824,ACC-N-0539,ACC-N-0788,6965.63,2026-08-07T23:10:07+00:00,INTERNAL_TRANSFER
TX-N-07825,ACC-N-0886,EXT-A-009-4,3231.91,2026-10-23T08:44:26+00:00,INTERNAL_TRANSFER
TX-N-07826,ACC-N-0741,EXT-A-053-4,12987.93,2026-05-26T19:40:08+00:00,INTERNAL_TRANSFER
TX-N-07827,ACC-N-0606,ACC-N-0660,8671.49,2026-06-14T17:47:44+00:00,INTERNAL_TRANSFER
TX-N-07828,EXT-A-061-3,ACC-N-0578,1786.59,2026-11-23T04:31:16+00:00,WIRE
TX-N-07829,ACC-N-0824,ACC-N-0703,4676.34,2026-03-08T07:48:08+00:00,INTERNAL_TRANSFER
TX-N-07830,ACC-N-0480,ACC-N-0639,2437.07,2026-02-20T12:46:30+00:00,INTERNAL_TRANSFER
TX-N-07831,EXT-A-072-3,ACC-N-0910,123646.59,2026-09-03T14:15:16+00:00,INTERNAL_TRANSFER
TX-N-07832,EXT-A-055-1,EXT-A-035-1,3130.5,2026-12-24T13:02:39+00:00,INTERNAL_TRANSFER
TX-N-07833,EXT-A-013-3,EXT-A-009-3,1519.82,2026-12-17T18:09:46+00:00,INTERNAL_TRANSFER
TX-N-07834,ACC-N-0528,ACC-N-0558,5022.06,2026-10-23T17:01:22+00:00,WIRE
TX-N-07835,ACC-N-0600,ACC-N-0966,11118.58,2026-10-20T04:45:58+00:00,WIRE
TX-N-07836,EXT-A-008-4,EXT-A-028-3,10808.81,2026-08-16T00:22:41+00:00,INTERNAL_TRANSFER
TX-N-07837,ACC-N-0882,ACC-N-0436,23286.05,2026-05-07T04:35:33+00:00,WIRE
TX-N-07838,EXT-A-040-2,EXT-A-062-1,3681.47,2026-02-28T02:37:17+00:00,INTERNAL_TRANSFER
TX-N-07839,ACC-N-0699,EXT-A-028-3,812.73,2026-08-04T12:57:33+00:00,WIRE
TX-N-07840,ACC-N-0889,EXT-A-120482,9524.12,2026-03-11T19:10:45+00:00,ATM
TX-N-07841,ACC-N-0665,ACC-N-0505,19317.23,2026-05-30T20:39:08+00:00,INTERNAL_TRANSFER
TX-N-07842,ACC-N-0619,ACC-N-0599,7779.51,2026-06-07T05:47:15+00:00,WIRE
TX-N-07843,EXT-A-035-1,EXT-A-032-1,20236.73,2026-09-25T17:44:22+00:00,INTERNAL_TRANSFER
TX-N-07844,EXT-A-010-2,ACC-N-0803,4065.51,2026-11-26T13:12:25+00:00,WIRE
TX-N-07845,ACC-N-0540,ACC-N-0674,15127.42,2026-07-28T09:58:00+00:00,INTERNAL_TRANSFER
TX-N-07846,ACC-N-0781,EXT-A-022-4,917.36,2026-11-02T16:37:36+00:00,INTERNAL_TRANSFER
TX-N-07847,ACC-N-0990,EXT-A-063-4,6865.98,2026-04-25T23:58:42+00:00,INTERNAL_TRANSFER
TX-N-07848,ACC-N-0697,ACC-C-CORP,757.5,2026-03-08T00:33:27+00:00,WIRE
TX-N-07849,ACC-N-0452,EXT-A-062-2,609.88,2026-07-10T10:18:30+00:00,INTERNAL_TRANSFER
TX-N-07850,EXT-A-034-1,ACC-C-PAY-09,1361.09,2026-03-19T02:02:59+00:00,INTERNAL_TRANSFER
TX-N-07851,EXT-A-024-1,ACC-N-0896,3984.64,2026-03-21T01:35:01+00:00,ATM
TX-N-07852,ACC-N-0427,ACC-B-02-C,2207.12,2026-01-05T23:40:41+00:00,INTERNAL_TRANSFER
TX-N-07853,EXT-A-015-4,EXT-A-047-2,12127.9,2026-10-15T01:06:48+00:00,WIRE
TX-N-07854,ACC-N-0928,ACC-N-0939,26470.65,2026-10-18T06:06:11+00:00,INTERNAL_TRANSFER
TX-N-07855,ACC-N-0416,ACC-N-0668,990.04,2026-03-24T22:38:54+00:00,INTERNAL_TRANSFER
TX-N-07856,EXT-A-044-2,ACC-N-0742,4828.26,2026-01-11T12:05:00+00:00,INTERNAL_TRANSFER
TX-N-07857,EXT-A-009-2,ACC-N-0539,3261.46,2026-09-24T01:49:36+00:00,ATM
TX-N-07858,EXT-A-021-2,ACC-N-0745,6060.03,2026-07-27T10:22:55+00:00,INTERNAL_TRANSFER
TX-N-07859,ACC-N-0551,ACC-N-0854,5272.23,2026-04-30T23:01:08+00:00,INTERNAL_TRANSFER
TX-N-07860,ACC-N-0906,EXT-A-120482,4764.56,2026-08-21T16:34:34+00:00,INTERNAL_TRANSFER
TX-N-07861,ACC-N-0618,ACC-N-0487,4696.04,2026-11-16T08:04:19+00:00,INTERNAL_TRANSFER
TX-N-07862,ACC-N-0829,EXT-A-018-4,2482.63,2026-05-13T08:47:55+00:00,WIRE
TX-N-07863,ACC-N-0802,ACC-N-0767,989.06,2026-02-26T12:29:37+00:00,INTERNAL_TRANSFER
TX-N-07864,EXT-A-019-1,ACC-N-0544,17599.6,2026-10-03T03:37:04+00:00,INTERNAL_TRANSFER
TX-N-07865,ACC-N-0810,ACC-N-0578,24500.93,2026-04-26T23:01:32+00:00,INTERNAL_TRANSFER
TX-N-07866,ACC-N-0709,ACC-N-0724,13115.1,2026-04-01T15:24:45+00:00,WIRE
TX-N-07867,EXT-A-070-2,ACC-N-0547,1469.84,2026-03-16T15:12:12+00:00,INTERNAL_TRANSFER
TX-N-07868,ACC-N-0853,ACC-N-0444,1336.74,2026-05-23T20:37:19+00:00,INTERNAL_TRANSFER
TX-N-07869,ACC-N-0730,EXT-A-007-1,39003.65,2026-01-18T12:16:44+00:00,INTERNAL_TRANSFER
TX-N-07870,EXT-A-020-2,EXT-A-044-1,2022.26,2026-01-15T04:47:35+00:00,WIRE
TX-N-07871,ACC-N-0976,ACC-N-0434,1776.51,2026-04-12T01:40:36+00:00,INTERNAL_TRANSFER
TX-N-07872,ACC-N-0619,EXT-A-043-2,1786.53,2026-04-17T15:48:50+00:00,INTERNAL_TRANSFER
TX-N-07873,EXT-A-041-3,ACC-N-0800,1067.24,2026-02-14T12:59:36+00:00,INTERNAL_TRANSFER
TX-N-07874,EXT-A-014-1,EXT-A-005-4,13345.02,2026-11-20T22:13:31+00:00,ATM
TX-N-07875,ACC-C-PAY-03,ACC-N-0805,4132.82,2026-10-27T23:58:38+00:00,INTERNAL_TRANSFER
TX-N-07876,ACC-N-0542,ACC-N-0540,7999.82,2026-10-13T20:31:11+00:00,INTERNAL_TRANSFER
TX-N-07877,ACC-N-0900,ACC-N-0426,10206.74,2026-03-07T04:48:36+00:00,INTERNAL_TRANSFER
TX-N-07878,ACC-N-0468,ACC-N-0803,3804.89,2026-05-19T10:06:56+00:00,ATM
TX-N-07879,ACC-N-0782,EXT-A-008-3,20656.43,2026-10-09T20:15:20+00:00,WIRE
TX-N-07880,ACC-N-0689,EXT-A-039-4,1744.24,2026-05-15T22:05:10+00:00,WIRE
TX-N-07881,ACC-N-0907,EXT-A-029-2,19856.76,2026-05-30T14:24:41+00:00,WIRE
TX-N-07882,ACC-N-0547,ACC-N-0569,25949.4,2026-06-25T06:50:05+00:00,INTERNAL_TRANSFER
TX-N-07883,ACC-N-0555,ACC-N-0950,5308.58,2026-05-22T03:03:21+00:00,ATM
TX-N-07884,EXT-A-066-1,EXT-A-041-3,5501.03,2026-07-24T20:49:58+00:00,INTERNAL_TRANSFER
TX-N-07885,ACC-N-0742,EXT-A-041-1,1563.01,2026-09-22T19:20:10+00:00,INTERNAL_TRANSFER
TX-N-07886,EXT-A-068-1,EXT-A-064-3,1239.47,2026-02-21T23:06:03+00:00,WIRE
TX-N-07887,ACC-N-0468,ACC-N-0836,20580.32,2026-03-02T19:25:17+00:00,WIRE
TX-N-07888,EXT-A-011-2,EXT-A-018-4,1186.33,2026-04-15T21:52:33+00:00,WIRE
TX-N-07889,EXT-A-072-2,ACC-N-0483,3097.07,2026-06-21T17:06:44+00:00,INTERNAL_TRANSFER
TX-N-07890,EXT-A-015-4,ACC-N-0714,2161.89,2026-07-12T16:52:12+00:00,WIRE
TX-N-07891,EXT-A-004-1,EXT-A-055-2,5453.25,2026-09-10T14:11:21+00:00,INTERNAL_TRANSFER
TX-N-07892,ACC-N-0456,ACC-N-0681,966.63,2026-05-09T09:53:44+00:00,INTERNAL_TRANSFER
TX-N-07893,ACC-N-0822,ACC-N-0961,2662.4,2026-11-22T03:30:37+00:00,WIRE
TX-N-07894,ACC-N-0998,ACC-C-PAY-10,4891.89,2026-10-16T22:05:13+00:00,INTERNAL_TRANSFER
TX-N-07895,ACC-N-0926,ACC-N-0625,2528.09,2026-03-03T01:50:02+00:00,WIRE
TX-N-07896,ACC-N-0930,ACC-N-0804,5423.49,2026-08-03T18:46:16+00:00,INTERNAL_TRANSFER
TX-N-07897,ACC-N-0886,EXT-A-002-3,3876.46,2026-06-19T19:39:39+00:00,INTERNAL_TRANSFER
TX-N-07898,ACC-N-0985,ACC-N-0675,10592.67,2026-12-02T02:52:59+00:00,WIRE
TX-N-07899,EXT-A-049-2,ACC-N-0590,5102.58,2026-03-19T09:23:04+00:00,INTERNAL_TRANSFER
TX-N-07900,ACC-N-0889,ACC-N-0397,4552.05,2026-11-05T01:39:40+00:00,INTERNAL_TRANSFER
TX-N-07901,ACC-N-0710,ACC-N-0567,1549.52,2026-11-28T05:12:52+00:00,INTERNAL_TRANSFER
TX-N-07902,ACC-N-0881,EXT-A-045-4,5244.1,2026-10-20T11:25:09+00:00,INTERNAL_TRANSFER
TX-N-07903,EXT-A-032-1,ACC-N-0930,4095.56,2026-04-21T16:49:39+00:00,INTERNAL_TRANSFER
TX-N-07904,EXT-A-037-2,EXT-A-026-4,1555.62,2026-01-30T04:38:30+00:00,INTERNAL_TRANSFER
TX-N-07905,ACC-N-0917,EXT-A-005-2,25791.75,2026-12-18T17:31:56+00:00,INTERNAL_TRANSFER
TX-N-07906,ACC-N-0586,EXT-A-051-2,1033.87,2026-08-23T17:37:40+00:00,INTERNAL_TRANSFER
TX-N-07907,ACC-N-0438,ACC-C-PAY-08,5912.1,2026-09-20T20:57:39+00:00,INTERNAL_TRANSFER
TX-N-07908,ACC-C-HNW-05,ACC-N-0975,11887.29,2026-10-15T07:23:32+00:00,WIRE
TX-N-07909,ACC-N-0874,EXT-A-064-1,7903.93,2026-12-19T08:00:42+00:00,WIRE
TX-N-07910,ACC-N-0779,ACC-N-0829,4140.21,2026-03-03T11:26:39+00:00,INTERNAL_TRANSFER
TX-N-07911,ACC-N-0903,ACC-N-0482,5117.72,2026-08-15T22:43:25+00:00,INTERNAL_TRANSFER
TX-N-07912,EXT-A-048-1,EXT-A-056-4,5118.18,2026-06-27T01:46:34+00:00,WIRE
TX-N-07913,ACC-N-0872,ACC-N-0854,18391.45,2026-10-06T15:57:19+00:00,INTERNAL_TRANSFER
TX-N-07914,EXT-A-060-1,ACC-N-0666,8284.42,2026-01-12T08:19:48+00:00,INTERNAL_TRANSFER
TX-N-07915,ACC-N-0701,ACC-N-0649,920.84,2026-03-09T20:23:36+00:00,INTERNAL_TRANSFER
TX-N-07916,ACC-N-0640,EXT-A-072-4,5027.27,2026-01-23T19:50:38+00:00,INTERNAL_TRANSFER
TX-N-07917,EXT-A-070-4,ACC-N-0454,1339.88,2026-11-29T02:26:39+00:00,INTERNAL_TRANSFER
TX-N-07918,ACC-N-0968,EXT-A-060-3,1310.3,2026-12-18T03:51:53+00:00,INTERNAL_TRANSFER
TX-N-07919,EXT-A-011-2,ACC-N-0542,691.83,2026-07-20T18:08:02+00:00,WIRE
TX-N-07920,EXT-A-012-1,ACC-N-0713,2023.39,2026-12-23T16:06:12+00:00,INTERNAL_TRANSFER
TX-N-07921,ACC-N-0666,ACC-N-0927,816.42,2026-07-20T18:23:27+00:00,INTERNAL_TRANSFER
TX-N-07922,ACC-N-0803,ACC-C-PAY-07,1628.42,2026-12-07T07:47:09+00:00,WIRE
TX-N-07923,ACC-N-0710,ACC-N-0671,8536.78,2026-12-07T17:38:12+00:00,WIRE
TX-N-07924,ACC-N-0665,ACC-N-0434,2786.69,2026-08-13T03:44:38+00:00,INTERNAL_TRANSFER
TX-N-07925,ACC-N-0807,ACC-C-HNW-03,902.71,2026-04-01T04:43:44+00:00,INTERNAL_TRANSFER
TX-N-07926,ACC-N-0572,EXT-A-022-4,2429.42,2026-01-21T14:08:42+00:00,INTERNAL_TRANSFER
TX-N-07927,ACC-N-0857,EXT-A-050-2,2444.8,2026-04-26T09:06:11+00:00,INTERNAL_TRANSFER
TX-N-07928,ACC-N-0700,EXT-A-050-1,18514.94,2026-08-20T18:53:36+00:00,INTERNAL_TRANSFER
TX-N-07929,ACC-N-0406,ACC-N-0416,5166.05,2026-09-12T02:57:10+00:00,INTERNAL_TRANSFER
TX-N-07930,EXT-A-006-3,EXT-A-003-3,9847.88,2026-05-09T01:58:19+00:00,INTERNAL_TRANSFER
TX-N-07931,EXT-A-039-2,EXT-A-006-2,3524.92,2026-02-12T01:36:07+00:00,INTERNAL_TRANSFER
TX-N-07932,ACC-N-0425,ACC-N-0902,1179.47,2026-07-21T03:17:01+00:00,WIRE
TX-N-07933,EXT-A-037-3,ACC-N-0564,3207.87,2026-04-16T10:20:15+00:00,ATM
TX-N-07934,ACC-C-PAY-03,ACC-C-CORP,10646.02,2026-05-12T14:43:05+00:00,WIRE
TX-N-07935,ACC-N-0899,ACC-N-0871,1479.02,2026-04-22T06:23:44+00:00,INTERNAL_TRANSFER
TX-N-07936,ACC-N-0968,ACC-N-0527,7220.41,2026-05-20T11:50:24+00:00,ATM
TX-N-07937,ACC-C-PAY-01,EXT-A-025-3,2360.7,2026-10-16T02:38:09+00:00,INTERNAL_TRANSFER
TX-N-07938,EXT-A-007-3,ACC-N-0539,4440.96,2026-01-23T05:57:39+00:00,INTERNAL_TRANSFER
TX-N-07939,ACC-N-0830,ACC-N-0872,951.32,2026-10-14T14:29:44+00:00,INTERNAL_TRANSFER
TX-N-07940,ACC-N-0599,ACC-N-0658,1417.25,2026-03-16T23:55:12+00:00,INTERNAL_TRANSFER
TX-N-07941,EXT-A-067-4,EXT-A-061-4,1246.17,2026-10-10T14:59:54+00:00,WIRE
TX-N-07942,ACC-N-0473,ACC-N-0836,7191.99,2026-07-03T19:14:10+00:00,INTERNAL_TRANSFER
TX-N-07943,ACC-N-0395,EXT-A-050-3,1511.83,2026-03-27T19:47:45+00:00,INTERNAL_TRANSFER
TX-N-07944,ACC-N-0695,ACC-N-0462,2173.24,2026-09-06T19:12:28+00:00,INTERNAL_TRANSFER
TX-N-07945,EXT-A-008-3,EXT-A-010-4,2514.05,2026-04-02T06:06:39+00:00,WIRE
TX-N-07946,ACC-N-0905,EXT-A-059-1,5093.38,2026-03-24T17:24:15+00:00,ATM
TX-N-07947,EXT-A-022-1,ACC-N-0559,1742.92,2026-06-28T14:53:34+00:00,WIRE
TX-N-07948,ACC-N-0723,EXT-A-018-2,4631.83,2026-05-05T18:59:35+00:00,INTERNAL_TRANSFER
TX-N-07949,EXT-A-031-2,EXT-A-027-2,3460.01,2026-08-22T04:18:06+00:00,INTERNAL_TRANSFER
TX-N-07950,EXT-A-040-1,EXT-A-040-4,3711.34,2026-01-05T03:48:28+00:00,INTERNAL_TRANSFER
TX-N-07951,ACC-N-0500,ACC-N-0812,13401.76,2026-03-08T17:25:21+00:00,WIRE
TX-N-07952,ACC-N-0687,ACC-N-0789,11008.89,2026-05-24T10:08:52+00:00,INTERNAL_TRANSFER
TX-N-07953,ACC-N-0742,ACC-B-04-C,4270.05,2026-08-17T14:58:19+00:00,INTERNAL_TRANSFER
TX-N-07954,ACC-B-02-C,ACC-N-0778,7287.21,2026-07-07T10:55:42+00:00,INTERNAL_TRANSFER
TX-N-07955,EXT-A-022-4,ACC-N-0707,120859.56,2026-02-10T09:15:36+00:00,WIRE
TX-N-07956,EXT-A-044-4,ACC-N-0745,1368.74,2026-03-11T01:57:25+00:00,INTERNAL_TRANSFER
TX-N-07957,ACC-N-0807,ACC-N-0834,1139.77,2026-07-10T11:17:37+00:00,INTERNAL_TRANSFER
TX-N-07958,ACC-N-0715,EXT-A-023-3,57539.64,2026-09-21T03:41:29+00:00,INTERNAL_TRANSFER
TX-N-07959,ACC-N-0963,ACC-B-04-B,2495.32,2026-03-17T08:33:40+00:00,INTERNAL_TRANSFER
TX-N-07960,ACC-N-0884,ACC-N-0593,1535.15,2026-08-02T21:12:54+00:00,INTERNAL_TRANSFER
TX-N-07961,ACC-N-0413,EXT-A-054-2,3564.86,2026-11-07T11:50:40+00:00,INTERNAL_TRANSFER
TX-N-07962,ACC-N-0706,ACC-N-0997,10621.62,2026-05-10T07:47:21+00:00,INTERNAL_TRANSFER
TX-N-07963,ACC-N-0536,ACC-C-HNW-02,1422.57,2026-08-05T14:25:41+00:00,INTERNAL_TRANSFER
TX-N-07964,EXT-A-908166,ACC-N-0538,10199.27,2026-01-26T18:06:32+00:00,INTERNAL_TRANSFER
TX-N-07965,ACC-N-0514,ACC-N-0519,1553.25,2026-03-24T03:56:12+00:00,INTERNAL_TRANSFER
TX-N-07966,ACC-C-HNW-06,ACC-N-0526,38396.11,2026-03-21T12:08:03+00:00,INTERNAL_TRANSFER
TX-N-07967,ACC-N-0530,EXT-A-012-1,1784.37,2026-08-17T15:15:04+00:00,WIRE
TX-N-07968,ACC-N-0687,ACC-N-0845,1911.45,2026-09-02T05:36:54+00:00,INTERNAL_TRANSFER
TX-N-07969,ACC-N-0464,EXT-A-068-4,1280.48,2026-11-11T05:37:49+00:00,ATM
TX-N-07970,EXT-A-038-3,EXT-A-030-3,9180.56,2026-02-28T10:38:36+00:00,WIRE
TX-N-07971,ACC-N-0659,EXT-A-030-4,2302.53,2026-09-24T02:20:31+00:00,INTERNAL_TRANSFER
TX-N-07972,EXT-A-028-2,ACC-N-0846,5167.31,2026-05-21T15:14:26+00:00,INTERNAL_TRANSFER
TX-N-07973,ACC-N-0710,ACC-N-0425,18538.09,2026-05-22T04:14:34+00:00,WIRE
TX-N-07974,ACC-N-0623,EXT-A-034-1,220821.3,2026-06-22T19:47:03+00:00,INTERNAL_TRANSFER
TX-N-07975,ACC-N-0851,ACC-N-0923,40676.93,2026-03-21T07:13:56+00:00,INTERNAL_TRANSFER
TX-N-07976,ACC-N-0468,ACC-N-0540,1492.04,2026-04-20T01:34:48+00:00,INTERNAL_TRANSFER
TX-N-07977,ACC-N-0733,EXT-A-023-4,8587.19,2026-01-08T11:29:58+00:00,INTERNAL_TRANSFER
TX-N-07978,ACC-N-0481,ACC-N-0565,3955.88,2026-08-23T19:27:28+00:00,INTERNAL_TRANSFER
TX-N-07979,EXT-A-048-4,EXT-A-041-2,315.25,2026-05-25T19:43:22+00:00,INTERNAL_TRANSFER
TX-N-07980,EXT-A-032-2,ACC-N-0639,2091.05,2026-02-24T03:02:16+00:00,INTERNAL_TRANSFER
TX-N-07981,ACC-N-0479,EXT-A-066-1,3634.21,2026-10-24T04:56:30+00:00,WIRE
TX-N-07982,EXT-A-060-1,ACC-N-0866,1198.09,2026-06-17T09:08:12+00:00,INTERNAL_TRANSFER
TX-N-07983,EXT-A-069-3,ACC-N-0612,34575.39,2026-02-21T20:21:07+00:00,INTERNAL_TRANSFER
TX-N-07984,EXT-A-010-2,ACC-N-0986,7364.85,2026-07-06T05:31:37+00:00,WIRE
TX-N-07985,ACC-N-0839,EXT-A-056-3,3875.82,2026-08-03T10:34:59+00:00,ATM
TX-N-07986,ACC-N-0600,EXT-A-044-4,7334.59,2026-10-18T12:45:40+00:00,INTERNAL_TRANSFER
TX-N-07987,ACC-N-0557,ACC-N-0511,2255.64,2026-09-04T21:12:05+00:00,ATM
TX-N-07988,EXT-A-042-1,ACC-N-0432,1977.38,2026-10-11T04:00:06+00:00,INTERNAL_TRANSFER
TX-N-07989,ACC-N-0528,EXT-A-061-1,3425.28,2026-05-27T17:18:41+00:00,INTERNAL_TRANSFER
TX-N-07990,ACC-C-PAY-04,ACC-N-0425,7857.3,2026-08-27T11:31:06+00:00,INTERNAL_TRANSFER
TX-N-07991,EXT-A-022-3,ACC-N-0462,22526.87,2026-09-04T15:33:58+00:00,INTERNAL_TRANSFER
TX-N-07992,ACC-N-0550,ACC-N-0745,3739.67,2026-05-25T22:37:12+00:00,INTERNAL_TRANSFER
TX-N-07993,ACC-N-0864,EXT-A-068-3,4530.96,2026-01-06T01:07:14+00:00,WIRE
TX-N-07994,ACC-N-0938,EXT-A-032-1,1037.42,2026-03-03T09:25:18+00:00,ATM
TX-N-07995,ACC-N-0548,EXT-A-012-2,1924.61,2026-01-02T14:02:26+00:00,ATM
TX-N-07996,ACC-N-0972,EXT-A-030-4,1359.03,2026-05-21T09:05:17+00:00,INTERNAL_TRANSFER
TX-N-07997,EXT-A-016-3,ACC-N-0486,4027.17,2026-03-27T19:39:01+00:00,WIRE
TX-N-07998,ACC-N-0530,ACC-N-0612,11305.96,2026-03-31T02:46:31+00:00,WIRE
TX-N-07999,EXT-A-020-4,EXT-A-040-4,1350.36,2026-01-18T01:57:35+00:00,WIRE
TX-N-08000,ACC-N-0430,ACC-N-0964,2254.24,2026-06-02T09:48:28+00:00,INTERNAL_TRANSFER
TX-N-08001,ACC-N-0432,EXT-A-066-3,3086.27,2026-08-17T06:56:40+00:00,INTERNAL_TRANSFER
TX-N-08002,EXT-A-066-1,ACC-N-0821,4439.81,2026-03-21T13:13:06+00:00,INTERNAL_TRANSFER
TX-N-08003,ACC-N-0531,ACC-N-0921,8897.64,2026-12-18T13:47:10+00:00,INTERNAL_TRANSFER
TX-N-08004,EXT-A-030-4,EXT-A-057-1,2538.69,2026-11-12T14:26:50+00:00,WIRE
TX-N-08005,ACC-N-0562,ACC-N-0995,4309.6,2026-02-17T03:44:30+00:00,INTERNAL_TRANSFER
TX-N-08006,ACC-N-0552,EXT-A-061-1,8083.92,2026-09-19T08:09:02+00:00,INTERNAL_TRANSFER
TX-N-08007,ACC-N-0405,ACC-N-0587,1250.19,2026-10-15T07:49:40+00:00,INTERNAL_TRANSFER
TX-N-08008,ACC-N-0429,ACC-N-0702,13168.54,2026-09-17T18:22:44+00:00,INTERNAL_TRANSFER
TX-N-08009,ACC-N-0965,ACC-N-0757,5195.57,2026-04-30T01:45:25+00:00,ATM
TX-N-08010,ACC-N-0886,ACC-N-0812,1541.46,2026-03-28T12:40:16+00:00,INTERNAL_TRANSFER
TX-N-08011,ACC-N-0830,ACC-N-0487,15397.47,2026-08-18T10:12:34+00:00,ATM
TX-N-08012,ACC-N-0439,ACC-N-0812,14286.63,2026-02-17T10:08:37+00:00,INTERNAL_TRANSFER
TX-N-08013,ACC-N-0548,ACC-N-0934,11270.65,2026-04-11T18:21:32+00:00,ATM
TX-N-08014,ACC-N-0452,ACC-N-0765,1232.94,2026-07-09T08:54:25+00:00,WIRE
TX-N-08015,EXT-A-070-2,EXT-A-012-3,12354.91,2026-03-14T07:40:45+00:00,INTERNAL_TRANSFER
TX-N-08016,ACC-N-0951,EXT-A-026-3,2524.21,2026-03-24T16:44:45+00:00,INTERNAL_TRANSFER
TX-N-08017,EXT-A-005-4,EXT-A-070-1,15430.87,2026-03-20T19:56:10+00:00,INTERNAL_TRANSFER
TX-N-08018,ACC-N-0539,ACC-N-0601,16464.62,2026-01-07T04:30:55+00:00,INTERNAL_TRANSFER
TX-N-08019,ACC-B-C,ACC-N-0837,675.62,2026-12-18T18:24:18+00:00,WIRE
TX-N-08020,ACC-N-0761,ACC-N-0715,9426.42,2026-07-25T16:00:11+00:00,INTERNAL_TRANSFER
TX-N-08021,EXT-A-031-1,ACC-N-0847,2843.18,2026-12-04T13:36:38+00:00,INTERNAL_TRANSFER
TX-N-08022,ACC-N-0766,ACC-N-0926,29636.66,2026-08-08T10:54:55+00:00,INTERNAL_TRANSFER
TX-N-08023,ACC-N-0447,EXT-A-048-2,8964.17,2026-08-04T23:43:37+00:00,INTERNAL_TRANSFER
TX-N-08024,ACC-N-0569,ACC-N-0975,2661.21,2026-10-06T05:36:55+00:00,INTERNAL_TRANSFER
TX-N-08025,ACC-N-0459,EXT-A-004-4,3989.4,2026-08-26T07:19:14+00:00,WIRE
TX-N-08026,ACC-N-0788,ACC-N-0493,1583.63,2026-10-26T05:47:04+00:00,INTERNAL_TRANSFER
TX-N-08027,EXT-A-034-3,EXT-A-052-2,13493.56,2026-07-22T19:39:38+00:00,WIRE
TX-N-08028,ACC-N-0964,ACC-N-0742,10135.04,2026-09-04T22:18:07+00:00,INTERNAL_TRANSFER
TX-N-08029,ACC-N-0908,ACC-N-0783,1362.98,2026-07-10T05:07:23+00:00,INTERNAL_TRANSFER
TX-N-08030,EXT-A-013-1,EXT-A-065-1,5160.45,2026-04-06T19:01:18+00:00,ATM
TX-N-08031,EXT-A-026-2,ACC-N-0813,1507.18,2026-09-28T16:44:32+00:00,INTERNAL_TRANSFER
TX-N-08032,EXT-A-069-2,ACC-N-0848,1052.96,2026-05-18T00:58:32+00:00,INTERNAL_TRANSFER
TX-N-08033,EXT-A-043-2,EXT-A-055-2,3888.48,2026-07-07T08:21:15+00:00,INTERNAL_TRANSFER
TX-N-08034,EXT-A-027-2,EXT-A-069-2,4893.62,2026-02-13T18:02:34+00:00,WIRE
TX-N-08035,EXT-A-066-3,EXT-A-028-1,3228.01,2026-09-02T01:56:57+00:00,ATM
TX-N-08036,ACC-N-0922,EXT-A-007-2,2196.53,2026-11-15T23:43:02+00:00,INTERNAL_TRANSFER
TX-N-08037,ACC-N-0739,EXT-A-033-1,3258.35,2026-12-13T12:54:00+00:00,INTERNAL_TRANSFER
TX-N-08038,EXT-A-064-2,ACC-N-0556,7263.18,2026-01-02T23:03:59+00:00,INTERNAL_TRANSFER
TX-N-08039,EXT-A-033-4,ACC-N-0901,1445.48,2026-06-24T17:40:08+00:00,INTERNAL_TRANSFER
TX-N-08040,ACC-N-0866,ACC-N-0778,2732.18,2026-03-28T00:50:15+00:00,INTERNAL_TRANSFER
TX-N-08041,ACC-N-0559,ACC-N-0586,2855.13,2026-12-31T15:52:51+00:00,WIRE
TX-N-08042,ACC-N-0400,ACC-N-0819,5924.98,2026-07-09T01:47:56+00:00,INTERNAL_TRANSFER
TX-N-08043,EXT-A-049-3,ACC-N-0835,1803.07,2026-06-06T00:45:46+00:00,WIRE
TX-N-08044,EXT-A-066-2,ACC-N-0871,18202.02,2026-08-23T00:13:50+00:00,WIRE
TX-N-08045,EXT-A-006-2,ACC-N-0605,6701.26,2026-02-02T23:37:37+00:00,ATM
TX-N-08046,ACC-N-0987,EXT-A-023-3,585.55,2026-04-14T18:45:04+00:00,INTERNAL_TRANSFER
TX-N-08047,ACC-N-0443,ACC-N-0750,24275.84,2026-06-22T17:30:16+00:00,WIRE
TX-N-08048,ACC-N-0800,ACC-N-0962,2967.35,2026-08-23T20:24:04+00:00,ATM
TX-N-08049,ACC-N-0411,EXT-A-026-4,1599.88,2026-02-21T09:58:05+00:00,INTERNAL_TRANSFER
TX-N-08050,ACC-N-0754,ACC-N-0876,7386.55,2026-01-09T05:12:13+00:00,ATM
TX-N-08051,EXT-A-044-2,EXT-A-028-2,4671.34,2026-11-15T19:39:52+00:00,INTERNAL_TRANSFER
TX-N-08052,EXT-A-008-1,ACC-N-0891,1660.91,2026-12-03T18:54:45+00:00,INTERNAL_TRANSFER
TX-N-08053,ACC-N-0592,EXT-A-018-1,4108.57,2026-04-22T17:41:24+00:00,INTERNAL_TRANSFER
TX-N-08054,ACC-N-0981,EXT-A-052-4,9338.42,2026-01-22T09:12:50+00:00,ATM
TX-N-08055,ACC-N-0613,EXT-A-049-2,5256.03,2026-01-18T04:33:29+00:00,INTERNAL_TRANSFER
TX-N-08056,ACC-N-0940,EXT-A-059-1,696.29,2026-04-12T18:51:45+00:00,INTERNAL_TRANSFER
TX-N-08057,ACC-N-0805,ACC-N-0915,1037.68,2026-12-11T10:16:40+00:00,INTERNAL_TRANSFER
TX-N-08058,ACC-N-0964,ACC-N-0939,25451.79,2026-08-13T06:18:08+00:00,WIRE
TX-N-08059,ACC-N-0945,ACC-N-0467,2839.2,2026-01-16T16:15:08+00:00,WIRE
TX-N-08060,EXT-A-060-1,ACC-N-0895,2308.69,2026-12-30T04:47:01+00:00,INTERNAL_TRANSFER
TX-N-08061,EXT-A-072-3,ACC-N-0716,7390.73,2026-01-19T16:52:01+00:00,INTERNAL_TRANSFER
TX-N-08062,ACC-N-0899,ACC-N-0882,3777.29,2026-05-08T18:29:24+00:00,INTERNAL_TRANSFER
TX-N-08063,EXT-A-039-4,ACC-N-0556,3815.8,2026-04-17T09:25:28+00:00,INTERNAL_TRANSFER
TX-N-08064,ACC-N-0561,EXT-A-011-2,2781.22,2026-08-20T11:58:09+00:00,INTERNAL_TRANSFER
TX-N-08065,EXT-A-055-2,ACC-B-C,3610.94,2026-08-16T12:19:49+00:00,INTERNAL_TRANSFER
TX-N-08066,EXT-A-054-4,ACC-N-0548,1766.46,2026-10-16T16:35:57+00:00,INTERNAL_TRANSFER
TX-N-08067,ACC-N-0582,ACC-N-0704,3972.39,2026-03-05T15:30:37+00:00,WIRE
TX-N-08068,ACC-N-0519,ACC-N-0635,21278.56,2026-11-28T22:31:28+00:00,INTERNAL_TRANSFER
TX-N-08069,ACC-N-0731,EXT-A-055-1,16064.52,2026-06-20T21:39:21+00:00,WIRE
TX-N-08070,EXT-A-021-1,ACC-C-PAY-09,10452.38,2026-03-23T22:02:49+00:00,ATM
TX-N-08071,ACC-N-0971,EXT-A-028-4,3624.62,2026-02-08T09:09:21+00:00,WIRE
TX-N-08072,ACC-N-0491,ACC-B-02-A,8107.69,2026-03-13T23:03:49+00:00,WIRE
TX-N-08073,ACC-N-0794,EXT-A-051-3,8449.03,2026-07-09T19:51:42+00:00,WIRE
TX-N-08074,ACC-N-0671,EXT-A-059-4,12129.98,2026-12-25T12:59:44+00:00,INTERNAL_TRANSFER
TX-N-08075,ACC-N-0489,EXT-A-057-4,2734.72,2026-01-03T16:14:59+00:00,INTERNAL_TRANSFER
TX-N-08076,EXT-A-063-1,EXT-A-024-1,5093.67,2026-06-22T08:59:05+00:00,INTERNAL_TRANSFER
TX-N-08077,EXT-A-030-2,ACC-N-0851,2730.74,2026-09-18T14:24:22+00:00,INTERNAL_TRANSFER
TX-N-08078,ACC-C-PAY-10,ACC-N-0729,2812.44,2026-03-23T22:44:58+00:00,INTERNAL_TRANSFER
TX-N-08079,EXT-A-048-3,ACC-N-0894,12387.42,2026-10-20T13:08:31+00:00,WIRE
TX-N-08080,ACC-N-0962,ACC-B-04-B,9112.88,2026-10-05T21:25:54+00:00,INTERNAL_TRANSFER
TX-N-08081,ACC-N-0451,EXT-A-011-2,5746.0,2026-09-27T23:37:05+00:00,INTERNAL_TRANSFER
TX-N-08082,ACC-N-0446,ACC-N-0756,6286.54,2026-05-07T09:41:01+00:00,INTERNAL_TRANSFER
TX-N-08083,ACC-N-0938,ACC-N-0767,4448.07,2026-04-27T17:52:53+00:00,INTERNAL_TRANSFER
TX-N-08084,ACC-N-0528,ACC-N-0497,4242.15,2026-02-17T20:29:20+00:00,INTERNAL_TRANSFER
TX-N-08085,ACC-N-0672,EXT-A-015-2,4908.27,2026-08-13T07:24:26+00:00,INTERNAL_TRANSFER
TX-N-08086,ACC-N-0578,ACC-N-0500,7100.43,2026-11-16T23:56:10+00:00,INTERNAL_TRANSFER
TX-N-08087,EXT-A-032-3,EXT-A-022-4,1384.04,2026-06-28T23:05:08+00:00,INTERNAL_TRANSFER
TX-N-08088,ACC-N-0443,ACC-N-0471,3303.08,2026-10-13T22:19:47+00:00,INTERNAL_TRANSFER
TX-N-08089,EXT-A-003-3,EXT-A-007-4,2103.57,2026-09-17T03:45:42+00:00,INTERNAL_TRANSFER
TX-N-08090,ACC-C-PAY-01,EXT-A-045-1,3174.38,2026-08-09T07:56:40+00:00,INTERNAL_TRANSFER
TX-N-08091,EXT-A-002-2,ACC-N-0589,19654.55,2026-06-11T15:01:47+00:00,INTERNAL_TRANSFER
TX-N-08092,ACC-N-0711,EXT-A-049-1,2933.57,2026-04-06T06:37:42+00:00,INTERNAL_TRANSFER
TX-N-08093,ACC-N-0564,ACC-N-0879,2631.38,2026-04-12T13:26:12+00:00,INTERNAL_TRANSFER
TX-N-08094,ACC-N-0589,ACC-N-0707,4191.23,2026-09-27T22:43:33+00:00,INTERNAL_TRANSFER
TX-N-08095,EXT-A-071-3,EXT-A-002-1,1077.42,2026-12-25T01:32:34+00:00,WIRE
TX-N-08096,ACC-N-0548,EXT-A-061-3,936.54,2026-10-07T10:09:12+00:00,WIRE
TX-N-08097,ACC-N-0761,EXT-A-070-2,4357.32,2026-07-31T07:30:18+00:00,INTERNAL_TRANSFER
TX-N-08098,EXT-A-011-1,ACC-N-0947,10149.98,2026-06-20T19:03:03+00:00,WIRE
TX-N-08099,ACC-N-0528,ACC-N-0966,11559.79,2026-12-01T13:14:50+00:00,INTERNAL_TRANSFER
TX-N-08100,EXT-A-026-4,EXT-A-003-2,11749.69,2026-03-08T11:01:54+00:00,INTERNAL_TRANSFER
TX-N-08101,EXT-A-064-4,ACC-N-0702,6491.67,2026-11-06T09:10:32+00:00,INTERNAL_TRANSFER
TX-N-08102,EXT-A-045-3,EXT-A-010-4,982.82,2026-01-10T21:23:54+00:00,WIRE
TX-N-08103,ACC-N-0717,ACC-N-0513,1417.28,2026-06-08T20:16:46+00:00,INTERNAL_TRANSFER
TX-N-08104,ACC-N-0619,ACC-N-0504,3370.3,2026-08-22T05:40:52+00:00,INTERNAL_TRANSFER
TX-N-08105,ACC-N-0852,EXT-A-059-3,2106.81,2026-11-26T15:40:09+00:00,INTERNAL_TRANSFER
TX-N-08106,ACC-N-0566,EXT-A-068-3,2405.01,2026-10-30T02:06:33+00:00,INTERNAL_TRANSFER
TX-N-08107,ACC-N-0472,EXT-A-058-2,15705.16,2026-10-12T16:20:58+00:00,ATM
TX-N-08108,ACC-N-0849,ACC-N-0432,13341.26,2026-02-20T11:55:29+00:00,INTERNAL_TRANSFER
TX-N-08109,ACC-N-0406,EXT-A-054-1,10659.33,2026-04-26T22:41:10+00:00,WIRE
TX-N-08110,ACC-N-0489,ACC-N-0573,2431.19,2026-10-03T12:30:44+00:00,WIRE
TX-N-08111,ACC-N-0532,EXT-A-021-2,5501.13,2026-05-01T13:19:58+00:00,INTERNAL_TRANSFER
TX-N-08112,EXT-A-017-4,ACC-N-0979,2253.67,2026-10-30T09:13:24+00:00,INTERNAL_TRANSFER
TX-N-08113,ACC-N-0566,ACC-N-0598,3329.36,2026-06-11T09:06:26+00:00,INTERNAL_TRANSFER
TX-N-08114,ACC-N-0750,ACC-N-1000,2681.97,2026-08-07T13:45:12+00:00,INTERNAL_TRANSFER
TX-N-08115,ACC-C-CORP,EXT-A-009-3,7014.11,2026-09-14T16:21:14+00:00,INTERNAL_TRANSFER
TX-N-08116,EXT-A-908166,ACC-N-0884,6278.37,2026-05-27T18:37:23+00:00,INTERNAL_TRANSFER
TX-N-08117,EXT-A-063-1,ACC-N-0548,16246.9,2026-02-25T08:11:22+00:00,INTERNAL_TRANSFER
TX-N-08118,EXT-A-030-1,ACC-N-0708,718.61,2026-12-11T20:54:26+00:00,INTERNAL_TRANSFER
TX-N-08119,ACC-N-0477,ACC-N-0661,10215.2,2026-07-26T04:13:25+00:00,WIRE
TX-N-08120,ACC-N-0534,ACC-N-0955,5546.86,2026-11-10T22:47:44+00:00,INTERNAL_TRANSFER
TX-N-08121,EXT-A-014-3,ACC-N-0886,13404.29,2026-10-18T10:53:24+00:00,INTERNAL_TRANSFER
TX-N-08122,ACC-N-0527,ACC-N-0844,7108.93,2026-06-24T01:56:39+00:00,WIRE
TX-N-08123,ACC-N-0642,ACC-N-0647,1735.04,2026-04-11T12:31:33+00:00,INTERNAL_TRANSFER
TX-N-08124,EXT-A-070-2,EXT-A-018-4,3065.97,2026-04-14T14:23:28+00:00,WIRE
TX-N-08125,ACC-N-0529,ACC-N-0915,3678.94,2026-02-01T04:38:15+00:00,INTERNAL_TRANSFER
TX-N-08126,ACC-N-0615,ACC-N-0881,33937.03,2026-03-22T18:27:25+00:00,INTERNAL_TRANSFER
TX-N-08127,ACC-N-0576,ACC-N-0447,1627.0,2026-02-03T14:10:50+00:00,WIRE
TX-N-08128,EXT-A-067-3,EXT-A-041-1,2577.4,2026-02-16T03:32:52+00:00,INTERNAL_TRANSFER
TX-N-08129,ACC-N-0562,EXT-A-029-4,2547.22,2026-08-16T02:16:14+00:00,WIRE
TX-N-08130,ACC-N-0497,ACC-N-0968,14055.76,2026-01-20T17:17:11+00:00,INTERNAL_TRANSFER
TX-N-08131,ACC-N-0422,ACC-N-0549,4112.47,2026-09-30T12:11:32+00:00,INTERNAL_TRANSFER
TX-N-08132,ACC-N-0551,ACC-N-0705,9385.07,2026-03-20T00:04:30+00:00,WIRE
TX-N-08133,ACC-B-04-B,ACC-N-0610,4499.35,2026-08-11T18:48:39+00:00,INTERNAL_TRANSFER
TX-N-08134,ACC-N-0975,ACC-N-0915,882.04,2026-01-28T16:58:19+00:00,INTERNAL_TRANSFER
TX-N-08135,ACC-N-0663,EXT-A-003-2,6180.9,2026-02-03T22:02:39+00:00,WIRE
TX-N-08136,EXT-A-047-3,ACC-N-0485,7266.43,2026-06-04T15:01:21+00:00,INTERNAL_TRANSFER
TX-N-08137,ACC-N-0426,ACC-N-0833,2292.69,2026-05-25T01:18:40+00:00,INTERNAL_TRANSFER
TX-N-08138,ACC-N-0685,ACC-N-0704,6454.59,2026-07-11T05:01:45+00:00,INTERNAL_TRANSFER
TX-N-08139,ACC-N-0443,EXT-A-048-1,6561.75,2026-06-14T02:29:48+00:00,INTERNAL_TRANSFER
TX-N-08140,ACC-N-0692,ACC-N-0987,4240.09,2026-09-27T15:14:09+00:00,INTERNAL_TRANSFER
TX-N-08141,EXT-A-034-2,ACC-N-0699,1616.28,2026-09-13T16:54:10+00:00,WIRE
TX-N-08142,ACC-N-0900,ACC-N-0766,7542.27,2026-12-10T13:47:38+00:00,WIRE
TX-N-08143,ACC-N-0661,ACC-N-0985,7578.86,2026-05-10T23:09:33+00:00,WIRE
TX-N-08144,ACC-N-0729,ACC-N-0986,16754.49,2026-07-26T20:06:58+00:00,INTERNAL_TRANSFER
TX-N-08145,ACC-N-0427,ACC-N-0814,511.73,2026-06-15T09:06:33+00:00,WIRE
TX-N-08146,ACC-N-0394,EXT-A-008-4,7891.52,2026-01-24T08:57:41+00:00,INTERNAL_TRANSFER
TX-N-08147,EXT-A-017-3,ACC-N-0803,3169.78,2026-06-06T16:50:35+00:00,INTERNAL_TRANSFER
TX-N-08148,EXT-A-044-4,EXT-A-004-1,1653.0,2026-06-10T13:33:30+00:00,WIRE
TX-N-08149,ACC-N-0413,EXT-A-042-2,5091.33,2026-02-03T12:05:26+00:00,INTERNAL_TRANSFER
TX-N-08150,EXT-A-010-1,EXT-A-012-3,14164.42,2026-01-25T07:46:56+00:00,INTERNAL_TRANSFER
TX-N-08151,ACC-N-0600,EXT-A-069-3,2547.25,2026-09-08T12:09:39+00:00,INTERNAL_TRANSFER
TX-N-08152,ACC-N-0779,ACC-N-0679,21906.21,2026-05-23T05:17:17+00:00,INTERNAL_TRANSFER
TX-N-08153,EXT-A-021-3,ACC-N-0789,2835.86,2026-01-11T13:59:12+00:00,INTERNAL_TRANSFER
TX-N-08154,ACC-N-0961,ACC-N-0783,5408.3,2026-12-26T03:02:29+00:00,INTERNAL_TRANSFER
TX-N-08155,ACC-N-0544,ACC-N-0555,2392.22,2026-07-21T03:11:23+00:00,INTERNAL_TRANSFER
TX-N-08156,ACC-N-0727,ACC-N-0564,21669.66,2026-12-11T13:41:22+00:00,INTERNAL_TRANSFER
TX-N-08157,EXT-A-044-3,ACC-C-PAY-12,4849.01,2026-02-05T17:46:50+00:00,INTERNAL_TRANSFER
TX-N-08158,ACC-N-0478,ACC-N-0842,1967.41,2026-06-12T19:51:15+00:00,INTERNAL_TRANSFER
TX-N-08159,ACC-N-0463,ACC-N-0486,2601.89,2026-04-24T21:34:52+00:00,WIRE
TX-N-08160,ACC-N-0491,ACC-N-0427,1043.92,2026-05-04T04:39:36+00:00,INTERNAL_TRANSFER
TX-N-08161,EXT-A-034-1,ACC-N-0517,8880.09,2026-10-02T23:22:31+00:00,ATM
TX-N-08162,ACC-N-0613,ACC-N-0975,1542.24,2026-03-16T10:58:56+00:00,ATM
TX-N-08163,ACC-N-0921,EXT-A-034-4,9783.47,2026-06-26T05:50:47+00:00,INTERNAL_TRANSFER
TX-N-08164,EXT-A-020-4,ACC-N-0766,1295.71,2026-06-23T04:29:48+00:00,INTERNAL_TRANSFER
TX-N-08165,ACC-N-0574,ACC-N-0676,948.7,2026-05-09T03:24:41+00:00,ATM
TX-N-08166,EXT-A-046-3,EXT-A-005-3,1049.92,2026-11-21T12:55:11+00:00,INTERNAL_TRANSFER
TX-N-08167,EXT-A-022-4,EXT-A-058-3,424.2,2026-05-30T23:55:25+00:00,INTERNAL_TRANSFER
TX-N-08168,EXT-A-028-2,ACC-N-0598,16264.67,2026-01-14T00:00:24+00:00,INTERNAL_TRANSFER
TX-N-08169,ACC-N-0648,ACC-N-0482,1328.22,2026-11-09T20:20:08+00:00,INTERNAL_TRANSFER
TX-N-08170,EXT-A-038-4,EXT-A-054-4,3420.18,2026-02-20T07:13:25+00:00,INTERNAL_TRANSFER
TX-N-08171,ACC-N-0817,ACC-N-0769,984.26,2026-05-31T19:48:46+00:00,ATM
TX-N-08172,EXT-A-011-2,ACC-N-0978,2379.23,2026-09-17T10:48:30+00:00,WIRE
TX-N-08173,ACC-N-0673,EXT-A-053-3,7117.91,2026-02-07T02:02:18+00:00,INTERNAL_TRANSFER
TX-N-08174,ACC-N-0842,ACC-N-0645,1704.66,2026-07-30T00:07:34+00:00,INTERNAL_TRANSFER
TX-N-08175,ACC-N-0875,EXT-A-030-1,788.49,2026-09-11T00:23:42+00:00,INTERNAL_TRANSFER
TX-N-08176,ACC-N-0501,ACC-N-0437,10479.19,2026-02-09T08:54:49+00:00,INTERNAL_TRANSFER
TX-N-08177,ACC-N-0618,ACC-N-0984,42951.92,2026-04-01T12:11:48+00:00,WIRE
TX-N-08178,ACC-N-0808,ACC-N-0765,3806.03,2026-08-19T14:03:25+00:00,INTERNAL_TRANSFER
TX-N-08179,EXT-A-043-1,EXT-A-003-4,2568.64,2026-05-13T21:23:14+00:00,INTERNAL_TRANSFER
TX-N-08180,ACC-N-0514,ACC-N-0818,55275.49,2026-06-11T20:37:40+00:00,ATM
TX-N-08181,EXT-A-017-2,ACC-N-0810,16827.91,2026-06-26T21:28:02+00:00,INTERNAL_TRANSFER
TX-N-08182,ACC-N-0743,ACC-N-0902,295.81,2026-12-06T04:24:32+00:00,WIRE
TX-N-08183,ACC-N-0867,EXT-A-011-2,269.47,2026-01-27T15:25:26+00:00,WIRE
TX-N-08184,ACC-N-0419,ACC-N-0987,2315.78,2026-10-03T06:09:27+00:00,INTERNAL_TRANSFER
TX-N-08185,EXT-A-050-2,EXT-A-022-2,10402.12,2026-09-12T21:01:04+00:00,WIRE
TX-N-08186,ACC-N-0956,EXT-A-020-2,6869.87,2026-10-08T21:53:33+00:00,INTERNAL_TRANSFER
TX-N-08187,ACC-N-0955,ACC-N-0440,19873.01,2026-04-19T21:22:49+00:00,INTERNAL_TRANSFER
TX-N-08188,ACC-B-04-B,EXT-A-048-4,20570.85,2026-09-20T03:29:04+00:00,INTERNAL_TRANSFER
TX-N-08189,ACC-N-0999,ACC-N-0451,8173.52,2026-02-18T21:57:33+00:00,INTERNAL_TRANSFER
TX-N-08190,ACC-N-0934,EXT-A-061-3,29369.49,2026-08-20T01:21:59+00:00,WIRE
TX-N-08191,ACC-N-0412,ACC-N-0743,2979.06,2026-08-04T02:22:30+00:00,INTERNAL_TRANSFER
TX-N-08192,ACC-N-0738,ACC-N-0818,10306.46,2026-02-26T13:20:42+00:00,INTERNAL_TRANSFER
TX-N-08193,ACC-N-0748,ACC-N-0473,13724.36,2026-07-31T17:33:13+00:00,INTERNAL_TRANSFER
TX-N-08194,ACC-N-0746,EXT-A-041-4,7043.34,2026-04-06T22:01:34+00:00,INTERNAL_TRANSFER
TX-N-08195,EXT-A-024-3,EXT-A-009-1,5121.54,2026-07-30T23:28:33+00:00,WIRE
TX-N-08196,EXT-A-052-1,ACC-N-0508,1153.13,2026-08-17T11:05:40+00:00,INTERNAL_TRANSFER
TX-N-08197,ACC-N-0636,ACC-N-0974,9197.12,2026-07-30T04:24:08+00:00,WIRE
TX-N-08198,ACC-N-0598,EXT-A-047-2,39243.89,2026-02-27T04:02:32+00:00,WIRE
TX-N-08199,EXT-A-069-1,EXT-A-011-2,37012.74,2026-10-15T09:00:20+00:00,INTERNAL_TRANSFER
TX-N-08200,ACC-N-0928,ACC-N-0698,587.04,2026-10-15T13:51:01+00:00,INTERNAL_TRANSFER
TX-N-08201,EXT-A-025-3,ACC-N-0599,27612.5,2026-06-27T13:12:24+00:00,WIRE
TX-N-08202,ACC-N-0806,EXT-A-053-3,2106.71,2026-05-06T20:22:01+00:00,WIRE
TX-N-08203,EXT-A-055-2,ACC-N-0605,5987.84,2026-07-04T08:45:08+00:00,INTERNAL_TRANSFER
TX-N-08204,EXT-A-021-3,ACC-N-0572,1019.3,2026-11-09T14:39:47+00:00,INTERNAL_TRANSFER
TX-N-08205,ACC-N-0586,EXT-A-044-4,2488.28,2026-11-26T06:59:58+00:00,INTERNAL_TRANSFER
TX-N-08206,ACC-N-0592,ACC-N-0803,1194.86,2026-01-01T10:23:22+00:00,WIRE
TX-N-08207,ACC-N-0700,ACC-N-0780,5646.88,2026-06-09T20:00:46+00:00,INTERNAL_TRANSFER
TX-N-08208,EXT-A-908166,ACC-N-0552,5931.65,2026-04-25T11:08:48+00:00,INTERNAL_TRANSFER
TX-N-08209,EXT-A-002-4,ACC-N-0542,1493.21,2026-08-26T08:14:45+00:00,INTERNAL_TRANSFER
TX-N-08210,ACC-N-0867,ACC-N-0997,1452.64,2026-08-15T15:54:55+00:00,INTERNAL_TRANSFER
TX-N-08211,ACC-N-0456,ACC-N-0575,4967.03,2026-10-17T17:06:34+00:00,WIRE
TX-N-08212,EXT-A-065-3,EXT-A-022-1,660.85,2026-05-09T15:22:15+00:00,ATM
TX-N-08213,ACC-N-0823,EXT-A-033-1,7579.21,2026-10-20T14:09:05+00:00,WIRE
TX-N-08214,ACC-N-0747,ACC-N-0801,12781.03,2026-02-01T14:09:47+00:00,INTERNAL_TRANSFER
TX-N-08215,ACC-N-0721,ACC-N-0924,10317.91,2026-10-01T17:17:18+00:00,INTERNAL_TRANSFER
TX-N-08216,ACC-N-0788,EXT-A-008-3,4237.12,2026-08-09T07:54:38+00:00,INTERNAL_TRANSFER
TX-N-08217,EXT-A-058-4,EXT-A-069-1,2334.22,2026-08-22T14:48:46+00:00,INTERNAL_TRANSFER
TX-N-08218,EXT-A-061-1,EXT-A-026-3,35430.42,2026-07-09T05:32:57+00:00,WIRE
TX-N-08219,ACC-N-0729,ACC-N-0816,22060.99,2026-12-30T10:06:22+00:00,INTERNAL_TRANSFER
TX-N-08220,ACC-N-0865,ACC-N-0816,3954.22,2026-10-08T12:03:39+00:00,WIRE
TX-N-08221,EXT-A-022-3,EXT-A-018-1,1401.69,2026-01-12T14:47:43+00:00,INTERNAL_TRANSFER
TX-N-08222,ACC-N-0725,EXT-A-065-4,3149.71,2026-09-01T03:01:20+00:00,WIRE
TX-N-08223,EXT-A-059-4,ACC-N-0745,6376.52,2026-01-10T21:31:30+00:00,INTERNAL_TRANSFER
TX-N-08224,EXT-A-015-3,EXT-A-014-1,15321.98,2026-01-01T22:03:31+00:00,INTERNAL_TRANSFER
TX-N-08225,ACC-N-0872,ACC-N-0995,9385.35,2026-04-16T08:12:59+00:00,INTERNAL_TRANSFER
TX-N-08226,EXT-A-059-3,EXT-A-038-3,3914.78,2026-05-01T16:34:23+00:00,INTERNAL_TRANSFER
TX-N-08227,ACC-N-0413,ACC-N-0734,3816.67,2026-12-13T22:53:07+00:00,WIRE
TX-N-08228,ACC-N-0772,EXT-A-044-1,8873.9,2026-01-17T02:32:36+00:00,INTERNAL_TRANSFER
TX-N-08229,ACC-N-0575,ACC-N-0975,2360.96,2026-09-13T14:48:40+00:00,INTERNAL_TRANSFER
TX-N-08230,EXT-A-063-4,EXT-A-059-2,4364.6,2026-02-26T07:00:46+00:00,INTERNAL_TRANSFER
TX-N-08231,ACC-N-0512,EXT-A-018-1,573.42,2026-12-07T03:34:33+00:00,INTERNAL_TRANSFER
TX-N-08232,EXT-A-022-3,EXT-A-009-4,7273.29,2026-07-12T09:32:24+00:00,INTERNAL_TRANSFER
TX-N-08233,EXT-A-011-2,ACC-N-0528,3326.85,2026-08-05T13:52:26+00:00,INTERNAL_TRANSFER
TX-N-08234,EXT-A-007-3,ACC-B-04-B,6266.85,2026-01-17T15:30:23+00:00,INTERNAL_TRANSFER
TX-N-08235,EXT-A-031-3,ACC-N-0616,3675.82,2026-06-20T20:08:04+00:00,INTERNAL_TRANSFER
TX-N-08236,EXT-A-025-2,EXT-A-012-3,4551.9,2026-08-05T00:29:04+00:00,WIRE
TX-N-08237,ACC-N-0896,EXT-A-002-1,1986.16,2026-11-05T04:39:14+00:00,WIRE
TX-N-08238,EXT-A-021-3,ACC-N-0584,1793.95,2026-05-18T13:45:27+00:00,INTERNAL_TRANSFER
TX-N-08239,EXT-A-064-2,ACC-N-0924,2662.21,2026-07-29T20:10:03+00:00,WIRE
TX-N-08240,ACC-N-0924,ACC-N-0642,4854.15,2026-09-24T00:16:51+00:00,WIRE
TX-N-08241,EXT-A-034-1,EXT-A-017-2,2209.67,2026-12-11T19:05:52+00:00,INTERNAL_TRANSFER
TX-N-08242,ACC-N-0694,ACC-N-0886,2668.33,2026-10-17T00:28:47+00:00,INTERNAL_TRANSFER
TX-N-08243,EXT-A-015-2,ACC-N-0993,13866.41,2026-02-07T22:04:51+00:00,INTERNAL_TRANSFER
TX-N-08244,ACC-N-0937,EXT-A-024-3,5599.32,2026-11-14T06:09:34+00:00,INTERNAL_TRANSFER
TX-N-08245,ACC-N-0566,EXT-A-040-3,6869.37,2026-06-18T14:27:58+00:00,INTERNAL_TRANSFER
TX-N-08246,EXT-A-019-4,ACC-N-0995,840.01,2026-04-05T06:36:17+00:00,INTERNAL_TRANSFER
TX-N-08247,ACC-N-0413,ACC-N-0638,487.33,2026-07-15T02:34:44+00:00,INTERNAL_TRANSFER
TX-N-08248,ACC-N-0520,EXT-A-070-4,9261.6,2026-03-12T21:13:33+00:00,INTERNAL_TRANSFER
TX-N-08249,ACC-N-0627,ACC-N-0984,5126.69,2026-03-31T23:36:22+00:00,ATM
TX-N-08250,ACC-N-0890,EXT-A-004-1,14526.11,2026-06-26T17:19:38+00:00,INTERNAL_TRANSFER
TX-N-08251,ACC-N-0586,ACC-N-0593,1817.51,2026-04-03T19:02:50+00:00,INTERNAL_TRANSFER
TX-N-08252,EXT-A-032-3,ACC-N-0444,2594.94,2026-11-16T04:55:27+00:00,ATM
TX-N-08253,ACC-N-0544,EXT-A-020-1,4514.57,2026-12-26T00:00:21+00:00,WIRE
TX-N-08254,EXT-A-043-2,ACC-N-0798,860.81,2026-02-09T00:51:17+00:00,WIRE
TX-N-08255,ACC-N-0718,ACC-N-0845,2863.09,2026-11-10T17:12:24+00:00,INTERNAL_TRANSFER
TX-N-08256,ACC-N-0899,EXT-A-026-2,4171.77,2026-10-02T21:22:49+00:00,INTERNAL_TRANSFER
TX-N-08257,ACC-N-0542,ACC-N-0937,4104.55,2026-04-07T10:59:51+00:00,ATM
TX-N-08258,ACC-N-0466,ACC-N-0655,3154.52,2026-04-06T12:13:40+00:00,INTERNAL_TRANSFER
TX-N-08259,EXT-A-002-3,EXT-A-043-4,2166.68,2026-03-12T16:06:43+00:00,INTERNAL_TRANSFER
TX-N-08260,ACC-N-0833,ACC-N-0399,7753.96,2026-07-31T04:59:19+00:00,WIRE
TX-N-08261,ACC-N-0451,ACC-N-0429,5192.15,2026-09-21T03:50:33+00:00,ATM
TX-N-08262,EXT-A-045-1,ACC-N-0838,1841.54,2026-07-01T04:09:04+00:00,INTERNAL_TRANSFER
TX-N-08263,EXT-A-003-3,ACC-N-0826,6223.01,2026-07-07T11:42:56+00:00,INTERNAL_TRANSFER
TX-N-08264,EXT-A-019-4,ACC-N-0590,2392.66,2026-01-08T18:13:25+00:00,WIRE
TX-N-08265,ACC-N-0896,ACC-N-0837,1002.76,2026-12-14T13:46:31+00:00,INTERNAL_TRANSFER
TX-N-08266,ACC-N-0794,ACC-N-0467,4200.75,2026-04-26T00:05:54+00:00,INTERNAL_TRANSFER
TX-N-08267,ACC-N-0944,EXT-A-034-3,6254.79,2026-01-22T16:24:56+00:00,INTERNAL_TRANSFER
TX-N-08268,ACC-N-0405,ACC-N-0927,14028.27,2026-04-30T12:04:28+00:00,INTERNAL_TRANSFER
TX-N-08269,EXT-A-010-4,ACC-N-0592,992.18,2026-06-17T02:41:17+00:00,INTERNAL_TRANSFER
TX-N-08270,ACC-N-0790,ACC-N-0782,5888.07,2026-05-09T10:00:40+00:00,WIRE
TX-N-08271,ACC-N-0601,ACC-N-0724,2581.26,2026-12-06T01:50:49+00:00,INTERNAL_TRANSFER
TX-N-08272,ACC-N-0486,ACC-N-0698,6101.69,2026-01-06T07:16:37+00:00,INTERNAL_TRANSFER
TX-N-08273,EXT-A-120482,ACC-N-0568,7568.61,2026-05-30T08:14:52+00:00,INTERNAL_TRANSFER
TX-N-08274,ACC-N-0853,ACC-N-0986,16183.65,2026-12-10T04:53:21+00:00,INTERNAL_TRANSFER
TX-N-08275,ACC-N-0410,ACC-N-0738,13340.93,2026-01-14T22:45:38+00:00,INTERNAL_TRANSFER
TX-N-08276,EXT-A-019-2,ACC-N-0528,1900.52,2026-06-23T23:41:50+00:00,INTERNAL_TRANSFER
TX-N-08277,ACC-N-0718,EXT-A-055-1,8683.18,2026-05-20T18:13:43+00:00,INTERNAL_TRANSFER
TX-N-08278,EXT-A-072-2,ACC-N-0605,32732.85,2026-08-17T20:48:11+00:00,WIRE
TX-N-08279,ACC-N-0969,EXT-A-065-1,4948.48,2026-09-18T14:31:55+00:00,WIRE
TX-N-08280,ACC-N-0696,ACC-N-0933,4406.56,2026-09-21T09:55:21+00:00,WIRE
TX-N-08281,EXT-A-057-1,EXT-A-048-4,4823.1,2026-11-03T03:22:27+00:00,INTERNAL_TRANSFER
TX-N-08282,ACC-N-0890,ACC-N-0734,5151.47,2026-10-11T02:41:29+00:00,INTERNAL_TRANSFER
TX-N-08283,EXT-A-057-1,EXT-A-029-3,13006.89,2026-11-02T03:55:33+00:00,INTERNAL_TRANSFER
TX-N-08284,ACC-N-0584,EXT-A-067-4,1044.32,2026-10-19T20:10:32+00:00,WIRE
TX-N-08285,EXT-A-021-3,EXT-A-066-1,34641.62,2026-09-08T19:52:44+00:00,WIRE
TX-N-08286,ACC-N-0750,EXT-A-043-2,10444.43,2026-04-28T18:26:46+00:00,INTERNAL_TRANSFER
TX-N-08287,ACC-N-0574,EXT-A-060-4,2843.5,2026-08-08T13:02:43+00:00,INTERNAL_TRANSFER
TX-N-08288,EXT-A-009-4,EXT-A-071-2,6038.25,2026-06-13T20:40:06+00:00,INTERNAL_TRANSFER
TX-N-08289,ACC-N-0650,EXT-A-052-3,7795.25,2026-02-15T23:01:38+00:00,ATM
TX-N-08290,EXT-A-071-2,ACC-N-0491,3960.34,2026-09-06T13:10:10+00:00,WIRE
TX-N-08291,ACC-N-0696,ACC-N-0402,4234.75,2026-12-24T22:27:41+00:00,INTERNAL_TRANSFER
TX-N-08292,ACC-N-0411,ACC-N-0605,2413.78,2026-03-03T03:31:21+00:00,INTERNAL_TRANSFER
TX-N-08293,EXT-A-019-4,EXT-A-029-1,4894.05,2026-03-11T06:08:55+00:00,INTERNAL_TRANSFER
TX-N-08294,ACC-N-0583,EXT-A-069-3,2729.92,2026-07-03T19:04:19+00:00,ATM
TX-N-08295,ACC-N-0933,EXT-A-036-4,15409.83,2026-10-24T09:33:42+00:00,WIRE
TX-N-08296,EXT-A-049-3,EXT-A-048-2,3420.24,2026-05-26T17:50:13+00:00,INTERNAL_TRANSFER
TX-N-08297,ACC-N-0620,ACC-N-0706,3634.82,2026-01-13T03:08:02+00:00,ATM
TX-N-08298,ACC-N-0840,ACC-N-0801,10046.58,2026-06-28T17:15:07+00:00,WIRE
TX-N-08299,ACC-N-0988,ACC-N-0975,31933.12,2026-01-03T01:41:21+00:00,INTERNAL_TRANSFER
TX-N-08300,ACC-N-0938,ACC-N-0410,3339.1,2026-02-12T17:26:22+00:00,INTERNAL_TRANSFER
TX-N-08301,ACC-N-0686,EXT-A-041-3,401.43,2026-02-05T06:30:25+00:00,INTERNAL_TRANSFER
TX-N-08302,ACC-N-0459,ACC-N-0957,4834.01,2026-07-03T09:11:30+00:00,INTERNAL_TRANSFER
TX-N-08303,EXT-A-051-3,ACC-N-0521,15134.32,2026-02-04T12:47:14+00:00,INTERNAL_TRANSFER
TX-N-08304,ACC-N-0605,EXT-A-042-2,2672.85,2026-08-26T12:03:31+00:00,INTERNAL_TRANSFER
TX-N-08305,EXT-A-016-1,ACC-N-0627,349.82,2026-07-10T01:48:39+00:00,INTERNAL_TRANSFER
TX-N-08306,ACC-N-0780,EXT-A-022-1,3478.24,2026-10-23T20:02:36+00:00,WIRE
TX-N-08307,ACC-N-0658,ACC-B-03-B,9266.22,2026-11-03T13:51:45+00:00,INTERNAL_TRANSFER
TX-N-08308,EXT-A-053-1,ACC-N-0942,10474.09,2026-04-12T00:00:28+00:00,ATM
TX-N-08309,EXT-A-069-3,ACC-N-0513,2860.69,2026-12-13T22:50:12+00:00,INTERNAL_TRANSFER
TX-N-08310,ACC-N-0608,ACC-N-0812,312.43,2026-02-09T14:39:12+00:00,WIRE
TX-N-08311,ACC-N-0630,ACC-N-0948,1397.52,2026-09-16T17:43:33+00:00,INTERNAL_TRANSFER
TX-N-08312,ACC-N-0751,ACC-N-0881,2243.98,2026-09-06T22:16:21+00:00,INTERNAL_TRANSFER
TX-N-08313,ACC-N-0725,ACC-N-0729,4461.56,2026-01-28T23:36:24+00:00,INTERNAL_TRANSFER
TX-N-08314,EXT-A-017-1,ACC-N-0573,2599.25,2026-12-19T11:13:58+00:00,INTERNAL_TRANSFER
TX-N-08315,ACC-N-0486,ACC-N-0786,7439.56,2026-09-13T09:09:48+00:00,ATM
TX-N-08316,EXT-A-002-4,EXT-A-042-1,1485.41,2026-09-12T13:15:50+00:00,INTERNAL_TRANSFER
TX-N-08317,ACC-N-0777,ACC-N-0830,1709.11,2026-04-20T04:40:04+00:00,WIRE
TX-N-08318,EXT-A-064-4,ACC-B-04-B,5806.23,2026-01-04T01:53:34+00:00,ATM
TX-N-08319,ACC-N-0726,ACC-N-0705,3815.29,2026-10-23T18:12:24+00:00,WIRE
TX-N-08320,ACC-N-0724,EXT-A-008-2,1055.45,2026-04-20T05:43:34+00:00,INTERNAL_TRANSFER
TX-N-08321,ACC-N-0501,ACC-B-03-B,5394.52,2026-04-16T14:52:37+00:00,INTERNAL_TRANSFER
TX-N-08322,EXT-A-033-2,EXT-A-040-4,995.06,2026-08-22T09:17:22+00:00,INTERNAL_TRANSFER
TX-N-08323,ACC-N-0894,EXT-A-037-1,2452.98,2026-03-28T00:45:37+00:00,WIRE
TX-N-08324,EXT-A-025-1,ACC-B-04-A,8163.13,2026-06-06T09:11:02+00:00,ATM
TX-N-08325,ACC-N-0807,ACC-N-0473,5077.23,2026-11-21T22:28:30+00:00,INTERNAL_TRANSFER
TX-N-08326,EXT-A-067-3,ACC-N-0609,2794.85,2026-02-06T05:20:09+00:00,INTERNAL_TRANSFER
TX-N-08327,ACC-N-0774,ACC-N-0917,612.6,2026-12-10T00:49:40+00:00,INTERNAL_TRANSFER
TX-N-08328,EXT-A-056-4,ACC-N-0946,2166.62,2026-09-10T03:21:25+00:00,INTERNAL_TRANSFER
TX-N-08329,EXT-A-014-2,ACC-N-0415,2525.45,2026-01-02T13:11:55+00:00,ATM
TX-N-08330,ACC-N-0921,ACC-N-0913,2496.96,2026-04-03T16:42:44+00:00,INTERNAL_TRANSFER
TX-N-08331,ACC-N-0963,ACC-N-0444,3438.26,2026-12-10T12:44:26+00:00,INTERNAL_TRANSFER
TX-N-08332,EXT-A-002-4,EXT-A-011-3,13406.82,2026-05-31T08:41:00+00:00,INTERNAL_TRANSFER
TX-N-08333,ACC-N-0961,ACC-N-0899,7172.73,2026-03-02T22:56:44+00:00,INTERNAL_TRANSFER
TX-N-08334,ACC-N-0515,EXT-A-020-3,5143.47,2026-07-16T19:31:41+00:00,INTERNAL_TRANSFER
TX-N-08335,ACC-N-0665,ACC-N-0734,1938.23,2026-03-09T21:36:33+00:00,INTERNAL_TRANSFER
TX-N-08336,ACC-N-0618,ACC-N-0529,2670.09,2026-07-30T02:55:55+00:00,INTERNAL_TRANSFER
TX-N-08337,ACC-N-0470,EXT-A-067-1,22753.09,2026-07-02T13:56:38+00:00,INTERNAL_TRANSFER
TX-N-08338,EXT-A-065-4,ACC-N-0711,6803.7,2026-06-28T15:20:11+00:00,INTERNAL_TRANSFER
TX-N-08339,ACC-B-04-C,ACC-B-03-B,11186.77,2026-02-17T03:01:42+00:00,WIRE
TX-N-08340,EXT-A-046-4,EXT-A-022-3,5679.38,2026-08-09T07:56:30+00:00,WIRE
TX-N-08341,ACC-B-C,ACC-N-0687,5732.22,2026-01-24T06:03:11+00:00,INTERNAL_TRANSFER
TX-N-08342,ACC-N-0596,EXT-A-067-1,3806.93,2026-04-15T08:25:48+00:00,INTERNAL_TRANSFER
TX-N-08343,ACC-N-0727,ACC-N-0951,9006.21,2026-01-28T19:41:59+00:00,INTERNAL_TRANSFER
TX-N-08344,EXT-A-064-2,ACC-N-0551,6121.75,2026-07-26T07:18:33+00:00,INTERNAL_TRANSFER
TX-N-08345,EXT-A-307484,ACC-N-0502,7023.34,2026-12-04T20:52:53+00:00,INTERNAL_TRANSFER
TX-N-08346,ACC-N-0882,EXT-A-024-4,755.28,2026-01-08T13:11:36+00:00,INTERNAL_TRANSFER
TX-N-08347,ACC-N-0640,EXT-A-003-2,6341.93,2026-04-06T21:04:39+00:00,WIRE
TX-N-08348,ACC-N-0998,EXT-A-015-1,2113.87,2026-11-28T11:39:43+00:00,INTERNAL_TRANSFER
TX-N-08349,EXT-A-064-2,EXT-A-045-3,8910.01,2026-01-16T15:38:21+00:00,INTERNAL_TRANSFER
TX-N-08350,ACC-N-0671,ACC-N-0920,7931.49,2026-03-22T11:39:18+00:00,INTERNAL_TRANSFER
TX-N-08351,EXT-A-063-1,ACC-N-0973,39541.39,2026-10-13T08:26:42+00:00,WIRE
TX-N-08352,EXT-A-071-3,ACC-N-0860,661.65,2026-05-13T19:45:52+00:00,INTERNAL_TRANSFER
TX-N-08353,EXT-A-004-1,ACC-N-0748,10071.25,2026-01-26T22:02:41+00:00,INTERNAL_TRANSFER
TX-N-08354,ACC-N-0677,EXT-A-012-2,4804.11,2026-07-14T21:09:14+00:00,INTERNAL_TRANSFER
TX-N-08355,EXT-A-068-2,ACC-N-0660,1986.4,2026-01-26T03:00:30+00:00,INTERNAL_TRANSFER
TX-N-08356,ACC-N-0733,ACC-N-0525,865.99,2026-09-29T02:42:23+00:00,INTERNAL_TRANSFER
TX-N-08357,ACC-N-0686,ACC-B-02-A,14757.81,2026-11-01T15:58:21+00:00,INTERNAL_TRANSFER
TX-N-08358,ACC-N-0878,EXT-A-068-4,1875.05,2026-11-28T17:10:34+00:00,INTERNAL_TRANSFER
TX-N-08359,EXT-A-028-3,ACC-N-0541,1276.88,2026-06-27T04:19:19+00:00,INTERNAL_TRANSFER
TX-N-08360,EXT-A-029-2,ACC-N-0896,3033.77,2026-04-11T02:52:24+00:00,INTERNAL_TRANSFER
TX-N-08361,EXT-A-020-1,EXT-A-012-3,2016.33,2026-02-01T23:09:49+00:00,INTERNAL_TRANSFER
TX-N-08362,ACC-N-0756,ACC-N-0613,924.29,2026-02-03T16:25:51+00:00,WIRE
TX-N-08363,EXT-A-040-3,ACC-N-0668,5035.59,2026-11-21T08:29:26+00:00,INTERNAL_TRANSFER
TX-N-08364,EXT-A-053-4,ACC-N-0666,21658.19,2026-10-30T04:08:11+00:00,INTERNAL_TRANSFER
TX-N-08365,ACC-N-0413,ACC-N-0971,6167.59,2026-11-30T09:38:06+00:00,INTERNAL_TRANSFER
TX-N-08366,ACC-N-0944,ACC-N-0723,1794.06,2026-06-15T12:38:39+00:00,INTERNAL_TRANSFER
TX-N-08367,ACC-N-0660,ACC-N-0511,4221.11,2026-06-29T07:58:51+00:00,INTERNAL_TRANSFER
TX-N-08368,EXT-A-033-3,ACC-N-0632,6374.69,2026-10-02T22:53:55+00:00,WIRE
TX-N-08369,ACC-N-0822,EXT-A-071-2,4434.68,2026-03-14T10:36:53+00:00,ATM
TX-N-08370,ACC-N-0964,EXT-A-012-4,1773.53,2026-02-02T18:21:23+00:00,WIRE
TX-N-08371,EXT-A-009-2,EXT-A-067-3,4275.22,2026-06-17T12:47:14+00:00,WIRE
TX-N-08372,ACC-N-0695,ACC-N-0832,3278.97,2026-07-09T09:09:34+00:00,INTERNAL_TRANSFER
TX-N-08373,EXT-A-035-1,EXT-A-063-4,2230.66,2026-06-10T01:35:48+00:00,INTERNAL_TRANSFER
TX-N-08374,ACC-N-0826,ACC-N-0847,12340.37,2026-08-08T07:35:40+00:00,INTERNAL_TRANSFER
TX-N-08375,EXT-A-047-3,EXT-A-034-1,6153.51,2026-12-17T05:24:01+00:00,INTERNAL_TRANSFER
TX-N-08376,ACC-N-0422,EXT-A-071-2,31528.58,2026-11-28T01:15:09+00:00,INTERNAL_TRANSFER
TX-N-08377,ACC-N-0711,ACC-N-0838,11706.82,2026-11-29T01:51:03+00:00,INTERNAL_TRANSFER
TX-N-08378,EXT-A-064-2,EXT-A-041-3,5109.59,2026-12-11T13:36:27+00:00,INTERNAL_TRANSFER
TX-N-08379,ACC-N-0517,ACC-N-0501,2400.35,2026-11-17T07:58:22+00:00,WIRE
TX-N-08380,ACC-N-0849,EXT-A-022-2,904.85,2026-05-08T18:53:33+00:00,WIRE
TX-N-08381,ACC-N-0878,ACC-N-0922,1956.9,2026-08-20T00:42:38+00:00,INTERNAL_TRANSFER
TX-N-08382,EXT-A-053-1,ACC-N-0847,2976.71,2026-06-14T21:53:22+00:00,INTERNAL_TRANSFER
TX-N-08383,ACC-N-0658,ACC-N-0595,6524.45,2026-01-18T04:25:01+00:00,INTERNAL_TRANSFER
TX-N-08384,ACC-N-0444,ACC-N-0673,3653.53,2026-07-07T12:43:30+00:00,WIRE
TX-N-08385,ACC-B-02-A,ACC-N-0869,1819.72,2026-07-02T23:44:34+00:00,INTERNAL_TRANSFER
TX-N-08386,ACC-N-0411,ACC-N-0551,2679.44,2026-12-08T06:50:05+00:00,WIRE
TX-N-08387,EXT-A-032-3,ACC-N-0909,6237.39,2026-08-24T05:24:19+00:00,WIRE
TX-N-08388,ACC-N-0462,EXT-A-034-1,452.3,2026-12-09T23:43:51+00:00,INTERNAL_TRANSFER
TX-N-08389,EXT-A-019-2,EXT-A-036-3,752.19,2026-05-03T12:12:24+00:00,INTERNAL_TRANSFER
TX-N-08390,ACC-N-0786,EXT-A-053-3,17284.99,2026-09-27T08:47:59+00:00,INTERNAL_TRANSFER
TX-N-08391,EXT-A-043-4,ACC-N-0535,405.07,2026-11-24T01:01:50+00:00,INTERNAL_TRANSFER
TX-N-08392,EXT-A-057-1,ACC-N-0422,2698.37,2026-11-10T09:13:25+00:00,WIRE
TX-N-08393,ACC-N-0856,EXT-A-005-3,406.93,2026-11-09T14:54:21+00:00,WIRE
TX-N-08394,ACC-N-0725,ACC-N-0528,1165.6,2026-02-22T08:03:14+00:00,INTERNAL_TRANSFER
TX-N-08395,ACC-N-0745,ACC-N-0630,1257.59,2026-06-05T19:53:33+00:00,ATM
TX-N-08396,EXT-A-044-4,ACC-N-0709,278.48,2026-06-02T22:00:46+00:00,INTERNAL_TRANSFER
TX-N-08397,ACC-N-0990,EXT-A-020-1,1595.67,2026-03-08T15:25:13+00:00,WIRE
TX-N-08398,ACC-N-0782,ACC-N-0529,7695.05,2026-01-06T03:33:57+00:00,INTERNAL_TRANSFER
TX-N-08399,EXT-A-020-2,ACC-N-0441,7588.8,2026-07-30T06:29:39+00:00,WIRE
TX-N-08400,EXT-A-069-1,EXT-A-068-3,3120.46,2026-01-14T17:55:01+00:00,INTERNAL_TRANSFER
TX-N-08401,EXT-A-025-3,ACC-N-0948,1355.18,2026-09-10T07:41:59+00:00,INTERNAL_TRANSFER
TX-N-08402,EXT-A-022-4,ACC-N-0609,21105.67,2026-10-13T22:58:40+00:00,INTERNAL_TRANSFER
TX-N-08403,ACC-N-0644,EXT-A-052-3,7923.07,2026-02-15T09:30:26+00:00,INTERNAL_TRANSFER
TX-N-08404,ACC-N-0645,ACC-N-0775,3769.78,2026-11-16T18:32:56+00:00,ATM
TX-N-08405,ACC-N-0513,EXT-A-018-3,6071.39,2026-01-02T11:22:18+00:00,WIRE
TX-N-08406,EXT-A-032-3,ACC-N-0561,7101.8,2026-04-13T07:23:15+00:00,ATM
TX-N-08407,ACC-N-0530,ACC-N-0773,386.02,2026-06-03T09:24:22+00:00,INTERNAL_TRANSFER
TX-N-08408,ACC-N-0630,ACC-N-0813,20450.04,2026-03-16T17:36:05+00:00,WIRE
TX-N-08409,EXT-A-035-1,EXT-A-045-1,1885.4,2026-01-06T23:59:42+00:00,WIRE
TX-N-08410,EXT-A-053-2,ACC-N-0462,12224.43,2026-08-25T20:04:40+00:00,INTERNAL_TRANSFER
TX-N-08411,ACC-N-0873,ACC-N-0695,964.45,2026-11-26T00:22:41+00:00,INTERNAL_TRANSFER
TX-N-08412,ACC-N-0949,EXT-A-053-4,11771.56,2026-01-28T06:10:18+00:00,ATM
TX-N-08413,ACC-N-0926,EXT-A-042-3,7806.89,2026-03-18T11:39:09+00:00,INTERNAL_TRANSFER
TX-N-08414,ACC-N-0406,ACC-N-0418,41580.89,2026-11-11T20:59:29+00:00,ATM
TX-N-08415,ACC-N-0864,ACC-B-02-A,9429.33,2026-06-12T02:06:05+00:00,INTERNAL_TRANSFER
TX-N-08416,EXT-A-033-2,ACC-N-0412,4876.08,2026-01-12T23:36:33+00:00,INTERNAL_TRANSFER
TX-N-08417,EXT-A-047-3,EXT-A-071-2,7890.08,2026-02-09T19:36:58+00:00,WIRE
TX-N-08418,ACC-N-0930,EXT-A-013-3,904.37,2026-12-17T11:12:00+00:00,INTERNAL_TRANSFER
TX-N-08419,EXT-A-031-2,EXT-A-041-2,12879.46,2026-06-18T11:10:37+00:00,INTERNAL_TRANSFER
TX-N-08420,ACC-N-0829,EXT-A-059-4,3644.99,2026-11-22T20:28:09+00:00,INTERNAL_TRANSFER
TX-N-08421,ACC-N-0737,ACC-N-0661,15070.44,2026-08-22T05:00:45+00:00,INTERNAL_TRANSFER
TX-N-08422,ACC-N-0503,EXT-A-026-4,3642.34,2026-05-04T19:45:44+00:00,WIRE
TX-N-08423,ACC-N-0575,EXT-A-039-2,9833.94,2026-07-01T02:45:08+00:00,INTERNAL_TRANSFER
TX-N-08424,ACC-N-0630,EXT-A-005-4,709.6,2026-06-27T00:23:01+00:00,INTERNAL_TRANSFER
TX-N-08425,EXT-A-011-3,ACC-N-0511,2752.77,2026-05-19T09:31:26+00:00,INTERNAL_TRANSFER
TX-N-08426,ACC-N-0641,EXT-A-067-2,4087.65,2026-04-13T14:52:04+00:00,WIRE
TX-N-08427,ACC-N-0994,EXT-A-011-1,5433.71,2026-07-22T16:46:15+00:00,WIRE
TX-N-08428,ACC-N-0925,EXT-A-066-4,1901.34,2026-07-28T11:23:48+00:00,INTERNAL_TRANSFER
TX-N-08429,EXT-A-059-3,ACC-N-0457,5233.63,2026-12-08T03:27:08+00:00,INTERNAL_TRANSFER
TX-N-08430,ACC-N-0694,ACC-N-0966,4337.35,2026-06-29T11:39:54+00:00,WIRE
TX-N-08431,ACC-N-0969,ACC-N-0629,122033.47,2026-05-11T00:35:52+00:00,INTERNAL_TRANSFER
TX-N-08432,ACC-N-0603,EXT-A-008-3,4899.99,2026-08-13T20:16:41+00:00,INTERNAL_TRANSFER
TX-N-08433,EXT-A-048-1,EXT-A-010-1,18333.67,2026-08-19T21:03:10+00:00,INTERNAL_TRANSFER
TX-N-08434,ACC-N-0977,ACC-N-0633,3393.64,2026-12-27T21:41:53+00:00,INTERNAL_TRANSFER
TX-N-08435,EXT-A-043-1,ACC-N-0588,2546.16,2026-06-28T06:54:59+00:00,ATM
TX-N-08436,EXT-A-002-2,EXT-A-064-2,5555.59,2026-05-26T17:41:22+00:00,INTERNAL_TRANSFER
TX-N-08437,ACC-N-0803,ACC-N-0392,12846.68,2026-03-17T00:37:09+00:00,INTERNAL_TRANSFER
TX-N-08438,ACC-N-0718,EXT-A-045-1,9343.22,2026-02-20T19:15:16+00:00,INTERNAL_TRANSFER
TX-N-08439,EXT-A-036-3,ACC-N-0835,10559.59,2026-07-16T13:35:12+00:00,INTERNAL_TRANSFER
TX-N-08440,EXT-A-066-3,EXT-A-017-4,8261.94,2026-04-12T06:30:46+00:00,WIRE
TX-N-08441,EXT-A-057-1,EXT-A-065-4,5638.08,2026-06-01T12:04:07+00:00,INTERNAL_TRANSFER
TX-N-08442,ACC-N-0995,EXT-A-065-3,6737.03,2026-05-30T00:25:34+00:00,INTERNAL_TRANSFER
TX-N-08443,ACC-C-PAY-02,ACC-N-0525,1182.92,2026-06-16T10:39:05+00:00,INTERNAL_TRANSFER
TX-N-08444,ACC-N-0839,ACC-N-0412,11949.67,2026-05-21T19:08:33+00:00,INTERNAL_TRANSFER
TX-N-08445,EXT-A-029-3,ACC-N-0438,5745.1,2026-04-15T00:57:04+00:00,INTERNAL_TRANSFER
TX-N-08446,ACC-N-0849,ACC-N-0405,5792.07,2026-04-02T16:18:42+00:00,INTERNAL_TRANSFER
TX-N-08447,ACC-N-0730,ACC-N-0497,1062.84,2026-08-12T06:14:34+00:00,INTERNAL_TRANSFER
TX-N-08448,EXT-A-033-3,ACC-C-PAY-02,7148.79,2026-05-23T10:48:41+00:00,INTERNAL_TRANSFER
TX-N-08449,EXT-A-016-2,ACC-N-0832,16091.48,2026-11-14T04:05:16+00:00,INTERNAL_TRANSFER
TX-N-08450,ACC-B-04-C,ACC-N-0658,595.26,2026-01-10T06:09:26+00:00,INTERNAL_TRANSFER
TX-N-08451,ACC-N-0464,ACC-N-0848,801.9,2026-03-05T07:03:57+00:00,INTERNAL_TRANSFER
TX-N-08452,ACC-N-0959,ACC-N-0663,82179.71,2026-05-10T20:44:36+00:00,INTERNAL_TRANSFER
TX-N-08453,EXT-A-036-2,EXT-A-042-1,8874.71,2026-11-05T20:30:20+00:00,INTERNAL_TRANSFER
TX-N-08454,ACC-N-0864,ACC-N-0959,3899.78,2026-07-13T05:42:05+00:00,INTERNAL_TRANSFER
TX-N-08455,ACC-N-0459,ACC-N-0789,5225.87,2026-09-18T06:24:23+00:00,INTERNAL_TRANSFER
TX-N-08456,EXT-A-046-3,ACC-N-0769,1247.88,2026-02-23T09:31:30+00:00,INTERNAL_TRANSFER
TX-N-08457,EXT-A-034-2,EXT-A-013-4,4362.68,2026-06-27T06:31:41+00:00,WIRE
TX-N-08458,ACC-N-0840,ACC-N-0922,471.58,2026-07-18T18:56:02+00:00,INTERNAL_TRANSFER
TX-N-08459,ACC-N-1000,ACC-N-0700,960.63,2026-11-19T17:36:34+00:00,ATM
TX-N-08460,EXT-A-037-1,ACC-N-0572,614.57,2026-11-17T08:35:46+00:00,WIRE
TX-N-08461,EXT-A-002-2,EXT-A-021-2,3101.65,2026-03-10T13:25:44+00:00,INTERNAL_TRANSFER
TX-N-08462,EXT-A-022-2,ACC-N-0838,4552.43,2026-11-05T13:33:05+00:00,WIRE
TX-N-08463,ACC-N-0734,ACC-N-0783,5124.16,2026-01-15T00:12:07+00:00,INTERNAL_TRANSFER
TX-N-08464,ACC-N-0977,ACC-N-0911,7206.63,2026-02-08T10:52:53+00:00,INTERNAL_TRANSFER
TX-N-08465,ACC-N-0742,EXT-A-070-3,9869.88,2026-12-01T02:48:16+00:00,INTERNAL_TRANSFER
TX-N-08466,ACC-N-0821,ACC-N-0625,1550.34,2026-03-16T11:30:46+00:00,INTERNAL_TRANSFER
TX-N-08467,ACC-N-0708,ACC-N-0684,3732.07,2026-04-14T20:34:41+00:00,ATM
TX-N-08468,EXT-A-063-2,ACC-N-0911,5800.16,2026-06-14T21:17:17+00:00,ATM
TX-N-08469,ACC-N-0821,EXT-A-014-1,4626.66,2026-08-10T06:00:27+00:00,INTERNAL_TRANSFER
TX-N-08470,ACC-N-0595,EXT-A-016-4,1058.77,2026-10-15T21:58:46+00:00,INTERNAL_TRANSFER
TX-N-08471,ACC-N-0816,ACC-N-0873,8515.59,2026-01-25T14:58:48+00:00,WIRE
TX-N-08472,ACC-N-0510,ACC-N-0918,1519.71,2026-09-26T02:49:33+00:00,INTERNAL_TRANSFER
TX-N-08473,ACC-N-0525,ACC-N-0839,5988.86,2026-08-02T19:54:28+00:00,INTERNAL_TRANSFER
TX-N-08474,ACC-N-0655,EXT-A-058-2,24198.6,2026-03-09T02:33:23+00:00,INTERNAL_TRANSFER
TX-N-08475,EXT-A-054-4,ACC-N-0817,4413.44,2026-01-20T04:18:31+00:00,INTERNAL_TRANSFER
TX-N-08476,EXT-A-035-3,EXT-A-011-1,8310.49,2026-11-23T01:57:17+00:00,INTERNAL_TRANSFER
TX-N-08477,ACC-N-0567,EXT-A-054-2,7156.03,2026-05-17T05:55:50+00:00,INTERNAL_TRANSFER
TX-N-08478,ACC-N-0619,EXT-A-010-2,2713.99,2026-03-24T16:36:27+00:00,INTERNAL_TRANSFER
TX-N-08479,ACC-N-0734,ACC-N-0985,33480.31,2026-02-03T08:14:08+00:00,INTERNAL_TRANSFER
TX-N-08480,ACC-N-0587,ACC-B-04-B,8117.37,2026-12-10T05:10:30+00:00,INTERNAL_TRANSFER
TX-N-08481,EXT-A-056-2,ACC-N-0808,5594.91,2026-12-29T19:40:47+00:00,WIRE
TX-N-08482,ACC-C-PAY-04,EXT-A-002-3,5760.29,2026-10-17T07:08:23+00:00,INTERNAL_TRANSFER
TX-N-08483,EXT-A-024-3,ACC-N-0987,43227.48,2026-06-11T08:45:06+00:00,INTERNAL_TRANSFER
TX-N-08484,EXT-A-052-3,ACC-B-A,5483.9,2026-07-13T19:45:05+00:00,INTERNAL_TRANSFER
TX-N-08485,ACC-N-0410,EXT-A-018-2,36154.54,2026-10-10T04:18:34+00:00,INTERNAL_TRANSFER
TX-N-08486,ACC-N-0994,ACC-N-0515,2378.99,2026-10-30T20:11:38+00:00,ATM
TX-N-08487,EXT-A-040-1,EXT-A-009-1,12015.33,2026-07-29T07:43:56+00:00,INTERNAL_TRANSFER
TX-N-08488,EXT-A-060-2,ACC-N-0495,6051.99,2026-10-24T06:06:24+00:00,WIRE
TX-N-08489,ACC-N-0734,ACC-N-0645,2844.62,2026-01-26T07:20:49+00:00,INTERNAL_TRANSFER
TX-N-08490,ACC-N-0780,ACC-N-0411,1437.43,2026-06-21T10:08:12+00:00,INTERNAL_TRANSFER
TX-N-08491,ACC-N-0717,ACC-N-0463,1527.23,2026-01-19T05:04:34+00:00,ATM
TX-N-08492,ACC-N-0443,EXT-A-041-2,628.71,2026-03-23T05:01:37+00:00,INTERNAL_TRANSFER
TX-N-08493,ACC-N-0489,EXT-A-034-1,5113.09,2026-03-23T16:27:48+00:00,WIRE
TX-N-08494,ACC-N-0772,ACC-N-0616,3461.51,2026-10-04T11:10:04+00:00,WIRE
TX-N-08495,EXT-A-002-1,EXT-A-012-2,2892.86,2026-11-04T10:59:58+00:00,WIRE
TX-N-08496,EXT-A-043-1,ACC-B-04-A,2163.8,2026-08-27T17:37:32+00:00,INTERNAL_TRANSFER
TX-N-08497,ACC-N-0703,ACC-N-0724,5017.26,2026-02-23T19:52:36+00:00,INTERNAL_TRANSFER
TX-N-08498,EXT-A-069-3,EXT-A-060-2,2213.33,2026-06-30T08:46:38+00:00,INTERNAL_TRANSFER
TX-N-08499,ACC-N-0967,ACC-N-0875,3855.59,2026-02-02T10:18:06+00:00,WIRE
TX-N-08500,ACC-N-0746,EXT-A-057-1,4369.52,2026-08-01T13:55:57+00:00,INTERNAL_TRANSFER
TX-N-08501,EXT-A-062-1,ACC-N-0392,14631.92,2026-10-01T05:28:33+00:00,INTERNAL_TRANSFER
TX-N-08502,ACC-C-HNW-06,ACC-N-0993,3225.38,2026-11-06T20:17:24+00:00,WIRE
TX-N-08503,EXT-A-036-4,ACC-N-0885,44760.44,2026-03-26T20:57:36+00:00,INTERNAL_TRANSFER
TX-N-08504,EXT-A-041-4,ACC-N-0716,4608.72,2026-08-25T19:01:12+00:00,INTERNAL_TRANSFER
TX-N-08505,EXT-A-043-2,ACC-N-0620,11523.49,2026-01-09T00:04:43+00:00,INTERNAL_TRANSFER
TX-N-08506,EXT-A-067-1,ACC-N-0781,19364.01,2026-09-16T09:25:20+00:00,INTERNAL_TRANSFER
TX-N-08507,ACC-N-0397,ACC-N-0698,2710.37,2026-01-10T13:45:31+00:00,INTERNAL_TRANSFER
TX-N-08508,EXT-A-072-2,ACC-N-0828,31458.53,2026-10-01T11:16:11+00:00,INTERNAL_TRANSFER
TX-N-08509,ACC-N-0972,ACC-N-0920,10486.25,2026-12-04T00:49:59+00:00,INTERNAL_TRANSFER
TX-N-08510,EXT-A-064-2,ACC-N-0408,2750.95,2026-09-25T00:39:42+00:00,ATM
TX-N-08511,ACC-N-0580,EXT-A-010-1,18864.49,2026-06-06T20:45:03+00:00,INTERNAL_TRANSFER
TX-N-08512,ACC-N-0963,EXT-A-021-4,92254.66,2026-08-06T15:24:52+00:00,INTERNAL_TRANSFER
TX-N-08513,ACC-N-0942,EXT-A-042-1,736.13,2026-08-08T17:49:55+00:00,INTERNAL_TRANSFER
TX-N-08514,ACC-N-0689,EXT-A-007-3,3656.56,2026-05-17T22:57:04+00:00,INTERNAL_TRANSFER
TX-N-08515,EXT-A-026-2,ACC-N-0639,1688.13,2026-06-11T09:41:24+00:00,ATM
TX-N-08516,EXT-A-025-2,EXT-A-014-1,4416.74,2026-03-17T00:19:15+00:00,INTERNAL_TRANSFER
TX-N-08517,ACC-N-0422,ACC-N-0408,3487.92,2026-01-12T17:28:28+00:00,WIRE
TX-N-08518,EXT-A-006-2,EXT-A-007-2,4769.66,2026-05-06T20:05:39+00:00,INTERNAL_TRANSFER
TX-N-08519,ACC-N-0968,ACC-N-0765,4332.25,2026-01-18T04:07:23+00:00,INTERNAL_TRANSFER
TX-N-08520,EXT-A-014-2,ACC-N-0926,2933.07,2026-12-07T04:48:16+00:00,INTERNAL_TRANSFER
TX-N-08521,ACC-N-0797,ACC-N-0927,5029.43,2026-05-27T04:02:02+00:00,INTERNAL_TRANSFER
TX-N-08522,ACC-N-0478,ACC-N-0618,3125.47,2026-09-22T02:42:34+00:00,ATM
TX-N-08523,ACC-N-0456,ACC-N-0958,6193.85,2026-03-13T22:16:12+00:00,WIRE
TX-N-08524,ACC-N-0613,ACC-N-0958,4854.42,2026-04-05T15:51:39+00:00,INTERNAL_TRANSFER
TX-N-08525,EXT-A-033-4,EXT-A-067-3,2807.63,2026-10-30T02:48:55+00:00,INTERNAL_TRANSFER
TX-N-08526,ACC-N-0745,ACC-N-0612,5578.95,2026-12-30T01:05:00+00:00,INTERNAL_TRANSFER
TX-N-08527,EXT-A-051-4,EXT-A-021-4,3012.66,2026-03-09T08:53:49+00:00,INTERNAL_TRANSFER
TX-N-08528,EXT-A-052-4,EXT-A-038-4,387.6,2026-08-31T10:15:22+00:00,INTERNAL_TRANSFER
TX-N-08529,ACC-N-0502,ACC-N-0543,4600.36,2026-02-18T05:07:38+00:00,INTERNAL_TRANSFER
TX-N-08530,ACC-B-A,ACC-N-0837,1565.62,2026-07-12T01:40:58+00:00,INTERNAL_TRANSFER
TX-N-08531,ACC-N-0772,ACC-B-03-A,4199.92,2026-06-09T07:48:50+00:00,INTERNAL_TRANSFER
TX-N-08532,EXT-A-071-4,ACC-N-0808,3482.02,2026-01-21T00:01:30+00:00,ATM
TX-N-08533,EXT-A-046-4,ACC-N-0403,13487.16,2026-02-06T18:48:02+00:00,WIRE
TX-N-08534,EXT-A-043-4,ACC-N-0467,1114.09,2026-07-05T06:16:42+00:00,WIRE
TX-N-08535,ACC-N-0708,ACC-N-0934,3403.6,2026-03-08T04:23:25+00:00,WIRE
TX-N-08536,ACC-N-0811,ACC-N-0930,2800.02,2026-11-17T18:02:02+00:00,INTERNAL_TRANSFER
TX-N-08537,ACC-N-0666,EXT-A-010-4,1464.73,2026-01-28T11:43:13+00:00,INTERNAL_TRANSFER
TX-N-08538,EXT-A-019-2,ACC-N-0443,6525.26,2026-07-23T07:34:41+00:00,INTERNAL_TRANSFER
TX-N-08539,ACC-N-0629,ACC-N-0981,3107.25,2026-03-27T20:09:51+00:00,INTERNAL_TRANSFER
TX-N-08540,ACC-N-1000,ACC-N-0966,34363.69,2026-06-26T13:47:29+00:00,INTERNAL_TRANSFER
TX-N-08541,ACC-N-0579,ACC-N-0647,2719.34,2026-06-22T10:59:13+00:00,INTERNAL_TRANSFER
TX-N-08542,ACC-N-0869,ACC-N-0425,6125.99,2026-06-24T14:11:23+00:00,INTERNAL_TRANSFER
TX-N-08543,ACC-N-0543,ACC-N-0537,8837.59,2026-02-07T10:58:18+00:00,INTERNAL_TRANSFER
TX-N-08544,ACC-N-0999,ACC-N-0684,10308.65,2026-01-18T18:12:06+00:00,INTERNAL_TRANSFER
TX-N-08545,ACC-N-0527,ACC-N-0851,2750.92,2026-06-18T08:26:13+00:00,INTERNAL_TRANSFER
TX-N-08546,ACC-N-0506,EXT-A-058-1,2157.74,2026-07-20T03:17:45+00:00,INTERNAL_TRANSFER
TX-N-08547,ACC-N-0899,ACC-N-0615,2316.07,2026-01-15T03:09:53+00:00,ATM
TX-N-08548,EXT-A-024-4,ACC-N-0502,2592.17,2026-10-20T23:43:26+00:00,INTERNAL_TRANSFER
TX-N-08549,EXT-A-060-4,ACC-N-0520,1547.08,2026-12-19T21:43:47+00:00,WIRE
TX-N-08550,EXT-A-006-3,EXT-A-005-1,33947.7,2026-07-17T12:49:45+00:00,INTERNAL_TRANSFER
TX-N-08551,ACC-N-0457,EXT-A-031-4,13178.52,2026-08-26T18:35:20+00:00,INTERNAL_TRANSFER
TX-N-08552,EXT-A-028-2,EXT-A-053-3,2080.05,2026-06-04T01:07:20+00:00,INTERNAL_TRANSFER
TX-N-08553,EXT-A-012-4,ACC-N-0724,3223.91,2026-12-31T04:29:26+00:00,INTERNAL_TRANSFER
TX-N-08554,EXT-A-057-2,EXT-A-050-3,2695.06,2026-08-16T22:25:45+00:00,INTERNAL_TRANSFER
TX-N-08555,ACC-N-0612,ACC-N-0909,6449.6,2026-05-31T08:25:52+00:00,WIRE
TX-N-08556,ACC-N-0696,ACC-N-0708,35564.02,2026-05-30T22:31:59+00:00,WIRE
TX-N-08557,ACC-N-0657,EXT-A-053-3,6567.22,2026-02-23T22:29:34+00:00,INTERNAL_TRANSFER
TX-N-08558,EXT-A-067-4,ACC-N-0809,18179.52,2026-08-29T22:41:24+00:00,WIRE
TX-N-08559,ACC-N-0459,ACC-N-0480,6299.04,2026-07-12T16:13:36+00:00,INTERNAL_TRANSFER
TX-N-08560,ACC-N-0674,ACC-N-0424,799.27,2026-11-05T16:14:01+00:00,INTERNAL_TRANSFER
TX-N-08561,ACC-C-PAY-04,EXT-A-008-3,4514.22,2026-06-25T07:05:06+00:00,INTERNAL_TRANSFER
TX-N-08562,ACC-N-0535,EXT-A-014-4,8937.56,2026-02-20T16:08:41+00:00,INTERNAL_TRANSFER
TX-N-08563,ACC-N-0398,ACC-N-0816,47597.03,2026-06-16T21:35:15+00:00,INTERNAL_TRANSFER
TX-N-08564,ACC-N-0674,ACC-B-04-A,28467.8,2026-01-22T22:47:06+00:00,INTERNAL_TRANSFER
TX-N-08565,EXT-A-007-2,ACC-N-0612,62460.87,2026-10-19T21:01:45+00:00,INTERNAL_TRANSFER
TX-N-08566,ACC-N-0486,ACC-N-0504,1862.25,2026-11-06T16:59:34+00:00,WIRE
TX-N-08567,ACC-N-0960,ACC-N-0641,514.99,2026-05-10T15:40:48+00:00,INTERNAL_TRANSFER
TX-N-08568,ACC-N-0480,EXT-A-055-4,7600.05,2026-07-20T22:03:46+00:00,INTERNAL_TRANSFER
TX-N-08569,ACC-N-0924,EXT-A-017-3,6392.61,2026-03-01T22:03:57+00:00,ATM
TX-N-08570,EXT-A-019-1,ACC-N-0973,2053.33,2026-06-28T14:24:43+00:00,WIRE
TX-N-08571,ACC-N-0956,ACC-N-0434,7220.43,2026-12-26T07:30:14+00:00,INTERNAL_TRANSFER
TX-N-08572,EXT-A-047-1,EXT-A-054-1,22075.96,2026-10-06T12:23:56+00:00,ATM
TX-N-08573,ACC-N-0489,ACC-N-0605,797.01,2026-02-28T16:00:45+00:00,INTERNAL_TRANSFER
TX-N-08574,EXT-A-867458,EXT-A-003-3,1342.07,2026-01-30T17:54:50+00:00,INTERNAL_TRANSFER
TX-N-08575,ACC-N-0476,ACC-N-0942,9126.07,2026-12-11T17:15:37+00:00,ATM
TX-N-08576,ACC-N-0864,EXT-A-027-1,3077.13,2026-02-04T13:17:19+00:00,INTERNAL_TRANSFER
TX-N-08577,EXT-A-014-4,ACC-N-0919,15946.37,2026-11-03T12:56:35+00:00,INTERNAL_TRANSFER
TX-N-08578,ACC-N-0766,ACC-B-04-C,3959.12,2026-05-03T21:34:42+00:00,INTERNAL_TRANSFER
TX-N-08579,ACC-N-0571,ACC-N-0451,3776.14,2026-01-16T23:23:13+00:00,INTERNAL_TRANSFER
TX-N-08580,ACC-N-0557,ACC-N-0593,10858.55,2026-05-28T20:37:00+00:00,INTERNAL_TRANSFER
TX-N-08581,EXT-A-064-3,ACC-B-A,1601.51,2026-10-09T05:32:42+00:00,INTERNAL_TRANSFER
TX-N-08582,ACC-N-0726,ACC-N-0430,9754.56,2026-06-06T23:51:10+00:00,WIRE
TX-N-08583,ACC-N-0797,ACC-N-0865,18944.56,2026-07-12T05:55:30+00:00,INTERNAL_TRANSFER
TX-N-08584,ACC-N-0938,EXT-A-037-4,6275.94,2026-05-13T13:17:23+00:00,INTERNAL_TRANSFER
TX-N-08585,EXT-A-027-2,ACC-N-0556,4535.43,2026-08-21T07:46:14+00:00,INTERNAL_TRANSFER
TX-N-08586,ACC-N-0887,ACC-N-0885,6584.71,2026-06-15T10:42:21+00:00,WIRE
TX-N-08587,EXT-A-044-3,ACC-N-0940,1629.84,2026-09-26T06:30:25+00:00,INTERNAL_TRANSFER
TX-N-08588,ACC-N-0673,EXT-A-015-3,4077.21,2026-08-31T21:09:26+00:00,INTERNAL_TRANSFER
TX-N-08589,ACC-N-0714,ACC-N-0946,5066.44,2026-04-05T03:32:52+00:00,INTERNAL_TRANSFER
TX-N-08590,ACC-N-0900,EXT-A-016-4,22691.47,2026-04-19T14:47:31+00:00,INTERNAL_TRANSFER
TX-N-08591,EXT-A-005-1,ACC-N-0952,3242.43,2026-05-19T18:16:26+00:00,INTERNAL_TRANSFER
TX-N-08592,ACC-C-PAY-10,ACC-N-0470,26141.63,2026-12-01T23:09:54+00:00,ATM
TX-N-08593,EXT-A-044-1,EXT-A-064-4,2266.83,2026-12-29T18:30:37+00:00,WIRE
TX-N-08594,ACC-N-0676,ACC-N-0428,25793.62,2026-04-01T18:19:47+00:00,ATM
TX-N-08595,EXT-A-007-4,ACC-N-0961,3457.77,2026-01-06T04:06:01+00:00,INTERNAL_TRANSFER
TX-N-08596,EXT-A-007-3,ACC-N-0851,10340.39,2026-08-12T01:17:10+00:00,INTERNAL_TRANSFER
TX-N-08597,ACC-C-HNW-04,ACC-N-0951,10115.82,2026-04-11T15:55:27+00:00,ATM
TX-N-08598,EXT-A-012-1,ACC-N-0714,3258.83,2026-11-22T14:56:21+00:00,WIRE
TX-N-08599,ACC-N-0439,ACC-N-0692,378.55,2026-11-11T17:03:18+00:00,INTERNAL_TRANSFER
TX-N-08600,EXT-A-052-4,ACC-N-0774,969.82,2026-10-27T21:50:01+00:00,INTERNAL_TRANSFER
TX-N-08601,ACC-N-0650,ACC-N-0683,12223.07,2026-07-22T21:02:13+00:00,INTERNAL_TRANSFER
TX-N-08602,ACC-N-0544,ACC-N-0890,1433.76,2026-12-27T21:42:33+00:00,WIRE
TX-N-08603,ACC-N-0745,EXT-A-055-1,7580.7,2026-08-23T15:09:07+00:00,INTERNAL_TRANSFER
TX-N-08604,EXT-A-030-2,EXT-A-050-1,3741.5,2026-01-31T11:46:58+00:00,INTERNAL_TRANSFER
TX-N-08605,ACC-N-0527,ACC-N-0754,19111.78,2026-07-11T16:49:31+00:00,INTERNAL_TRANSFER
TX-N-08606,ACC-N-0814,ACC-N-0528,3000.7,2026-02-26T14:49:53+00:00,INTERNAL_TRANSFER
TX-N-08607,ACC-N-0438,EXT-A-066-3,7661.44,2026-05-30T16:38:22+00:00,WIRE
TX-N-08608,EXT-A-033-2,ACC-N-0715,3900.46,2026-08-30T16:28:22+00:00,INTERNAL_TRANSFER
TX-N-08609,ACC-N-0659,EXT-A-022-4,15375.04,2026-10-25T03:51:47+00:00,INTERNAL_TRANSFER
TX-N-08610,ACC-N-0477,ACC-N-0806,6692.65,2026-06-20T22:30:36+00:00,WIRE
TX-N-08611,EXT-A-011-2,EXT-A-015-1,14803.92,2026-02-06T21:16:14+00:00,ATM
TX-N-08612,EXT-A-026-4,ACC-N-0705,876.87,2026-06-13T08:30:04+00:00,INTERNAL_TRANSFER
TX-N-08613,EXT-A-035-2,ACC-N-0406,9262.42,2026-04-10T14:05:46+00:00,INTERNAL_TRANSFER
TX-N-08614,EXT-A-050-1,ACC-N-0847,767.66,2026-10-14T20:49:18+00:00,INTERNAL_TRANSFER
TX-N-08615,ACC-N-0853,EXT-A-069-3,2308.01,2026-08-27T09:45:02+00:00,INTERNAL_TRANSFER
TX-N-08616,EXT-A-011-3,ACC-N-0866,11953.9,2026-12-25T23:43:52+00:00,ATM
TX-N-08617,EXT-A-052-4,ACC-N-0732,6197.05,2026-12-22T07:42:31+00:00,WIRE
TX-N-08618,ACC-N-0596,ACC-N-0809,8236.05,2026-07-03T14:01:55+00:00,WIRE
TX-N-08619,ACC-N-0535,ACC-N-0410,3290.1,2026-07-02T23:04:15+00:00,ATM
TX-N-08620,ACC-N-0833,ACC-N-0546,666.19,2026-05-31T20:01:15+00:00,WIRE
TX-N-08621,EXT-A-062-3,EXT-A-056-1,11965.01,2026-04-12T19:05:35+00:00,INTERNAL_TRANSFER
TX-N-08622,ACC-N-0536,ACC-N-0612,844.6,2026-04-27T15:57:13+00:00,INTERNAL_TRANSFER
TX-N-08623,ACC-N-0547,ACC-N-0459,4332.27,2026-04-04T09:59:37+00:00,INTERNAL_TRANSFER
TX-N-08624,ACC-N-0689,ACC-N-0648,31672.87,2026-02-22T23:00:33+00:00,INTERNAL_TRANSFER
TX-N-08625,ACC-N-0735,EXT-A-028-4,2111.18,2026-03-06T12:01:15+00:00,WIRE
TX-N-08626,EXT-A-024-4,ACC-N-0957,935.83,2026-09-23T09:35:38+00:00,WIRE
TX-N-08627,ACC-N-0839,ACC-C-HNW-05,2849.6,2026-01-15T13:44:01+00:00,INTERNAL_TRANSFER
TX-N-08628,EXT-A-066-3,EXT-A-011-4,8174.94,2026-07-17T13:18:34+00:00,WIRE
TX-N-08629,ACC-N-0790,ACC-B-04-B,1709.19,2026-01-11T09:55:42+00:00,WIRE
TX-N-08630,EXT-A-027-2,ACC-N-0696,7158.54,2026-09-03T22:11:12+00:00,INTERNAL_TRANSFER
TX-N-08631,ACC-N-0780,EXT-A-034-2,3163.72,2026-07-13T15:11:57+00:00,INTERNAL_TRANSFER
TX-N-08632,EXT-A-005-4,ACC-N-0788,39437.58,2026-10-02T17:17:57+00:00,INTERNAL_TRANSFER
TX-N-08633,ACC-N-0563,ACC-N-0406,12867.02,2026-02-16T08:57:34+00:00,INTERNAL_TRANSFER
TX-N-08634,EXT-A-042-3,EXT-A-029-3,4187.45,2026-01-19T13:51:49+00:00,INTERNAL_TRANSFER
TX-N-08635,EXT-A-008-2,EXT-A-014-3,3802.02,2026-04-04T23:05:34+00:00,INTERNAL_TRANSFER
TX-N-08636,ACC-N-0765,EXT-A-067-3,4214.75,2026-06-04T22:11:35+00:00,WIRE
TX-N-08637,ACC-N-0402,EXT-A-034-1,4132.72,2026-01-26T11:40:15+00:00,ATM
TX-N-08638,EXT-A-007-1,EXT-A-034-1,3666.66,2026-01-16T20:51:58+00:00,ATM
TX-N-08639,ACC-N-0813,ACC-N-0847,5016.45,2026-02-20T22:27:43+00:00,INTERNAL_TRANSFER
TX-N-08640,ACC-N-0551,ACC-N-0775,5190.94,2026-02-11T04:54:23+00:00,INTERNAL_TRANSFER
TX-N-08641,ACC-N-0661,ACC-N-0836,4921.44,2026-05-06T09:56:57+00:00,INTERNAL_TRANSFER
TX-N-08642,EXT-A-003-2,ACC-N-0871,20481.17,2026-12-03T03:13:53+00:00,WIRE
TX-N-08643,ACC-N-0887,ACC-N-0893,8022.73,2026-03-16T15:33:23+00:00,INTERNAL_TRANSFER
TX-N-08644,ACC-N-0692,ACC-N-0796,3159.27,2026-02-24T12:25:54+00:00,WIRE
TX-N-08645,ACC-N-0426,ACC-N-0626,5921.73,2026-09-16T12:09:47+00:00,INTERNAL_TRANSFER
TX-N-08646,ACC-N-0979,ACC-N-0851,2019.14,2026-06-03T00:04:01+00:00,INTERNAL_TRANSFER
TX-N-08647,ACC-C-PAY-11,ACC-N-0708,9179.77,2026-10-11T14:47:15+00:00,INTERNAL_TRANSFER
TX-N-08648,ACC-N-0484,ACC-N-0464,6436.53,2026-11-27T15:26:34+00:00,INTERNAL_TRANSFER
TX-N-08649,EXT-A-036-3,ACC-N-0663,2809.38,2026-06-21T09:43:55+00:00,INTERNAL_TRANSFER
TX-N-08650,ACC-N-0804,ACC-N-0891,27106.58,2026-06-27T12:59:32+00:00,INTERNAL_TRANSFER
TX-N-08651,ACC-N-0852,ACC-N-0949,1640.59,2026-05-12T23:38:42+00:00,ATM
TX-N-08652,ACC-N-0717,ACC-N-0590,3320.8,2026-06-20T07:55:14+00:00,WIRE
TX-N-08653,EXT-A-038-3,EXT-A-019-3,2127.99,2026-04-17T10:15:50+00:00,INTERNAL_TRANSFER
TX-N-08654,ACC-N-0549,EXT-A-012-4,3829.1,2026-01-28T21:48:09+00:00,INTERNAL_TRANSFER
TX-N-08655,EXT-A-036-2,ACC-N-0828,10030.27,2026-11-22T11:07:04+00:00,INTERNAL_TRANSFER
TX-N-08656,ACC-N-0550,ACC-N-0969,10785.89,2026-08-18T10:33:07+00:00,INTERNAL_TRANSFER
TX-N-08657,EXT-A-033-1,EXT-A-024-2,6586.35,2026-05-22T03:46:40+00:00,INTERNAL_TRANSFER
TX-N-08658,ACC-N-0976,ACC-N-0696,2746.36,2026-10-20T07:10:10+00:00,WIRE
TX-N-08659,ACC-N-0701,ACC-N-0572,29034.03,2026-06-24T18:17:01+00:00,INTERNAL_TRANSFER
TX-N-08660,ACC-N-0430,ACC-N-0528,5097.95,2026-09-13T23:54:14+00:00,INTERNAL_TRANSFER
TX-N-08661,ACC-N-0807,ACC-N-0745,862.42,2026-06-23T20:29:29+00:00,WIRE
TX-N-08662,ACC-N-0516,EXT-A-038-4,47199.35,2026-04-13T15:55:29+00:00,INTERNAL_TRANSFER
TX-N-08663,ACC-N-0995,EXT-A-064-1,7136.55,2026-01-12T00:57:04+00:00,INTERNAL_TRANSFER
TX-N-08664,ACC-N-0497,EXT-A-067-1,252.92,2026-11-26T08:25:31+00:00,INTERNAL_TRANSFER
TX-N-08665,ACC-N-0656,ACC-N-0675,3876.87,2026-10-22T09:46:29+00:00,INTERNAL_TRANSFER
TX-N-08666,EXT-A-042-3,ACC-N-0598,1930.41,2026-03-16T17:20:10+00:00,INTERNAL_TRANSFER
TX-N-08667,EXT-A-010-3,ACC-N-0456,17467.05,2026-03-14T00:21:25+00:00,INTERNAL_TRANSFER
TX-N-08668,ACC-N-0900,ACC-N-0606,1692.54,2026-02-11T09:53:23+00:00,WIRE
TX-N-08669,ACC-N-0678,ACC-N-0860,12574.45,2026-07-14T11:35:11+00:00,INTERNAL_TRANSFER
TX-N-08670,ACC-N-0429,EXT-A-015-3,6393.3,2026-04-05T00:51:21+00:00,INTERNAL_TRANSFER
TX-N-08671,ACC-N-0603,ACC-N-0815,3364.83,2026-12-12T14:10:28+00:00,ATM
TX-N-08672,EXT-A-041-4,EXT-A-056-3,3227.49,2026-05-06T08:46:15+00:00,INTERNAL_TRANSFER
TX-N-08673,EXT-A-035-1,EXT-A-037-3,3356.99,2026-03-21T07:07:12+00:00,INTERNAL_TRANSFER
TX-N-08674,ACC-N-0746,ACC-C-PAY-07,15360.36,2026-10-30T15:20:04+00:00,ATM
TX-N-08675,ACC-C-PAY-08,ACC-N-0761,8777.97,2026-12-27T13:58:10+00:00,INTERNAL_TRANSFER
TX-N-08676,ACC-N-0872,ACC-N-0583,7389.23,2026-01-04T02:39:49+00:00,INTERNAL_TRANSFER
TX-N-08677,ACC-N-0756,ACC-N-0773,6198.81,2026-11-14T13:58:18+00:00,INTERNAL_TRANSFER
TX-N-08678,ACC-N-0613,ACC-N-0528,5664.23,2026-05-12T18:12:41+00:00,INTERNAL_TRANSFER
TX-N-08679,ACC-N-0706,ACC-N-0483,10619.72,2026-03-14T11:44:12+00:00,WIRE
TX-N-08680,ACC-N-0534,ACC-B-04-C,9346.34,2026-04-02T06:09:07+00:00,INTERNAL_TRANSFER
TX-N-08681,EXT-A-047-4,EXT-A-057-2,4390.81,2026-03-09T00:04:38+00:00,ATM
TX-N-08682,ACC-N-0526,ACC-N-0735,1632.63,2026-10-20T18:20:51+00:00,ATM
TX-N-08683,EXT-A-020-2,ACC-N-0864,10867.88,2026-04-18T07:57:17+00:00,ATM
TX-N-08684,ACC-N-0578,ACC-N-0640,3376.93,2026-10-08T16:59:54+00:00,INTERNAL_TRANSFER
TX-N-08685,ACC-N-0698,EXT-A-016-1,5879.92,2026-08-03T17:16:38+00:00,INTERNAL_TRANSFER
TX-N-08686,EXT-A-029-2,ACC-N-0641,2734.04,2026-12-25T02:38:38+00:00,WIRE
TX-N-08687,ACC-N-0846,ACC-N-0819,7670.05,2026-01-08T16:54:12+00:00,ATM
TX-N-08688,EXT-A-017-2,ACC-N-0960,5143.43,2026-08-09T02:47:14+00:00,INTERNAL_TRANSFER
TX-N-08689,ACC-N-0727,EXT-A-011-4,2862.08,2026-03-31T16:24:26+00:00,INTERNAL_TRANSFER
TX-N-08690,EXT-A-008-1,ACC-N-0733,12344.02,2026-08-31T14:50:24+00:00,WIRE
TX-N-08691,ACC-N-0911,EXT-A-029-1,9042.98,2026-02-06T18:17:57+00:00,INTERNAL_TRANSFER
TX-N-08692,ACC-N-0576,EXT-A-006-1,2986.36,2026-06-08T00:31:10+00:00,INTERNAL_TRANSFER
TX-N-08693,ACC-N-0689,EXT-A-004-2,1887.74,2026-08-07T14:02:51+00:00,INTERNAL_TRANSFER
TX-N-08694,EXT-A-050-2,ACC-N-0891,1659.16,2026-04-19T19:29:24+00:00,INTERNAL_TRANSFER
TX-N-08695,ACC-N-0619,ACC-N-0960,4712.29,2026-01-15T16:10:06+00:00,WIRE
TX-N-08696,ACC-N-0818,EXT-A-027-2,11530.53,2026-06-25T01:22:21+00:00,INTERNAL_TRANSFER
TX-N-08697,EXT-A-012-1,EXT-A-055-2,1757.63,2026-10-14T01:32:47+00:00,INTERNAL_TRANSFER
TX-N-08698,ACC-N-0846,EXT-A-054-3,8414.09,2026-09-22T07:02:39+00:00,INTERNAL_TRANSFER
TX-N-08699,ACC-N-0687,EXT-A-020-1,5988.28,2026-11-29T01:52:50+00:00,INTERNAL_TRANSFER
TX-N-08700,ACC-N-0719,ACC-N-0498,20774.73,2026-04-07T06:05:00+00:00,INTERNAL_TRANSFER
TX-N-08701,EXT-A-048-2,EXT-A-006-1,10713.96,2026-02-05T05:08:26+00:00,ATM
TX-N-08702,EXT-A-002-3,ACC-N-0875,9390.9,2026-01-09T08:45:55+00:00,WIRE
TX-N-08703,ACC-N-0929,EXT-A-018-4,1737.7,2026-06-23T00:36:27+00:00,INTERNAL_TRANSFER
TX-N-08704,ACC-N-0998,ACC-N-0608,2148.56,2026-06-25T04:11:56+00:00,INTERNAL_TRANSFER
TX-N-08705,ACC-N-0948,EXT-A-034-4,4677.34,2026-06-30T17:26:30+00:00,INTERNAL_TRANSFER
TX-N-08706,ACC-N-0670,EXT-A-003-2,808.54,2026-08-14T06:32:19+00:00,INTERNAL_TRANSFER
TX-N-08707,EXT-A-060-2,EXT-A-031-2,6486.55,2026-11-27T16:47:51+00:00,WIRE
TX-N-08708,EXT-A-069-3,ACC-N-0708,6718.19,2026-09-23T09:55:52+00:00,INTERNAL_TRANSFER
TX-N-08709,ACC-N-0589,ACC-N-0521,1038.44,2026-10-27T21:03:47+00:00,INTERNAL_TRANSFER
TX-N-08710,ACC-N-0739,EXT-A-008-2,6433.34,2026-03-22T00:13:50+00:00,INTERNAL_TRANSFER
TX-N-08711,ACC-N-0909,ACC-N-0896,2896.8,2026-05-10T02:48:44+00:00,INTERNAL_TRANSFER
TX-N-08712,ACC-N-0971,EXT-A-035-3,3870.39,2026-04-08T03:09:04+00:00,INTERNAL_TRANSFER
TX-N-08713,EXT-A-034-3,EXT-A-063-2,984.49,2026-04-14T22:08:47+00:00,INTERNAL_TRANSFER
TX-N-08714,EXT-A-059-4,EXT-A-062-4,16117.5,2026-09-11T10:55:29+00:00,INTERNAL_TRANSFER
TX-N-08715,EXT-A-043-2,ACC-N-0917,3417.22,2026-12-15T09:17:39+00:00,INTERNAL_TRANSFER
TX-N-08716,EXT-A-039-1,ACC-N-0793,39245.36,2026-10-13T08:35:44+00:00,ATM
TX-N-08717,ACC-N-0590,ACC-N-0860,768.28,2026-11-25T05:01:42+00:00,INTERNAL_TRANSFER
TX-N-08718,EXT-A-062-4,ACC-N-0455,21599.19,2026-05-12T12:12:59+00:00,WIRE
TX-N-08719,ACC-N-1000,ACC-N-0875,14404.9,2026-07-13T14:36:58+00:00,INTERNAL_TRANSFER
TX-N-08720,ACC-C-HNW-05,ACC-N-0936,9435.87,2026-12-08T18:39:33+00:00,INTERNAL_TRANSFER
TX-N-08721,ACC-N-0427,EXT-A-044-3,11363.18,2026-08-06T06:34:36+00:00,ATM
TX-N-08722,ACC-N-0443,EXT-A-009-4,5436.87,2026-11-29T13:17:26+00:00,INTERNAL_TRANSFER
TX-N-08723,ACC-B-02-A,ACC-N-0563,3339.05,2026-05-02T17:33:16+00:00,INTERNAL_TRANSFER
TX-N-08724,EXT-A-042-2,ACC-N-0631,5221.66,2026-05-03T11:23:58+00:00,INTERNAL_TRANSFER
TX-N-08725,ACC-N-0824,EXT-A-120482,572.3,2026-08-28T05:30:49+00:00,ATM
TX-N-08726,ACC-N-0947,ACC-N-0729,16062.09,2026-01-14T07:54:11+00:00,INTERNAL_TRANSFER
TX-N-08727,ACC-C-PAY-11,ACC-N-0687,4664.36,2026-12-30T03:27:35+00:00,INTERNAL_TRANSFER
TX-N-08728,EXT-A-022-2,EXT-A-037-2,351.66,2026-08-15T03:44:26+00:00,WIRE
TX-N-08729,EXT-A-026-2,ACC-N-0610,4012.42,2026-08-07T09:38:32+00:00,WIRE
TX-N-08730,ACC-N-0800,EXT-A-056-2,8076.81,2026-12-28T13:33:07+00:00,INTERNAL_TRANSFER
TX-N-08731,ACC-N-0459,ACC-N-0727,2989.53,2026-10-22T15:06:50+00:00,INTERNAL_TRANSFER
TX-N-08732,ACC-N-0734,EXT-A-044-3,4180.52,2026-10-30T18:16:34+00:00,WIRE
TX-N-08733,ACC-N-0504,ACC-N-0453,1980.67,2026-06-12T17:37:33+00:00,WIRE
TX-N-08734,EXT-A-011-3,ACC-N-0668,1175.97,2026-12-21T21:14:04+00:00,WIRE
TX-N-08735,EXT-A-053-1,EXT-A-035-2,6143.28,2026-12-30T06:09:54+00:00,INTERNAL_TRANSFER
TX-N-08736,EXT-A-011-3,ACC-N-0806,2755.86,2026-08-05T15:57:21+00:00,INTERNAL_TRANSFER
TX-N-08737,EXT-A-016-3,ACC-N-0845,3640.6,2026-10-17T09:50:49+00:00,INTERNAL_TRANSFER
TX-N-08738,ACC-N-0967,ACC-N-0991,10745.16,2026-06-10T04:34:03+00:00,WIRE
TX-N-08739,ACC-N-0847,ACC-N-0608,36061.81,2026-09-21T23:48:40+00:00,ATM
TX-N-08740,ACC-N-0789,EXT-A-037-2,13581.24,2026-08-28T21:01:48+00:00,INTERNAL_TRANSFER
TX-N-08741,ACC-N-0656,ACC-N-0718,1549.17,2026-04-12T07:11:09+00:00,INTERNAL_TRANSFER
TX-N-08742,EXT-A-006-1,ACC-N-0603,2044.63,2026-07-24T05:40:22+00:00,INTERNAL_TRANSFER
TX-N-08743,ACC-N-0851,ACC-N-0571,3286.11,2026-04-03T05:55:08+00:00,INTERNAL_TRANSFER
TX-N-08744,EXT-A-022-2,EXT-A-071-1,29233.43,2026-04-10T07:51:37+00:00,INTERNAL_TRANSFER
TX-N-08745,ACC-N-0562,ACC-N-0892,7804.93,2026-07-02T00:19:05+00:00,WIRE
TX-N-08746,ACC-N-0724,ACC-N-0569,33444.24,2026-09-09T05:29:24+00:00,INTERNAL_TRANSFER
TX-N-08747,ACC-N-0512,ACC-N-0950,11147.48,2026-01-10T15:25:33+00:00,INTERNAL_TRANSFER
TX-N-08748,ACC-N-0517,ACC-N-0478,5661.26,2026-07-08T22:15:02+00:00,INTERNAL_TRANSFER
TX-N-08749,ACC-N-0625,EXT-A-024-4,5001.31,2026-01-27T01:32:43+00:00,INTERNAL_TRANSFER
TX-N-08750,EXT-A-059-1,ACC-N-0942,1793.84,2026-09-14T04:04:46+00:00,WIRE
TX-N-08751,ACC-C-HNW-04,EXT-A-037-4,1180.32,2026-03-21T22:00:21+00:00,INTERNAL_TRANSFER
TX-N-08752,ACC-N-0567,ACC-N-0444,44962.4,2026-02-03T18:44:55+00:00,INTERNAL_TRANSFER
TX-N-08753,EXT-A-009-3,ACC-N-0991,2436.76,2026-08-16T11:05:42+00:00,INTERNAL_TRANSFER
TX-N-08754,EXT-A-072-4,EXT-A-048-3,8870.42,2026-08-28T08:26:12+00:00,INTERNAL_TRANSFER
TX-N-08755,ACC-N-0429,ACC-N-0612,1971.8,2026-12-24T09:34:48+00:00,INTERNAL_TRANSFER
TX-N-08756,ACC-N-0517,ACC-N-0713,21314.24,2026-05-31T06:05:53+00:00,INTERNAL_TRANSFER
TX-N-08757,ACC-N-0818,EXT-A-019-2,5633.54,2026-04-07T15:39:02+00:00,WIRE
TX-N-08758,ACC-N-0745,ACC-N-0715,27370.93,2026-04-22T22:10:17+00:00,INTERNAL_TRANSFER
TX-N-08759,ACC-N-0731,EXT-A-040-2,1012.32,2026-03-08T02:21:45+00:00,INTERNAL_TRANSFER
TX-N-08760,ACC-N-0745,ACC-B-04-B,1696.79,2026-09-18T16:25:45+00:00,WIRE
TX-N-08761,EXT-A-067-3,EXT-A-023-4,2402.22,2026-10-29T02:12:25+00:00,INTERNAL_TRANSFER
TX-N-08762,ACC-N-0729,ACC-N-0802,4838.79,2026-09-06T10:31:46+00:00,INTERNAL_TRANSFER
TX-N-08763,ACC-N-0465,EXT-A-053-1,2190.41,2026-08-22T22:19:27+00:00,INTERNAL_TRANSFER
TX-N-08764,EXT-A-007-1,ACC-N-0535,4817.5,2026-12-23T19:00:47+00:00,INTERNAL_TRANSFER
TX-N-08765,EXT-A-014-2,EXT-A-071-2,418.66,2026-02-14T09:19:49+00:00,INTERNAL_TRANSFER
TX-N-08766,EXT-A-041-1,ACC-N-0445,16115.33,2026-09-11T20:00:42+00:00,INTERNAL_TRANSFER
TX-N-08767,ACC-N-0588,ACC-C-HNW-03,16930.91,2026-10-12T11:04:46+00:00,INTERNAL_TRANSFER
TX-N-08768,EXT-A-037-4,ACC-N-0570,5516.85,2026-02-28T12:09:02+00:00,INTERNAL_TRANSFER
TX-N-08769,EXT-A-032-3,ACC-N-0511,2879.77,2026-05-10T00:48:14+00:00,INTERNAL_TRANSFER
TX-N-08770,ACC-N-0760,EXT-A-010-2,26413.56,2026-08-16T06:00:14+00:00,INTERNAL_TRANSFER
TX-N-08771,ACC-N-0403,ACC-N-0463,21970.57,2026-09-13T18:14:58+00:00,INTERNAL_TRANSFER
TX-N-08772,ACC-N-0649,ACC-N-0479,1627.94,2026-10-23T01:36:55+00:00,WIRE
TX-N-08773,ACC-N-0698,EXT-A-060-4,2790.07,2026-02-20T17:56:47+00:00,INTERNAL_TRANSFER
TX-N-08774,ACC-N-0794,ACC-N-0474,24416.88,2026-01-03T15:37:48+00:00,WIRE
TX-N-08775,ACC-N-0994,EXT-A-044-3,3733.2,2026-03-22T00:44:10+00:00,WIRE
TX-N-08776,EXT-A-006-2,EXT-A-026-1,13885.51,2026-07-07T14:20:15+00:00,INTERNAL_TRANSFER
TX-N-08777,ACC-N-0676,ACC-N-0579,5763.05,2026-12-20T14:27:21+00:00,INTERNAL_TRANSFER
TX-N-08778,ACC-B-B,ACC-N-0650,1782.87,2026-08-07T05:10:21+00:00,INTERNAL_TRANSFER
TX-N-08779,ACC-N-0803,ACC-N-0961,957.67,2026-01-13T00:41:03+00:00,INTERNAL_TRANSFER
TX-N-08780,ACC-N-0555,ACC-N-0811,8600.71,2026-01-29T06:15:05+00:00,WIRE
TX-N-08781,ACC-N-0726,ACC-N-0885,10303.46,2026-03-04T09:21:51+00:00,INTERNAL_TRANSFER
TX-N-08782,ACC-N-0413,ACC-N-0708,3818.41,2026-06-25T04:32:25+00:00,WIRE
TX-N-08783,EXT-A-034-3,ACC-N-0655,12084.88,2026-07-25T01:48:27+00:00,INTERNAL_TRANSFER
TX-N-08784,ACC-N-0760,EXT-A-007-1,4981.86,2026-11-25T00:55:02+00:00,INTERNAL_TRANSFER
TX-N-08785,ACC-N-0737,ACC-N-0793,6307.25,2026-07-16T20:59:47+00:00,INTERNAL_TRANSFER
TX-N-08786,ACC-N-0703,ACC-N-0950,939.56,2026-07-12T13:01:27+00:00,WIRE
TX-N-08787,EXT-A-049-3,EXT-A-061-4,10695.8,2026-11-15T04:48:55+00:00,INTERNAL_TRANSFER
TX-N-08788,EXT-A-069-1,ACC-N-0727,5123.62,2026-08-25T07:59:26+00:00,INTERNAL_TRANSFER
TX-N-08789,ACC-N-0896,ACC-N-0708,9309.48,2026-03-26T08:47:18+00:00,INTERNAL_TRANSFER
TX-N-08790,ACC-N-0479,ACC-B-02-C,3783.77,2026-02-15T23:31:02+00:00,WIRE
TX-N-08791,ACC-N-0842,EXT-A-055-1,4972.04,2026-12-30T23:30:19+00:00,INTERNAL_TRANSFER
TX-N-08792,ACC-N-0615,ACC-N-0672,1067.46,2026-09-14T14:29:22+00:00,INTERNAL_TRANSFER
TX-N-08793,ACC-N-0893,ACC-N-0998,937.98,2026-09-14T19:12:48+00:00,INTERNAL_TRANSFER
TX-N-08794,ACC-N-0544,ACC-N-0475,1015.21,2026-04-23T02:45:22+00:00,INTERNAL_TRANSFER
TX-N-08795,ACC-C-PAY-04,EXT-A-014-4,7094.87,2026-06-13T19:14:20+00:00,INTERNAL_TRANSFER
TX-N-08796,EXT-A-010-2,ACC-N-0530,5973.22,2026-03-03T01:23:58+00:00,WIRE
TX-N-08797,ACC-N-0773,EXT-A-034-2,5818.56,2026-07-13T04:26:20+00:00,INTERNAL_TRANSFER
TX-N-08798,ACC-N-0702,EXT-A-069-4,1875.6,2026-05-09T17:45:11+00:00,WIRE
TX-N-08799,EXT-A-048-4,ACC-B-04-A,16722.6,2026-02-17T22:05:34+00:00,INTERNAL_TRANSFER
TX-N-08800,ACC-N-0925,ACC-N-0927,8214.01,2026-07-06T17:17:22+00:00,INTERNAL_TRANSFER
TX-N-08801,EXT-A-063-4,ACC-N-0633,13805.76,2026-07-03T06:03:31+00:00,INTERNAL_TRANSFER
TX-N-08802,ACC-N-0783,ACC-N-0564,30724.5,2026-03-28T19:35:25+00:00,INTERNAL_TRANSFER
TX-N-08803,EXT-A-023-3,ACC-N-0861,697.26,2026-09-02T10:12:08+00:00,INTERNAL_TRANSFER
TX-N-08804,EXT-A-043-3,ACC-N-0814,37014.38,2026-09-06T16:46:08+00:00,INTERNAL_TRANSFER
TX-N-08805,ACC-N-0427,ACC-N-0392,3311.53,2026-11-27T09:33:14+00:00,WIRE
TX-N-08806,EXT-A-015-1,EXT-A-063-1,5556.43,2026-01-07T10:09:34+00:00,INTERNAL_TRANSFER
TX-N-08807,ACC-N-0939,ACC-C-HNW-05,1591.2,2026-09-24T18:54:49+00:00,WIRE
TX-N-08808,ACC-N-0696,ACC-N-0879,5456.38,2026-01-15T07:55:35+00:00,WIRE
TX-N-08809,ACC-N-0459,ACC-N-0789,32966.23,2026-08-29T14:38:42+00:00,INTERNAL_TRANSFER
TX-N-08810,ACC-N-0963,ACC-N-0636,7899.48,2026-10-12T14:28:15+00:00,WIRE
TX-N-08811,ACC-N-0930,EXT-A-003-4,3535.61,2026-05-06T22:11:26+00:00,INTERNAL_TRANSFER
TX-N-08812,EXT-A-015-2,EXT-A-058-2,8120.89,2026-05-25T17:06:35+00:00,ATM
TX-N-08813,ACC-N-0595,ACC-N-0929,697.52,2026-02-19T22:43:25+00:00,INTERNAL_TRANSFER
TX-N-08814,EXT-A-026-1,ACC-N-0942,2626.95,2026-10-21T08:11:32+00:00,ATM
TX-N-08815,ACC-N-0937,ACC-N-0806,1376.25,2026-05-25T04:20:54+00:00,INTERNAL_TRANSFER
TX-N-08816,EXT-A-058-1,EXT-A-048-2,3366.29,2026-05-17T08:13:48+00:00,INTERNAL_TRANSFER
TX-N-08817,ACC-N-0644,EXT-A-008-3,14324.37,2026-06-23T16:21:54+00:00,WIRE
TX-N-08818,EXT-A-030-2,ACC-N-0682,5641.79,2026-07-07T00:01:42+00:00,INTERNAL_TRANSFER
TX-N-08819,ACC-N-0997,EXT-A-019-1,2072.53,2026-09-27T14:24:28+00:00,INTERNAL_TRANSFER
TX-N-08820,EXT-A-022-1,EXT-A-002-4,3355.77,2026-11-29T16:33:42+00:00,ATM
TX-N-08821,ACC-N-0396,ACC-N-0555,40100.51,2026-01-30T08:37:05+00:00,WIRE
TX-N-08822,ACC-N-0420,ACC-N-0451,8076.71,2026-10-22T23:43:28+00:00,ATM
TX-N-08823,EXT-A-038-2,ACC-N-0990,17063.68,2026-03-21T18:10:02+00:00,INTERNAL_TRANSFER
TX-N-08824,ACC-N-0756,ACC-N-0754,15855.84,2026-02-13T03:25:47+00:00,INTERNAL_TRANSFER
TX-N-08825,ACC-N-0708,ACC-N-0412,1219.37,2026-09-28T10:49:56+00:00,INTERNAL_TRANSFER
TX-N-08826,ACC-N-0906,ACC-N-0811,2836.3,2026-11-17T23:41:34+00:00,INTERNAL_TRANSFER
TX-N-08827,EXT-A-003-1,EXT-A-013-3,675.43,2026-06-22T17:08:39+00:00,INTERNAL_TRANSFER
TX-N-08828,ACC-N-0853,ACC-N-0528,13099.75,2026-11-18T10:57:32+00:00,INTERNAL_TRANSFER
TX-N-08829,ACC-N-0605,ACC-N-0929,3027.91,2026-03-06T08:03:29+00:00,INTERNAL_TRANSFER
TX-N-08830,ACC-N-0969,EXT-A-068-4,4398.02,2026-12-17T04:46:52+00:00,WIRE
TX-N-08831,ACC-N-0531,ACC-N-0887,14379.6,2026-01-29T07:49:56+00:00,WIRE
TX-N-08832,ACC-N-0828,ACC-N-0730,2102.44,2026-10-02T10:56:30+00:00,INTERNAL_TRANSFER
TX-N-08833,ACC-N-0454,ACC-N-0807,3725.72,2026-10-27T20:29:06+00:00,INTERNAL_TRANSFER
TX-N-08834,ACC-N-0598,ACC-N-0634,4649.08,2026-04-03T20:01:56+00:00,INTERNAL_TRANSFER
TX-N-08835,ACC-N-0722,ACC-N-0803,7113.66,2026-06-28T13:27:33+00:00,WIRE
TX-N-08836,ACC-C-PAY-03,ACC-N-0903,933.97,2026-01-14T18:02:53+00:00,INTERNAL_TRANSFER
TX-N-08837,ACC-N-0865,ACC-N-0583,7469.37,2026-01-10T22:04:21+00:00,WIRE
TX-N-08838,ACC-N-0626,EXT-A-068-3,2595.11,2026-10-27T21:52:09+00:00,INTERNAL_TRANSFER
TX-N-08839,ACC-N-0685,ACC-N-0876,10293.77,2026-06-22T14:38:40+00:00,INTERNAL_TRANSFER
TX-N-08840,EXT-A-065-3,ACC-N-0579,128.43,2026-01-24T23:38:30+00:00,INTERNAL_TRANSFER
TX-N-08841,EXT-A-068-2,ACC-B-B,7067.88,2026-10-08T06:04:21+00:00,ATM
TX-N-08842,ACC-N-0984,ACC-N-0834,5166.01,2026-09-01T02:59:01+00:00,INTERNAL_TRANSFER
TX-N-08843,EXT-A-054-2,ACC-B-B,6801.13,2026-09-06T06:58:21+00:00,WIRE
TX-N-08844,EXT-A-004-2,EXT-A-048-2,2767.51,2026-07-16T10:37:08+00:00,INTERNAL_TRANSFER
TX-N-08845,EXT-A-019-1,ACC-N-0443,6991.66,2026-01-11T00:39:54+00:00,WIRE
TX-N-08846,ACC-N-0789,ACC-N-0948,20282.91,2026-10-18T01:58:53+00:00,INTERNAL_TRANSFER
TX-N-08847,EXT-A-061-2,ACC-N-0616,542.54,2026-07-22T16:13:18+00:00,INTERNAL_TRANSFER
TX-N-08848,ACC-N-0809,ACC-N-0958,4759.39,2026-12-23T06:35:11+00:00,INTERNAL_TRANSFER
TX-N-08849,ACC-N-0631,ACC-N-0713,3668.13,2026-10-17T01:57:53+00:00,ATM
TX-N-08850,ACC-N-0838,ACC-N-0462,2661.37,2026-04-08T14:22:37+00:00,INTERNAL_TRANSFER
TX-N-08851,EXT-A-056-3,ACC-N-0703,2125.87,2026-02-16T20:11:47+00:00,INTERNAL_TRANSFER
TX-N-08852,ACC-N-0563,ACC-B-02-A,11770.55,2026-01-06T11:14:56+00:00,INTERNAL_TRANSFER
TX-N-08853,ACC-N-0859,ACC-N-0602,3282.05,2026-08-28T06:55:39+00:00,INTERNAL_TRANSFER
TX-N-08854,ACC-N-0684,ACC-N-0852,2087.73,2026-05-29T16:21:30+00:00,WIRE
TX-N-08855,ACC-N-0727,ACC-N-0416,10071.37,2026-03-20T22:11:17+00:00,INTERNAL_TRANSFER
TX-N-08856,ACC-N-0640,ACC-N-0708,549.34,2026-10-15T10:10:29+00:00,INTERNAL_TRANSFER
TX-N-08857,ACC-N-0926,EXT-A-058-2,5811.81,2026-02-07T02:40:02+00:00,WIRE
TX-N-08858,ACC-N-0742,ACC-N-0446,3802.74,2026-08-16T01:38:55+00:00,INTERNAL_TRANSFER
TX-N-08859,ACC-N-0714,ACC-N-0919,13027.61,2026-05-21T09:57:56+00:00,WIRE
TX-N-08860,EXT-A-059-4,ACC-N-0714,16882.37,2026-04-13T03:02:27+00:00,WIRE
TX-N-08861,EXT-A-047-2,EXT-A-013-1,988.48,2026-11-16T22:56:38+00:00,INTERNAL_TRANSFER
TX-N-08862,ACC-N-0649,ACC-N-0484,2157.17,2026-11-19T02:04:15+00:00,WIRE
TX-N-08863,ACC-C-PAY-05,ACC-N-0838,815.72,2026-05-30T22:17:11+00:00,INTERNAL_TRANSFER
TX-N-08864,ACC-N-0419,EXT-A-054-2,8848.13,2026-04-29T11:20:14+00:00,INTERNAL_TRANSFER
TX-N-08865,ACC-N-0923,ACC-N-0422,11533.83,2026-04-05T13:53:38+00:00,WIRE
TX-N-08866,ACC-N-0957,EXT-A-046-3,6302.74,2026-08-24T23:53:03+00:00,INTERNAL_TRANSFER
TX-N-08867,ACC-N-0435,EXT-A-068-3,7560.44,2026-02-01T10:38:21+00:00,WIRE
TX-N-08868,ACC-N-0559,ACC-N-0780,17692.43,2026-10-19T20:10:15+00:00,INTERNAL_TRANSFER
TX-N-08869,ACC-N-0631,ACC-N-0837,3004.64,2026-07-05T19:29:58+00:00,WIRE
TX-N-08870,EXT-A-024-2,EXT-A-050-2,5018.11,2026-08-25T06:03:09+00:00,INTERNAL_TRANSFER
TX-N-08871,ACC-N-0559,ACC-N-0914,873.45,2026-01-20T19:41:35+00:00,INTERNAL_TRANSFER
TX-N-08872,ACC-N-0800,EXT-A-066-4,6282.85,2026-02-18T12:22:52+00:00,WIRE
TX-N-08873,ACC-N-0572,ACC-N-0400,606.55,2026-08-07T10:15:58+00:00,WIRE
TX-N-08874,EXT-A-030-2,ACC-N-0522,2473.45,2026-10-04T16:28:39+00:00,INTERNAL_TRANSFER
TX-N-08875,EXT-A-042-3,ACC-N-0781,4294.58,2026-06-26T08:24:41+00:00,WIRE
TX-N-08876,ACC-N-0739,ACC-N-0778,15511.73,2026-04-23T17:54:33+00:00,INTERNAL_TRANSFER
TX-N-08877,EXT-A-053-4,EXT-A-036-3,2537.97,2026-04-30T03:37:06+00:00,INTERNAL_TRANSFER
TX-N-08878,ACC-N-0845,ACC-N-0409,6533.06,2026-05-25T16:39:15+00:00,INTERNAL_TRANSFER
TX-N-08879,EXT-A-057-3,ACC-N-0462,9235.24,2026-06-10T09:52:30+00:00,WIRE
TX-N-08880,ACC-N-0909,ACC-N-0589,6687.64,2026-04-08T19:38:38+00:00,INTERNAL_TRANSFER
TX-N-08881,ACC-N-0529,ACC-N-0686,8311.04,2026-04-15T10:07:29+00:00,INTERNAL_TRANSFER
TX-N-08882,EXT-A-033-2,ACC-N-0757,4952.83,2026-10-06T23:23:48+00:00,WIRE
TX-N-08883,EXT-A-048-4,ACC-N-0923,2044.77,2026-03-19T01:00:46+00:00,INTERNAL_TRANSFER
TX-N-08884,ACC-N-0659,ACC-N-0406,27234.74,2026-01-18T04:52:11+00:00,INTERNAL_TRANSFER
TX-N-08885,EXT-A-032-4,EXT-A-024-1,1905.09,2026-07-11T21:28:48+00:00,INTERNAL_TRANSFER
TX-N-08886,EXT-A-061-2,ACC-N-0933,7499.42,2026-02-07T02:01:36+00:00,INTERNAL_TRANSFER
TX-N-08887,ACC-C-PAY-10,ACC-N-0661,20801.13,2026-12-22T16:07:27+00:00,INTERNAL_TRANSFER
TX-N-08888,EXT-A-033-1,ACC-N-0973,54632.18,2026-06-14T02:35:38+00:00,INTERNAL_TRANSFER
TX-N-08889,EXT-A-012-2,ACC-N-0419,7643.58,2026-12-21T04:23:22+00:00,INTERNAL_TRANSFER
TX-N-08890,EXT-A-030-3,ACC-N-0923,4726.66,2026-12-19T10:03:09+00:00,INTERNAL_TRANSFER
TX-N-08891,EXT-A-057-4,EXT-A-026-1,2779.76,2026-01-19T16:09:43+00:00,INTERNAL_TRANSFER
TX-N-08892,ACC-N-0680,EXT-A-043-2,1917.36,2026-01-02T22:43:03+00:00,WIRE
TX-N-08893,EXT-A-016-1,ACC-N-0824,2590.19,2026-01-21T13:15:06+00:00,INTERNAL_TRANSFER
TX-N-08894,ACC-N-0930,EXT-A-007-1,1892.67,2026-02-21T09:02:08+00:00,WIRE
TX-N-08895,ACC-N-0949,ACC-N-0795,3208.3,2026-02-25T06:21:11+00:00,INTERNAL_TRANSFER
TX-N-08896,EXT-A-058-1,ACC-N-0703,5251.31,2026-12-14T06:03:47+00:00,INTERNAL_TRANSFER
TX-N-08897,ACC-N-0734,EXT-A-024-2,6332.96,2026-02-06T16:59:14+00:00,ATM
TX-N-08898,EXT-A-031-3,EXT-A-038-2,9203.72,2026-07-09T23:21:21+00:00,WIRE
TX-N-08899,EXT-A-017-2,EXT-A-042-2,983.37,2026-05-14T03:00:05+00:00,WIRE
TX-N-08900,ACC-N-0641,ACC-N-0737,20043.69,2026-06-17T03:28:25+00:00,INTERNAL_TRANSFER
TX-N-08901,ACC-N-0876,EXT-A-072-4,550.57,2026-02-12T12:16:22+00:00,INTERNAL_TRANSFER
TX-N-08902,EXT-A-041-2,ACC-N-0998,7487.39,2026-05-09T07:12:17+00:00,ATM
TX-N-08903,EXT-A-034-2,EXT-A-066-4,2729.54,2026-10-20T03:20:55+00:00,INTERNAL_TRANSFER
TX-N-08904,ACC-N-0951,ACC-N-0480,10305.24,2026-10-10T23:46:50+00:00,INTERNAL_TRANSFER
TX-N-08905,ACC-N-0866,ACC-N-0851,2341.06,2026-02-14T01:13:36+00:00,INTERNAL_TRANSFER
TX-N-08906,ACC-N-0991,EXT-A-035-4,4754.85,2026-07-09T16:07:18+00:00,WIRE
TX-N-08907,ACC-N-0514,EXT-A-063-1,4331.09,2026-08-19T01:11:21+00:00,WIRE
TX-N-08908,EXT-A-024-3,ACC-N-0758,2208.03,2026-03-12T20:32:06+00:00,WIRE
TX-N-08909,EXT-A-021-3,EXT-A-036-4,21119.02,2026-05-24T23:47:30+00:00,INTERNAL_TRANSFER
TX-N-08910,EXT-A-038-4,ACC-N-0556,22831.25,2026-07-22T10:23:33+00:00,INTERNAL_TRANSFER
TX-N-08911,ACC-N-0526,ACC-N-0533,19307.95,2026-09-05T08:30:32+00:00,INTERNAL_TRANSFER
TX-N-08912,EXT-A-024-2,ACC-N-0589,26225.16,2026-01-17T04:53:59+00:00,INTERNAL_TRANSFER
TX-N-08913,ACC-N-0794,ACC-N-0651,4664.06,2026-05-24T18:27:39+00:00,INTERNAL_TRANSFER
TX-N-08914,ACC-N-0906,ACC-N-0925,2182.02,2026-05-16T01:29:37+00:00,INTERNAL_TRANSFER
TX-N-08915,ACC-C-PAY-09,ACC-N-0734,39174.78,2026-06-11T05:07:08+00:00,ATM
TX-N-08916,ACC-N-0408,ACC-N-0447,993.11,2026-03-20T03:19:48+00:00,INTERNAL_TRANSFER
TX-N-08917,ACC-N-0595,ACC-N-0452,1328.0,2026-07-07T06:49:56+00:00,INTERNAL_TRANSFER
TX-N-08918,EXT-A-004-4,ACC-N-0995,2404.44,2026-01-16T14:11:28+00:00,INTERNAL_TRANSFER
TX-N-08919,ACC-N-0574,EXT-A-052-4,7452.74,2026-03-29T12:02:57+00:00,INTERNAL_TRANSFER
TX-N-08920,EXT-A-049-4,EXT-A-057-3,5720.55,2026-08-21T06:25:19+00:00,INTERNAL_TRANSFER
TX-N-08921,EXT-A-037-3,EXT-A-022-1,4096.33,2026-10-29T01:10:37+00:00,WIRE
TX-N-08922,ACC-N-0719,EXT-A-029-2,8000.49,2026-08-31T04:07:38+00:00,INTERNAL_TRANSFER
TX-N-08923,ACC-N-0630,EXT-A-052-3,3757.35,2026-05-21T23:05:15+00:00,INTERNAL_TRANSFER
TX-N-08924,ACC-N-0633,EXT-A-012-3,19159.78,2026-06-10T14:50:28+00:00,INTERNAL_TRANSFER
TX-N-08925,EXT-A-034-4,ACC-N-0482,3087.52,2026-07-07T12:05:45+00:00,WIRE
TX-N-08926,EXT-A-060-2,ACC-N-0883,16904.67,2026-06-28T09:22:59+00:00,INTERNAL_TRANSFER
TX-N-08927,ACC-N-0875,EXT-A-032-4,3233.73,2026-03-20T01:30:32+00:00,WIRE
TX-N-08928,EXT-A-018-2,ACC-N-0695,4571.84,2026-12-26T02:11:45+00:00,ATM
TX-N-08929,ACC-N-0801,EXT-A-022-4,6708.45,2026-07-04T01:31:12+00:00,WIRE
TX-N-08930,ACC-N-0492,ACC-N-0739,8697.1,2026-05-20T20:56:45+00:00,INTERNAL_TRANSFER
TX-N-08931,EXT-A-060-2,ACC-N-0860,3896.2,2026-02-22T23:20:19+00:00,INTERNAL_TRANSFER
TX-N-08932,EXT-A-026-1,ACC-N-0682,3020.42,2026-04-19T01:36:58+00:00,INTERNAL_TRANSFER
TX-N-08933,EXT-A-032-1,ACC-N-0816,3472.58,2026-10-07T10:26:29+00:00,ATM
TX-N-08934,ACC-N-0410,ACC-N-0927,6362.79,2026-06-16T18:24:33+00:00,INTERNAL_TRANSFER
TX-N-08935,ACC-N-0557,ACC-N-0783,2786.46,2026-02-25T00:49:10+00:00,INTERNAL_TRANSFER
TX-N-08936,ACC-N-0504,ACC-N-0692,18050.61,2026-08-21T18:46:08+00:00,INTERNAL_TRANSFER
TX-N-08937,EXT-A-061-1,ACC-N-0513,1285.34,2026-05-12T07:20:11+00:00,INTERNAL_TRANSFER
TX-N-08938,ACC-N-0529,ACC-N-0944,13298.73,2026-09-22T21:37:21+00:00,INTERNAL_TRANSFER
TX-N-08939,ACC-N-0409,ACC-N-0536,5634.5,2026-10-28T02:54:23+00:00,INTERNAL_TRANSFER
TX-N-08940,EXT-A-018-4,EXT-A-061-3,4552.21,2026-11-10T01:05:40+00:00,INTERNAL_TRANSFER
TX-N-08941,ACC-N-0427,ACC-N-0640,11020.33,2026-05-02T06:41:26+00:00,INTERNAL_TRANSFER
TX-N-08942,EXT-A-036-3,ACC-N-0952,9344.39,2026-07-24T08:12:42+00:00,INTERNAL_TRANSFER
TX-N-08943,EXT-A-056-4,ACC-N-0660,49463.66,2026-10-21T01:51:53+00:00,INTERNAL_TRANSFER
TX-N-08944,EXT-A-067-4,ACC-N-0429,2520.18,2026-05-14T13:05:24+00:00,INTERNAL_TRANSFER
TX-N-08945,EXT-A-058-4,ACC-N-0902,4167.28,2026-03-09T13:43:51+00:00,INTERNAL_TRANSFER
TX-N-08946,ACC-N-0848,ACC-N-0540,13107.08,2026-04-14T18:00:43+00:00,ATM
TX-N-08947,EXT-A-070-4,ACC-N-0873,15553.95,2026-10-07T20:05:16+00:00,INTERNAL_TRANSFER
TX-N-08948,EXT-A-011-2,ACC-N-0513,3965.4,2026-03-17T02:34:36+00:00,INTERNAL_TRANSFER
TX-N-08949,EXT-A-059-4,ACC-N-0734,3199.99,2026-06-13T05:42:59+00:00,ATM
TX-N-08950,ACC-N-0410,ACC-N-0867,4994.3,2026-11-09T19:36:42+00:00,INTERNAL_TRANSFER
TX-N-08951,EXT-A-009-3,EXT-A-069-3,17543.62,2026-09-15T20:21:38+00:00,INTERNAL_TRANSFER
TX-N-08952,ACC-B-C,EXT-A-066-1,6241.05,2026-05-21T07:08:41+00:00,INTERNAL_TRANSFER
TX-N-08953,ACC-N-0575,EXT-A-059-2,3783.56,2026-11-21T22:09:42+00:00,INTERNAL_TRANSFER
TX-N-08954,ACC-N-0713,EXT-A-010-2,6212.28,2026-10-31T01:33:17+00:00,INTERNAL_TRANSFER
TX-N-08955,ACC-N-0666,ACC-N-0464,25375.78,2026-10-23T04:00:48+00:00,ATM
TX-N-08956,ACC-N-0945,ACC-N-0794,1337.01,2026-07-16T16:23:28+00:00,INTERNAL_TRANSFER
TX-N-08957,ACC-N-0742,EXT-A-071-2,16943.77,2026-11-05T04:38:19+00:00,WIRE
TX-N-08958,EXT-A-038-2,ACC-N-0857,1659.68,2026-07-12T15:21:41+00:00,INTERNAL_TRANSFER
TX-N-08959,ACC-N-0505,ACC-N-0473,3411.78,2026-05-02T17:03:51+00:00,WIRE
TX-N-08960,ACC-N-0737,EXT-A-062-4,9983.92,2026-07-01T17:18:18+00:00,ATM
TX-N-08961,EXT-A-016-4,EXT-A-025-2,5702.32,2026-07-15T06:18:10+00:00,INTERNAL_TRANSFER
TX-N-08962,EXT-A-040-3,ACC-N-0927,8364.39,2026-12-13T02:12:39+00:00,INTERNAL_TRANSFER
TX-N-08963,ACC-N-0866,ACC-C-PAY-06,12367.76,2026-05-03T16:40:12+00:00,INTERNAL_TRANSFER
TX-N-08964,ACC-C-HNW-04,ACC-N-0620,481.2,2026-04-29T08:13:50+00:00,INTERNAL_TRANSFER
TX-N-08965,ACC-N-0622,ACC-N-0507,2308.1,2026-05-05T16:46:47+00:00,INTERNAL_TRANSFER
TX-N-08966,ACC-N-0810,ACC-N-0647,1488.22,2026-12-13T22:12:52+00:00,WIRE
TX-N-08967,ACC-N-0950,ACC-N-0608,3831.95,2026-07-21T07:49:58+00:00,INTERNAL_TRANSFER
TX-N-08968,EXT-A-056-4,EXT-A-055-2,2923.7,2026-09-23T20:31:44+00:00,INTERNAL_TRANSFER
TX-N-08969,ACC-N-0492,EXT-A-009-4,3424.22,2026-06-13T19:57:51+00:00,INTERNAL_TRANSFER
TX-N-08970,ACC-N-0945,ACC-N-0477,4083.97,2026-03-16T01:21:45+00:00,INTERNAL_TRANSFER
TX-N-08971,ACC-N-0936,ACC-N-0652,8396.29,2026-09-28T06:54:49+00:00,INTERNAL_TRANSFER
TX-N-08972,ACC-N-0482,ACC-N-0999,59405.43,2026-05-26T00:35:56+00:00,INTERNAL_TRANSFER
TX-N-08973,ACC-N-0810,ACC-N-0791,3217.4,2026-06-17T04:48:38+00:00,INTERNAL_TRANSFER
TX-N-08974,EXT-A-051-2,ACC-N-0800,3334.99,2026-09-04T02:59:17+00:00,WIRE
TX-N-08975,ACC-N-0998,ACC-N-0959,2274.41,2026-11-19T11:55:48+00:00,INTERNAL_TRANSFER
TX-N-08976,ACC-N-0795,ACC-N-0875,8534.66,2026-07-31T11:06:59+00:00,WIRE
TX-N-08977,EXT-A-052-1,EXT-A-009-3,1884.39,2026-05-16T11:18:08+00:00,WIRE
TX-N-08978,EXT-A-027-1,EXT-A-026-3,12149.69,2026-12-18T19:16:04+00:00,INTERNAL_TRANSFER
TX-N-08979,ACC-N-0466,ACC-N-0908,4112.02,2026-02-07T23:57:26+00:00,INTERNAL_TRANSFER
TX-N-08980,ACC-N-0638,EXT-A-072-2,5044.06,2026-09-10T13:28:18+00:00,WIRE
TX-N-08981,ACC-N-0626,ACC-N-0991,2908.67,2026-01-10T08:11:53+00:00,WIRE
TX-N-08982,EXT-A-062-2,ACC-N-0703,1537.58,2026-01-14T05:37:37+00:00,INTERNAL_TRANSFER
TX-N-08983,ACC-N-0655,EXT-A-048-4,5159.29,2026-10-17T22:37:10+00:00,ATM
TX-N-08984,EXT-A-042-4,ACC-N-0956,3494.57,2026-03-07T07:34:30+00:00,INTERNAL_TRANSFER
TX-N-08985,ACC-N-0718,EXT-A-059-2,4163.36,2026-07-08T13:13:36+00:00,WIRE
TX-N-08986,ACC-N-0780,ACC-N-0635,3076.64,2026-10-12T06:03:02+00:00,INTERNAL_TRANSFER
TX-N-08987,EXT-A-029-3,ACC-N-0616,4797.41,2026-06-03T15:15:02+00:00,INTERNAL_TRANSFER
TX-N-08988,EXT-A-056-3,ACC-N-0539,1418.93,2026-04-25T11:35:34+00:00,ATM
TX-N-08989,EXT-A-006-1,ACC-N-0443,751.94,2026-11-21T02:08:16+00:00,WIRE
TX-N-08990,ACC-N-0462,ACC-N-0783,2677.79,2026-10-17T22:16:46+00:00,WIRE
TX-N-08991,EXT-A-042-4,ACC-N-0793,4060.28,2026-06-17T15:25:15+00:00,INTERNAL_TRANSFER
TX-N-08992,ACC-N-0529,ACC-N-0596,1189.64,2026-11-23T18:52:40+00:00,INTERNAL_TRANSFER
TX-N-08993,EXT-A-057-2,ACC-N-0788,7243.13,2026-10-16T06:50:05+00:00,INTERNAL_TRANSFER
TX-N-08994,ACC-N-0902,ACC-N-0706,1046.66,2026-04-28T08:38:29+00:00,INTERNAL_TRANSFER
TX-N-08995,EXT-A-026-3,EXT-A-028-2,6033.55,2026-02-20T22:53:37+00:00,INTERNAL_TRANSFER
TX-N-08996,EXT-A-044-3,EXT-A-062-2,992.86,2026-10-22T06:18:59+00:00,WIRE
TX-N-08997,EXT-A-008-3,EXT-A-063-2,3855.79,2026-08-22T01:36:13+00:00,INTERNAL_TRANSFER
TX-N-08998,ACC-N-0693,ACC-N-0424,21273.72,2026-10-05T19:24:28+00:00,INTERNAL_TRANSFER
TX-N-08999,ACC-N-0649,ACC-B-04-C,2366.85,2026-11-02T04:25:56+00:00,INTERNAL_TRANSFER
TX-N-09000,ACC-N-0413,ACC-N-0403,8733.47,2026-08-16T12:31:00+00:00,ATM
TX-N-09001,ACC-B-03-C,ACC-N-0658,8109.45,2026-01-19T20:26:22+00:00,INTERNAL_TRANSFER
TX-N-09002,ACC-N-0515,ACC-N-0958,4183.47,2026-06-07T03:46:51+00:00,INTERNAL_TRANSFER
TX-N-09003,EXT-A-307484,ACC-N-0474,1544.32,2026-09-06T15:15:11+00:00,WIRE
TX-N-09004,ACC-N-0678,ACC-N-0465,1395.28,2026-06-30T08:29:59+00:00,INTERNAL_TRANSFER
TX-N-09005,EXT-A-009-3,EXT-A-026-4,4052.55,2026-01-25T19:30:22+00:00,WIRE
TX-N-09006,ACC-N-0640,EXT-A-020-3,699.25,2026-10-08T14:02:02+00:00,WIRE
TX-N-09007,ACC-N-0538,ACC-N-0854,53432.31,2026-01-08T05:32:03+00:00,INTERNAL_TRANSFER
TX-N-09008,EXT-A-059-2,ACC-N-0751,11495.21,2026-06-25T10:33:34+00:00,INTERNAL_TRANSFER
TX-N-09009,ACC-N-0913,ACC-N-0790,35556.65,2026-07-26T13:24:33+00:00,INTERNAL_TRANSFER
TX-N-09010,ACC-N-0476,ACC-N-0744,4692.24,2026-10-11T20:09:43+00:00,INTERNAL_TRANSFER
TX-N-09011,ACC-N-0913,EXT-A-057-3,1172.66,2026-10-12T04:28:00+00:00,INTERNAL_TRANSFER
TX-N-09012,ACC-N-0985,EXT-A-031-1,3394.1,2026-01-03T23:44:31+00:00,WIRE
TX-N-09013,ACC-N-0884,ACC-N-0396,4643.2,2026-06-02T17:46:52+00:00,INTERNAL_TRANSFER
TX-N-09014,ACC-N-0702,ACC-N-0419,24871.07,2026-07-30T17:57:00+00:00,INTERNAL_TRANSFER
TX-N-09015,ACC-N-0404,EXT-A-048-3,9172.62,2026-09-25T18:48:22+00:00,INTERNAL_TRANSFER
TX-N-09016,ACC-B-02-C,ACC-N-0848,13866.18,2026-03-22T19:39:44+00:00,INTERNAL_TRANSFER
TX-N-09017,ACC-N-0410,EXT-A-047-4,14784.01,2026-11-29T09:54:19+00:00,INTERNAL_TRANSFER
TX-N-09018,ACC-N-0420,EXT-A-049-1,10685.9,2026-05-15T08:23:28+00:00,WIRE
TX-N-09019,ACC-N-0549,ACC-N-0556,1525.35,2026-05-10T12:05:16+00:00,INTERNAL_TRANSFER
TX-N-09020,ACC-N-0984,EXT-A-008-1,2046.86,2026-11-11T17:37:25+00:00,INTERNAL_TRANSFER
TX-N-09021,ACC-N-0685,ACC-N-0914,6574.1,2026-08-20T12:52:46+00:00,INTERNAL_TRANSFER
TX-N-09022,ACC-N-0694,ACC-N-0847,1576.46,2026-07-30T15:43:01+00:00,INTERNAL_TRANSFER
TX-N-09023,ACC-N-0903,ACC-N-0973,2571.92,2026-10-15T16:01:43+00:00,WIRE
TX-N-09024,ACC-N-0677,ACC-N-0757,10688.14,2026-01-27T01:10:59+00:00,WIRE
TX-N-09025,EXT-A-035-1,ACC-N-0595,24209.08,2026-06-16T05:40:31+00:00,INTERNAL_TRANSFER
TX-N-09026,ACC-N-0813,EXT-A-016-2,13983.39,2026-11-11T10:15:14+00:00,INTERNAL_TRANSFER
TX-N-09027,ACC-N-0974,ACC-N-0582,2967.69,2026-10-11T07:37:36+00:00,WIRE
TX-N-09028,EXT-A-033-2,ACC-N-0915,2928.9,2026-11-25T05:19:42+00:00,INTERNAL_TRANSFER
TX-N-09029,EXT-A-041-3,EXT-A-060-1,4398.12,2026-10-28T21:25:54+00:00,INTERNAL_TRANSFER
TX-N-09030,ACC-C-PAY-10,ACC-N-0543,5597.02,2026-03-16T03:15:17+00:00,INTERNAL_TRANSFER
TX-N-09031,EXT-A-009-2,ACC-N-0990,30928.51,2026-08-13T19:25:59+00:00,INTERNAL_TRANSFER
TX-N-09032,ACC-N-0872,ACC-N-0979,18767.04,2026-10-04T16:32:57+00:00,INTERNAL_TRANSFER
TX-N-09033,ACC-N-0785,ACC-N-0470,526.14,2026-06-03T01:49:15+00:00,WIRE
TX-N-09034,ACC-N-0752,EXT-A-039-4,888.3,2026-09-03T08:56:51+00:00,INTERNAL_TRANSFER
TX-N-09035,ACC-N-0990,EXT-A-070-2,24153.11,2026-07-26T12:09:19+00:00,WIRE
TX-N-09036,ACC-N-0914,EXT-A-021-2,90722.36,2026-10-20T17:39:05+00:00,ATM
TX-N-09037,EXT-A-007-2,ACC-N-0969,7320.96,2026-02-15T02:10:18+00:00,INTERNAL_TRANSFER
TX-N-09038,ACC-N-0818,ACC-N-0626,2508.7,2026-03-15T07:37:08+00:00,INTERNAL_TRANSFER
TX-N-09039,ACC-N-0413,ACC-N-0786,2392.2,2026-12-08T13:20:38+00:00,INTERNAL_TRANSFER
TX-N-09040,ACC-N-0878,ACC-N-0892,798.8,2026-08-10T08:27:02+00:00,WIRE
TX-N-09041,ACC-N-0835,ACC-N-0739,587.85,2026-06-24T09:44:53+00:00,WIRE
TX-N-09042,EXT-A-061-2,ACC-N-0830,13406.19,2026-04-23T05:30:34+00:00,INTERNAL_TRANSFER
TX-N-09043,ACC-N-0647,ACC-N-0758,2207.7,2026-06-07T03:30:20+00:00,WIRE
TX-N-09044,ACC-N-0618,ACC-N-0723,2420.73,2026-05-20T18:46:41+00:00,INTERNAL_TRANSFER
TX-N-09045,ACC-N-0704,EXT-A-041-3,2764.78,2026-11-17T06:52:38+00:00,INTERNAL_TRANSFER
TX-N-09046,EXT-A-062-2,ACC-N-0701,3264.19,2026-07-12T05:09:28+00:00,INTERNAL_TRANSFER
TX-N-09047,ACC-N-0874,EXT-A-065-1,14710.05,2026-04-30T06:50:24+00:00,INTERNAL_TRANSFER
TX-N-09048,ACC-N-0930,ACC-C-HNW-01,4107.4,2026-01-11T23:49:22+00:00,INTERNAL_TRANSFER
TX-N-09049,ACC-N-0588,ACC-N-0758,2976.46,2026-05-24T21:21:51+00:00,INTERNAL_TRANSFER
TX-N-09050,ACC-N-0754,EXT-A-017-1,7205.26,2026-05-18T14:11:47+00:00,INTERNAL_TRANSFER
TX-N-09051,ACC-N-0732,ACC-N-0826,2219.22,2026-01-01T15:42:30+00:00,INTERNAL_TRANSFER
TX-N-09052,EXT-A-065-4,ACC-N-0963,1030.97,2026-06-05T09:54:58+00:00,INTERNAL_TRANSFER
TX-N-09053,ACC-N-0429,EXT-A-060-4,11499.9,2026-09-01T11:54:51+00:00,ATM
TX-N-09054,EXT-A-054-3,ACC-N-0767,2141.87,2026-07-24T22:51:55+00:00,INTERNAL_TRANSFER
TX-N-09055,EXT-A-054-3,EXT-A-068-2,3258.44,2026-03-10T12:02:28+00:00,INTERNAL_TRANSFER
TX-N-09056,ACC-N-0589,EXT-A-027-4,13278.32,2026-05-19T02:56:28+00:00,INTERNAL_TRANSFER
TX-N-09057,EXT-A-069-3,ACC-N-0571,1079.14,2026-07-04T04:04:13+00:00,INTERNAL_TRANSFER
TX-N-09058,ACC-N-0730,EXT-A-015-2,6337.22,2026-09-10T23:13:45+00:00,WIRE
TX-N-09059,ACC-N-0849,ACC-N-0794,3011.23,2026-11-25T11:38:22+00:00,ATM
TX-N-09060,ACC-C-PAY-06,ACC-N-0724,143.08,2026-07-02T10:31:29+00:00,INTERNAL_TRANSFER
TX-N-09061,ACC-N-0648,ACC-N-0834,1622.73,2026-01-16T14:03:50+00:00,INTERNAL_TRANSFER
TX-N-09062,ACC-N-0856,EXT-A-028-2,1071.64,2026-11-13T06:19:19+00:00,INTERNAL_TRANSFER
TX-N-09063,EXT-A-050-3,EXT-A-027-4,2461.97,2026-04-13T19:51:05+00:00,INTERNAL_TRANSFER
TX-N-09064,ACC-C-PAY-06,ACC-N-0883,17957.6,2026-08-04T18:40:04+00:00,INTERNAL_TRANSFER
TX-N-09065,EXT-A-071-3,ACC-N-0730,12885.0,2026-05-20T06:23:58+00:00,INTERNAL_TRANSFER
TX-N-09066,EXT-A-044-4,ACC-N-0536,53246.54,2026-05-31T01:22:48+00:00,INTERNAL_TRANSFER
TX-N-09067,ACC-N-0450,ACC-N-0576,7203.01,2026-03-04T23:05:22+00:00,ATM
TX-N-09068,EXT-A-066-4,ACC-N-0612,8668.07,2026-07-09T03:43:47+00:00,WIRE
TX-N-09069,EXT-A-050-4,ACC-N-0691,28654.62,2026-09-19T08:59:18+00:00,WIRE
TX-N-09070,ACC-N-0781,ACC-B-03-C,1322.4,2026-12-11T03:53:55+00:00,WIRE
TX-N-09071,ACC-N-0522,ACC-N-0641,11774.87,2026-03-23T00:08:01+00:00,WIRE
TX-N-09072,EXT-A-042-4,ACC-N-0580,51114.33,2026-02-18T06:18:58+00:00,WIRE
TX-N-09073,ACC-N-0549,EXT-A-050-2,1695.47,2026-02-28T04:56:36+00:00,WIRE
TX-N-09074,ACC-N-0767,ACC-N-0760,1950.29,2026-02-12T02:58:58+00:00,INTERNAL_TRANSFER
TX-N-09075,ACC-N-0549,ACC-N-0424,4475.77,2026-08-10T08:58:05+00:00,INTERNAL_TRANSFER
TX-N-09076,ACC-B-C,ACC-N-0828,17982.92,2026-01-14T02:15:43+00:00,INTERNAL_TRANSFER
TX-N-09077,ACC-N-0950,EXT-A-028-2,3100.96,2026-12-31T11:10:01+00:00,INTERNAL_TRANSFER
TX-N-09078,ACC-N-0789,EXT-A-060-3,10667.08,2026-01-26T05:27:28+00:00,INTERNAL_TRANSFER
TX-N-09079,EXT-A-063-2,ACC-N-0863,7816.42,2026-10-21T08:50:24+00:00,INTERNAL_TRANSFER
TX-N-09080,ACC-C-PAY-03,ACC-N-0798,6749.28,2026-12-27T06:33:04+00:00,ATM
TX-N-09081,ACC-N-0826,ACC-B-C,2612.5,2026-03-07T07:22:45+00:00,ATM
TX-N-09082,EXT-A-026-1,ACC-N-0767,1194.69,2026-10-16T08:07:00+00:00,INTERNAL_TRANSFER
TX-N-09083,ACC-N-0547,ACC-N-0781,5362.17,2026-01-25T23:50:01+00:00,INTERNAL_TRANSFER
TX-N-09084,EXT-A-002-2,EXT-A-012-4,623.55,2026-10-28T14:29:19+00:00,INTERNAL_TRANSFER
TX-N-09085,ACC-N-0632,ACC-N-0845,1428.81,2026-10-07T23:51:01+00:00,INTERNAL_TRANSFER
TX-N-09086,EXT-A-056-1,EXT-A-047-4,2051.98,2026-07-23T00:14:46+00:00,WIRE
TX-N-09087,ACC-N-0939,EXT-A-050-1,12971.26,2026-05-16T00:18:07+00:00,WIRE
TX-N-09088,EXT-A-002-1,ACC-N-0832,8788.82,2026-10-21T19:58:28+00:00,INTERNAL_TRANSFER
TX-N-09089,ACC-N-0573,EXT-A-011-2,1686.52,2026-01-07T01:16:45+00:00,INTERNAL_TRANSFER
TX-N-09090,ACC-N-0765,EXT-A-059-4,9881.28,2026-05-20T01:12:10+00:00,INTERNAL_TRANSFER
TX-N-09091,EXT-A-019-1,ACC-N-0840,853.62,2026-01-18T16:41:10+00:00,ATM
TX-N-09092,ACC-N-0497,ACC-N-0836,10421.81,2026-11-16T17:09:20+00:00,INTERNAL_TRANSFER
TX-N-09093,ACC-C-PAY-05,ACC-N-0987,719.08,2026-06-10T04:37:48+00:00,INTERNAL_TRANSFER
TX-N-09094,EXT-A-070-4,ACC-N-0742,3090.2,2026-08-20T15:46:49+00:00,INTERNAL_TRANSFER
TX-N-09095,ACC-C-PAY-09,EXT-A-033-2,4383.54,2026-08-05T01:03:47+00:00,WIRE
TX-N-09096,ACC-N-0740,EXT-A-065-2,10517.01,2026-04-17T11:48:12+00:00,WIRE
TX-N-09097,ACC-N-0481,ACC-N-0398,11830.13,2026-12-24T19:49:27+00:00,INTERNAL_TRANSFER
TX-N-09098,ACC-N-0846,EXT-A-005-3,8633.51,2026-03-16T12:35:15+00:00,INTERNAL_TRANSFER
TX-N-09099,EXT-A-029-4,EXT-A-046-1,6553.57,2026-01-28T19:22:15+00:00,WIRE
TX-N-09100,ACC-N-0961,ACC-N-0676,938.57,2026-05-18T22:07:38+00:00,WIRE
TX-N-09101,EXT-A-062-3,EXT-A-030-4,3040.42,2026-10-13T21:35:17+00:00,INTERNAL_TRANSFER
TX-N-09102,EXT-A-022-2,ACC-N-0717,7165.86,2026-09-26T22:46:03+00:00,WIRE
TX-N-09103,EXT-A-038-1,ACC-N-0786,15193.57,2026-04-20T20:42:28+00:00,INTERNAL_TRANSFER
TX-N-09104,ACC-N-0778,EXT-A-031-4,939.7,2026-03-21T19:07:40+00:00,WIRE
TX-N-09105,ACC-N-0975,EXT-A-042-2,14513.12,2026-10-29T18:52:39+00:00,INTERNAL_TRANSFER
TX-N-09106,EXT-A-068-4,ACC-N-0781,1236.53,2026-01-30T21:30:59+00:00,WIRE
TX-N-09107,ACC-N-0998,EXT-A-016-4,848.6,2026-11-11T00:52:00+00:00,INTERNAL_TRANSFER
TX-N-09108,ACC-N-0937,EXT-A-013-2,1383.66,2026-03-03T01:53:42+00:00,INTERNAL_TRANSFER
TX-N-09109,ACC-N-0942,EXT-A-018-3,2227.51,2026-02-23T22:16:04+00:00,INTERNAL_TRANSFER
TX-N-09110,ACC-N-0892,EXT-A-042-3,1277.39,2026-02-05T14:23:39+00:00,ATM
TX-N-09111,EXT-A-002-3,ACC-N-0415,3016.21,2026-04-27T22:37:25+00:00,INTERNAL_TRANSFER
TX-N-09112,ACC-N-0668,ACC-N-0640,10322.23,2026-03-02T04:50:17+00:00,INTERNAL_TRANSFER
TX-N-09113,ACC-N-0641,ACC-N-0655,3048.96,2026-04-17T14:05:39+00:00,INTERNAL_TRANSFER
TX-N-09114,ACC-N-0950,EXT-A-039-4,25511.7,2026-04-06T04:45:30+00:00,WIRE
TX-N-09115,ACC-N-0851,ACC-N-0719,3943.09,2026-09-25T07:21:12+00:00,INTERNAL_TRANSFER
TX-N-09116,ACC-N-0968,ACC-N-0685,19045.9,2026-11-23T07:26:47+00:00,WIRE
TX-N-09117,ACC-N-0533,EXT-A-014-3,1514.43,2026-06-07T07:04:42+00:00,INTERNAL_TRANSFER
TX-N-09118,ACC-N-0661,ACC-N-0845,232.45,2026-05-22T05:46:03+00:00,INTERNAL_TRANSFER
TX-N-09119,ACC-N-0397,EXT-A-067-4,2694.06,2026-07-28T17:30:11+00:00,INTERNAL_TRANSFER
TX-N-09120,ACC-N-0599,ACC-B-04-C,1726.83,2026-02-22T18:37:00+00:00,ATM
TX-N-09121,EXT-A-048-2,ACC-N-0935,626.26,2026-09-26T01:22:42+00:00,INTERNAL_TRANSFER
TX-N-09122,ACC-N-0424,ACC-N-0403,3068.19,2026-08-10T08:07:52+00:00,INTERNAL_TRANSFER
TX-N-09123,ACC-N-0435,EXT-A-063-4,47569.14,2026-08-23T13:49:00+00:00,WIRE
TX-N-09124,ACC-N-0891,EXT-A-034-3,8116.48,2026-02-02T05:13:08+00:00,ATM
TX-N-09125,EXT-A-012-4,ACC-N-0785,1934.29,2026-05-29T18:46:38+00:00,INTERNAL_TRANSFER
TX-N-09126,ACC-N-0413,EXT-A-056-2,37569.28,2026-02-20T01:37:44+00:00,WIRE
TX-N-09127,ACC-N-0415,EXT-A-003-4,3639.55,2026-09-02T01:29:31+00:00,INTERNAL_TRANSFER
TX-N-09128,EXT-A-044-4,EXT-A-035-4,3562.6,2026-04-28T11:49:03+00:00,INTERNAL_TRANSFER
TX-N-09129,EXT-A-066-3,ACC-N-0397,14413.37,2026-03-16T06:16:49+00:00,INTERNAL_TRANSFER
TX-N-09130,EXT-A-072-4,ACC-N-0505,7705.27,2026-03-09T07:16:10+00:00,ATM
TX-N-09131,EXT-A-035-2,EXT-A-011-2,22098.7,2026-11-02T06:07:12+00:00,INTERNAL_TRANSFER
TX-N-09132,ACC-N-0881,ACC-N-0582,18516.94,2026-12-02T00:13:29+00:00,INTERNAL_TRANSFER
TX-N-09133,EXT-A-010-3,ACC-N-0911,36020.89,2026-01-23T03:43:59+00:00,WIRE
TX-N-09134,EXT-A-049-1,ACC-N-0940,8083.33,2026-05-23T18:15:40+00:00,INTERNAL_TRANSFER
TX-N-09135,EXT-A-040-3,ACC-N-0866,1739.29,2026-02-06T05:34:55+00:00,INTERNAL_TRANSFER
TX-N-09136,EXT-A-052-3,ACC-N-0817,2570.47,2026-05-23T10:50:29+00:00,INTERNAL_TRANSFER
TX-N-09137,ACC-N-0769,ACC-N-0504,1884.47,2026-11-08T19:24:37+00:00,WIRE
TX-N-09138,EXT-A-019-1,ACC-N-0944,2020.92,2026-06-07T17:56:56+00:00,INTERNAL_TRANSFER
TX-N-09139,ACC-N-0422,ACC-N-0576,2687.41,2026-07-29T02:37:11+00:00,INTERNAL_TRANSFER
TX-N-09140,EXT-A-054-4,EXT-A-051-1,4552.81,2026-09-06T23:43:50+00:00,INTERNAL_TRANSFER
TX-N-09141,EXT-A-042-1,ACC-N-0465,2202.36,2026-07-10T11:26:34+00:00,INTERNAL_TRANSFER
TX-N-09142,ACC-N-0821,ACC-N-0721,4071.27,2026-08-11T18:53:57+00:00,INTERNAL_TRANSFER
TX-N-09143,ACC-N-0836,ACC-N-0460,2016.83,2026-10-22T03:56:58+00:00,ATM
TX-N-09144,EXT-A-021-3,EXT-A-032-4,864.76,2026-04-30T00:41:49+00:00,INTERNAL_TRANSFER
TX-N-09145,ACC-N-0760,ACC-N-0678,15768.9,2026-10-30T16:39:27+00:00,INTERNAL_TRANSFER
TX-N-09146,ACC-N-0565,ACC-N-0619,14715.35,2026-08-10T16:26:22+00:00,WIRE
TX-N-09147,EXT-A-033-4,ACC-N-0866,18344.42,2026-03-12T08:31:18+00:00,WIRE
TX-N-09148,EXT-A-064-4,ACC-N-0711,2218.47,2026-06-23T02:46:26+00:00,INTERNAL_TRANSFER
TX-N-09149,EXT-A-049-3,EXT-A-019-4,287.19,2026-07-08T12:44:25+00:00,WIRE
TX-N-09150,ACC-N-0717,ACC-N-0543,2258.54,2026-01-25T15:21:46+00:00,INTERNAL_TRANSFER
TX-N-09151,EXT-A-041-2,EXT-A-060-4,2098.55,2026-09-20T11:23:18+00:00,INTERNAL_TRANSFER
TX-N-09152,ACC-N-0932,ACC-N-0589,830.28,2026-09-29T12:46:15+00:00,INTERNAL_TRANSFER
TX-N-09153,EXT-A-018-3,ACC-N-0860,1805.1,2026-01-31T15:57:53+00:00,INTERNAL_TRANSFER
TX-N-09154,ACC-N-0734,ACC-N-0583,4288.15,2026-01-12T10:28:14+00:00,INTERNAL_TRANSFER
TX-N-09155,ACC-N-0648,ACC-N-0719,12956.12,2026-12-31T12:02:15+00:00,INTERNAL_TRANSFER
TX-N-09156,ACC-N-0630,EXT-A-046-3,5257.63,2026-04-08T05:34:01+00:00,INTERNAL_TRANSFER
TX-N-09157,EXT-A-069-3,EXT-A-018-4,2739.98,2026-06-02T05:02:39+00:00,WIRE
TX-N-09158,EXT-A-071-4,ACC-N-0670,8830.94,2026-07-13T16:33:10+00:00,INTERNAL_TRANSFER
TX-N-09159,EXT-A-023-2,ACC-N-0432,5948.08,2026-11-13T15:06:05+00:00,ATM
TX-N-09160,ACC-N-0525,EXT-A-039-1,1427.68,2026-03-19T06:48:21+00:00,INTERNAL_TRANSFER
TX-N-09161,ACC-N-0564,EXT-A-031-3,1640.42,2026-04-24T06:57:15+00:00,INTERNAL_TRANSFER
TX-N-09162,ACC-N-0601,ACC-N-0781,3575.97,2026-09-11T21:10:05+00:00,INTERNAL_TRANSFER
TX-N-09163,ACC-N-0570,ACC-N-0738,1243.15,2026-11-28T23:40:49+00:00,INTERNAL_TRANSFER
TX-N-09164,ACC-N-0872,ACC-N-0717,2837.01,2026-03-08T20:14:02+00:00,INTERNAL_TRANSFER
TX-N-09165,EXT-A-056-4,EXT-A-013-1,1858.83,2026-01-09T21:46:21+00:00,INTERNAL_TRANSFER
TX-N-09166,EXT-A-059-2,ACC-N-0788,7435.64,2026-08-08T03:49:20+00:00,WIRE
TX-N-09167,ACC-N-0579,EXT-A-002-2,12355.69,2026-12-14T05:11:15+00:00,INTERNAL_TRANSFER
TX-N-09168,EXT-A-013-1,ACC-N-0499,4260.04,2026-10-31T11:24:49+00:00,INTERNAL_TRANSFER
TX-N-09169,EXT-A-042-1,ACC-N-0812,4414.25,2026-12-18T06:50:38+00:00,INTERNAL_TRANSFER
TX-N-09170,ACC-N-0965,ACC-N-0739,2524.83,2026-10-16T00:30:48+00:00,INTERNAL_TRANSFER
TX-N-09171,EXT-A-023-3,ACC-N-0945,6999.13,2026-03-15T01:41:01+00:00,ATM
TX-N-09172,ACC-C-HNW-06,ACC-N-0507,21631.09,2026-05-10T21:51:39+00:00,INTERNAL_TRANSFER
TX-N-09173,ACC-N-0837,ACC-N-0657,1802.26,2026-02-04T07:50:03+00:00,INTERNAL_TRANSFER
TX-N-09174,ACC-N-0890,EXT-A-009-2,11501.5,2026-07-02T16:03:47+00:00,INTERNAL_TRANSFER
TX-N-09175,EXT-A-060-4,ACC-N-0667,13487.14,2026-01-23T22:07:46+00:00,INTERNAL_TRANSFER
TX-N-09176,ACC-N-0607,ACC-N-0740,9774.74,2026-11-13T04:35:34+00:00,INTERNAL_TRANSFER
TX-N-09177,ACC-N-0746,ACC-N-0969,5124.88,2026-11-17T14:04:03+00:00,WIRE
TX-N-09178,ACC-N-0885,ACC-C-PAY-07,6407.44,2026-09-25T09:03:01+00:00,INTERNAL_TRANSFER
TX-N-09179,ACC-N-0760,ACC-N-0552,2936.08,2026-12-20T13:30:01+00:00,INTERNAL_TRANSFER
TX-N-09180,EXT-A-015-1,ACC-N-0427,12190.43,2026-05-25T14:11:48+00:00,WIRE
TX-N-09181,EXT-A-038-3,EXT-A-014-4,13920.51,2026-02-07T20:42:24+00:00,INTERNAL_TRANSFER
TX-N-09182,ACC-N-0666,EXT-A-047-2,1038.38,2026-01-30T14:40:59+00:00,INTERNAL_TRANSFER
TX-N-09183,ACC-N-0645,ACC-N-0727,2561.27,2026-03-31T21:50:57+00:00,WIRE
TX-N-09184,ACC-N-0460,EXT-A-020-2,5294.89,2026-05-27T19:29:30+00:00,INTERNAL_TRANSFER
TX-N-09185,ACC-N-0834,EXT-A-031-3,13635.66,2026-07-10T13:22:31+00:00,INTERNAL_TRANSFER
TX-N-09186,ACC-N-0710,EXT-A-056-2,2333.98,2026-02-28T05:41:05+00:00,INTERNAL_TRANSFER
TX-N-09187,ACC-N-0633,ACC-N-0879,4002.24,2026-08-14T20:36:43+00:00,ATM
TX-N-09188,EXT-A-047-3,ACC-N-0660,3029.34,2026-01-07T19:10:46+00:00,INTERNAL_TRANSFER
TX-N-09189,ACC-N-0950,ACC-N-0938,3050.58,2026-01-31T09:14:40+00:00,INTERNAL_TRANSFER
TX-N-09190,ACC-N-0680,EXT-A-027-1,28026.36,2026-08-09T22:55:05+00:00,INTERNAL_TRANSFER
TX-N-09191,ACC-N-0769,EXT-A-018-2,6696.55,2026-10-16T13:19:20+00:00,INTERNAL_TRANSFER
TX-N-09192,ACC-B-03-A,EXT-A-064-1,11708.39,2026-09-23T09:04:15+00:00,INTERNAL_TRANSFER
TX-N-09193,ACC-N-0889,ACC-N-0399,8413.58,2026-01-02T20:09:43+00:00,WIRE
TX-N-09194,ACC-N-0610,ACC-N-0857,973.16,2026-06-14T13:32:46+00:00,INTERNAL_TRANSFER
TX-N-09195,ACC-N-0492,ACC-N-0648,20098.82,2026-08-26T21:36:12+00:00,INTERNAL_TRANSFER
TX-N-09196,EXT-A-039-2,EXT-A-009-4,9921.94,2026-05-28T05:23:55+00:00,INTERNAL_TRANSFER
TX-N-09197,ACC-N-0752,ACC-C-PAY-05,2038.09,2026-06-06T23:33:22+00:00,ATM
TX-N-09198,EXT-A-052-2,ACC-N-0510,16222.41,2026-07-25T08:28:37+00:00,INTERNAL_TRANSFER
TX-N-09199,ACC-N-0459,ACC-N-0901,13754.11,2026-09-14T17:49:08+00:00,WIRE
TX-N-09200,EXT-A-062-4,ACC-N-0902,14919.75,2026-07-05T11:19:15+00:00,INTERNAL_TRANSFER
TX-N-09201,EXT-A-048-4,ACC-N-0698,3034.44,2026-04-03T04:55:32+00:00,WIRE
TX-N-09202,ACC-N-0945,ACC-N-0405,11191.56,2026-10-08T18:46:17+00:00,INTERNAL_TRANSFER
TX-N-09203,ACC-N-0623,EXT-A-056-1,11276.77,2026-05-19T18:09:45+00:00,ATM
TX-N-09204,ACC-N-0815,ACC-N-0529,3497.75,2026-09-18T14:16:19+00:00,INTERNAL_TRANSFER
TX-N-09205,ACC-N-0709,EXT-A-044-1,4027.91,2026-04-17T19:26:25+00:00,INTERNAL_TRANSFER
TX-N-09206,EXT-A-072-4,ACC-N-0984,6901.48,2026-11-11T00:09:26+00:00,INTERNAL_TRANSFER
TX-N-09207,ACC-N-0531,EXT-A-069-1,965.64,2026-11-25T21:27:56+00:00,INTERNAL_TRANSFER
TX-N-09208,ACC-N-0608,EXT-A-069-2,6060.73,2026-05-05T21:18:46+00:00,INTERNAL_TRANSFER
TX-N-09209,ACC-N-0489,ACC-N-0796,6219.84,2026-07-12T23:02:25+00:00,INTERNAL_TRANSFER
TX-N-09210,EXT-A-019-2,ACC-N-0671,1279.75,2026-06-02T01:21:26+00:00,INTERNAL_TRANSFER
TX-N-09211,ACC-N-0470,ACC-N-0678,1161.26,2026-01-30T11:56:03+00:00,INTERNAL_TRANSFER
TX-N-09212,EXT-A-062-1,EXT-A-014-1,6186.74,2026-07-11T00:30:56+00:00,ATM
TX-N-09213,ACC-B-C,ACC-N-0603,15294.39,2026-07-31T06:02:43+00:00,INTERNAL_TRANSFER
TX-N-09214,ACC-N-0930,ACC-N-0603,29032.09,2026-05-22T08:07:38+00:00,WIRE
TX-N-09215,ACC-B-03-B,EXT-A-045-3,7872.17,2026-05-01T23:04:21+00:00,INTERNAL_TRANSFER
TX-N-09216,ACC-N-0671,ACC-N-0889,76979.46,2026-08-22T23:46:09+00:00,INTERNAL_TRANSFER
TX-N-09217,ACC-N-0477,ACC-N-0987,13746.24,2026-05-16T06:16:25+00:00,WIRE
TX-N-09218,EXT-A-021-2,ACC-N-0709,8383.37,2026-04-26T18:19:51+00:00,INTERNAL_TRANSFER
TX-N-09219,ACC-N-0925,EXT-A-049-2,9901.59,2026-10-14T11:09:34+00:00,INTERNAL_TRANSFER
TX-N-09220,ACC-N-0655,ACC-N-0705,1830.55,2026-04-11T01:09:03+00:00,ATM
TX-N-09221,ACC-N-0467,EXT-A-070-2,11954.38,2026-03-22T21:46:54+00:00,INTERNAL_TRANSFER
TX-N-09222,ACC-N-0397,EXT-A-054-1,3081.95,2026-05-27T05:59:13+00:00,WIRE
TX-N-09223,ACC-N-0493,ACC-N-0903,4065.99,2026-02-21T06:59:40+00:00,INTERNAL_TRANSFER
TX-N-09224,ACC-N-0706,EXT-A-034-1,4689.09,2026-04-26T14:10:00+00:00,WIRE
TX-N-09225,ACC-B-A,ACC-N-0481,36585.91,2026-11-17T07:48:17+00:00,INTERNAL_TRANSFER
TX-N-09226,ACC-N-0748,ACC-N-0735,23406.7,2026-03-28T15:14:41+00:00,WIRE
TX-N-09227,EXT-A-033-4,ACC-N-0891,2000.43,2026-10-29T16:55:54+00:00,INTERNAL_TRANSFER
TX-N-09228,ACC-N-0995,ACC-N-0823,2861.79,2026-01-30T04:19:54+00:00,ATM
TX-N-09229,EXT-A-013-2,EXT-A-034-3,2760.84,2026-03-04T13:28:48+00:00,INTERNAL_TRANSFER
TX-N-09230,ACC-N-0745,ACC-N-0871,11133.83,2026-04-23T20:20:24+00:00,INTERNAL_TRANSFER
TX-N-09231,ACC-N-0461,ACC-N-0534,20775.7,2026-02-28T15:13:45+00:00,INTERNAL_TRANSFER
TX-N-09232,ACC-C-PAY-10,EXT-A-012-4,4445.14,2026-08-02T13:56:19+00:00,WIRE
TX-N-09233,ACC-N-0509,ACC-N-0797,1241.21,2026-04-30T11:58:23+00:00,WIRE
TX-N-09234,ACC-N-0694,ACC-N-0515,4469.48,2026-11-18T00:57:30+00:00,WIRE
TX-N-09235,ACC-N-0763,ACC-N-0513,21715.35,2026-09-07T18:12:11+00:00,INTERNAL_TRANSFER
TX-N-09236,ACC-N-0903,ACC-N-0853,2501.33,2026-06-28T09:52:07+00:00,INTERNAL_TRANSFER
TX-N-09237,EXT-A-047-2,ACC-N-0540,352.87,2026-07-31T03:24:32+00:00,ATM
TX-N-09238,ACC-N-0727,ACC-N-0990,1370.89,2026-04-19T07:37:04+00:00,INTERNAL_TRANSFER
TX-N-09239,EXT-A-067-3,ACC-N-0888,3085.87,2026-02-21T13:25:57+00:00,WIRE
TX-N-09240,EXT-A-064-2,ACC-N-0450,27141.94,2026-03-06T03:51:26+00:00,INTERNAL_TRANSFER
TX-N-09241,ACC-N-0860,ACC-N-0532,40151.7,2026-03-28T01:45:17+00:00,INTERNAL_TRANSFER
TX-N-09242,EXT-A-015-4,EXT-A-049-2,19675.62,2026-11-12T23:09:22+00:00,INTERNAL_TRANSFER
TX-N-09243,EXT-A-009-2,EXT-A-062-3,4475.92,2026-05-31T08:03:00+00:00,WIRE
TX-N-09244,ACC-N-0465,ACC-N-0641,8178.8,2026-05-22T16:32:49+00:00,INTERNAL_TRANSFER
TX-N-09245,EXT-A-025-4,ACC-C-HNW-03,2357.72,2026-10-23T07:38:51+00:00,INTERNAL_TRANSFER
TX-N-09246,ACC-N-0570,ACC-N-0982,3341.81,2026-07-09T14:29:26+00:00,INTERNAL_TRANSFER
TX-N-09247,ACC-N-0963,ACC-N-0929,15799.36,2026-08-09T13:36:45+00:00,INTERNAL_TRANSFER
TX-N-09248,ACC-N-0735,EXT-A-026-4,6585.16,2026-01-26T05:56:56+00:00,INTERNAL_TRANSFER
TX-N-09249,ACC-N-0856,ACC-N-0804,4336.26,2026-07-05T08:14:25+00:00,INTERNAL_TRANSFER
TX-N-09250,ACC-C-HNW-04,ACC-N-0687,8455.86,2026-07-31T01:25:25+00:00,INTERNAL_TRANSFER
TX-N-09251,ACC-N-0865,ACC-N-0510,8617.94,2026-05-14T18:40:35+00:00,INTERNAL_TRANSFER
TX-N-09252,ACC-N-0536,EXT-A-002-1,5676.66,2026-11-10T06:49:22+00:00,WIRE
TX-N-09253,ACC-N-0982,EXT-A-003-3,779.83,2026-07-10T10:04:09+00:00,INTERNAL_TRANSFER
TX-N-09254,EXT-A-068-2,EXT-A-030-4,3567.79,2026-02-04T02:29:44+00:00,WIRE
TX-N-09255,ACC-N-0634,ACC-N-0748,1872.85,2026-06-01T17:16:05+00:00,INTERNAL_TRANSFER
TX-N-09256,EXT-A-060-1,ACC-N-0567,753.05,2026-01-02T11:43:02+00:00,WIRE
TX-N-09257,ACC-N-0643,ACC-N-0517,2697.2,2026-11-24T10:44:13+00:00,INTERNAL_TRANSFER
TX-N-09258,ACC-N-0708,ACC-N-0878,6983.94,2026-10-03T16:07:19+00:00,INTERNAL_TRANSFER
TX-N-09259,ACC-N-0551,ACC-N-0502,3002.28,2026-12-15T05:21:19+00:00,WIRE
TX-N-09260,ACC-N-0883,ACC-N-0405,25945.72,2026-11-09T12:51:11+00:00,INTERNAL_TRANSFER
TX-N-09261,ACC-N-0968,ACC-N-0458,337.28,2026-01-17T23:09:41+00:00,INTERNAL_TRANSFER
TX-N-09262,ACC-N-0495,ACC-N-0721,1642.27,2026-11-24T22:59:20+00:00,ATM
TX-N-09263,ACC-N-0607,ACC-N-0900,4887.14,2026-03-11T09:39:26+00:00,INTERNAL_TRANSFER
TX-N-09264,ACC-N-0959,ACC-N-0821,704.84,2026-05-23T06:47:02+00:00,INTERNAL_TRANSFER
TX-N-09265,EXT-A-024-2,EXT-A-016-2,21560.26,2026-11-01T14:01:27+00:00,WIRE
TX-N-09266,ACC-C-HNW-05,ACC-N-0660,6320.5,2026-11-13T17:15:07+00:00,INTERNAL_TRANSFER
TX-N-09267,EXT-A-035-3,ACC-N-0965,7658.47,2026-10-04T13:06:21+00:00,INTERNAL_TRANSFER
TX-N-09268,ACC-N-0829,ACC-N-0967,16823.6,2026-10-26T18:05:08+00:00,INTERNAL_TRANSFER
TX-N-09269,EXT-A-045-4,EXT-A-072-1,6784.52,2026-05-31T05:47:06+00:00,INTERNAL_TRANSFER
TX-N-09270,EXT-A-017-3,ACC-N-0585,12418.64,2026-11-03T06:41:01+00:00,INTERNAL_TRANSFER
TX-N-09271,ACC-N-0756,EXT-A-013-1,4511.83,2026-04-18T15:33:47+00:00,INTERNAL_TRANSFER
TX-N-09272,ACC-N-0887,ACC-N-0528,48262.13,2026-12-06T04:37:39+00:00,INTERNAL_TRANSFER
TX-N-09273,ACC-N-0613,ACC-N-0513,2889.82,2026-10-11T20:37:25+00:00,INTERNAL_TRANSFER
TX-N-09274,ACC-N-0634,EXT-A-031-1,10153.15,2026-09-25T22:49:59+00:00,INTERNAL_TRANSFER
TX-N-09275,EXT-A-021-2,ACC-N-0947,21481.6,2026-03-29T13:46:16+00:00,INTERNAL_TRANSFER
TX-N-09276,ACC-N-0895,ACC-N-0795,2314.89,2026-02-05T01:53:59+00:00,INTERNAL_TRANSFER
TX-N-09277,ACC-N-0670,ACC-N-0578,11223.85,2026-12-24T01:34:52+00:00,WIRE
TX-N-09278,ACC-N-0633,EXT-A-011-1,8296.67,2026-04-05T22:28:07+00:00,WIRE
TX-N-09279,EXT-A-013-3,ACC-N-0888,20271.53,2026-03-25T08:41:16+00:00,INTERNAL_TRANSFER
TX-N-09280,ACC-N-0871,ACC-N-0984,3703.11,2026-10-19T14:57:48+00:00,INTERNAL_TRANSFER
TX-N-09281,ACC-N-0570,EXT-A-037-4,15228.48,2026-12-02T18:20:09+00:00,INTERNAL_TRANSFER
TX-N-09282,EXT-A-072-4,ACC-N-0911,3271.41,2026-02-18T09:37:01+00:00,INTERNAL_TRANSFER
TX-N-09283,EXT-A-014-3,ACC-N-0997,574.41,2026-06-27T19:09:23+00:00,INTERNAL_TRANSFER
TX-N-09284,ACC-N-0997,EXT-A-016-1,1980.77,2026-04-29T00:55:18+00:00,INTERNAL_TRANSFER
TX-N-09285,ACC-N-0544,EXT-A-007-3,7657.54,2026-09-11T18:12:20+00:00,INTERNAL_TRANSFER
TX-N-09286,ACC-B-03-B,ACC-N-0800,32486.13,2026-01-27T20:05:15+00:00,INTERNAL_TRANSFER
TX-N-09287,ACC-N-0603,ACC-N-0615,4679.11,2026-11-15T07:01:35+00:00,WIRE
TX-N-09288,ACC-N-0640,ACC-C-HNW-02,10384.2,2026-11-24T00:25:34+00:00,INTERNAL_TRANSFER
TX-N-09289,ACC-N-0886,ACC-N-0396,12060.95,2026-04-13T17:15:01+00:00,INTERNAL_TRANSFER
TX-N-09290,ACC-N-0678,EXT-A-071-4,1045.79,2026-09-03T21:21:18+00:00,ATM
TX-N-09291,ACC-N-0887,ACC-N-0527,910.22,2026-05-07T06:26:05+00:00,WIRE
TX-N-09292,ACC-N-0426,ACC-N-0708,1865.58,2026-11-11T06:31:23+00:00,INTERNAL_TRANSFER
TX-N-09293,ACC-N-0803,ACC-N-0963,11298.28,2026-04-26T12:04:37+00:00,INTERNAL_TRANSFER
TX-N-09294,ACC-N-0543,ACC-N-0472,6253.84,2026-10-05T09:29:36+00:00,INTERNAL_TRANSFER
TX-N-09295,ACC-N-0666,ACC-N-0639,10180.95,2026-04-03T03:52:53+00:00,INTERNAL_TRANSFER
TX-N-09296,EXT-A-033-3,EXT-A-062-2,7156.9,2026-11-27T17:49:05+00:00,INTERNAL_TRANSFER
TX-N-09297,ACC-N-0964,ACC-N-0564,4679.12,2026-05-03T00:45:28+00:00,WIRE
TX-N-09298,EXT-A-020-2,ACC-N-0783,4750.9,2026-10-13T05:55:17+00:00,INTERNAL_TRANSFER
TX-N-09299,ACC-N-0887,ACC-N-0673,3556.72,2026-04-28T00:51:14+00:00,INTERNAL_TRANSFER
TX-N-09300,EXT-A-029-3,EXT-A-010-2,3211.73,2026-03-26T18:06:38+00:00,INTERNAL_TRANSFER
TX-N-09301,EXT-A-017-2,ACC-N-0786,12266.95,2026-09-06T15:06:17+00:00,INTERNAL_TRANSFER
TX-N-09302,ACC-N-0644,EXT-A-023-4,2631.6,2026-03-03T05:02:05+00:00,INTERNAL_TRANSFER
TX-N-09303,ACC-C-PAY-08,ACC-N-0447,524.08,2026-05-29T00:20:48+00:00,WIRE
TX-N-09304,ACC-N-0632,ACC-N-0552,18033.3,2026-03-28T12:13:22+00:00,INTERNAL_TRANSFER
TX-N-09305,EXT-A-026-4,ACC-N-0812,13865.53,2026-08-30T05:06:23+00:00,INTERNAL_TRANSFER
TX-N-09306,ACC-N-0544,ACC-N-0717,4141.75,2026-03-27T03:47:40+00:00,INTERNAL_TRANSFER
TX-N-09307,ACC-N-0808,ACC-N-0439,15460.29,2026-02-25T22:56:03+00:00,INTERNAL_TRANSFER
TX-N-09308,EXT-A-014-3,ACC-N-0535,683.24,2026-07-16T07:38:29+00:00,WIRE
TX-N-09309,ACC-N-0790,ACC-N-0695,4597.36,2026-05-09T09:50:17+00:00,INTERNAL_TRANSFER
TX-N-09310,ACC-N-0627,EXT-A-057-4,7251.82,2026-08-19T08:54:38+00:00,INTERNAL_TRANSFER
TX-N-09311,ACC-N-0486,EXT-A-023-1,1386.14,2026-05-12T16:56:53+00:00,INTERNAL_TRANSFER
TX-N-09312,EXT-A-053-1,EXT-A-024-2,552.55,2026-12-18T00:02:34+00:00,INTERNAL_TRANSFER
TX-N-09313,EXT-A-032-2,ACC-N-0540,3218.86,2026-04-17T14:07:49+00:00,ATM
TX-N-09314,EXT-A-049-1,ACC-N-0441,5290.56,2026-04-22T04:26:37+00:00,INTERNAL_TRANSFER
TX-N-09315,ACC-N-0972,EXT-A-025-2,4376.96,2026-05-08T14:23:45+00:00,ATM
TX-N-09316,EXT-A-045-2,ACC-C-HNW-01,1723.96,2026-09-11T08:29:43+00:00,INTERNAL_TRANSFER
TX-N-09317,ACC-N-0906,EXT-A-041-4,774.14,2026-10-20T02:12:05+00:00,WIRE
TX-N-09318,ACC-N-0692,ACC-B-02-A,32628.94,2026-09-19T06:13:11+00:00,INTERNAL_TRANSFER
TX-N-09319,ACC-B-A,ACC-N-0995,12933.09,2026-11-25T04:51:39+00:00,INTERNAL_TRANSFER
TX-N-09320,ACC-N-0543,ACC-N-0756,16013.62,2026-09-20T22:14:15+00:00,INTERNAL_TRANSFER
TX-N-09321,ACC-N-0564,ACC-N-0645,7164.72,2026-11-01T18:49:01+00:00,INTERNAL_TRANSFER
TX-N-09322,ACC-N-0568,EXT-A-064-3,1409.22,2026-02-28T10:29:57+00:00,INTERNAL_TRANSFER
TX-N-09323,ACC-N-0438,ACC-N-0639,10099.66,2026-10-05T09:43:25+00:00,INTERNAL_TRANSFER
TX-N-09324,ACC-N-0627,ACC-N-0811,14104.64,2026-02-10T23:21:24+00:00,INTERNAL_TRANSFER
TX-N-09325,ACC-N-0459,ACC-N-0940,32309.27,2026-09-24T13:15:48+00:00,INTERNAL_TRANSFER
TX-N-09326,EXT-A-051-4,EXT-A-043-3,1338.28,2026-10-20T02:22:49+00:00,INTERNAL_TRANSFER
TX-N-09327,ACC-B-03-B,EXT-A-047-2,4171.02,2026-10-19T16:11:23+00:00,INTERNAL_TRANSFER
TX-N-09328,EXT-A-047-3,EXT-A-020-2,2515.45,2026-12-31T02:35:36+00:00,INTERNAL_TRANSFER
TX-N-09329,EXT-A-022-2,ACC-N-0526,662.61,2026-05-08T12:58:03+00:00,INTERNAL_TRANSFER
TX-N-09330,EXT-A-053-1,EXT-A-019-2,8153.72,2026-06-07T03:17:26+00:00,INTERNAL_TRANSFER
TX-N-09331,ACC-N-0887,ACC-N-0464,3272.23,2026-03-29T23:05:41+00:00,INTERNAL_TRANSFER
TX-N-09332,ACC-N-0812,EXT-A-069-4,26253.04,2026-06-22T12:56:06+00:00,INTERNAL_TRANSFER
TX-N-09333,ACC-N-0869,ACC-N-0991,4849.05,2026-12-10T06:25:57+00:00,INTERNAL_TRANSFER
TX-N-09334,ACC-N-0661,ACC-N-0398,14812.43,2026-12-27T03:39:35+00:00,INTERNAL_TRANSFER
TX-N-09335,ACC-N-0942,EXT-A-068-2,7153.71,2026-08-10T07:59:21+00:00,ATM
TX-N-09336,EXT-A-048-3,ACC-N-0471,1063.66,2026-01-29T19:07:05+00:00,INTERNAL_TRANSFER
TX-N-09337,ACC-C-PAY-07,ACC-C-HNW-04,3424.76,2026-07-09T19:06:29+00:00,ATM
TX-N-09338,EXT-A-064-1,EXT-A-050-4,26339.23,2026-10-13T09:31:25+00:00,INTERNAL_TRANSFER
TX-N-09339,EXT-A-037-3,ACC-N-0761,9330.78,2026-04-09T12:54:57+00:00,INTERNAL_TRANSFER
TX-N-09340,EXT-A-025-3,ACC-N-0863,1559.13,2026-05-19T10:39:29+00:00,INTERNAL_TRANSFER
TX-N-09341,ACC-N-0689,ACC-C-PAY-07,28803.22,2026-04-15T01:14:16+00:00,INTERNAL_TRANSFER
TX-N-09342,ACC-N-0951,ACC-N-0748,7506.35,2026-04-29T23:20:25+00:00,WIRE
TX-N-09343,EXT-A-024-1,ACC-C-PAY-12,6018.83,2026-08-02T15:45:01+00:00,WIRE
TX-N-09344,ACC-N-0990,ACC-N-0707,3168.81,2026-09-03T02:49:15+00:00,INTERNAL_TRANSFER
TX-N-09345,ACC-N-0985,ACC-N-0600,3761.37,2026-12-12T11:20:20+00:00,INTERNAL_TRANSFER
TX-N-09346,ACC-N-0977,EXT-A-071-3,1645.66,2026-10-24T00:21:10+00:00,WIRE
TX-N-09347,EXT-A-018-2,ACC-N-0519,5220.45,2026-11-11T18:03:47+00:00,INTERNAL_TRANSFER
TX-N-09348,ACC-N-0749,EXT-A-051-2,12854.32,2026-10-29T00:20:59+00:00,INTERNAL_TRANSFER
TX-N-09349,ACC-N-0685,ACC-N-0408,824.96,2026-02-25T18:44:25+00:00,INTERNAL_TRANSFER
TX-N-09350,ACC-N-0479,ACC-N-0856,3298.52,2026-12-14T10:48:26+00:00,ATM
TX-N-09351,EXT-A-012-4,ACC-N-0668,9670.19,2026-05-25T19:56:42+00:00,INTERNAL_TRANSFER
TX-N-09352,ACC-N-0972,ACC-N-0698,5541.93,2026-01-14T09:20:55+00:00,INTERNAL_TRANSFER
TX-N-09353,ACC-N-0497,EXT-A-029-4,5345.72,2026-11-01T05:11:05+00:00,INTERNAL_TRANSFER
TX-N-09354,ACC-N-0962,EXT-A-029-3,3869.17,2026-04-01T07:04:52+00:00,INTERNAL_TRANSFER
TX-N-09355,ACC-N-0563,ACC-N-0491,1671.68,2026-08-09T05:57:32+00:00,INTERNAL_TRANSFER
TX-N-09356,EXT-A-029-4,ACC-N-0428,3319.32,2026-11-07T07:10:30+00:00,ATM
TX-N-09357,ACC-N-0538,ACC-C-PAY-01,23038.46,2026-11-18T21:51:29+00:00,WIRE
TX-N-09358,ACC-N-0635,ACC-N-0986,6795.25,2026-10-13T16:16:08+00:00,INTERNAL_TRANSFER
TX-N-09359,EXT-A-061-1,EXT-A-023-2,5354.14,2026-12-13T07:06:38+00:00,INTERNAL_TRANSFER
TX-N-09360,ACC-N-0544,ACC-N-0533,14621.4,2026-05-04T20:23:59+00:00,WIRE
TX-N-09361,ACC-N-0848,ACC-N-0641,1021.78,2026-05-23T05:03:53+00:00,INTERNAL_TRANSFER
TX-N-09362,ACC-N-0909,ACC-N-0896,3294.25,2026-10-15T15:35:58+00:00,INTERNAL_TRANSFER
TX-N-09363,EXT-A-033-3,EXT-A-035-2,6047.11,2026-06-09T23:26:14+00:00,WIRE
TX-N-09364,ACC-N-0605,EXT-A-023-3,1289.12,2026-07-30T06:15:54+00:00,INTERNAL_TRANSFER
TX-N-09365,ACC-N-0851,ACC-N-0812,15447.06,2026-11-23T13:23:38+00:00,WIRE
TX-N-09366,EXT-A-015-4,ACC-N-0683,799.13,2026-11-15T00:57:46+00:00,INTERNAL_TRANSFER
TX-N-09367,ACC-B-C,ACC-N-0955,4409.78,2026-02-19T03:12:23+00:00,INTERNAL_TRANSFER
TX-N-09368,ACC-N-0630,ACC-N-0884,2458.39,2026-01-15T02:59:16+00:00,WIRE
TX-N-09369,EXT-A-038-1,ACC-C-PAY-10,1986.78,2026-11-25T23:56:14+00:00,INTERNAL_TRANSFER
TX-N-09370,EXT-A-061-3,ACC-N-0937,3787.87,2026-02-10T10:23:00+00:00,WIRE
TX-N-09371,EXT-A-069-1,EXT-A-062-3,11560.82,2026-09-13T22:48:51+00:00,ATM
TX-N-09372,EXT-A-054-4,ACC-N-0987,13567.21,2026-02-23T12:29:12+00:00,INTERNAL_TRANSFER
TX-N-09373,ACC-N-0781,EXT-A-026-2,624.36,2026-07-17T21:50:24+00:00,INTERNAL_TRANSFER
TX-N-09374,ACC-N-0920,ACC-N-0440,14467.87,2026-04-05T11:21:05+00:00,ATM
TX-N-09375,EXT-A-027-1,EXT-A-049-2,4651.26,2026-03-05T07:17:20+00:00,INTERNAL_TRANSFER
TX-N-09376,EXT-A-071-4,EXT-A-026-3,5118.87,2026-04-28T14:44:38+00:00,INTERNAL_TRANSFER
TX-N-09377,ACC-N-0715,EXT-A-051-1,5685.44,2026-10-26T11:47:24+00:00,INTERNAL_TRANSFER
TX-N-09378,ACC-N-0972,EXT-A-026-4,2512.48,2026-05-22T03:13:51+00:00,INTERNAL_TRANSFER
TX-N-09379,ACC-N-0735,EXT-A-025-1,8365.69,2026-04-12T00:54:29+00:00,INTERNAL_TRANSFER
TX-N-09380,ACC-N-0477,EXT-A-029-1,14555.77,2026-06-24T13:39:06+00:00,WIRE
TX-N-09381,EXT-A-048-4,ACC-N-0998,13158.48,2026-07-31T16:40:16+00:00,WIRE
TX-N-09382,ACC-N-0796,ACC-N-0655,19520.23,2026-07-26T17:58:39+00:00,ATM
TX-N-09383,ACC-N-0781,ACC-N-0823,846.55,2026-08-06T14:12:03+00:00,INTERNAL_TRANSFER
TX-N-09384,ACC-N-0643,ACC-N-0694,5191.17,2026-08-01T03:53:40+00:00,WIRE
TX-N-09385,ACC-N-0683,EXT-A-066-1,5439.61,2026-11-22T02:55:31+00:00,INTERNAL_TRANSFER
TX-N-09386,ACC-N-0886,ACC-N-0901,5766.39,2026-01-06T04:00:16+00:00,INTERNAL_TRANSFER
TX-N-09387,ACC-N-0718,ACC-N-0978,22018.98,2026-09-16T20:01:10+00:00,WIRE
TX-N-09388,ACC-N-0885,ACC-N-0705,4377.59,2026-05-06T08:33:47+00:00,INTERNAL_TRANSFER
TX-N-09389,ACC-N-0768,ACC-N-0966,20254.21,2026-03-02T23:08:45+00:00,INTERNAL_TRANSFER
TX-N-09390,ACC-N-0409,ACC-N-0955,1101.37,2026-07-12T15:44:38+00:00,WIRE
TX-N-09391,EXT-A-037-1,EXT-A-059-2,2800.76,2026-04-29T20:40:56+00:00,WIRE
TX-N-09392,ACC-N-0918,ACC-B-03-A,1090.78,2026-12-17T03:36:52+00:00,INTERNAL_TRANSFER
TX-N-09393,ACC-N-0556,EXT-A-065-4,2215.57,2026-11-03T03:16:48+00:00,ATM
TX-N-09394,ACC-N-0645,EXT-A-047-3,6896.02,2026-09-23T16:12:31+00:00,INTERNAL_TRANSFER
TX-N-09395,ACC-N-0735,EXT-A-028-4,5082.54,2026-03-07T16:21:14+00:00,INTERNAL_TRANSFER
TX-N-09396,EXT-A-037-3,ACC-N-0740,1190.03,2026-02-07T10:10:59+00:00,INTERNAL_TRANSFER
TX-N-09397,EXT-A-060-3,EXT-A-047-3,10811.53,2026-09-01T01:22:19+00:00,WIRE
TX-N-09398,ACC-N-0937,EXT-A-023-1,7854.76,2026-04-01T06:11:02+00:00,INTERNAL_TRANSFER
TX-N-09399,ACC-N-0648,EXT-A-035-4,5654.23,2026-02-25T19:06:31+00:00,INTERNAL_TRANSFER
TX-N-09400,ACC-N-0711,ACC-N-0959,7986.94,2026-04-24T13:30:46+00:00,INTERNAL_TRANSFER
TX-N-09401,ACC-N-0974,ACC-N-0448,13843.02,2026-09-29T05:57:52+00:00,ATM
TX-N-09402,EXT-A-060-3,ACC-N-0395,505.27,2026-01-26T05:18:50+00:00,WIRE
TX-N-09403,ACC-N-0453,ACC-N-0616,1486.68,2026-09-27T12:09:13+00:00,INTERNAL_TRANSFER
TX-N-09404,ACC-N-0547,ACC-N-0522,14323.61,2026-03-31T12:10:33+00:00,INTERNAL_TRANSFER
TX-N-09405,ACC-N-0832,EXT-A-007-4,2299.31,2026-12-24T13:47:35+00:00,INTERNAL_TRANSFER
TX-N-09406,ACC-N-0952,ACC-N-0643,2627.57,2026-06-14T00:29:06+00:00,INTERNAL_TRANSFER
TX-N-09407,EXT-A-002-4,ACC-N-0601,6178.96,2026-06-27T19:54:09+00:00,INTERNAL_TRANSFER
TX-N-09408,ACC-N-0839,ACC-N-0574,3555.07,2026-08-15T07:12:58+00:00,INTERNAL_TRANSFER
TX-N-09409,ACC-N-0521,ACC-N-0580,2035.59,2026-08-20T19:46:33+00:00,INTERNAL_TRANSFER
TX-N-09410,EXT-A-037-4,EXT-A-020-1,7103.43,2026-03-11T10:22:30+00:00,INTERNAL_TRANSFER
TX-N-09411,EXT-A-064-2,ACC-N-0861,1146.42,2026-06-03T13:06:19+00:00,WIRE
TX-N-09412,ACC-N-0740,ACC-N-0885,1789.63,2026-12-17T03:20:18+00:00,INTERNAL_TRANSFER
TX-N-09413,ACC-N-0660,ACC-C-PAY-06,235.66,2026-04-17T08:50:13+00:00,WIRE
TX-N-09414,ACC-C-CORP,ACC-N-0949,3022.27,2026-12-24T02:24:05+00:00,INTERNAL_TRANSFER
TX-N-09415,ACC-N-0457,ACC-N-0585,9575.88,2026-08-14T23:05:16+00:00,INTERNAL_TRANSFER
TX-N-09416,ACC-N-0555,EXT-A-008-1,4715.72,2026-11-03T12:35:59+00:00,INTERNAL_TRANSFER
TX-N-09417,ACC-N-0615,ACC-N-0647,7542.05,2026-06-28T17:24:57+00:00,INTERNAL_TRANSFER
TX-N-09418,EXT-A-032-1,EXT-A-070-1,4955.16,2026-03-10T23:21:08+00:00,INTERNAL_TRANSFER
TX-N-09419,EXT-A-010-4,EXT-A-012-2,12997.55,2026-04-21T06:44:05+00:00,ATM
TX-N-09420,EXT-A-050-2,EXT-A-046-3,15156.1,2026-07-04T20:02:06+00:00,WIRE
TX-N-09421,ACC-N-0541,ACC-N-0452,3955.07,2026-08-27T10:44:42+00:00,INTERNAL_TRANSFER
TX-N-09422,ACC-N-0537,EXT-A-012-2,695.19,2026-04-28T08:52:42+00:00,INTERNAL_TRANSFER
TX-N-09423,EXT-A-054-2,ACC-N-0942,7189.51,2026-01-14T00:45:40+00:00,INTERNAL_TRANSFER
TX-N-09424,ACC-N-0641,EXT-A-013-3,1405.5,2026-06-26T11:47:33+00:00,INTERNAL_TRANSFER
TX-N-09425,EXT-A-052-2,EXT-A-044-4,19002.4,2026-07-10T21:34:40+00:00,INTERNAL_TRANSFER
TX-N-09426,EXT-A-031-3,EXT-A-069-3,2266.04,2026-07-06T08:07:14+00:00,INTERNAL_TRANSFER
TX-N-09427,ACC-N-0501,ACC-N-0763,2691.98,2026-08-06T11:46:36+00:00,INTERNAL_TRANSFER
TX-N-09428,ACC-B-A,ACC-N-0832,12246.51,2026-06-26T07:15:10+00:00,INTERNAL_TRANSFER
TX-N-09429,ACC-N-0498,ACC-N-0588,4770.01,2026-10-09T18:56:15+00:00,INTERNAL_TRANSFER
TX-N-09430,EXT-A-036-3,ACC-N-0940,3038.57,2026-02-15T08:01:42+00:00,INTERNAL_TRANSFER
TX-N-09431,ACC-N-0479,ACC-N-0711,2673.76,2026-12-09T20:44:04+00:00,INTERNAL_TRANSFER
TX-N-09432,ACC-N-0645,ACC-N-0483,4198.36,2026-01-20T22:16:32+00:00,WIRE
TX-N-09433,EXT-A-029-3,ACC-N-0695,11367.98,2026-07-06T21:59:41+00:00,WIRE
TX-N-09434,EXT-A-052-3,ACC-N-0571,2938.52,2026-04-14T16:46:56+00:00,ATM
TX-N-09435,ACC-N-0698,EXT-A-065-2,2811.42,2026-02-10T10:58:27+00:00,WIRE
TX-N-09436,EXT-A-051-3,EXT-A-044-4,3982.23,2026-12-09T21:49:31+00:00,INTERNAL_TRANSFER
TX-N-09437,ACC-N-0845,EXT-A-062-1,14800.35,2026-09-29T10:32:01+00:00,INTERNAL_TRANSFER
TX-N-09438,ACC-N-0789,ACC-N-0834,6700.92,2026-11-01T10:29:48+00:00,WIRE
TX-N-09439,EXT-A-036-1,ACC-N-0804,8272.8,2026-01-21T11:17:27+00:00,INTERNAL_TRANSFER
TX-N-09440,ACC-N-0859,EXT-A-015-3,45079.5,2026-08-27T10:21:16+00:00,INTERNAL_TRANSFER
TX-N-09441,ACC-N-0569,ACC-N-0647,18877.39,2026-06-11T20:25:22+00:00,INTERNAL_TRANSFER
TX-N-09442,ACC-N-0929,ACC-N-0709,5749.11,2026-02-12T09:49:46+00:00,INTERNAL_TRANSFER
TX-N-09443,EXT-A-062-1,ACC-N-0440,2731.85,2026-06-06T20:18:55+00:00,INTERNAL_TRANSFER
TX-N-09444,EXT-A-069-4,EXT-A-024-2,34345.12,2026-06-23T23:20:04+00:00,INTERNAL_TRANSFER
TX-N-09445,ACC-N-0818,ACC-N-0854,2362.75,2026-02-20T00:48:55+00:00,INTERNAL_TRANSFER
TX-N-09446,ACC-N-0891,EXT-A-002-3,8404.24,2026-10-13T06:26:27+00:00,INTERNAL_TRANSFER
TX-N-09447,EXT-A-042-1,ACC-N-0721,2146.01,2026-05-18T14:30:20+00:00,WIRE
TX-N-09448,EXT-A-014-3,ACC-N-0647,20574.52,2026-11-09T00:39:24+00:00,INTERNAL_TRANSFER
TX-N-09449,ACC-N-0451,ACC-N-0495,8669.6,2026-01-02T10:50:34+00:00,INTERNAL_TRANSFER
TX-N-09450,EXT-A-040-1,ACC-N-0729,15497.41,2026-05-27T17:48:56+00:00,WIRE
TX-N-09451,ACC-N-0648,ACC-N-0718,2825.52,2026-05-14T05:45:43+00:00,INTERNAL_TRANSFER
TX-N-09452,ACC-N-0844,ACC-N-0757,1994.8,2026-05-06T16:49:22+00:00,INTERNAL_TRANSFER
TX-N-09453,ACC-N-0819,ACC-N-0734,12670.85,2026-12-07T08:40:30+00:00,INTERNAL_TRANSFER
TX-N-09454,ACC-N-0933,ACC-N-0618,2344.52,2026-07-23T09:15:19+00:00,WIRE
TX-N-09455,ACC-N-0678,ACC-N-0402,4581.83,2026-12-19T07:46:02+00:00,INTERNAL_TRANSFER
TX-N-09456,ACC-N-0480,EXT-A-011-3,23587.05,2026-05-28T00:22:41+00:00,INTERNAL_TRANSFER
TX-N-09457,ACC-N-0486,EXT-A-017-4,10647.76,2026-10-21T01:59:23+00:00,INTERNAL_TRANSFER
TX-N-09458,ACC-N-0695,ACC-N-0797,8511.28,2026-08-01T02:43:34+00:00,ATM
TX-N-09459,EXT-A-060-3,EXT-A-072-1,4281.09,2026-01-19T05:18:34+00:00,INTERNAL_TRANSFER
TX-N-09460,ACC-N-0918,EXT-A-027-1,6990.16,2026-06-13T07:10:21+00:00,INTERNAL_TRANSFER
TX-N-09461,ACC-N-0561,ACC-N-0660,8728.11,2026-05-08T07:36:59+00:00,WIRE
TX-N-09462,EXT-A-053-2,EXT-A-050-4,1876.22,2026-02-15T02:44:04+00:00,WIRE
TX-N-09463,ACC-N-0610,ACC-N-0555,7362.52,2026-03-07T22:37:32+00:00,WIRE
TX-N-09464,ACC-N-0454,ACC-N-0394,9519.01,2026-10-22T21:56:00+00:00,INTERNAL_TRANSFER
TX-N-09465,ACC-N-0441,ACC-C-HNW-01,1376.26,2026-03-27T11:41:44+00:00,INTERNAL_TRANSFER
TX-N-09466,ACC-N-0744,EXT-A-026-4,18409.84,2026-03-15T08:11:56+00:00,INTERNAL_TRANSFER
TX-N-09467,ACC-N-0415,ACC-N-0860,2722.11,2026-12-31T06:30:54+00:00,INTERNAL_TRANSFER
TX-N-09468,EXT-A-045-2,EXT-A-006-4,46740.8,2026-11-05T22:58:55+00:00,INTERNAL_TRANSFER
TX-N-09469,ACC-N-0928,EXT-A-051-3,33100.6,2026-01-12T00:57:40+00:00,INTERNAL_TRANSFER
TX-N-09470,ACC-N-0496,ACC-N-0785,1021.9,2026-06-22T15:52:19+00:00,INTERNAL_TRANSFER
TX-N-09471,ACC-N-0710,ACC-N-0395,859.3,2026-09-21T18:15:30+00:00,INTERNAL_TRANSFER
TX-N-09472,ACC-N-0514,ACC-N-0958,1288.46,2026-09-26T20:46:00+00:00,INTERNAL_TRANSFER
TX-N-09473,ACC-N-0474,ACC-N-0674,11694.77,2026-01-13T01:40:31+00:00,INTERNAL_TRANSFER
TX-N-09474,ACC-N-0745,EXT-A-057-1,1033.43,2026-10-18T22:52:55+00:00,WIRE
TX-N-09475,EXT-A-010-3,EXT-A-018-4,3233.55,2026-04-20T07:07:21+00:00,INTERNAL_TRANSFER
TX-N-09476,ACC-N-0874,EXT-A-027-1,3992.32,2026-03-17T17:50:02+00:00,INTERNAL_TRANSFER
TX-N-09477,ACC-N-0561,ACC-N-0928,2681.91,2026-10-10T02:15:45+00:00,INTERNAL_TRANSFER
TX-N-09478,EXT-A-060-2,ACC-N-0752,3017.39,2026-10-14T22:37:56+00:00,INTERNAL_TRANSFER
TX-N-09479,EXT-A-071-2,EXT-A-046-3,6925.56,2026-11-06T21:14:50+00:00,INTERNAL_TRANSFER
TX-N-09480,ACC-N-0933,ACC-N-0930,4408.98,2026-01-14T01:35:29+00:00,INTERNAL_TRANSFER
TX-N-09481,ACC-N-0817,EXT-A-017-1,6274.23,2026-02-07T12:43:58+00:00,ATM
TX-N-09482,ACC-N-0679,EXT-A-049-4,3738.26,2026-06-06T22:12:46+00:00,WIRE
TX-N-09483,ACC-N-0754,ACC-N-0700,13321.59,2026-01-26T12:54:26+00:00,WIRE
TX-N-09484,EXT-A-057-4,ACC-N-0730,1008.28,2026-08-05T23:11:29+00:00,WIRE
TX-N-09485,ACC-B-02-C,ACC-N-0675,32834.93,2026-05-29T06:02:46+00:00,WIRE
TX-N-09486,ACC-N-0673,ACC-N-0655,7763.1,2026-05-25T01:33:34+00:00,INTERNAL_TRANSFER
TX-N-09487,EXT-A-017-1,ACC-N-0660,4669.77,2026-02-07T17:48:06+00:00,INTERNAL_TRANSFER
TX-N-09488,ACC-N-0801,ACC-N-0699,9876.5,2026-09-21T16:07:25+00:00,INTERNAL_TRANSFER
TX-N-09489,ACC-N-0457,EXT-A-015-4,752.72,2026-10-14T18:05:58+00:00,INTERNAL_TRANSFER
TX-N-09490,ACC-N-0495,ACC-N-0752,18933.97,2026-04-03T13:50:33+00:00,INTERNAL_TRANSFER
TX-N-09491,ACC-N-0697,ACC-N-0903,6962.88,2026-11-22T07:30:25+00:00,WIRE
TX-N-09492,ACC-N-0645,ACC-N-0959,17776.25,2026-10-28T05:09:43+00:00,WIRE
TX-N-09493,ACC-N-0684,ACC-N-0602,29632.19,2026-10-16T20:03:17+00:00,INTERNAL_TRANSFER
TX-N-09494,EXT-A-030-4,EXT-A-030-1,516.92,2026-06-12T01:29:11+00:00,WIRE
TX-N-09495,EXT-A-069-1,ACC-N-0655,3530.66,2026-08-18T14:37:00+00:00,ATM
TX-N-09496,ACC-N-0535,ACC-N-0649,6241.57,2026-10-13T13:49:33+00:00,INTERNAL_TRANSFER
TX-N-09497,ACC-N-0616,ACC-N-0777,1245.46,2026-01-30T06:43:12+00:00,INTERNAL_TRANSFER
TX-N-09498,EXT-A-010-2,ACC-N-0584,260.12,2026-08-04T03:46:13+00:00,WIRE
TX-N-09499,ACC-N-0615,EXT-A-009-1,5160.12,2026-02-05T23:19:06+00:00,ATM
TX-N-09500,ACC-C-PAY-08,ACC-N-0741,16800.47,2026-04-15T23:55:47+00:00,WIRE
TX-N-09501,ACC-N-0853,ACC-N-0629,2667.26,2026-04-07T07:14:42+00:00,WIRE
TX-N-09502,ACC-N-0507,ACC-N-0986,8142.71,2026-03-17T17:02:20+00:00,INTERNAL_TRANSFER
TX-N-09503,ACC-N-0548,EXT-A-033-4,7963.97,2026-11-27T10:47:50+00:00,WIRE
TX-N-09504,ACC-N-0512,EXT-A-011-1,427.04,2026-08-04T02:43:02+00:00,INTERNAL_TRANSFER
TX-N-09505,ACC-N-0729,ACC-N-0838,7297.51,2026-02-07T05:00:57+00:00,INTERNAL_TRANSFER
TX-N-09506,ACC-N-0615,ACC-N-0655,22892.42,2026-05-07T16:14:47+00:00,INTERNAL_TRANSFER
TX-N-09507,ACC-N-0955,EXT-A-069-4,1444.42,2026-01-05T20:07:12+00:00,INTERNAL_TRANSFER
TX-N-09508,EXT-A-028-1,ACC-N-0489,2625.48,2026-11-27T19:25:01+00:00,INTERNAL_TRANSFER
TX-N-09509,ACC-B-03-A,ACC-N-0734,19504.69,2026-09-07T06:46:44+00:00,INTERNAL_TRANSFER
TX-N-09510,ACC-N-0429,ACC-N-0713,12044.47,2026-03-08T18:36:33+00:00,INTERNAL_TRANSFER
TX-N-09511,EXT-A-062-4,ACC-N-0459,1409.06,2026-02-20T02:45:41+00:00,INTERNAL_TRANSFER
TX-N-09512,ACC-N-0979,ACC-N-0937,4674.26,2026-09-18T08:32:44+00:00,INTERNAL_TRANSFER
TX-N-09513,ACC-N-0502,ACC-C-PAY-11,1077.15,2026-07-06T14:13:32+00:00,INTERNAL_TRANSFER
TX-N-09514,ACC-N-0503,ACC-N-0743,1633.96,2026-11-07T05:09:40+00:00,INTERNAL_TRANSFER
TX-N-09515,EXT-A-043-4,ACC-N-0971,8000.41,2026-03-08T20:27:22+00:00,INTERNAL_TRANSFER
TX-N-09516,ACC-N-0893,EXT-A-063-4,5499.85,2026-06-30T12:48:20+00:00,INTERNAL_TRANSFER
TX-N-09517,ACC-N-0874,ACC-N-0675,10477.56,2026-02-20T08:39:25+00:00,INTERNAL_TRANSFER
TX-N-09518,EXT-A-060-4,ACC-N-0907,572.03,2026-01-30T14:55:41+00:00,INTERNAL_TRANSFER
TX-N-09519,EXT-A-040-4,ACC-N-0984,2496.3,2026-11-22T15:10:21+00:00,INTERNAL_TRANSFER
TX-N-09520,ACC-N-0851,ACC-N-0576,1673.79,2026-06-30T06:32:18+00:00,INTERNAL_TRANSFER
TX-N-09521,ACC-N-0465,EXT-A-037-3,16055.18,2026-12-26T17:53:16+00:00,ATM
TX-N-09522,ACC-N-0693,EXT-A-050-1,888.97,2026-01-26T04:11:17+00:00,INTERNAL_TRANSFER
TX-N-09523,EXT-A-006-4,ACC-N-0542,1220.45,2026-01-26T23:12:43+00:00,WIRE
TX-N-09524,EXT-A-016-1,ACC-N-0908,3113.95,2026-03-02T08:38:55+00:00,INTERNAL_TRANSFER
TX-N-09525,ACC-N-0761,ACC-N-0399,1585.39,2026-04-04T10:42:58+00:00,INTERNAL_TRANSFER
TX-N-09526,ACC-N-0950,EXT-A-055-4,2518.77,2026-01-17T15:01:15+00:00,WIRE
TX-N-09527,ACC-N-0839,ACC-C-PAY-01,3031.21,2026-10-02T02:56:10+00:00,INTERNAL_TRANSFER
TX-N-09528,ACC-N-0526,ACC-N-0583,9736.39,2026-09-01T06:07:00+00:00,INTERNAL_TRANSFER
TX-N-09529,ACC-N-0409,EXT-A-031-1,3221.22,2026-06-21T22:07:26+00:00,ATM
TX-N-09530,ACC-N-0415,EXT-A-016-1,2916.19,2026-08-14T08:47:15+00:00,WIRE
TX-N-09531,EXT-A-008-3,ACC-N-0406,2388.98,2026-04-07T13:30:45+00:00,INTERNAL_TRANSFER
TX-N-09532,ACC-N-0834,EXT-A-035-1,1106.7,2026-06-28T08:15:06+00:00,INTERNAL_TRANSFER
TX-N-09533,EXT-A-063-2,EXT-A-066-1,441.42,2026-11-24T02:41:43+00:00,INTERNAL_TRANSFER
TX-N-09534,ACC-N-0707,ACC-N-0872,9928.6,2026-10-12T22:49:28+00:00,WIRE
TX-N-09535,EXT-A-013-2,ACC-N-0544,1151.86,2026-04-30T07:25:07+00:00,INTERNAL_TRANSFER
TX-N-09536,ACC-N-0974,EXT-A-056-1,6620.47,2026-01-02T14:29:09+00:00,INTERNAL_TRANSFER
TX-N-09537,ACC-N-0777,ACC-N-0942,64438.98,2026-09-08T10:48:45+00:00,INTERNAL_TRANSFER
TX-N-09538,ACC-N-0498,ACC-N-0666,16895.22,2026-07-29T19:02:39+00:00,WIRE
TX-N-09539,EXT-A-045-3,EXT-A-029-3,2642.29,2026-10-16T04:28:37+00:00,INTERNAL_TRANSFER
TX-N-09540,EXT-A-025-4,EXT-A-036-3,2824.11,2026-01-11T06:56:30+00:00,INTERNAL_TRANSFER
TX-N-09541,EXT-A-039-1,ACC-N-0707,12121.37,2026-09-16T12:18:52+00:00,INTERNAL_TRANSFER
TX-N-09542,ACC-N-0830,EXT-A-008-4,471.85,2026-06-09T01:19:23+00:00,INTERNAL_TRANSFER
TX-N-09543,ACC-N-0923,ACC-N-0962,8796.71,2026-05-16T02:19:30+00:00,INTERNAL_TRANSFER
TX-N-09544,ACC-N-0999,ACC-N-0570,863.29,2026-01-29T04:48:47+00:00,INTERNAL_TRANSFER
TX-N-09545,ACC-N-0726,ACC-N-0889,5646.49,2026-10-17T23:48:40+00:00,INTERNAL_TRANSFER
TX-N-09546,ACC-N-0711,ACC-N-0687,2343.54,2026-07-22T07:59:51+00:00,INTERNAL_TRANSFER
TX-N-09547,ACC-N-0774,ACC-N-0521,8364.29,2026-04-04T20:21:48+00:00,WIRE
TX-N-09548,ACC-N-0605,ACC-N-0724,4731.86,2026-06-21T16:08:04+00:00,WIRE
TX-N-09549,ACC-N-0722,ACC-N-0627,52989.89,2026-09-21T23:53:54+00:00,INTERNAL_TRANSFER
TX-N-09550,ACC-N-0647,EXT-A-065-4,21281.39,2026-07-20T11:28:32+00:00,WIRE
TX-N-09551,ACC-N-0562,ACC-N-0428,33346.44,2026-10-25T10:40:24+00:00,INTERNAL_TRANSFER
TX-N-09552,ACC-N-0647,ACC-C-PAY-09,4429.16,2026-05-09T22:35:33+00:00,INTERNAL_TRANSFER
TX-N-09553,ACC-N-0406,EXT-A-057-2,1950.22,2026-02-20T15:23:07+00:00,ATM
TX-N-09554,ACC-N-0733,EXT-A-021-1,5688.91,2026-03-26T07:02:40+00:00,ATM
TX-N-09555,ACC-N-0694,ACC-N-0935,892.71,2026-12-06T22:34:31+00:00,ATM
TX-N-09556,ACC-N-0873,EXT-A-072-2,12221.78,2026-02-01T15:29:11+00:00,INTERNAL_TRANSFER
TX-N-09557,ACC-N-0803,EXT-A-038-4,2055.59,2026-08-15T16:54:16+00:00,INTERNAL_TRANSFER
TX-N-09558,ACC-N-0563,EXT-A-056-1,2630.34,2026-10-04T09:28:39+00:00,INTERNAL_TRANSFER
TX-N-09559,ACC-N-0804,EXT-A-039-1,4281.52,2026-12-04T05:33:29+00:00,INTERNAL_TRANSFER
TX-N-09560,ACC-N-0814,ACC-N-0467,1659.38,2026-03-15T04:38:42+00:00,INTERNAL_TRANSFER
TX-N-09561,EXT-A-070-4,ACC-N-0947,739.81,2026-01-06T14:04:04+00:00,INTERNAL_TRANSFER
TX-N-09562,ACC-C-PAY-11,ACC-C-PAY-08,14742.5,2026-07-09T08:47:52+00:00,INTERNAL_TRANSFER
TX-N-09563,EXT-A-069-2,ACC-N-0464,15916.86,2026-10-09T22:27:14+00:00,INTERNAL_TRANSFER
TX-N-09564,EXT-A-071-2,ACC-B-02-A,368.52,2026-11-09T18:19:48+00:00,INTERNAL_TRANSFER
TX-N-09565,EXT-A-051-1,ACC-N-0694,1813.8,2026-12-28T20:56:03+00:00,INTERNAL_TRANSFER
TX-N-09566,ACC-C-PAY-02,ACC-N-0541,12841.49,2026-10-29T13:01:33+00:00,INTERNAL_TRANSFER
TX-N-09567,ACC-N-0708,EXT-A-006-4,42259.51,2026-05-30T18:09:36+00:00,INTERNAL_TRANSFER
TX-N-09568,EXT-A-058-3,ACC-N-0726,652.02,2026-08-13T14:12:33+00:00,INTERNAL_TRANSFER
TX-N-09569,ACC-N-0598,EXT-A-019-4,507.51,2026-12-28T12:58:04+00:00,INTERNAL_TRANSFER
TX-N-09570,ACC-N-0988,EXT-A-039-2,11344.77,2026-12-04T18:22:21+00:00,INTERNAL_TRANSFER
TX-N-09571,EXT-A-052-3,ACC-N-0676,24098.42,2026-08-16T16:57:01+00:00,ATM
TX-N-09572,EXT-A-031-3,ACC-N-0600,3812.31,2026-04-11T00:44:07+00:00,INTERNAL_TRANSFER
TX-N-09573,ACC-N-0721,EXT-A-067-2,19965.61,2026-02-07T20:41:09+00:00,INTERNAL_TRANSFER
TX-N-09574,ACC-B-02-C,ACC-N-0610,1188.44,2026-04-02T12:00:46+00:00,INTERNAL_TRANSFER
TX-N-09575,ACC-N-0426,EXT-A-029-3,2827.63,2026-07-05T21:30:56+00:00,INTERNAL_TRANSFER
TX-N-09576,ACC-N-0961,EXT-A-046-2,9555.82,2026-09-27T17:25:19+00:00,INTERNAL_TRANSFER
TX-N-09577,EXT-A-036-4,ACC-N-0766,7860.74,2026-06-23T01:40:47+00:00,ATM
TX-N-09578,EXT-A-006-4,EXT-A-070-2,12171.96,2026-11-18T13:11:32+00:00,INTERNAL_TRANSFER
TX-N-09579,ACC-N-0885,ACC-N-0455,3248.79,2026-05-29T07:12:47+00:00,INTERNAL_TRANSFER
TX-N-09580,EXT-A-009-4,EXT-A-055-4,16710.1,2026-01-27T08:57:37+00:00,INTERNAL_TRANSFER
TX-N-09581,EXT-A-067-4,ACC-N-0933,3531.62,2026-04-25T23:44:51+00:00,INTERNAL_TRANSFER
TX-N-09582,ACC-N-0479,EXT-A-005-3,2425.15,2026-12-18T09:47:56+00:00,INTERNAL_TRANSFER
TX-N-09583,ACC-N-0733,EXT-A-057-2,2661.49,2026-02-17T18:56:54+00:00,INTERNAL_TRANSFER
TX-N-09584,ACC-N-0612,ACC-N-0473,916.66,2026-04-07T06:11:55+00:00,INTERNAL_TRANSFER
TX-N-09585,ACC-N-0835,ACC-N-0887,1368.46,2026-01-13T18:53:48+00:00,INTERNAL_TRANSFER
TX-N-09586,ACC-N-0543,ACC-N-0680,42113.84,2026-11-02T08:38:45+00:00,INTERNAL_TRANSFER
TX-N-09587,EXT-A-018-4,ACC-N-0735,7915.22,2026-06-01T02:37:05+00:00,INTERNAL_TRANSFER
TX-N-09588,ACC-N-0937,EXT-A-043-3,2469.37,2026-01-31T12:47:37+00:00,INTERNAL_TRANSFER
TX-N-09589,ACC-N-0602,ACC-N-0740,31397.03,2026-06-27T04:07:25+00:00,WIRE
TX-N-09590,ACC-N-0410,ACC-N-0610,881.73,2026-08-23T01:40:58+00:00,INTERNAL_TRANSFER
TX-N-09591,ACC-N-0605,EXT-A-017-4,62670.49,2026-03-18T15:25:17+00:00,INTERNAL_TRANSFER
TX-N-09592,ACC-N-0932,ACC-N-0598,335.29,2026-06-24T12:15:16+00:00,INTERNAL_TRANSFER
TX-N-09593,ACC-N-0768,EXT-A-027-2,2290.74,2026-09-15T16:39:02+00:00,WIRE
TX-N-09594,ACC-N-0783,EXT-A-048-3,1946.59,2026-05-03T10:12:39+00:00,WIRE
TX-N-09595,ACC-N-0914,ACC-N-0833,1405.78,2026-08-16T11:12:31+00:00,INTERNAL_TRANSFER
TX-N-09596,ACC-N-0865,ACC-N-0436,3877.59,2026-07-23T03:33:50+00:00,WIRE
TX-N-09597,EXT-A-057-4,ACC-N-0677,1084.9,2026-08-07T03:57:14+00:00,WIRE
TX-N-09598,EXT-A-011-2,EXT-A-068-3,7296.5,2026-01-22T23:12:01+00:00,INTERNAL_TRANSFER
TX-N-09599,ACC-N-0920,ACC-N-0410,18798.7,2026-07-08T21:50:22+00:00,INTERNAL_TRANSFER
TX-N-09600,ACC-N-0704,ACC-N-0416,8499.58,2026-04-25T11:35:34+00:00,WIRE
TX-N-09601,EXT-A-067-4,ACC-N-0658,2545.81,2026-04-21T09:21:19+00:00,ATM
TX-N-09602,ACC-N-0689,EXT-A-004-3,5130.39,2026-04-08T16:45:20+00:00,INTERNAL_TRANSFER
TX-N-09603,ACC-N-0853,EXT-A-033-1,7773.98,2026-10-17T17:20:53+00:00,INTERNAL_TRANSFER
TX-N-09604,EXT-A-026-3,ACC-N-0558,3036.89,2026-04-11T18:31:58+00:00,INTERNAL_TRANSFER
TX-N-09605,ACC-N-0429,ACC-N-0878,5449.95,2026-03-30T01:51:37+00:00,WIRE
TX-N-09606,EXT-A-005-4,ACC-N-0925,1192.78,2026-09-26T04:54:12+00:00,INTERNAL_TRANSFER
TX-N-09607,ACC-N-0700,ACC-N-0748,2426.96,2026-01-23T10:22:01+00:00,INTERNAL_TRANSFER
TX-N-09608,ACC-N-0466,ACC-N-0919,22727.08,2026-11-20T14:20:56+00:00,INTERNAL_TRANSFER
TX-N-09609,EXT-A-029-1,ACC-N-0859,7642.78,2026-07-09T16:14:04+00:00,ATM
TX-N-09610,ACC-N-0893,ACC-N-0750,30106.24,2026-11-20T21:31:54+00:00,INTERNAL_TRANSFER
TX-N-09611,EXT-A-023-4,ACC-N-0665,1940.74,2026-09-10T09:46:51+00:00,INTERNAL_TRANSFER
TX-N-09612,EXT-A-041-3,ACC-N-0845,7661.09,2026-12-05T09:32:04+00:00,INTERNAL_TRANSFER
TX-N-09613,EXT-A-027-3,EXT-A-046-4,7679.0,2026-06-03T19:15:17+00:00,INTERNAL_TRANSFER
TX-N-09614,ACC-N-0636,ACC-N-0618,13454.64,2026-02-11T06:12:05+00:00,INTERNAL_TRANSFER
TX-N-09615,ACC-N-0546,ACC-N-0745,6623.46,2026-06-21T11:45:19+00:00,WIRE
TX-N-09616,ACC-N-0668,EXT-A-063-1,7551.48,2026-07-18T16:19:25+00:00,INTERNAL_TRANSFER
TX-N-09617,EXT-A-058-1,ACC-N-0512,4571.28,2026-02-24T19:45:56+00:00,INTERNAL_TRANSFER
TX-N-09618,ACC-N-0783,EXT-A-057-4,5408.95,2026-02-18T13:20:38+00:00,INTERNAL_TRANSFER
TX-N-09619,ACC-N-0411,ACC-N-0761,4869.65,2026-12-23T13:14:31+00:00,INTERNAL_TRANSFER
TX-N-09620,EXT-A-067-2,EXT-A-064-3,2218.7,2026-01-31T20:37:17+00:00,WIRE
TX-N-09621,EXT-A-004-4,ACC-N-0874,3671.45,2026-10-18T00:16:48+00:00,INTERNAL_TRANSFER
TX-N-09622,ACC-N-0648,ACC-N-0848,691.48,2026-01-21T07:58:33+00:00,WIRE
TX-N-09623,ACC-N-0864,ACC-C-PAY-10,1509.49,2026-04-24T23:39:40+00:00,WIRE
TX-N-09624,ACC-N-0557,ACC-N-0715,6441.21,2026-07-24T00:03:35+00:00,INTERNAL_TRANSFER
TX-N-09625,ACC-N-0976,ACC-N-0829,2734.54,2026-11-26T09:56:16+00:00,WIRE
TX-N-09626,EXT-A-013-2,EXT-A-034-3,18086.35,2026-05-27T15:52:09+00:00,INTERNAL_TRANSFER
TX-N-09627,EXT-A-064-2,ACC-N-0532,3880.48,2026-11-16T17:12:06+00:00,INTERNAL_TRANSFER
TX-N-09628,ACC-C-HNW-04,EXT-A-010-3,4995.53,2026-06-12T14:59:50+00:00,INTERNAL_TRANSFER
TX-N-09629,ACC-N-0849,ACC-N-0735,16508.45,2026-05-12T17:16:46+00:00,INTERNAL_TRANSFER
TX-N-09630,ACC-N-0876,ACC-N-0814,4172.65,2026-07-15T19:37:36+00:00,INTERNAL_TRANSFER
TX-N-09631,ACC-N-0704,ACC-N-0573,721.46,2026-09-09T13:06:05+00:00,INTERNAL_TRANSFER
TX-N-09632,EXT-A-070-2,ACC-N-0897,3992.25,2026-01-05T14:11:29+00:00,INTERNAL_TRANSFER
TX-N-09633,ACC-N-0729,EXT-A-027-4,1623.39,2026-12-31T09:16:31+00:00,ATM
TX-N-09634,EXT-A-037-1,ACC-N-0584,1709.64,2026-05-11T15:00:09+00:00,WIRE
TX-N-09635,ACC-N-0904,ACC-N-0966,6305.94,2026-06-10T23:39:54+00:00,INTERNAL_TRANSFER
TX-N-09636,EXT-A-020-4,ACC-N-0775,5813.56,2026-02-02T10:54:10+00:00,INTERNAL_TRANSFER
TX-N-09637,ACC-N-0613,EXT-A-002-3,977.32,2026-07-16T01:53:30+00:00,INTERNAL_TRANSFER
TX-N-09638,ACC-N-0884,ACC-N-0914,6174.44,2026-12-03T02:55:29+00:00,INTERNAL_TRANSFER
TX-N-09639,ACC-N-0829,EXT-A-004-1,512.87,2026-02-13T20:35:06+00:00,ATM
TX-N-09640,EXT-A-013-1,ACC-C-HNW-05,15037.45,2026-05-20T17:58:28+00:00,WIRE
TX-N-09641,ACC-N-0973,ACC-N-0415,1433.03,2026-03-02T13:44:31+00:00,INTERNAL_TRANSFER
TX-N-09642,ACC-N-0502,ACC-N-0754,9300.53,2026-10-07T21:59:35+00:00,INTERNAL_TRANSFER
TX-N-09643,ACC-N-0519,ACC-N-0443,2638.47,2026-02-18T03:01:26+00:00,INTERNAL_TRANSFER
TX-N-09644,ACC-N-0822,ACC-N-0457,2242.86,2026-01-24T15:07:12+00:00,INTERNAL_TRANSFER
TX-N-09645,ACC-N-0806,ACC-N-0676,1180.76,2026-10-25T09:45:30+00:00,WIRE
TX-N-09646,ACC-N-0397,ACC-N-0658,10721.63,2026-12-20T11:30:49+00:00,INTERNAL_TRANSFER
TX-N-09647,EXT-A-048-3,EXT-A-071-4,1738.45,2026-03-19T08:14:15+00:00,INTERNAL_TRANSFER
TX-N-09648,ACC-N-0567,EXT-A-033-3,26500.21,2026-03-30T23:49:02+00:00,INTERNAL_TRANSFER
TX-N-09649,ACC-N-0917,EXT-A-068-4,1006.47,2026-04-17T12:15:14+00:00,INTERNAL_TRANSFER
TX-N-09650,EXT-A-072-1,ACC-N-0878,23455.07,2026-08-07T22:27:56+00:00,INTERNAL_TRANSFER
TX-N-09651,ACC-N-0795,ACC-N-0764,47445.67,2026-09-01T15:37:48+00:00,WIRE
TX-N-09652,ACC-N-0832,EXT-A-009-4,3011.97,2026-08-16T04:05:02+00:00,INTERNAL_TRANSFER
TX-N-09653,EXT-A-062-3,EXT-A-069-2,8657.75,2026-05-20T12:30:20+00:00,ATM
TX-N-09654,EXT-A-072-3,ACC-N-0585,12572.3,2026-06-26T06:48:33+00:00,INTERNAL_TRANSFER
TX-N-09655,ACC-N-0864,ACC-N-0692,2233.91,2026-09-02T16:19:08+00:00,WIRE
TX-N-09656,ACC-N-0879,ACC-B-03-B,10820.56,2026-12-16T04:32:09+00:00,WIRE
TX-N-09657,ACC-N-0498,EXT-A-035-3,3942.65,2026-12-09T18:00:57+00:00,WIRE
TX-N-09658,ACC-N-0706,ACC-N-0875,2967.08,2026-11-03T01:39:33+00:00,INTERNAL_TRANSFER
TX-N-09659,ACC-N-0640,ACC-N-0881,5297.33,2026-09-19T07:29:07+00:00,INTERNAL_TRANSFER
TX-N-09660,EXT-A-053-1,ACC-N-0516,21392.18,2026-03-09T00:38:06+00:00,INTERNAL_TRANSFER
TX-N-09661,EXT-A-007-2,EXT-A-025-3,12240.84,2026-10-31T22:25:42+00:00,INTERNAL_TRANSFER
TX-N-09662,EXT-A-067-2,EXT-A-011-3,5368.35,2026-08-09T04:27:43+00:00,WIRE
TX-N-09663,ACC-N-0392,EXT-A-050-1,14481.56,2026-07-11T17:41:44+00:00,WIRE
TX-N-09664,EXT-A-027-4,ACC-N-0873,10649.02,2026-12-17T05:40:37+00:00,INTERNAL_TRANSFER
TX-N-09665,ACC-N-0904,ACC-N-0500,8284.57,2026-10-01T16:33:21+00:00,INTERNAL_TRANSFER
TX-N-09666,EXT-A-050-3,ACC-N-0835,6944.02,2026-02-01T02:01:07+00:00,INTERNAL_TRANSFER
TX-N-09667,ACC-N-0817,ACC-N-0745,2081.39,2026-08-26T09:36:58+00:00,INTERNAL_TRANSFER
TX-N-09668,EXT-A-068-3,EXT-A-067-4,6057.67,2026-09-16T19:18:23+00:00,WIRE
TX-N-09669,ACC-N-0865,EXT-A-019-2,901.29,2026-12-02T07:30:29+00:00,INTERNAL_TRANSFER
TX-N-09670,ACC-N-0424,ACC-N-0707,47831.91,2026-03-24T23:42:34+00:00,WIRE
TX-N-09671,ACC-N-0620,EXT-A-025-2,8550.02,2026-02-14T01:21:18+00:00,INTERNAL_TRANSFER
TX-N-09672,ACC-N-0647,ACC-N-0802,15199.75,2026-02-09T05:27:35+00:00,INTERNAL_TRANSFER
TX-N-09673,ACC-N-0454,ACC-N-0627,26140.49,2026-08-05T17:19:24+00:00,INTERNAL_TRANSFER
TX-N-09674,ACC-N-0721,ACC-N-0639,2277.09,2026-12-25T19:34:20+00:00,INTERNAL_TRANSFER
TX-N-09675,EXT-A-007-4,EXT-A-020-3,7935.89,2026-12-02T11:19:13+00:00,INTERNAL_TRANSFER
TX-N-09676,ACC-N-0538,ACC-N-0913,1001.46,2026-07-27T23:22:21+00:00,INTERNAL_TRANSFER
TX-N-09677,EXT-A-059-3,EXT-A-022-3,5548.57,2026-09-20T13:28:25+00:00,WIRE
TX-N-09678,ACC-N-0846,EXT-A-003-1,1986.38,2026-12-28T20:29:21+00:00,INTERNAL_TRANSFER
TX-N-09679,EXT-A-060-4,ACC-N-0923,1284.16,2026-07-23T02:49:22+00:00,INTERNAL_TRANSFER
TX-N-09680,EXT-A-070-1,EXT-A-070-2,9625.5,2026-04-06T02:39:12+00:00,INTERNAL_TRANSFER
TX-N-09681,ACC-N-0630,EXT-A-066-4,3498.62,2026-08-12T05:12:44+00:00,WIRE
TX-N-09682,EXT-A-016-4,EXT-A-017-3,1217.12,2026-10-15T03:55:07+00:00,WIRE
